ssp,horizon,unit,name,delta
ssp245,2030,province,Beijing,1.71264231204987
ssp245,2030,province,Tianjin,1.69992613792419
ssp245,2030,province,Hebei,1.68674182891846
ssp245,2030,province,Shanxi,1.68196272850037
ssp245,2030,province,Inner Mongolia,2.09872579574585
ssp245,2030,province,Liaoning,1.94963312149048
ssp245,2030,province,Jilin,2.13219141960144
ssp245,2030,province,Heilongjiang,2.21314454078674
ssp245,2030,province,Shanghai,1.53777849674225
ssp245,2030,province,Jiangsu,1.52856063842773
ssp245,2030,province,Zhejiang,1.59974753856659
ssp245,2030,province,Anhui,1.57495141029358
ssp245,2030,province,Fujian,1.48435628414154
ssp245,2030,province,Jiangxi,1.54844260215759
ssp245,2030,province,Shandong,1.57701969146729
ssp245,2030,province,Henan,1.54990565776825
ssp245,2030,province,Hubei,1.59391534328461
ssp245,2030,province,Hunan,1.56227719783783
ssp245,2030,province,Guangdong,1.35237336158752
ssp245,2030,province,Guangxi,1.45189249515533
ssp245,2030,province,Hainan,1.23821759223938
ssp245,2030,province,Chongqing,1.62858986854553
ssp245,2030,province,Sichuan,1.62967014312744
ssp245,2030,province,Guizhou,1.5328471660614
ssp245,2030,province,Yunnan,1.33850169181824
ssp245,2030,province,Tibet,1.67897081375122
ssp245,2030,province,Shaanxi,1.72631967067719
ssp245,2030,province,Gansu,1.85411012172699
ssp245,2030,province,Qinghai,1.70967638492584
ssp245,2030,province,Ningxia,1.87850153446198
ssp245,2030,province,Xinjiang,1.9599586725235
ssp245,2030,province,Taiwan,1.26548302173615
ssp245,2030,province,Hong Kong,1.2747437953949
ssp245,2030,province,Macau,
ssp245,2030,species,Abroscopus albogularis,1.48126590251923
ssp245,2030,species,Accipiter gularis,2.13477158546448
ssp245,2030,species,Accipiter soloensis,1.65328192710876
ssp245,2030,species,Accipiter trivirgatus,1.28067529201508
ssp245,2030,species,Accipiter virgatus,1.47122347354889
ssp245,2030,species,Acridotheres cristatellus,1.50982880592346
ssp245,2030,species,Acridotheres tristis,1.4415420293808
ssp245,2030,species,Acrocephalus agricola,1.99821829795837
ssp245,2030,species,Acrocephalus bistrigiceps,1.92312705516815
ssp245,2030,species,Acrocephalus concinens,1.60616838932037
ssp245,2030,species,Acrocephalus orientalis,1.91476011276245
ssp245,2030,species,Acrocephalus tangorum,2.16167449951172
ssp245,2030,species,Aegithalos bonvaloti,1.45135319232941
ssp245,2030,species,Aegithalos caudatus,2.16952395439148
ssp245,2030,species,Aegithalos concinnus,1.52092134952545
ssp245,2030,species,Aegithalos fuliginosus,1.61264729499817
ssp245,2030,species,Aerodramus brevirostris,1.48564124107361
ssp245,2030,species,Aethopyga christinae,1.23820781707764
ssp245,2030,species,Aethopyga gouldiae,1.55147325992584
ssp245,2030,species,Agropsar sturninus,1.99813675880432
ssp245,2030,species,Aix galericulata,2.14479207992554
ssp245,2030,species,Alauda gulgula,1.60523676872253
ssp245,2030,species,Alaudala cheleensis,1.90724420547485
ssp245,2030,species,Alcedo hercules,1.30094540119171
ssp245,2030,species,Alcippe morrisonia,1.50440466403961
ssp245,2030,species,Amaurornis phoenicurus,1.51056528091431
ssp245,2030,species,Anastomus oscitans,1.4015645980835
ssp245,2030,species,Anser anser,2.13980221748352
ssp245,2030,species,Anser fabalis,2.22725367546082
ssp245,2030,species,Anser indicus,1.79717469215393
ssp245,2030,species,Anthus godlewskii,2.16701078414917
ssp245,2030,species,Anthus gustavi,2.22176647186279
ssp245,2030,species,Anthus richardi,1.85777628421783
ssp245,2030,species,Anthus roseatus,1.69483947753906
ssp245,2030,species,Anthus trivialis,2.03285312652588
ssp245,2030,species,Aquila fasciata,1.46534025669098
ssp245,2030,species,Aquila heliaca,2.15382385253906
ssp245,2030,species,Ardea intermedia,1.50274729728699
ssp245,2030,species,Ardea purpurea,1.66501665115356
ssp245,2030,species,Ardenna pacifica,1.37516105175018
ssp245,2030,species,Artamus fuscus,1.34677052497864
ssp245,2030,species,Asio flammeus,2.15915870666504
ssp245,2030,species,Athene noctua,1.87942123413086
ssp245,2030,species,Aviceda jerdoni,1.22312307357788
ssp245,2030,species,Aviceda leuphotes,1.47712290287018
ssp245,2030,species,Aythya fuligula,2.20427513122559
ssp245,2030,species,Aythya nyroca,2.0626368522644
ssp245,2030,species,Bombycilla japonica,2.24794054031372
ssp245,2030,species,Branta canadensis,1.76260387897491
ssp245,2030,species,Bubo nipalensis,1.42260634899139
ssp245,2030,species,Bucanetes mongolicus,2.04543995857239
ssp245,2030,species,Butastur indicus,2.12234163284302
ssp245,2030,species,Cacomantis merulinus,1.35709381103516
ssp245,2030,species,Calandrella brachydactyla,2.09683203697205
ssp245,2030,species,Calliope obscura,1.6760665178299
ssp245,2030,species,Caprimulgus macrurus,1.23181641101837
ssp245,2030,species,Carpodacus roborowskii,1.69513607025146
ssp245,2030,species,Carpodacus vinaceus,1.55297482013702
ssp245,2030,species,Cecropis daurica,1.73831236362457
ssp245,2030,species,Centropus bengalensis,1.44720637798309
ssp245,2030,species,Cephalopyrus flammiceps,1.4345988035202
ssp245,2030,species,Certhia familiaris,2.03962922096252
ssp245,2030,species,Certhia himalayana,1.51004779338837
ssp245,2030,species,Certhia tianquanensis,1.58223259449005
ssp245,2030,species,Ceryle rudis,1.45500123500824
ssp245,2030,species,Cettia brunnifrons,1.54126822948456
ssp245,2030,species,Cettia castaneocoronata,1.46866846084595
ssp245,2030,species,Chalcophaps indica,1.32824170589447
ssp245,2030,species,Charadrius atrifrons,1.772336602211
ssp245,2030,species,Charadrius dealbatus,1.32641494274139
ssp245,2030,species,Charadrius placidus,1.94478368759155
ssp245,2030,species,Charadrius veredus,2.16606259346008
ssp245,2030,species,Chlidonias leucopterus,2.08844828605652
ssp245,2030,species,Chlidonias niger,2.15356731414795
ssp245,2030,species,Chloris ambigua,1.38673102855682
ssp245,2030,species,Chloris sinica,1.75260090827942
ssp245,2030,species,Chrysolophus pictus,1.59512901306152
ssp245,2030,species,Ciconia boyciana,2.18045330047607
ssp245,2030,species,Ciconia nigra,1.98275876045227
ssp245,2030,species,Circaetus gallicus,2.09574818611145
ssp245,2030,species,Circus macrourus,2.06411361694336
ssp245,2030,species,Circus spilonotus,2.18871593475342
ssp245,2030,species,Cisticola exilis,1.40906572341919
ssp245,2030,species,Cisticola juncidis,1.54355752468109
ssp245,2030,species,Clamator coromandus,1.52043008804321
ssp245,2030,species,Clanga clanga,2.16474580764771
ssp245,2030,species,Columba oenas,1.85174596309662
ssp245,2030,species,Copsychus saularis,1.50222754478455
ssp245,2030,species,Coracias garrulus,1.97311544418335
ssp245,2030,species,Coturnicops exquisitus,2.22131085395813
ssp245,2030,species,Crex crex,1.95454621315002
ssp245,2030,species,Crossoptilon mantchuricum,1.68141174316406
ssp245,2030,species,Curruca curruca,1.94701015949249
ssp245,2030,species,Cyanistes cyanus,2.10052084922791
ssp245,2030,species,Cyanoderma pyrrhops,1.28567636013031
ssp245,2030,species,Cygnus cygnus,2.13595700263977
ssp245,2030,species,Cygnus olor,1.88401973247528
ssp245,2030,species,Cyornis glaucicomans,1.56345415115356
ssp245,2030,species,Cyornis hainanus,1.36752116680145
ssp245,2030,species,Cyornis rubeculoides,1.19574928283691
ssp245,2030,species,Delichon dasypus,1.64860641956329
ssp245,2030,species,Dendrocitta formosae,1.48110032081604
ssp245,2030,species,Dendrocopos hyperythrus,1.57864010334015
ssp245,2030,species,Dendrocygna javanica,1.45812952518463
ssp245,2030,species,Dicaeum cruentatum,1.41212332248688
ssp245,2030,species,Dicaeum ignipectus,1.49036824703217
ssp245,2030,species,Dicaeum minullum,1.47651696205139
ssp245,2030,species,Dicrurus annectens,1.30087518692017
ssp245,2030,species,Dicrurus hottentottus,1.52818858623505
ssp245,2030,species,Dicrurus remifer,1.31819128990173
ssp245,2030,species,Egretta eulophotes,1.83449745178223
ssp245,2030,species,Egretta garzetta,1.55380213260651
ssp245,2030,species,Elachura formosa,1.36100459098816
ssp245,2030,species,Elanus caeruleus,1.47570383548737
ssp245,2030,species,Emberiza buchanani,2.01589941978455
ssp245,2030,species,Emberiza citrinella,2.14000582695007
ssp245,2030,species,Emberiza elegans,1.83368527889252
ssp245,2030,species,Emberiza godlewskii,1.81628704071045
ssp245,2030,species,Emberiza hortulana,2.19435691833496
ssp245,2030,species,Emberiza leucocephalos,2.02851271629334
ssp245,2030,species,Emberiza pallasi,2.24492263793945
ssp245,2030,species,Emberiza pusilla,2.17692375183105
ssp245,2030,species,Emberiza rustica,2.07728505134583
ssp245,2030,species,Emberiza siemsseni,1.63974297046661
ssp245,2030,species,Emberiza yessoensis,2.20076608657837
ssp245,2030,species,Enicurus leschenaulti,1.51880729198456
ssp245,2030,species,Enicurus maculatus,1.3979229927063
ssp245,2030,species,Enicurus schistaceus,1.44571661949158
ssp245,2030,species,Erpornis zantholeuca,1.39879500865936
ssp245,2030,species,Erythrogenys hypoleucos,1.37636840343475
ssp245,2030,species,Eudynamys scolopaceus,1.50950348377228
ssp245,2030,species,Eumyias thalassinus,1.50225126743317
ssp245,2030,species,Falco cherrug,1.89316427707672
ssp245,2030,species,Falco severus,1.35467600822449
ssp245,2030,species,Ficedula albicilla,2.25520920753479
ssp245,2030,species,Ficedula elisae,1.72470843791962
ssp245,2030,species,Ficedula erithacus,1.55460286140442
ssp245,2030,species,Ficedula hyperythra,1.42066025733948
ssp245,2030,species,Ficedula mugimaki,2.1568751335144
ssp245,2030,species,Ficedula strophiata,1.52280807495117
ssp245,2030,species,Ficedula superciliaris,1.54737222194672
ssp245,2030,species,Ficedula tricolor,1.51784145832062
ssp245,2030,species,Fringilla coelebs,2.08794212341309
ssp245,2030,species,Fringilla montifringilla,2.10150551795959
ssp245,2030,species,Galerida cristata,1.89443421363831
ssp245,2030,species,Gallicrex cinerea,1.60500741004944
ssp245,2030,species,Garrulax canorus,1.53537678718567
ssp245,2030,species,Garrulax maesi,1.50860297679901
ssp245,2030,species,Garrulax monileger,1.40949618816376
ssp245,2030,species,Gavia arctica,2.13071727752686
ssp245,2030,species,Gelochelidon nilotica,1.82852256298065
ssp245,2030,species,Geokichla citrina,1.44166004657745
ssp245,2030,species,Glaucidium cuculoides,1.5027334690094
ssp245,2030,species,Gorsachius melanolophus,1.32408559322357
ssp245,2030,species,Gracupica nigricollis,1.40847039222717
ssp245,2030,species,Grandala coelicolor,1.68023431301117
ssp245,2030,species,Grus japonensis,2.21202826499939
ssp245,2030,species,Grus monacha,2.26802158355713
ssp245,2030,species,Grus nigricollis,1.73046541213989
ssp245,2030,species,Gypaetus barbatus,1.78277540206909
ssp245,2030,species,Gyps himalayensis,1.74226748943329
ssp245,2030,species,Halcyon coromanda,1.79385149478912
ssp245,2030,species,Halcyon pileata,1.56683218479157
ssp245,2030,species,Halcyon smyrnensis,1.37386679649353
ssp245,2030,species,Haliaeetus leucoryphus,1.18258917331696
ssp245,2030,species,Harpactes wardi,1.35577392578125
ssp245,2030,species,Helopsaltes certhiola,2.05450820922852
ssp245,2030,species,Helopsaltes pryeri,2.01272320747376
ssp245,2030,species,Hemiprocne coronata,1.25017631053925
ssp245,2030,species,Hemitesia pallidipes,1.29067063331604
ssp245,2030,species,Hemixos castanonotus,1.43699812889099
ssp245,2030,species,Heterophasia desgodinsi,1.44003367424011
ssp245,2030,species,Heteroxenicus stellatus,1.38997209072113
ssp245,2030,species,Hieraaetus pennatus,2.10992932319641
ssp245,2030,species,Hierococcyx nisicolor,1.42187190055847
ssp245,2030,species,Hirundapus caudacutus,1.91796040534973
ssp245,2030,species,Hirundo rustica,1.80481362342834
ssp245,2030,species,Histrionicus histrionicus,2.23073363304138
ssp245,2030,species,Hydrocoloeus minutus,2.14043164253235
ssp245,2030,species,Hydrophasianus chirurgus,1.47454154491425
ssp245,2030,species,Hydroprogne caspia,1.68768298625946
ssp245,2030,species,Hypothymis azurea,1.3872492313385
ssp245,2030,species,Hypsipetes leucocephalus,1.50126469135284
ssp245,2030,species,Ianthocincla lunulata,1.59208405017853
ssp245,2030,species,Ibidorhyncha struthersii,1.7337566614151
ssp245,2030,species,Ictinaetus malaiensis,1.40207839012146
ssp245,2030,species,Iduna caligata,2.18014240264893
ssp245,2030,species,Indicator xanthonotus,1.30257511138916
ssp245,2030,species,Ixobrychus cinnamomeus,1.54425060749054
ssp245,2030,species,Ixobrychus eurhythmus,1.82117938995361
ssp245,2030,species,Ixobrychus minutus,2.02346062660217
ssp245,2030,species,Ixos mcclellandii,1.44734048843384
ssp245,2030,species,Ketupa flavipes,1.53097438812256
ssp245,2030,species,Lalage melaschistos,1.53620433807373
ssp245,2030,species,Lanius borealis,2.16259765625
ssp245,2030,species,Lanius collurioides,1.37551653385162
ssp245,2030,species,Lanius isabellinus,1.95789611339569
ssp245,2030,species,Lanius schach,1.52992272377014
ssp245,2030,species,Lanius sphenocercus,2.05996203422546
ssp245,2030,species,Lanius tephronotus,1.60812497138977
ssp245,2030,species,Larus crassirostris,1.58462464809418
ssp245,2030,species,Larvivora brunnea,1.55774688720703
ssp245,2030,species,Larvivora cyane,2.18340277671814
ssp245,2030,species,Leptopoecile elegans,1.71761012077332
ssp245,2030,species,Leptoptilos javanicus,1.33059966564178
ssp245,2030,species,Limnodromus semipalmatus,2.21228790283203
ssp245,2030,species,Limosa limosa,2.18751525878906
ssp245,2030,species,Linaria cannabina,2.10864186286926
ssp245,2030,species,Locustella davidi,2.19400238990784
ssp245,2030,species,Locustella mandelli,1.44879448413849
ssp245,2030,species,Lonchura striata,1.48634552955627
ssp245,2030,species,Lophotriorchis kienerii,1.19642663002014
ssp245,2030,species,Lophura leucomelanos,1.3504501581192
ssp245,2030,species,Lophura nycthemera,1.36703372001648
ssp245,2030,species,Loxia curvirostra,1.9372239112854
ssp245,2030,species,Macropygia unchall,1.43399608135223
ssp245,2030,species,Mareca falcata,2.22951745986938
ssp245,2030,species,Megaceryle lugubris,1.53899729251862
ssp245,2030,species,Melanitta fusca,2.13192319869995
ssp245,2030,species,Melanitta stejnegeri,2.26505374908447
ssp245,2030,species,Melanochlora sultanea,1.32233130931854
ssp245,2030,species,Mergus serrator,2.21060705184937
ssp245,2030,species,Merops philippinus,1.32819640636444
ssp245,2030,species,Mixornis gularis,1.29364764690399
ssp245,2030,species,Monticola gularis,2.14645504951477
ssp245,2030,species,Monticola rufiventris,1.4998813867569
ssp245,2030,species,Monticola solitarius,1.67753267288208
ssp245,2030,species,Motacilla citreola,1.84971964359283
ssp245,2030,species,Moupinia poecilotis,1.58436048030853
ssp245,2030,species,Muscicapa dauurica,2.18112683296204
ssp245,2030,species,Muscicapa ferruginea,1.51470601558685
ssp245,2030,species,Muscicapa muttui,1.48466646671295
ssp245,2030,species,Mycerobas affinis,1.56302106380463
ssp245,2030,species,Mycerobas carnipes,1.69971001148224
ssp245,2030,species,Myiomela leucura,1.48124492168427
ssp245,2030,species,Myophonus caeruleus,1.56787347793579
ssp245,2030,species,Netta rufina,2.0711944103241
ssp245,2030,species,Niltava davidi,1.46913778781891
ssp245,2030,species,Niltava grandis,1.28721582889557
ssp245,2030,species,Niltava macgrigoriae,1.35143899917603
ssp245,2030,species,Niltava sundara,1.52784740924835
ssp245,2030,species,Ninox japonica,1.7633101940155
ssp245,2030,species,Nipponia nippon,1.67774331569672
ssp245,2030,species,Nisaetus nipalensis,1.40538597106934
ssp245,2030,species,Numenius madagascariensis,2.22339701652527
ssp245,2030,species,Nycticorax nycticorax,1.59192168712616
ssp245,2030,species,Oenanthe deserti,1.88655352592468
ssp245,2030,species,Oenanthe oenanthe,2.00986385345459
ssp245,2030,species,Onychoprion anaethetus,1.26974725723267
ssp245,2030,species,Oriolus oriolus,2.0814950466156
ssp245,2030,species,Otus lettia,1.48393964767456
ssp245,2030,species,Otus semitorques,1.89861798286438
ssp245,2030,species,Otus spilocephalus,1.42042422294617
ssp245,2030,species,Oxyura leucocephala,1.93014895915985
ssp245,2030,species,Panurus biarmicus,1.9866304397583
ssp245,2030,species,Paradoxornis guttaticollis,1.464280128479
ssp245,2030,species,Paradoxornis heudei,1.70524036884308
ssp245,2030,species,Parayuhina diademata,1.50064969062805
ssp245,2030,species,Pardaliparus venustulus,1.61128854751587
ssp245,2030,species,Parus monticolus,1.55546545982361
ssp245,2030,species,Passer cinnamomeus,1.5794882774353
ssp245,2030,species,Passer domesticus,2.05217885971069
ssp245,2030,species,Passer hispaniolensis,2.04962921142578
ssp245,2030,species,Pelecanus crispus,1.90766417980194
ssp245,2030,species,Pellorneum tickelli,1.30525696277618
ssp245,2030,species,Perdix hodgsoniae,1.69685828685761
ssp245,2030,species,Pericrocotus cantonensis,1.53887093067169
ssp245,2030,species,Pericrocotus divaricatus,2.19653606414795
ssp245,2030,species,Pericrocotus ethologus,1.59294068813324
ssp245,2030,species,Pericrocotus solaris,1.41442930698395
ssp245,2030,species,Periparus rubidiventris,1.6602977514267
ssp245,2030,species,Pernis ptilorhynchus,2.01457381248474
ssp245,2030,species,Phasianus colchicus,1.81504058837891
ssp245,2030,species,Phoenicurus erythronotus,1.98867690563202
ssp245,2030,species,Phoenicurus frontalis,1.6639244556427
ssp245,2030,species,Phoenicurus leucocephalus,1.62661981582642
ssp245,2030,species,Phoenicurus ochruros,1.82594406604767
ssp245,2030,species,Phoenicurus schisticeps,1.62717890739441
ssp245,2030,species,Phylloscopus affinis,1.62097060680389
ssp245,2030,species,Phylloscopus burkii,1.42376244068146
ssp245,2030,species,Phylloscopus cantator,1.26194679737091
ssp245,2030,species,Phylloscopus castaniceps,1.47596192359924
ssp245,2030,species,Phylloscopus claudiae,1.69318878650665
ssp245,2030,species,Phylloscopus coronatus,1.95355880260468
ssp245,2030,species,Phylloscopus emeiensis,1.56081759929657
ssp245,2030,species,Phylloscopus intermedius,1.43542468547821
ssp245,2030,species,Phylloscopus magnirostris,1.52552402019501
ssp245,2030,species,Phylloscopus ogilviegranti,1.43678402900696
ssp245,2030,species,Phylloscopus omeiensis,1.59770977497101
ssp245,2030,species,Phylloscopus pulcher,1.50894200801849
ssp245,2030,species,Phylloscopus ricketti,1.55795514583588
ssp245,2030,species,Phylloscopus soror,1.620490193367
ssp245,2030,species,Phylloscopus subaffinis,1.60113263130188
ssp245,2030,species,Phylloscopus tenellipes,2.1282434463501
ssp245,2030,species,Phylloscopus tephrocephalus,1.54493892192841
ssp245,2030,species,Phylloscopus yunnanensis,1.71462857723236
ssp245,2030,species,Picumnus innominatus,1.50991213321686
ssp245,2030,species,Picus chlorolophus,1.32493054866791
ssp245,2030,species,Pitta nympha,1.51721489429474
ssp245,2030,species,Platalea minor,1.87573063373566
ssp245,2030,species,Pnoepyga immaculata,1.37640035152435
ssp245,2030,species,Podiceps auritus,2.04748153686523
ssp245,2030,species,Podiceps grisegena,2.1989529132843
ssp245,2030,species,Podiceps nigricollis,2.09967970848084
ssp245,2030,species,Podoces biddulphi,1.94832038879395
ssp245,2030,species,Pomatorhinus schisticeps,1.17424190044403
ssp245,2030,species,Pomatorhinus superciliaris,1.2530745267868
ssp245,2030,species,Prinia atrogularis,1.24593389034271
ssp245,2030,species,Prinia flaviventris,1.26274681091309
ssp245,2030,species,Prinia inornata,1.50023245811462
ssp245,2030,species,Prunella collaris,1.85667419433594
ssp245,2030,species,Prunella himalayana,1.92787504196167
ssp245,2030,species,Prunella immaculata,1.64590990543365
ssp245,2030,species,Prunella montanella,2.22853994369507
ssp245,2030,species,Prunella strophiata,1.61982178688049
ssp245,2030,species,Psarisomus dalhousiae,1.26893150806427
ssp245,2030,species,Pseudopodoces humilis,1.7151153087616
ssp245,2030,species,Psilopogon faber,1.4296966791153
ssp245,2030,species,Psilopogon virens,1.44525003433228
ssp245,2030,species,Pterorhinus berthemyi,1.55880677700043
ssp245,2030,species,Pterorhinus lanceolatus,1.51744270324707
ssp245,2030,species,Pterorhinus pectoralis,1.54974591732025
ssp245,2030,species,Pterorhinus sannio,1.4924064874649
ssp245,2030,species,Pteruthius rufiventer,1.28369951248169
ssp245,2030,species,Pteruthius xanthochlorus,1.48126566410065
ssp245,2030,species,Ptyonoprogne rupestris,1.7978857755661
ssp245,2030,species,Pycnonotus aurigaster,1.4357385635376
ssp245,2030,species,Pycnonotus jocosus,1.36334919929504
ssp245,2030,species,Pycnonotus sinensis,1.57361423969269
ssp245,2030,species,Pycnonotus xanthorrhous,1.49242889881134
ssp245,2030,species,Pyrrhula erythaca,1.58070242404938
ssp245,2030,species,Pyrrhula nipalensis,1.44852042198181
ssp245,2030,species,Rallina eurizonoides,1.26709890365601
ssp245,2030,species,Rallus aquaticus,1.81137156486511
ssp245,2030,species,Recurvirostra avosetta,2.15903234481812
ssp245,2030,species,Regulus regulus,1.71545648574829
ssp245,2030,species,Remiz consobrinus,2.11679148674011
ssp245,2030,species,Remiz coronatus,2.0549795627594
ssp245,2030,species,Rhodospiza obsoleta,1.94943761825562
ssp245,2030,species,Riparia riparia,2.11951613426209
ssp245,2030,species,Rubigula flaviventris,1.3266224861145
ssp245,2030,species,Sasia ochracea,1.30908143520355
ssp245,2030,species,Saxicola ferreus,1.51891136169434
ssp245,2030,species,Sitta cinnamoventris,1.28628301620483
ssp245,2030,species,Sitta formosa,1.28015029430389
ssp245,2030,species,Sitta villosa,1.83611357212067
ssp245,2030,species,Sittiparus varius,2.03071975708008
ssp245,2030,species,Spilopelia chinensis,1.53511440753937
ssp245,2030,species,Spilopelia senegalensis,1.88577437400818
ssp245,2030,species,Spilornis cheela,1.41610050201416
ssp245,2030,species,Spinus spinus,2.23367476463318
ssp245,2030,species,Spizixos semitorques,1.54792296886444
ssp245,2030,species,Spodiopsar cineraceus,1.98430442810059
ssp245,2030,species,Spodiopsar sericeus,1.52259314060211
ssp245,2030,species,Stachyris humei,1.2493804693222
ssp245,2030,species,Staphida torqueola,1.50062394142151
ssp245,2030,species,Streptopelia decaocto,1.84372735023499
ssp245,2030,species,Sturnia sinensis,1.46643090248108
ssp245,2030,species,Sturnus vulgaris,2.01308703422546
ssp245,2030,species,Suthora fulvifrons,1.47793889045715
ssp245,2030,species,Syrmaticus humiae,1.30197489261627
ssp245,2030,species,Syrmaticus reevesii,1.60419976711273
ssp245,2030,species,Syrrhaptes paradoxus,2.09608840942383
ssp245,2030,species,Tarsiger chrysaeus,1.46554100513458
ssp245,2030,species,Tarsiger indicus,1.4381582736969
ssp245,2030,species,Temnurus temnurus,1.28096735477448
ssp245,2030,species,Tephrodornis virgatus,1.42711496353149
ssp245,2030,species,Thalasseus bergii,1.34062790870667
ssp245,2030,species,Timalia pileata,1.37825751304626
ssp245,2030,species,Tragopan caboti,1.4745557308197
ssp245,2030,species,Tragopan temminckii,1.5289900302887
ssp245,2030,species,Treron curvirostra,1.28076827526093
ssp245,2030,species,Treron sieboldii,1.50897800922394
ssp245,2030,species,Treron sphenurus,1.36269855499268
ssp245,2030,species,Turdus boulboul,1.33291804790497
ssp245,2030,species,Turdus cardis,1.57403194904327
ssp245,2030,species,Turdus feae,1.69723498821259
ssp245,2030,species,Turdus mandarinus,1.55222046375275
ssp245,2030,species,Turdus pilaris,2.23181748390198
ssp245,2030,species,Turdus rubrocanus,1.65772616863251
ssp245,2030,species,Turdus ruficollis,1.98387026786804
ssp245,2030,species,Turdus viscivorus,2.03025698661804
ssp245,2030,species,Turnix suscitator,1.37827217578888
ssp245,2030,species,Tyto longimembris,1.47636222839355
ssp245,2030,species,Urile pelagicus,1.77742755413055
ssp245,2030,species,Urosphena squameiceps,2.13220834732056
ssp245,2030,species,Vanellus cinereus,2.14550518989563
ssp245,2030,species,Vanellus indicus,1.26565289497376
ssp245,2030,species,Vanellus vanellus,2.09126925468445
ssp245,2030,species,Yuhina nigrimenta,1.48311460018158
ssp245,2030,species,Zoothera dixoni,1.42617213726044
ssp245,2030,species,Zoothera mollissima,1.60016000270844
ssp245,2030,species,Zoothera monticola,1.21682715415955
ssp245,2030,species,Zosterops erythropleurus,2.1206202507019
ssp245,2050,province,Beijing,2.56018877029419
ssp245,2050,province,Tianjin,2.53640365600586
ssp245,2050,province,Hebei,2.52467584609985
ssp245,2050,province,Shanxi,2.53513145446777
ssp245,2050,province,Inner Mongolia,3.0021026134491
ssp245,2050,province,Liaoning,2.75998330116272
ssp245,2050,province,Jilin,2.99122858047485
ssp245,2050,province,Heilongjiang,3.124831199646
ssp245,2050,province,Shanghai,2.23293924331665
ssp245,2050,province,Jiangsu,2.30356931686401
ssp245,2050,province,Zhejiang,2.30314540863037
ssp245,2050,province,Anhui,2.37002205848694
ssp245,2050,province,Fujian,2.15581846237183
ssp245,2050,province,Jiangxi,2.29454755783081
ssp245,2050,province,Shandong,2.37739229202271
ssp245,2050,province,Henan,2.39943885803223
ssp245,2050,province,Hubei,2.43682336807251
ssp245,2050,province,Hunan,2.32640409469605
ssp245,2050,province,Guangdong,2.01422023773193
ssp245,2050,province,Guangxi,2.17026543617249
ssp245,2050,province,Hainan,1.8448748588562
ssp245,2050,province,Chongqing,2.48263645172119
ssp245,2050,province,Sichuan,2.42275834083557
ssp245,2050,province,Guizhou,2.30414175987244
ssp245,2050,province,Yunnan,1.99190711975098
ssp245,2050,province,Tibet,2.58267545700073
ssp245,2050,province,Shaanxi,2.61154651641846
ssp245,2050,province,Gansu,2.81643080711365
ssp245,2050,province,Qinghai,2.60923671722412
ssp245,2050,province,Ningxia,2.83256459236145
ssp245,2050,province,Xinjiang,2.97485733032227
ssp245,2050,province,Taiwan,1.80346357822418
ssp245,2050,province,Hong Kong,1.92131495475769
ssp245,2050,province,Macau,
ssp245,2050,species,Abroscopus albogularis,2.22071671485901
ssp245,2050,species,Accipiter gularis,3.01389074325562
ssp245,2050,species,Accipiter soloensis,2.42288851737976
ssp245,2050,species,Accipiter trivirgatus,1.92547678947449
ssp245,2050,species,Accipiter virgatus,2.19708824157715
ssp245,2050,species,Acridotheres cristatellus,2.2593297958374
ssp245,2050,species,Acridotheres tristis,2.16799163818359
ssp245,2050,species,Acrocephalus agricola,3.01367020606995
ssp245,2050,species,Acrocephalus bistrigiceps,2.78311157226563
ssp245,2050,species,Acrocephalus concinens,2.42392349243164
ssp245,2050,species,Acrocephalus orientalis,2.76778030395508
ssp245,2050,species,Acrocephalus tangorum,3.04623126983643
ssp245,2050,species,Aegithalos bonvaloti,2.14869952201843
ssp245,2050,species,Aegithalos caudatus,3.06269693374634
ssp245,2050,species,Aegithalos concinnus,2.27487969398499
ssp245,2050,species,Aegithalos fuliginosus,2.41438436508179
ssp245,2050,species,Aerodramus brevirostris,2.22932124137878
ssp245,2050,species,Aethopyga christinae,1.84477186203003
ssp245,2050,species,Aethopyga gouldiae,2.3332622051239
ssp245,2050,species,Agropsar sturninus,2.8780734539032
ssp245,2050,species,Aix galericulata,3.02079510688782
ssp245,2050,species,Alauda gulgula,2.42407155036926
ssp245,2050,species,Alaudala cheleensis,2.84060263633728
ssp245,2050,species,Alcedo hercules,1.95036935806274
ssp245,2050,species,Alcippe morrisonia,2.24722981452942
ssp245,2050,species,Amaurornis phoenicurus,2.26009917259216
ssp245,2050,species,Anastomus oscitans,2.0938036441803
ssp245,2050,species,Anser anser,3.09920215606689
ssp245,2050,species,Anser fabalis,3.13574600219727
ssp245,2050,species,Anser indicus,2.76174592971802
ssp245,2050,species,Anthus godlewskii,3.06611013412476
ssp245,2050,species,Anthus gustavi,3.14014291763306
ssp245,2050,species,Anthus richardi,2.73101353645325
ssp245,2050,species,Anthus roseatus,2.57458233833313
ssp245,2050,species,Anthus trivialis,3.01573872566223
ssp245,2050,species,Aquila fasciata,2.15743923187256
ssp245,2050,species,Aquila heliaca,3.10665512084961
ssp245,2050,species,Ardea intermedia,2.24277257919312
ssp245,2050,species,Ardea purpurea,2.45854687690735
ssp245,2050,species,Ardenna pacifica,2.01223087310791
ssp245,2050,species,Artamus fuscus,2.01579785346985
ssp245,2050,species,Asio flammeus,3.10169434547424
ssp245,2050,species,Athene noctua,2.79441857337952
ssp245,2050,species,Aviceda jerdoni,1.86342883110046
ssp245,2050,species,Aviceda leuphotes,2.20693588256836
ssp245,2050,species,Aythya fuligula,3.11819171905518
ssp245,2050,species,Aythya nyroca,3.04655432701111
ssp245,2050,species,Bombycilla japonica,3.1825692653656
ssp245,2050,species,Branta canadensis,2.57248854637146
ssp245,2050,species,Bubo nipalensis,2.11745858192444
ssp245,2050,species,Bucanetes mongolicus,3.03168797492981
ssp245,2050,species,Butastur indicus,2.9959979057312
ssp245,2050,species,Cacomantis merulinus,2.02248668670654
ssp245,2050,species,Calandrella brachydactyla,3.12285137176514
ssp245,2050,species,Calliope obscura,2.51366639137268
ssp245,2050,species,Caprimulgus macrurus,1.85830640792847
ssp245,2050,species,Carpodacus roborowskii,2.55093860626221
ssp245,2050,species,Carpodacus vinaceus,2.33643007278442
ssp245,2050,species,Cecropis daurica,2.56663250923157
ssp245,2050,species,Centropus bengalensis,2.14827799797058
ssp245,2050,species,Cephalopyrus flammiceps,2.1514937877655
ssp245,2050,species,Certhia familiaris,2.96202826499939
ssp245,2050,species,Certhia himalayana,2.24566245079041
ssp245,2050,species,Certhia tianquanensis,2.34004259109497
ssp245,2050,species,Ceryle rudis,2.1628634929657
ssp245,2050,species,Cettia brunnifrons,2.30519151687622
ssp245,2050,species,Cettia castaneocoronata,2.19232535362244
ssp245,2050,species,Chalcophaps indica,1.98372054100037
ssp245,2050,species,Charadrius atrifrons,2.70199918746948
ssp245,2050,species,Charadrius dealbatus,1.95616102218628
ssp245,2050,species,Charadrius placidus,2.80863308906555
ssp245,2050,species,Charadrius veredus,3.04607319831848
ssp245,2050,species,Chlidonias leucopterus,2.98222923278809
ssp245,2050,species,Chlidonias niger,3.12110161781311
ssp245,2050,species,Chloris ambigua,2.06406760215759
ssp245,2050,species,Chloris sinica,2.57533359527588
ssp245,2050,species,Chrysolophus pictus,2.38965034484863
ssp245,2050,species,Ciconia boyciana,3.08213138580322
ssp245,2050,species,Ciconia nigra,2.91195058822632
ssp245,2050,species,Circaetus gallicus,3.07102704048157
ssp245,2050,species,Circus macrourus,3.05725359916687
ssp245,2050,species,Circus spilonotus,3.08109498023987
ssp245,2050,species,Cisticola exilis,2.08866381645203
ssp245,2050,species,Cisticola juncidis,2.30137085914612
ssp245,2050,species,Clamator coromandus,2.28063631057739
ssp245,2050,species,Clanga clanga,3.05769467353821
ssp245,2050,species,Columba oenas,2.8832836151123
ssp245,2050,species,Copsychus saularis,2.24427342414856
ssp245,2050,species,Coracias garrulus,2.97391676902771
ssp245,2050,species,Coturnicops exquisitus,3.12415170669556
ssp245,2050,species,Crex crex,2.96743273735046
ssp245,2050,species,Crossoptilon mantchuricum,2.52971959114075
ssp245,2050,species,Curruca curruca,2.95129919052124
ssp245,2050,species,Cyanistes cyanus,3.0487699508667
ssp245,2050,species,Cyanoderma pyrrhops,1.96745002269745
ssp245,2050,species,Cygnus cygnus,3.04534602165222
ssp245,2050,species,Cygnus olor,2.83248901367188
ssp245,2050,species,Cyornis glaucicomans,2.35621809959412
ssp245,2050,species,Cyornis hainanus,2.04847860336304
ssp245,2050,species,Cyornis rubeculoides,1.84641981124878
ssp245,2050,species,Delichon dasypus,2.47201108932495
ssp245,2050,species,Dendrocitta formosae,2.21021461486816
ssp245,2050,species,Dendrocopos hyperythrus,2.32474708557129
ssp245,2050,species,Dendrocygna javanica,2.16469669342041
ssp245,2050,species,Dicaeum cruentatum,2.10061502456665
ssp245,2050,species,Dicaeum ignipectus,2.22524356842041
ssp245,2050,species,Dicaeum minullum,2.20264744758606
ssp245,2050,species,Dicrurus annectens,1.95849573612213
ssp245,2050,species,Dicrurus hottentottus,2.29039788246155
ssp245,2050,species,Dicrurus remifer,1.97624838352203
ssp245,2050,species,Egretta eulophotes,2.60893750190735
ssp245,2050,species,Egretta garzetta,2.33419752120972
ssp245,2050,species,Elachura formosa,2.03345990180969
ssp245,2050,species,Elanus caeruleus,2.16937255859375
ssp245,2050,species,Emberiza buchanani,3.01987314224243
ssp245,2050,species,Emberiza citrinella,3.13071942329407
ssp245,2050,species,Emberiza elegans,2.65227937698364
ssp245,2050,species,Emberiza godlewskii,2.70700025558472
ssp245,2050,species,Emberiza hortulana,3.18333148956299
ssp245,2050,species,Emberiza leucocephalos,2.95854568481445
ssp245,2050,species,Emberiza pallasi,3.1562340259552
ssp245,2050,species,Emberiza pusilla,3.0819079875946
ssp245,2050,species,Emberiza rustica,3.05665993690491
ssp245,2050,species,Emberiza siemsseni,2.45075488090515
ssp245,2050,species,Emberiza yessoensis,3.10720205307007
ssp245,2050,species,Enicurus leschenaulti,2.26984620094299
ssp245,2050,species,Enicurus maculatus,2.07940769195557
ssp245,2050,species,Enicurus schistaceus,2.15452480316162
ssp245,2050,species,Erpornis zantholeuca,2.07895135879517
ssp245,2050,species,Erythrogenys hypoleucos,2.08079719543457
ssp245,2050,species,Eudynamys scolopaceus,2.26058077812195
ssp245,2050,species,Eumyias thalassinus,2.25018119812012
ssp245,2050,species,Falco cherrug,2.84913563728333
ssp245,2050,species,Falco severus,2.02298283576965
ssp245,2050,species,Ficedula albicilla,3.20638632774353
ssp245,2050,species,Ficedula elisae,2.57384395599365
ssp245,2050,species,Ficedula erithacus,2.3356077671051
ssp245,2050,species,Ficedula hyperythra,2.12157940864563
ssp245,2050,species,Ficedula mugimaki,3.03879451751709
ssp245,2050,species,Ficedula strophiata,2.28396582603455
ssp245,2050,species,Ficedula superciliaris,2.32100439071655
ssp245,2050,species,Ficedula tricolor,2.27605819702148
ssp245,2050,species,Fringilla coelebs,3.07091450691223
ssp245,2050,species,Fringilla montifringilla,3.09339046478272
ssp245,2050,species,Galerida cristata,2.80227518081665
ssp245,2050,species,Gallicrex cinerea,2.37934041023254
ssp245,2050,species,Garrulax canorus,2.29486417770386
ssp245,2050,species,Garrulax maesi,2.2608048915863
ssp245,2050,species,Garrulax monileger,2.09743452072144
ssp245,2050,species,Gavia arctica,3.10489082336426
ssp245,2050,species,Gelochelidon nilotica,2.71123051643372
ssp245,2050,species,Geokichla citrina,2.14429330825806
ssp245,2050,species,Glaucidium cuculoides,2.24686098098755
ssp245,2050,species,Gorsachius melanolophus,1.97232854366303
ssp245,2050,species,Gracupica nigricollis,2.093994140625
ssp245,2050,species,Grandala coelicolor,2.55582404136658
ssp245,2050,species,Grus japonensis,3.12614464759827
ssp245,2050,species,Grus monacha,3.17932105064392
ssp245,2050,species,Grus nigricollis,2.63927793502808
ssp245,2050,species,Gypaetus barbatus,2.71207189559937
ssp245,2050,species,Gyps himalayensis,2.64080739021301
ssp245,2050,species,Halcyon coromanda,2.55135774612427
ssp245,2050,species,Halcyon pileata,2.33121204376221
ssp245,2050,species,Halcyon smyrnensis,2.043940782547
ssp245,2050,species,Haliaeetus leucoryphus,1.82066011428833
ssp245,2050,species,Harpactes wardi,2.03513479232788
ssp245,2050,species,Helopsaltes certhiola,3.01729869842529
ssp245,2050,species,Helopsaltes pryeri,2.86609983444214
ssp245,2050,species,Hemiprocne coronata,1.88042223453522
ssp245,2050,species,Hemitesia pallidipes,1.95012652873993
ssp245,2050,species,Hemixos castanonotus,2.13459825515747
ssp245,2050,species,Heterophasia desgodinsi,2.1522536277771
ssp245,2050,species,Heteroxenicus stellatus,2.0734167098999
ssp245,2050,species,Hieraaetus pennatus,3.08239722251892
ssp245,2050,species,Hierococcyx nisicolor,2.11031436920166
ssp245,2050,species,Hirundapus caudacutus,2.77520370483398
ssp245,2050,species,Hirundo rustica,2.6867048740387
ssp245,2050,species,Histrionicus histrionicus,3.15338087081909
ssp245,2050,species,Hydrocoloeus minutus,3.08329176902771
ssp245,2050,species,Hydrophasianus chirurgus,2.19363021850586
ssp245,2050,species,Hydroprogne caspia,2.4775595664978
ssp245,2050,species,Hypothymis azurea,2.06858491897583
ssp245,2050,species,Hypsipetes leucocephalus,2.24298810958862
ssp245,2050,species,Ianthocincla lunulata,2.38619923591614
ssp245,2050,species,Ibidorhyncha struthersii,2.62472367286682
ssp245,2050,species,Ictinaetus malaiensis,2.05493140220642
ssp245,2050,species,Iduna caligata,3.18057751655579
ssp245,2050,species,Indicator xanthonotus,1.97806930541992
ssp245,2050,species,Ixobrychus cinnamomeus,2.30787515640259
ssp245,2050,species,Ixobrychus eurhythmus,2.64606881141663
ssp245,2050,species,Ixobrychus minutus,2.99566698074341
ssp245,2050,species,Ixos mcclellandii,2.15674996376038
ssp245,2050,species,Ketupa flavipes,2.29439043998718
ssp245,2050,species,Lalage melaschistos,2.30342078208923
ssp245,2050,species,Lanius borealis,3.12424397468567
ssp245,2050,species,Lanius collurioides,2.05264854431152
ssp245,2050,species,Lanius isabellinus,2.9194700717926
ssp245,2050,species,Lanius schach,2.2924644947052
ssp245,2050,species,Lanius sphenocercus,2.94918823242188
ssp245,2050,species,Lanius tephronotus,2.42161273956299
ssp245,2050,species,Larus crassirostris,2.26836347579956
ssp245,2050,species,Larvivora brunnea,2.32424783706665
ssp245,2050,species,Larvivora cyane,3.0680878162384
ssp245,2050,species,Leptopoecile elegans,2.59318399429321
ssp245,2050,species,Leptoptilos javanicus,1.99072957038879
ssp245,2050,species,Limnodromus semipalmatus,3.10417151451111
ssp245,2050,species,Limosa limosa,3.10652828216553
ssp245,2050,species,Linaria cannabina,3.09239101409912
ssp245,2050,species,Locustella davidi,3.08492922782898
ssp245,2050,species,Locustella mandelli,2.1551308631897
ssp245,2050,species,Lonchura striata,2.21332311630249
ssp245,2050,species,Lophotriorchis kienerii,1.81135308742523
ssp245,2050,species,Lophura leucomelanos,2.03415608406067
ssp245,2050,species,Lophura nycthemera,2.03555989265442
ssp245,2050,species,Loxia curvirostra,2.82664966583252
ssp245,2050,species,Macropygia unchall,2.13696432113647
ssp245,2050,species,Mareca falcata,3.13599133491516
ssp245,2050,species,Megaceryle lugubris,2.30287313461304
ssp245,2050,species,Melanitta fusca,3.14936447143555
ssp245,2050,species,Melanitta stejnegeri,3.22876524925232
ssp245,2050,species,Melanochlora sultanea,1.98173820972443
ssp245,2050,species,Mergus serrator,3.11512136459351
ssp245,2050,species,Merops philippinus,1.98264479637146
ssp245,2050,species,Mixornis gularis,1.92817556858063
ssp245,2050,species,Monticola gularis,3.03036284446716
ssp245,2050,species,Monticola rufiventris,2.24062824249268
ssp245,2050,species,Monticola solitarius,2.47673296928406
ssp245,2050,species,Motacilla citreola,2.7842230796814
ssp245,2050,species,Moupinia poecilotis,2.33795499801636
ssp245,2050,species,Muscicapa dauurica,3.06897687911987
ssp245,2050,species,Muscicapa ferruginea,2.27245235443115
ssp245,2050,species,Muscicapa muttui,2.23099756240845
ssp245,2050,species,Mycerobas affinis,2.34666180610657
ssp245,2050,species,Mycerobas carnipes,2.58856391906738
ssp245,2050,species,Myiomela leucura,2.21984148025513
ssp245,2050,species,Myophonus caeruleus,2.35457825660706
ssp245,2050,species,Netta rufina,3.09199237823486
ssp245,2050,species,Niltava davidi,2.18984532356262
ssp245,2050,species,Niltava grandis,1.93511927127838
ssp245,2050,species,Niltava macgrigoriae,2.0231351852417
ssp245,2050,species,Niltava sundara,2.29352521896362
ssp245,2050,species,Ninox japonica,2.57978963851929
ssp245,2050,species,Nipponia nippon,2.5207884311676
ssp245,2050,species,Nisaetus nipalensis,2.08843350410461
ssp245,2050,species,Numenius madagascariensis,3.13473081588745
ssp245,2050,species,Nycticorax nycticorax,2.36533164978027
ssp245,2050,species,Oenanthe deserti,2.85311675071716
ssp245,2050,species,Oenanthe oenanthe,2.94505429267883
ssp245,2050,species,Onychoprion anaethetus,1.80687308311462
ssp245,2050,species,Oriolus oriolus,3.07355284690857
ssp245,2050,species,Otus lettia,2.21251535415649
ssp245,2050,species,Otus semitorques,2.74863934516907
ssp245,2050,species,Otus spilocephalus,2.10678219795227
ssp245,2050,species,Oxyura leucocephala,2.93638801574707
ssp245,2050,species,Panurus biarmicus,2.94410347938538
ssp245,2050,species,Paradoxornis guttaticollis,2.18061065673828
ssp245,2050,species,Paradoxornis heudei,2.52136731147766
ssp245,2050,species,Parayuhina diademata,2.24534034729004
ssp245,2050,species,Pardaliparus venustulus,2.42227458953857
ssp245,2050,species,Parus monticolus,2.3354320526123
ssp245,2050,species,Passer cinnamomeus,2.36900734901428
ssp245,2050,species,Passer domesticus,2.99325227737427
ssp245,2050,species,Passer hispaniolensis,3.03394246101379
ssp245,2050,species,Pelecanus crispus,2.89624261856079
ssp245,2050,species,Pellorneum tickelli,1.97375500202179
ssp245,2050,species,Perdix hodgsoniae,2.59416723251343
ssp245,2050,species,Pericrocotus cantonensis,2.29898810386658
ssp245,2050,species,Pericrocotus divaricatus,3.08697080612183
ssp245,2050,species,Pericrocotus ethologus,2.39585471153259
ssp245,2050,species,Pericrocotus solaris,2.10531711578369
ssp245,2050,species,Periparus rubidiventris,2.50684261322022
ssp245,2050,species,Pernis ptilorhynchus,2.86079430580139
ssp245,2050,species,Phasianus colchicus,2.65350675582886
ssp245,2050,species,Phoenicurus erythronotus,2.99412512779236
ssp245,2050,species,Phoenicurus frontalis,2.51878046989441
ssp245,2050,species,Phoenicurus leucocephalus,2.46376919746399
ssp245,2050,species,Phoenicurus ochruros,2.76474618911743
ssp245,2050,species,Phoenicurus schisticeps,2.44769263267517
ssp245,2050,species,Phylloscopus affinis,2.44688892364502
ssp245,2050,species,Phylloscopus burkii,2.15055847167969
ssp245,2050,species,Phylloscopus cantator,1.9219936132431
ssp245,2050,species,Phylloscopus castaniceps,2.21015000343323
ssp245,2050,species,Phylloscopus claudiae,2.54958367347717
ssp245,2050,species,Phylloscopus coronatus,2.8318817615509
ssp245,2050,species,Phylloscopus emeiensis,2.325603723526
ssp245,2050,species,Phylloscopus intermedius,2.15534949302673
ssp245,2050,species,Phylloscopus magnirostris,2.28059983253479
ssp245,2050,species,Phylloscopus ogilviegranti,2.13524341583252
ssp245,2050,species,Phylloscopus omeiensis,2.37993144989014
ssp245,2050,species,Phylloscopus pulcher,2.24765992164612
ssp245,2050,species,Phylloscopus ricketti,2.33638048171997
ssp245,2050,species,Phylloscopus soror,2.42701268196106
ssp245,2050,species,Phylloscopus subaffinis,2.40169954299927
ssp245,2050,species,Phylloscopus tenellipes,2.98977017402649
ssp245,2050,species,Phylloscopus tephrocephalus,2.31196546554565
ssp245,2050,species,Phylloscopus yunnanensis,2.5807638168335
ssp245,2050,species,Picumnus innominatus,2.25593543052673
ssp245,2050,species,Picus chlorolophus,1.97830033302307
ssp245,2050,species,Pitta nympha,2.24346780776978
ssp245,2050,species,Platalea minor,2.63765358924866
ssp245,2050,species,Pnoepyga immaculata,2.10150861740112
ssp245,2050,species,Podiceps auritus,3.03974723815918
ssp245,2050,species,Podiceps grisegena,3.13398885726929
ssp245,2050,species,Podiceps nigricollis,2.99580717086792
ssp245,2050,species,Podoces biddulphi,2.98699283599854
ssp245,2050,species,Pomatorhinus schisticeps,1.84083485603333
ssp245,2050,species,Pomatorhinus superciliaris,1.90644991397858
ssp245,2050,species,Prinia atrogularis,1.9216320514679
ssp245,2050,species,Prinia flaviventris,1.90614414215088
ssp245,2050,species,Prinia inornata,2.23943185806274
ssp245,2050,species,Prunella collaris,2.76578998565674
ssp245,2050,species,Prunella himalayana,2.94220781326294
ssp245,2050,species,Prunella immaculata,2.47037768363953
ssp245,2050,species,Prunella montanella,3.18915677070618
ssp245,2050,species,Prunella strophiata,2.4365541934967
ssp245,2050,species,Psarisomus dalhousiae,1.91511404514313
ssp245,2050,species,Pseudopodoces humilis,2.62241721153259
ssp245,2050,species,Psilopogon faber,2.13298535346985
ssp245,2050,species,Psilopogon virens,2.14545345306396
ssp245,2050,species,Pterorhinus berthemyi,2.31782722473145
ssp245,2050,species,Pterorhinus lanceolatus,2.26313638687134
ssp245,2050,species,Pterorhinus pectoralis,2.32184600830078
ssp245,2050,species,Pterorhinus sannio,2.22704076766968
ssp245,2050,species,Pteruthius rufiventer,1.94166100025177
ssp245,2050,species,Pteruthius xanthochlorus,2.21324515342712
ssp245,2050,species,Ptyonoprogne rupestris,2.69810104370117
ssp245,2050,species,Pycnonotus aurigaster,2.13291358947754
ssp245,2050,species,Pycnonotus jocosus,2.03685545921326
ssp245,2050,species,Pycnonotus sinensis,2.35472440719605
ssp245,2050,species,Pycnonotus xanthorrhous,2.22344183921814
ssp245,2050,species,Pyrrhula erythaca,2.37527275085449
ssp245,2050,species,Pyrrhula nipalensis,2.15453720092773
ssp245,2050,species,Rallina eurizonoides,1.90506827831268
ssp245,2050,species,Rallus aquaticus,2.76826238632202
ssp245,2050,species,Recurvirostra avosetta,3.09470677375793
ssp245,2050,species,Regulus regulus,2.55351781845093
ssp245,2050,species,Remiz consobrinus,3.00210762023926
ssp245,2050,species,Remiz coronatus,3.04056835174561
ssp245,2050,species,Rhodospiza obsoleta,2.94644093513489
ssp245,2050,species,Riparia riparia,3.02708053588867
ssp245,2050,species,Rubigula flaviventris,1.99229109287262
ssp245,2050,species,Sasia ochracea,1.97931706905365
ssp245,2050,species,Saxicola ferreus,2.27201795578003
ssp245,2050,species,Sitta cinnamoventris,1.92584824562073
ssp245,2050,species,Sitta formosa,1.91839361190796
ssp245,2050,species,Sitta villosa,2.71065735816956
ssp245,2050,species,Sittiparus varius,2.84099626541138
ssp245,2050,species,Spilopelia chinensis,2.29959034919739
ssp245,2050,species,Spilopelia senegalensis,2.9158890247345
ssp245,2050,species,Spilornis cheela,2.10064029693604
ssp245,2050,species,Spinus spinus,3.14560151100159
ssp245,2050,species,Spizixos semitorques,2.31817483901978
ssp245,2050,species,Spodiopsar cineraceus,2.86948728561401
ssp245,2050,species,Spodiopsar sericeus,2.27116084098816
ssp245,2050,species,Stachyris humei,1.92114305496216
ssp245,2050,species,Staphida torqueola,2.2377405166626
ssp245,2050,species,Streptopelia decaocto,2.77082872390747
ssp245,2050,species,Sturnia sinensis,2.17554044723511
ssp245,2050,species,Sturnus vulgaris,3.00728487968445
ssp245,2050,species,Suthora fulvifrons,2.19932723045349
ssp245,2050,species,Syrmaticus humiae,1.93489539623261
ssp245,2050,species,Syrmaticus reevesii,2.42841982841492
ssp245,2050,species,Syrrhaptes paradoxus,3.03479337692261
ssp245,2050,species,Tarsiger chrysaeus,2.17464804649353
ssp245,2050,species,Tarsiger indicus,2.1322386264801
ssp245,2050,species,Temnurus temnurus,1.91685938835144
ssp245,2050,species,Tephrodornis virgatus,2.12176752090454
ssp245,2050,species,Thalasseus bergii,1.983757853508
ssp245,2050,species,Timalia pileata,2.06596994400024
ssp245,2050,species,Tragopan caboti,2.16965556144714
ssp245,2050,species,Tragopan temminckii,2.28797459602356
ssp245,2050,species,Treron curvirostra,1.9221225976944
ssp245,2050,species,Treron sieboldii,2.24894404411316
ssp245,2050,species,Treron sphenurus,2.03540945053101
ssp245,2050,species,Turdus boulboul,2.00262117385864
ssp245,2050,species,Turdus cardis,2.40289258956909
ssp245,2050,species,Turdus feae,2.550448179245
ssp245,2050,species,Turdus mandarinus,2.31959652900696
ssp245,2050,species,Turdus pilaris,3.1565101146698
ssp245,2050,species,Turdus rubrocanus,2.51281023025513
ssp245,2050,species,Turdus ruficollis,3.0003182888031
ssp245,2050,species,Turdus viscivorus,3.04671955108643
ssp245,2050,species,Turnix suscitator,2.05504298210144
ssp245,2050,species,Tyto longimembris,2.19333529472351
ssp245,2050,species,Urile pelagicus,2.56599688529968
ssp245,2050,species,Urosphena squameiceps,2.97437071800232
ssp245,2050,species,Vanellus cinereus,3.02885842323303
ssp245,2050,species,Vanellus indicus,1.8808354139328
ssp245,2050,species,Vanellus vanellus,2.9960572719574
ssp245,2050,species,Yuhina nigrimenta,2.21057486534119
ssp245,2050,species,Zoothera dixoni,2.11715030670166
ssp245,2050,species,Zoothera mollissima,2.38482427597046
ssp245,2050,species,Zoothera monticola,1.87555134296417
ssp245,2050,species,Zosterops erythropleurus,2.9861695766449
ssp245,2080,province,Beijing,3.26881217956543
ssp245,2080,province,Tianjin,3.22633767127991
ssp245,2080,province,Hebei,3.23481941223145
ssp245,2080,province,Shanxi,3.1983208656311
ssp245,2080,province,Inner Mongolia,3.69816136360168
ssp245,2080,province,Liaoning,3.47176957130432
ssp245,2080,province,Jilin,3.70905041694641
ssp245,2080,province,Heilongjiang,3.8558943271637
ssp245,2080,province,Shanghai,2.91662192344666
ssp245,2080,province,Jiangsu,3.02115058898926
ssp245,2080,province,Zhejiang,2.92530417442322
ssp245,2080,province,Anhui,3.11592674255371
ssp245,2080,province,Fujian,2.68183660507202
ssp245,2080,province,Jiangxi,2.90817952156067
ssp245,2080,province,Shandong,3.06631708145142
ssp245,2080,province,Henan,3.18206167221069
ssp245,2080,province,Hubei,3.18279433250427
ssp245,2080,province,Hunan,2.98018908500671
ssp245,2080,province,Guangdong,2.55297541618347
ssp245,2080,province,Guangxi,2.74045085906982
ssp245,2080,province,Hainan,2.28731250762939
ssp245,2080,province,Chongqing,3.20157980918884
ssp245,2080,province,Sichuan,3.05542492866516
ssp245,2080,province,Guizhou,2.92925190925598
ssp245,2080,province,Yunnan,2.56750559806824
ssp245,2080,province,Tibet,3.18599343299866
ssp245,2080,province,Shaanxi,3.2717399597168
ssp245,2080,province,Gansu,3.52515196800232
ssp245,2080,province,Qinghai,3.21999597549439
ssp245,2080,province,Ningxia,3.52730703353882
ssp245,2080,province,Xinjiang,3.72772932052612
ssp245,2080,province,Taiwan,2.20946073532105
ssp245,2080,province,Hong Kong,2.40247344970703
ssp245,2080,province,Macau,
ssp245,2080,species,Abroscopus albogularis,2.83347654342651
ssp245,2080,species,Accipiter gularis,3.7203848361969
ssp245,2080,species,Accipiter soloensis,3.07096266746521
ssp245,2080,species,Accipiter trivirgatus,2.44665884971619
ssp245,2080,species,Accipiter virgatus,2.79048991203308
ssp245,2080,species,Acridotheres cristatellus,2.89540004730225
ssp245,2080,species,Acridotheres tristis,2.77307963371277
ssp245,2080,species,Acrocephalus agricola,3.7760956287384
ssp245,2080,species,Acrocephalus bistrigiceps,3.49150705337524
ssp245,2080,species,Acrocephalus concinens,3.12185025215149
ssp245,2080,species,Acrocephalus orientalis,3.47327494621277
ssp245,2080,species,Acrocephalus tangorum,3.75527167320251
ssp245,2080,species,Aegithalos bonvaloti,2.70742273330689
ssp245,2080,species,Aegithalos caudatus,3.77651834487915
ssp245,2080,species,Aegithalos concinnus,2.90959596633911
ssp245,2080,species,Aegithalos fuliginosus,3.05664849281311
ssp245,2080,species,Aerodramus brevirostris,2.85489392280579
ssp245,2080,species,Aethopyga christinae,2.28724241256714
ssp245,2080,species,Aethopyga gouldiae,2.95923209190369
ssp245,2080,species,Agropsar sturninus,3.5737316608429
ssp245,2080,species,Aix galericulata,3.7301561832428
ssp245,2080,species,Alauda gulgula,3.05821418762207
ssp245,2080,species,Alaudala cheleensis,3.54348301887512
ssp245,2080,species,Alcedo hercules,2.50509715080261
ssp245,2080,species,Alcippe morrisonia,2.87024474143982
ssp245,2080,species,Amaurornis phoenicurus,2.89207172393799
ssp245,2080,species,Anastomus oscitans,2.68012952804565
ssp245,2080,species,Anser anser,3.83664345741272
ssp245,2080,species,Anser fabalis,3.85797142982483
ssp245,2080,species,Anser indicus,3.44129157066345
ssp245,2080,species,Anthus godlewskii,3.74804711341858
ssp245,2080,species,Anthus gustavi,3.89370083808899
ssp245,2080,species,Anthus richardi,3.42769765853882
ssp245,2080,species,Anthus roseatus,3.21644687652588
ssp245,2080,species,Anthus trivialis,3.76181411743164
ssp245,2080,species,Aquila fasciata,2.72392106056213
ssp245,2080,species,Aquila heliaca,3.84671187400818
ssp245,2080,species,Ardea intermedia,2.8758852481842
ssp245,2080,species,Ardea purpurea,3.12659645080566
ssp245,2080,species,Ardenna pacifica,2.52435564994812
ssp245,2080,species,Artamus fuscus,2.56489968299866
ssp245,2080,species,Asio flammeus,3.83398294448853
ssp245,2080,species,Athene noctua,3.48065662384033
ssp245,2080,species,Aviceda jerdoni,2.37362957000732
ssp245,2080,species,Aviceda leuphotes,2.81211638450623
ssp245,2080,species,Aythya fuligula,3.82983446121216
ssp245,2080,species,Aythya nyroca,3.80094432830811
ssp245,2080,species,Bombycilla japonica,3.92093443870544
ssp245,2080,species,Branta canadensis,3.31013154983521
ssp245,2080,species,Bubo nipalensis,2.69447708129883
ssp245,2080,species,Bucanetes mongolicus,3.77553606033325
ssp245,2080,species,Butastur indicus,3.7109968662262
ssp245,2080,species,Cacomantis merulinus,2.57498693466187
ssp245,2080,species,Calandrella brachydactyla,3.90056848526001
ssp245,2080,species,Calliope obscura,3.16678714752197
ssp245,2080,species,Caprimulgus macrurus,2.37603497505188
ssp245,2080,species,Carpodacus roborowskii,3.13732314109802
ssp245,2080,species,Carpodacus vinaceus,2.98423790931702
ssp245,2080,species,Cecropis daurica,3.23027896881104
ssp245,2080,species,Centropus bengalensis,2.7265989780426
ssp245,2080,species,Cephalopyrus flammiceps,2.75792121887207
ssp245,2080,species,Certhia familiaris,3.67631459236145
ssp245,2080,species,Certhia himalayana,2.84676122665405
ssp245,2080,species,Certhia tianquanensis,2.95834064483643
ssp245,2080,species,Ceryle rudis,2.76149797439575
ssp245,2080,species,Cettia brunnifrons,2.9254412651062
ssp245,2080,species,Cettia castaneocoronata,2.78506851196289
ssp245,2080,species,Chalcophaps indica,2.5170955657959
ssp245,2080,species,Charadrius atrifrons,3.34750723838806
ssp245,2080,species,Charadrius dealbatus,2.44612717628479
ssp245,2080,species,Charadrius placidus,3.51166033744812
ssp245,2080,species,Charadrius veredus,3.72499561309814
ssp245,2080,species,Chlidonias leucopterus,3.69139409065247
ssp245,2080,species,Chlidonias niger,3.87790989875793
ssp245,2080,species,Chloris ambigua,2.64928698539734
ssp245,2080,species,Chloris sinica,3.24445295333862
ssp245,2080,species,Chrysolophus pictus,3.03792786598206
ssp245,2080,species,Ciconia boyciana,3.7912175655365
ssp245,2080,species,Ciconia nigra,3.63517785072327
ssp245,2080,species,Circaetus gallicus,3.83173155784607
ssp245,2080,species,Circus macrourus,3.82355928421021
ssp245,2080,species,Circus spilonotus,3.78448939323425
ssp245,2080,species,Cisticola exilis,2.65087962150574
ssp245,2080,species,Cisticola juncidis,2.94327712059021
ssp245,2080,species,Clamator coromandus,2.92579030990601
ssp245,2080,species,Clanga clanga,3.77595973014832
ssp245,2080,species,Columba oenas,3.62843203544617
ssp245,2080,species,Copsychus saularis,2.87070059776306
ssp245,2080,species,Coracias garrulus,3.71961879730225
ssp245,2080,species,Coturnicops exquisitus,3.84193348884583
ssp245,2080,species,Crex crex,3.70522713661194
ssp245,2080,species,Crossoptilon mantchuricum,3.19353580474854
ssp245,2080,species,Curruca curruca,3.69152212142944
ssp245,2080,species,Cyanistes cyanus,3.78102827072144
ssp245,2080,species,Cyanoderma pyrrhops,2.53626918792725
ssp245,2080,species,Cygnus cygnus,3.75493764877319
ssp245,2080,species,Cygnus olor,3.53781008720398
ssp245,2080,species,Cyornis glaucicomans,3.01226878166199
ssp245,2080,species,Cyornis hainanus,2.58524060249329
ssp245,2080,species,Cyornis rubeculoides,2.4071536064148
ssp245,2080,species,Delichon dasypus,3.08687019348145
ssp245,2080,species,Dendrocitta formosae,2.82671737670898
ssp245,2080,species,Dendrocopos hyperythrus,2.93755531311035
ssp245,2080,species,Dendrocygna javanica,2.76265382766724
ssp245,2080,species,Dicaeum cruentatum,2.66482496261597
ssp245,2080,species,Dicaeum ignipectus,2.83465218544006
ssp245,2080,species,Dicaeum minullum,2.79909563064575
ssp245,2080,species,Dicrurus annectens,2.50882339477539
ssp245,2080,species,Dicrurus hottentottus,2.93179106712341
ssp245,2080,species,Dicrurus remifer,2.54129958152771
ssp245,2080,species,Egretta eulophotes,3.29124402999878
ssp245,2080,species,Egretta garzetta,2.97252297401428
ssp245,2080,species,Elachura formosa,2.61020684242249
ssp245,2080,species,Elanus caeruleus,2.71762418746948
ssp245,2080,species,Emberiza buchanani,3.76860499382019
ssp245,2080,species,Emberiza citrinella,3.84623789787293
ssp245,2080,species,Emberiza elegans,3.32944846153259
ssp245,2080,species,Emberiza godlewskii,3.38060283660889
ssp245,2080,species,Emberiza hortulana,3.94310450553894
ssp245,2080,species,Emberiza leucocephalos,3.66213583946228
ssp245,2080,species,Emberiza pallasi,3.85359573364258
ssp245,2080,species,Emberiza pusilla,3.78582096099854
ssp245,2080,species,Emberiza rustica,3.6713981628418
ssp245,2080,species,Emberiza siemsseni,3.09637069702148
ssp245,2080,species,Emberiza yessoensis,3.83854389190674
ssp245,2080,species,Enicurus leschenaulti,2.89597630500793
ssp245,2080,species,Enicurus maculatus,2.64907217025757
ssp245,2080,species,Enicurus schistaceus,2.74631881713867
ssp245,2080,species,Erpornis zantholeuca,2.64480066299439
ssp245,2080,species,Erythrogenys hypoleucos,2.63634037971497
ssp245,2080,species,Eudynamys scolopaceus,2.90061235427856
ssp245,2080,species,Eumyias thalassinus,2.87189292907715
ssp245,2080,species,Falco cherrug,3.53679633140564
ssp245,2080,species,Falco severus,2.58120131492615
ssp245,2080,species,Ficedula albicilla,3.93910789489746
ssp245,2080,species,Ficedula elisae,3.2524402141571
ssp245,2080,species,Ficedula erithacus,2.93886995315552
ssp245,2080,species,Ficedula hyperythra,2.70949101448059
ssp245,2080,species,Ficedula mugimaki,3.74659395217896
ssp245,2080,species,Ficedula strophiata,2.91679215431213
ssp245,2080,species,Ficedula superciliaris,2.91561031341553
ssp245,2080,species,Ficedula tricolor,2.90210199356079
ssp245,2080,species,Fringilla coelebs,3.68494296073914
ssp245,2080,species,Fringilla montifringilla,3.77499961853027
ssp245,2080,species,Galerida cristata,3.51059055328369
ssp245,2080,species,Gallicrex cinerea,3.03260183334351
ssp245,2080,species,Garrulax canorus,2.92527890205383
ssp245,2080,species,Garrulax maesi,2.87729263305664
ssp245,2080,species,Garrulax monileger,2.65632820129395
ssp245,2080,species,Gavia arctica,3.86101126670837
ssp245,2080,species,Gelochelidon nilotica,3.40193963050842
ssp245,2080,species,Geokichla citrina,2.7354474067688
ssp245,2080,species,Glaucidium cuculoides,2.87463188171387
ssp245,2080,species,Gorsachius melanolophus,2.46943020820618
ssp245,2080,species,Gracupica nigricollis,2.66394472122192
ssp245,2080,species,Grandala coelicolor,3.15720391273499
ssp245,2080,species,Grus japonensis,3.87145209312439
ssp245,2080,species,Grus monacha,3.92728066444397
ssp245,2080,species,Grus nigricollis,3.25633120536804
ssp245,2080,species,Gypaetus barbatus,3.36665391921997
ssp245,2080,species,Gyps himalayensis,3.29030323028564
ssp245,2080,species,Halcyon coromanda,3.2298583984375
ssp245,2080,species,Halcyon pileata,2.97069263458252
ssp245,2080,species,Halcyon smyrnensis,2.57583284378052
ssp245,2080,species,Haliaeetus leucoryphus,2.37559366226196
ssp245,2080,species,Harpactes wardi,2.58883547782898
ssp245,2080,species,Helopsaltes certhiola,3.75080466270447
ssp245,2080,species,Helopsaltes pryeri,3.56041789054871
ssp245,2080,species,Hemiprocne coronata,2.45501303672791
ssp245,2080,species,Hemitesia pallidipes,2.50238156318665
ssp245,2080,species,Hemixos castanonotus,2.69055271148682
ssp245,2080,species,Heterophasia desgodinsi,2.74733114242554
ssp245,2080,species,Heteroxenicus stellatus,2.65629076957703
ssp245,2080,species,Hieraaetus pennatus,3.78648614883423
ssp245,2080,species,Hierococcyx nisicolor,2.68453454971314
ssp245,2080,species,Hirundapus caudacutus,3.4531683921814
ssp245,2080,species,Hirundo rustica,3.36255311965942
ssp245,2080,species,Histrionicus histrionicus,3.9101026058197
ssp245,2080,species,Hydrocoloeus minutus,3.90013384819031
ssp245,2080,species,Hydrophasianus chirurgus,2.79854655265808
ssp245,2080,species,Hydroprogne caspia,3.1464946269989
ssp245,2080,species,Hypothymis azurea,2.63526797294617
ssp245,2080,species,Hypsipetes leucocephalus,2.85907816886902
ssp245,2080,species,Ianthocincla lunulata,3.02677464485168
ssp245,2080,species,Ibidorhyncha struthersii,3.26743650436401
ssp245,2080,species,Ictinaetus malaiensis,2.5715069770813
ssp245,2080,species,Iduna caligata,3.90870571136475
ssp245,2080,species,Indicator xanthonotus,2.54355478286743
ssp245,2080,species,Ixobrychus cinnamomeus,2.9575731754303
ssp245,2080,species,Ixobrychus eurhythmus,3.33657956123352
ssp245,2080,species,Ixobrychus minutus,3.76040053367615
ssp245,2080,species,Ixos mcclellandii,2.74853277206421
ssp245,2080,species,Ketupa flavipes,2.93626022338867
ssp245,2080,species,Lalage melaschistos,2.94367861747742
ssp245,2080,species,Lanius borealis,3.87505626678467
ssp245,2080,species,Lanius collurioides,2.61850738525391
ssp245,2080,species,Lanius isabellinus,3.63506770133972
ssp245,2080,species,Lanius schach,2.92317295074463
ssp245,2080,species,Lanius sphenocercus,3.64288973808289
ssp245,2080,species,Lanius tephronotus,3.03801679611206
ssp245,2080,species,Larus crassirostris,2.86516213417053
ssp245,2080,species,Larvivora brunnea,2.92518496513367
ssp245,2080,species,Larvivora cyane,3.79087805747986
ssp245,2080,species,Leptopoecile elegans,3.22778105735779
ssp245,2080,species,Leptoptilos javanicus,2.55732703208923
ssp245,2080,species,Limnodromus semipalmatus,3.80145144462585
ssp245,2080,species,Limosa limosa,3.82578659057617
ssp245,2080,species,Linaria cannabina,3.85815000534058
ssp245,2080,species,Locustella davidi,3.80289626121521
ssp245,2080,species,Locustella mandelli,2.73937439918518
ssp245,2080,species,Lonchura striata,2.81927967071533
ssp245,2080,species,Lophotriorchis kienerii,2.31485414505005
ssp245,2080,species,Lophura leucomelanos,2.61272501945496
ssp245,2080,species,Lophura nycthemera,2.59947729110718
ssp245,2080,species,Loxia curvirostra,3.50265121459961
ssp245,2080,species,Macropygia unchall,2.72341275215149
ssp245,2080,species,Mareca falcata,3.85808110237122
ssp245,2080,species,Megaceryle lugubris,2.95231509208679
ssp245,2080,species,Melanitta fusca,3.79838585853577
ssp245,2080,species,Melanitta stejnegeri,3.97612547874451
ssp245,2080,species,Melanochlora sultanea,2.52873277664185
ssp245,2080,species,Mergus serrator,3.8526656627655
ssp245,2080,species,Merops philippinus,2.53886818885803
ssp245,2080,species,Mixornis gularis,2.49866580963135
ssp245,2080,species,Monticola gularis,3.74297213554382
ssp245,2080,species,Monticola rufiventris,2.85939502716064
ssp245,2080,species,Monticola solitarius,3.12725734710693
ssp245,2080,species,Motacilla citreola,3.45953369140625
ssp245,2080,species,Moupinia poecilotis,2.93484210968018
ssp245,2080,species,Muscicapa dauurica,3.77447319030762
ssp245,2080,species,Muscicapa ferruginea,2.89852571487427
ssp245,2080,species,Muscicapa muttui,2.85050702095032
ssp245,2080,species,Mycerobas affinis,2.94223833084106
ssp245,2080,species,Mycerobas carnipes,3.24393534660339
ssp245,2080,species,Myiomela leucura,2.83321499824524
ssp245,2080,species,Myophonus caeruleus,3.00065851211548
ssp245,2080,species,Netta rufina,3.86393356323242
ssp245,2080,species,Niltava davidi,2.78694772720337
ssp245,2080,species,Niltava grandis,2.50376534461975
ssp245,2080,species,Niltava macgrigoriae,2.59060883522034
ssp245,2080,species,Niltava sundara,2.913987159729
ssp245,2080,species,Ninox japonica,3.26618552207947
ssp245,2080,species,Nipponia nippon,3.18590188026428
ssp245,2080,species,Nisaetus nipalensis,2.65784692764282
ssp245,2080,species,Numenius madagascariensis,3.8786416053772
ssp245,2080,species,Nycticorax nycticorax,3.01879405975342
ssp245,2080,species,Oenanthe deserti,3.55093121528626
ssp245,2080,species,Oenanthe oenanthe,3.6595606803894
ssp245,2080,species,Onychoprion anaethetus,2.21265888214111
ssp245,2080,species,Oriolus oriolus,3.83680200576782
ssp245,2080,species,Otus lettia,2.827885389328
ssp245,2080,species,Otus semitorques,3.45379781723022
ssp245,2080,species,Otus spilocephalus,2.66732525825501
ssp245,2080,species,Oxyura leucocephala,3.69796347618103
ssp245,2080,species,Panurus biarmicus,3.66495418548584
ssp245,2080,species,Paradoxornis guttaticollis,2.76911211013794
ssp245,2080,species,Paradoxornis heudei,3.241947889328
ssp245,2080,species,Parayuhina diademata,2.86507439613342
ssp245,2080,species,Pardaliparus venustulus,3.09031319618225
ssp245,2080,species,Parus monticolus,2.9709939956665
ssp245,2080,species,Passer cinnamomeus,3.01882934570313
ssp245,2080,species,Passer domesticus,3.71716380119324
ssp245,2080,species,Passer hispaniolensis,3.8163788318634
ssp245,2080,species,Pelecanus crispus,3.59846472740173
ssp245,2080,species,Pellorneum tickelli,2.51763916015625
ssp245,2080,species,Perdix hodgsoniae,3.19439339637756
ssp245,2080,species,Pericrocotus cantonensis,2.93472385406494
ssp245,2080,species,Pericrocotus divaricatus,3.83434414863586
ssp245,2080,species,Pericrocotus ethologus,3.04132437705994
ssp245,2080,species,Pericrocotus solaris,2.67815089225769
ssp245,2080,species,Periparus rubidiventris,3.10445880889893
ssp245,2080,species,Pernis ptilorhynchus,3.54285502433777
ssp245,2080,species,Phasianus colchicus,3.32139658927918
ssp245,2080,species,Phoenicurus erythronotus,3.75511455535889
ssp245,2080,species,Phoenicurus frontalis,3.15298295021057
ssp245,2080,species,Phoenicurus leucocephalus,3.11317825317383
ssp245,2080,species,Phoenicurus ochruros,3.44309425354004
ssp245,2080,species,Phoenicurus schisticeps,3.04675221443176
ssp245,2080,species,Phylloscopus affinis,3.06805825233459
ssp245,2080,species,Phylloscopus burkii,2.74670577049255
ssp245,2080,species,Phylloscopus cantator,2.47259116172791
ssp245,2080,species,Phylloscopus castaniceps,2.83178448677063
ssp245,2080,species,Phylloscopus claudiae,3.22618675231934
ssp245,2080,species,Phylloscopus coronatus,3.55358457565308
ssp245,2080,species,Phylloscopus emeiensis,2.95875263214111
ssp245,2080,species,Phylloscopus intermedius,2.74826669692993
ssp245,2080,species,Phylloscopus magnirostris,2.87800693511963
ssp245,2080,species,Phylloscopus ogilviegranti,2.7114372253418
ssp245,2080,species,Phylloscopus omeiensis,3.01855897903442
ssp245,2080,species,Phylloscopus pulcher,2.85060143470764
ssp245,2080,species,Phylloscopus ricketti,2.98215746879578
ssp245,2080,species,Phylloscopus soror,3.09240317344666
ssp245,2080,species,Phylloscopus subaffinis,3.0471932888031
ssp245,2080,species,Phylloscopus tenellipes,3.71946907043457
ssp245,2080,species,Phylloscopus tephrocephalus,2.95581126213074
ssp245,2080,species,Phylloscopus yunnanensis,3.24572348594666
ssp245,2080,species,Picumnus innominatus,2.88166308403015
ssp245,2080,species,Picus chlorolophus,2.5238196849823
ssp245,2080,species,Pitta nympha,2.87221813201904
ssp245,2080,species,Platalea minor,3.32969188690186
ssp245,2080,species,Pnoepyga immaculata,2.66839671134949
ssp245,2080,species,Podiceps auritus,3.78795671463013
ssp245,2080,species,Podiceps grisegena,3.89046907424927
ssp245,2080,species,Podiceps nigricollis,3.70586133003235
ssp245,2080,species,Podoces biddulphi,3.76006126403809
ssp245,2080,species,Pomatorhinus schisticeps,2.3857204914093
ssp245,2080,species,Pomatorhinus superciliaris,2.46242380142212
ssp245,2080,species,Prinia atrogularis,2.47327327728272
ssp245,2080,species,Prinia flaviventris,2.46574354171753
ssp245,2080,species,Prinia inornata,2.85686302185059
ssp245,2080,species,Prunella collaris,3.42504358291626
ssp245,2080,species,Prunella himalayana,3.69056153297424
ssp245,2080,species,Prunella immaculata,3.06752014160156
ssp245,2080,species,Prunella montanella,3.92889428138733
ssp245,2080,species,Prunella strophiata,3.06222772598267
ssp245,2080,species,Psarisomus dalhousiae,2.47419691085815
ssp245,2080,species,Pseudopodoces humilis,3.2358078956604
ssp245,2080,species,Psilopogon faber,2.6923291683197
ssp245,2080,species,Psilopogon virens,2.72791814804077
ssp245,2080,species,Pterorhinus berthemyi,2.95317387580872
ssp245,2080,species,Pterorhinus lanceolatus,2.8792724609375
ssp245,2080,species,Pterorhinus pectoralis,2.96442985534668
ssp245,2080,species,Pterorhinus sannio,2.84639096260071
ssp245,2080,species,Pteruthius rufiventer,2.50129055976868
ssp245,2080,species,Pteruthius xanthochlorus,2.81387138366699
ssp245,2080,species,Ptyonoprogne rupestris,3.37788462638855
ssp245,2080,species,Pycnonotus aurigaster,2.71349501609802
ssp245,2080,species,Pycnonotus jocosus,2.59661984443665
ssp245,2080,species,Pycnonotus sinensis,3.01191186904907
ssp245,2080,species,Pycnonotus xanthorrhous,2.83452415466309
ssp245,2080,species,Pyrrhula erythaca,3.00427770614624
ssp245,2080,species,Pyrrhula nipalensis,2.7277147769928
ssp245,2080,species,Rallina eurizonoides,2.41969418525696
ssp245,2080,species,Rallus aquaticus,3.45607662200928
ssp245,2080,species,Recurvirostra avosetta,3.81967568397522
ssp245,2080,species,Regulus regulus,3.21226167678833
ssp245,2080,species,Remiz consobrinus,3.70223569869995
ssp245,2080,species,Remiz coronatus,3.76874494552612
ssp245,2080,species,Rhodospiza obsoleta,3.68630838394165
ssp245,2080,species,Riparia riparia,3.75028324127197
ssp245,2080,species,Rubigula flaviventris,2.55634880065918
ssp245,2080,species,Sasia ochracea,2.53881883621216
ssp245,2080,species,Saxicola ferreus,2.90380334854126
ssp245,2080,species,Sitta cinnamoventris,2.49475455284119
ssp245,2080,species,Sitta formosa,2.48954820632935
ssp245,2080,species,Sitta villosa,3.39257264137268
ssp245,2080,species,Sittiparus varius,3.57318449020386
ssp245,2080,species,Spilopelia chinensis,2.943363904953
ssp245,2080,species,Spilopelia senegalensis,3.67166781425476
ssp245,2080,species,Spilornis cheela,2.66615343093872
ssp245,2080,species,Spinus spinus,3.87477731704712
ssp245,2080,species,Spizixos semitorques,2.96145796775818
ssp245,2080,species,Spodiopsar cineraceus,3.56200051307678
ssp245,2080,species,Spodiopsar sericeus,2.89627647399902
ssp245,2080,species,Stachyris humei,2.47352075576782
ssp245,2080,species,Staphida torqueola,2.85332036018372
ssp245,2080,species,Streptopelia decaocto,3.48532032966614
ssp245,2080,species,Sturnia sinensis,2.75115060806274
ssp245,2080,species,Sturnus vulgaris,3.7686448097229
ssp245,2080,species,Suthora fulvifrons,2.79485130310059
ssp245,2080,species,Syrmaticus humiae,2.51431274414063
ssp245,2080,species,Syrmaticus reevesii,3.1308274269104
ssp245,2080,species,Syrrhaptes paradoxus,3.75852084159851
ssp245,2080,species,Tarsiger chrysaeus,2.74737358093262
ssp245,2080,species,Tarsiger indicus,2.71149325370789
ssp245,2080,species,Temnurus temnurus,2.3856189250946
ssp245,2080,species,Tephrodornis virgatus,2.67748022079468
ssp245,2080,species,Thalasseus bergii,2.48486018180847
ssp245,2080,species,Timalia pileata,2.63201379776001
ssp245,2080,species,Tragopan caboti,2.74242091178894
ssp245,2080,species,Tragopan temminckii,2.91512680053711
ssp245,2080,species,Treron curvirostra,2.47366857528687
ssp245,2080,species,Treron sieboldii,2.86562013626099
ssp245,2080,species,Treron sphenurus,2.61216378211975
ssp245,2080,species,Turdus boulboul,2.5628457069397
ssp245,2080,species,Turdus cardis,3.13869214057922
ssp245,2080,species,Turdus feae,3.22677898406982
ssp245,2080,species,Turdus mandarinus,2.96094059944153
ssp245,2080,species,Turdus pilaris,3.87042284011841
ssp245,2080,species,Turdus rubrocanus,3.14984846115112
ssp245,2080,species,Turdus ruficollis,3.75522255897522
ssp245,2080,species,Turdus viscivorus,3.81727290153503
ssp245,2080,species,Turnix suscitator,2.62251305580139
ssp245,2080,species,Tyto longimembris,2.78389620780945
ssp245,2080,species,Urile pelagicus,3.24623203277588
ssp245,2080,species,Urosphena squameiceps,3.71242356300354
ssp245,2080,species,Vanellus cinereus,3.73814082145691
ssp245,2080,species,Vanellus indicus,2.46446800231934
ssp245,2080,species,Vanellus vanellus,3.70927262306213
ssp245,2080,species,Yuhina nigrimenta,2.80782556533814
ssp245,2080,species,Zoothera dixoni,2.70092535018921
ssp245,2080,species,Zoothera mollissima,2.96640491485596
ssp245,2080,species,Zoothera monticola,2.42471814155579
ssp245,2080,species,Zosterops erythropleurus,3.70940589904785
ssp585,2030,province,Beijing,1.89339280128479
ssp585,2030,province,Tianjin,1.91415786743164
ssp585,2030,province,Hebei,1.88160026073456
ssp585,2030,province,Shanxi,1.85597884654999
ssp585,2030,province,Inner Mongolia,2.2958619594574
ssp585,2030,province,Liaoning,2.13671374320984
ssp585,2030,province,Jilin,2.30623078346252
ssp585,2030,province,Heilongjiang,2.37039828300476
ssp585,2030,province,Shanghai,1.74180138111115
ssp585,2030,province,Jiangsu,1.76127183437347
ssp585,2030,province,Zhejiang,1.78345441818237
ssp585,2030,province,Anhui,1.81538128852844
ssp585,2030,province,Fujian,1.64873898029327
ssp585,2030,province,Jiangxi,1.76961207389832
ssp585,2030,province,Shandong,1.77381527423859
ssp585,2030,province,Henan,1.77335894107819
ssp585,2030,province,Hubei,1.83834791183472
ssp585,2030,province,Hunan,1.80134415626526
ssp585,2030,province,Guangdong,1.52749013900757
ssp585,2030,province,Guangxi,1.64200019836426
ssp585,2030,province,Hainan,1.34904217720032
ssp585,2030,province,Chongqing,1.89714872837067
ssp585,2030,province,Sichuan,1.79608178138733
ssp585,2030,province,Guizhou,1.75370514392853
ssp585,2030,province,Yunnan,1.38428223133087
ssp585,2030,province,Tibet,1.77241706848145
ssp585,2030,province,Shaanxi,1.91872549057007
ssp585,2030,province,Gansu,2.08426928520203
ssp585,2030,province,Qinghai,1.85586667060852
ssp585,2030,province,Ningxia,2.08255314826965
ssp585,2030,province,Xinjiang,2.22253608703613
ssp585,2030,province,Taiwan,1.36568129062653
ssp585,2030,province,Hong Kong,1.45247399806976
ssp585,2030,province,Macau,
ssp585,2030,species,Abroscopus albogularis,1.66761541366577
ssp585,2030,species,Accipiter gularis,2.30634307861328
ssp585,2030,species,Accipiter soloensis,1.84913146495819
ssp585,2030,species,Accipiter trivirgatus,1.36621379852295
ssp585,2030,species,Accipiter virgatus,1.62466216087341
ssp585,2030,species,Acridotheres cristatellus,1.69773960113525
ssp585,2030,species,Acridotheres tristis,1.53142249584198
ssp585,2030,species,Acrocephalus agricola,2.26217675209045
ssp585,2030,species,Acrocephalus bistrigiceps,2.11175775527954
ssp585,2030,species,Acrocephalus concinens,1.81972348690033
ssp585,2030,species,Acrocephalus orientalis,2.10549783706665
ssp585,2030,species,Acrocephalus tangorum,2.3352484703064
ssp585,2030,species,Aegithalos bonvaloti,1.54885566234589
ssp585,2030,species,Aegithalos caudatus,2.34366154670715
ssp585,2030,species,Aegithalos concinnus,1.70590126514435
ssp585,2030,species,Aegithalos fuliginosus,1.80772614479065
ssp585,2030,species,Aerodramus brevirostris,1.63963615894318
ssp585,2030,species,Aethopyga christinae,1.34901773929596
ssp585,2030,species,Aethopyga gouldiae,1.70661509037018
ssp585,2030,species,Agropsar sturninus,2.17906904220581
ssp585,2030,species,Aix galericulata,2.30648946762085
ssp585,2030,species,Alauda gulgula,1.77134025096893
ssp585,2030,species,Alaudala cheleensis,2.11654448509216
ssp585,2030,species,Alcedo hercules,1.38007235527039
ssp585,2030,species,Alcippe morrisonia,1.68747770786285
ssp585,2030,species,Amaurornis phoenicurus,1.69574105739594
ssp585,2030,species,Anastomus oscitans,1.51151561737061
ssp585,2030,species,Anser anser,2.35267305374146
ssp585,2030,species,Anser fabalis,2.38310980796814
ssp585,2030,species,Anser indicus,1.987229347229
ssp585,2030,species,Anthus godlewskii,2.36375546455383
ssp585,2030,species,Anthus gustavi,2.36932110786438
ssp585,2030,species,Anthus richardi,2.0663754940033
ssp585,2030,species,Anthus roseatus,1.85218000411987
ssp585,2030,species,Anthus trivialis,2.26758623123169
ssp585,2030,species,Aquila fasciata,1.64931154251099
ssp585,2030,species,Aquila heliaca,2.35656690597534
ssp585,2030,species,Ardea intermedia,1.68960988521576
ssp585,2030,species,Ardea purpurea,1.86365509033203
ssp585,2030,species,Ardenna pacifica,1.54266464710236
ssp585,2030,species,Artamus fuscus,1.46074819564819
ssp585,2030,species,Asio flammeus,2.35281252861023
ssp585,2030,species,Athene noctua,2.06401109695435
ssp585,2030,species,Aviceda jerdoni,1.28212082386017
ssp585,2030,species,Aviceda leuphotes,1.64625906944275
ssp585,2030,species,Aythya fuligula,2.37823057174683
ssp585,2030,species,Aythya nyroca,2.30054616928101
ssp585,2030,species,Bombycilla japonica,2.41251444816589
ssp585,2030,species,Branta canadensis,1.9528329372406
ssp585,2030,species,Bubo nipalensis,1.50213611125946
ssp585,2030,species,Bucanetes mongolicus,2.29249596595764
ssp585,2030,species,Butastur indicus,2.29206132888794
ssp585,2030,species,Cacomantis merulinus,1.47086942195892
ssp585,2030,species,Calandrella brachydactyla,2.36149573326111
ssp585,2030,species,Calliope obscura,1.8784658908844
ssp585,2030,species,Caprimulgus macrurus,1.29614460468292
ssp585,2030,species,Carpodacus roborowskii,1.79086971282959
ssp585,2030,species,Carpodacus vinaceus,1.72162282466888
ssp585,2030,species,Cecropis daurica,1.91394853591919
ssp585,2030,species,Centropus bengalensis,1.61524331569672
ssp585,2030,species,Cephalopyrus flammiceps,1.549964427948
ssp585,2030,species,Certhia familiaris,2.2421338558197
ssp585,2030,species,Certhia himalayana,1.64290201663971
ssp585,2030,species,Certhia tianquanensis,1.75624012947083
ssp585,2030,species,Ceryle rudis,1.6186945438385
ssp585,2030,species,Cettia brunnifrons,1.67948782444
ssp585,2030,species,Cettia castaneocoronata,1.58368718624115
ssp585,2030,species,Chalcophaps indica,1.43635272979736
ssp585,2030,species,Charadrius atrifrons,1.9297890663147
ssp585,2030,species,Charadrius dealbatus,1.47546947002411
ssp585,2030,species,Charadrius placidus,2.12287950515747
ssp585,2030,species,Charadrius veredus,2.35629439353943
ssp585,2030,species,Chlidonias leucopterus,2.2713885307312
ssp585,2030,species,Chlidonias niger,2.38574433326721
ssp585,2030,species,Chloris ambigua,1.46265184879303
ssp585,2030,species,Chloris sinica,1.9433468580246
ssp585,2030,species,Chrysolophus pictus,1.80140948295593
ssp585,2030,species,Ciconia boyciana,2.35084438323975
ssp585,2030,species,Ciconia nigra,2.19711375236511
ssp585,2030,species,Circaetus gallicus,2.32330822944641
ssp585,2030,species,Circus macrourus,2.31199908256531
ssp585,2030,species,Circus spilonotus,2.3581235408783
ssp585,2030,species,Cisticola exilis,1.54572105407715
ssp585,2030,species,Cisticola juncidis,1.73253262042999
ssp585,2030,species,Clamator coromandus,1.71484088897705
ssp585,2030,species,Clanga clanga,2.33308267593384
ssp585,2030,species,Columba oenas,2.13938045501709
ssp585,2030,species,Copsychus saularis,1.6852353811264
ssp585,2030,species,Coracias garrulus,2.23464155197144
ssp585,2030,species,Coturnicops exquisitus,2.3798451423645
ssp585,2030,species,Crex crex,2.22589254379272
ssp585,2030,species,Crossoptilon mantchuricum,1.853551030159
ssp585,2030,species,Curruca curruca,2.19991731643677
ssp585,2030,species,Cyanistes cyanus,2.30162167549133
ssp585,2030,species,Cyanoderma pyrrhops,1.36685740947723
ssp585,2030,species,Cygnus cygnus,2.32791423797607
ssp585,2030,species,Cygnus olor,2.09636902809143
ssp585,2030,species,Cyornis glaucicomans,1.77474999427795
ssp585,2030,species,Cyornis hainanus,1.51755404472351
ssp585,2030,species,Cyornis rubeculoides,1.25021147727966
ssp585,2030,species,Delichon dasypus,1.79600954055786
ssp585,2030,species,Dendrocitta formosae,1.65892648696899
ssp585,2030,species,Dendrocopos hyperythrus,1.66103279590607
ssp585,2030,species,Dendrocygna javanica,1.62299287319183
ssp585,2030,species,Dicaeum cruentatum,1.56045579910278
ssp585,2030,species,Dicaeum ignipectus,1.66168093681335
ssp585,2030,species,Dicaeum minullum,1.63135659694672
ssp585,2030,species,Dicrurus annectens,1.36603546142578
ssp585,2030,species,Dicrurus hottentottus,1.71058464050293
ssp585,2030,species,Dicrurus remifer,1.37201499938965
ssp585,2030,species,Egretta eulophotes,2.00004458427429
ssp585,2030,species,Egretta garzetta,1.72803449630737
ssp585,2030,species,Elachura formosa,1.43837261199951
ssp585,2030,species,Elanus caeruleus,1.65090894699097
ssp585,2030,species,Emberiza buchanani,2.2724711894989
ssp585,2030,species,Emberiza citrinella,2.35216856002808
ssp585,2030,species,Emberiza elegans,2.00724649429321
ssp585,2030,species,Emberiza godlewskii,1.99151933193207
ssp585,2030,species,Emberiza hortulana,2.40909385681152
ssp585,2030,species,Emberiza leucocephalos,2.22107577323914
ssp585,2030,species,Emberiza pallasi,2.41843152046204
ssp585,2030,species,Emberiza pusilla,2.35594534873962
ssp585,2030,species,Emberiza rustica,2.35885047912598
ssp585,2030,species,Emberiza siemsseni,1.83716082572937
ssp585,2030,species,Emberiza yessoensis,2.35869193077087
ssp585,2030,species,Enicurus leschenaulti,1.69700634479523
ssp585,2030,species,Enicurus maculatus,1.51862144470215
ssp585,2030,species,Enicurus schistaceus,1.60299706459045
ssp585,2030,species,Erpornis zantholeuca,1.53103494644165
ssp585,2030,species,Erythrogenys hypoleucos,1.52338719367981
ssp585,2030,species,Eudynamys scolopaceus,1.69814252853394
ssp585,2030,species,Eumyias thalassinus,1.6689225435257
ssp585,2030,species,Falco cherrug,2.09121227264404
ssp585,2030,species,Falco severus,1.44915771484375
ssp585,2030,species,Ficedula albicilla,2.43958830833435
ssp585,2030,species,Ficedula elisae,1.91122341156006
ssp585,2030,species,Ficedula erithacus,1.67057371139526
ssp585,2030,species,Ficedula hyperythra,1.54818058013916
ssp585,2030,species,Ficedula mugimaki,2.32755970954895
ssp585,2030,species,Ficedula strophiata,1.68325126171112
ssp585,2030,species,Ficedula superciliaris,1.65381193161011
ssp585,2030,species,Ficedula tricolor,1.66014790534973
ssp585,2030,species,Fringilla coelebs,2.36816811561584
ssp585,2030,species,Fringilla montifringilla,2.32169389724731
ssp585,2030,species,Galerida cristata,2.10450410842896
ssp585,2030,species,Gallicrex cinerea,1.78952622413635
ssp585,2030,species,Garrulax canorus,1.74294936656952
ssp585,2030,species,Garrulax maesi,1.7115535736084
ssp585,2030,species,Garrulax monileger,1.56008672714233
ssp585,2030,species,Gavia arctica,2.34876394271851
ssp585,2030,species,Gelochelidon nilotica,2.04222846031189
ssp585,2030,species,Geokichla citrina,1.59156310558319
ssp585,2030,species,Glaucidium cuculoides,1.68801355361938
ssp585,2030,species,Gorsachius melanolophus,1.45086395740509
ssp585,2030,species,Gracupica nigricollis,1.54997932910919
ssp585,2030,species,Grandala coelicolor,1.79423999786377
ssp585,2030,species,Grus japonensis,2.36658358573914
ssp585,2030,species,Grus monacha,2.40046644210815
ssp585,2030,species,Grus nigricollis,1.84961938858032
ssp585,2030,species,Gypaetus barbatus,1.94920837879181
ssp585,2030,species,Gyps himalayensis,1.90164065361023
ssp585,2030,species,Halcyon coromanda,1.89920365810394
ssp585,2030,species,Halcyon pileata,1.74401688575745
ssp585,2030,species,Halcyon smyrnensis,1.54229521751404
ssp585,2030,species,Haliaeetus leucoryphus,1.22684502601624
ssp585,2030,species,Harpactes wardi,1.41309750080109
ssp585,2030,species,Helopsaltes certhiola,2.27697134017944
ssp585,2030,species,Helopsaltes pryeri,2.20561838150024
ssp585,2030,species,Hemiprocne coronata,1.26816046237946
ssp585,2030,species,Hemitesia pallidipes,1.33523535728455
ssp585,2030,species,Hemixos castanonotus,1.61330318450928
ssp585,2030,species,Heterophasia desgodinsi,1.57000744342804
ssp585,2030,species,Heteroxenicus stellatus,1.46838450431824
ssp585,2030,species,Hieraaetus pennatus,2.32231712341309
ssp585,2030,species,Hierococcyx nisicolor,1.55945706367493
ssp585,2030,species,Hirundapus caudacutus,2.0737988948822
ssp585,2030,species,Hirundo rustica,1.99391734600067
ssp585,2030,species,Histrionicus histrionicus,2.3792405128479
ssp585,2030,species,Hydrocoloeus minutus,2.33675408363342
ssp585,2030,species,Hydrophasianus chirurgus,1.64681100845337
ssp585,2030,species,Hydroprogne caspia,1.88030850887299
ssp585,2030,species,Hypothymis azurea,1.51589691638947
ssp585,2030,species,Hypsipetes leucocephalus,1.67332863807678
ssp585,2030,species,Ianthocincla lunulata,1.78224575519562
ssp585,2030,species,Ibidorhyncha struthersii,1.89029037952423
ssp585,2030,species,Ictinaetus malaiensis,1.5397961139679
ssp585,2030,species,Iduna caligata,2.40103650093079
ssp585,2030,species,Indicator xanthonotus,1.35683214664459
ssp585,2030,species,Ixobrychus cinnamomeus,1.73330950737
ssp585,2030,species,Ixobrychus eurhythmus,2.01474833488464
ssp585,2030,species,Ixobrychus minutus,2.26057624816895
ssp585,2030,species,Ixos mcclellandii,1.61196732521057
ssp585,2030,species,Ketupa flavipes,1.73765623569489
ssp585,2030,species,Lalage melaschistos,1.71867275238037
ssp585,2030,species,Lanius borealis,2.36864066123962
ssp585,2030,species,Lanius collurioides,1.48548531532288
ssp585,2030,species,Lanius isabellinus,2.18317413330078
ssp585,2030,species,Lanius schach,1.70630538463593
ssp585,2030,species,Lanius sphenocercus,2.23784971237183
ssp585,2030,species,Lanius tephronotus,1.7412017583847
ssp585,2030,species,Larus crassirostris,1.73943889141083
ssp585,2030,species,Larvivora brunnea,1.68784189224243
ssp585,2030,species,Larvivora cyane,2.34300994873047
ssp585,2030,species,Leptopoecile elegans,1.87038958072662
ssp585,2030,species,Leptoptilos javanicus,1.38486015796661
ssp585,2030,species,Limnodromus semipalmatus,2.37801456451416
ssp585,2030,species,Limosa limosa,2.373619556427
ssp585,2030,species,Linaria cannabina,2.33373785018921
ssp585,2030,species,Locustella davidi,2.35509538650513
ssp585,2030,species,Locustella mandelli,1.60841906070709
ssp585,2030,species,Lonchura striata,1.6744921207428
ssp585,2030,species,Lophotriorchis kienerii,1.2735687494278
ssp585,2030,species,Lophura leucomelanos,1.40367019176483
ssp585,2030,species,Lophura nycthemera,1.46288096904755
ssp585,2030,species,Loxia curvirostra,2.09869146347046
ssp585,2030,species,Macropygia unchall,1.57776165008545
ssp585,2030,species,Mareca falcata,2.38625478744507
ssp585,2030,species,Megaceryle lugubris,1.72538101673126
ssp585,2030,species,Melanitta fusca,2.41178369522095
ssp585,2030,species,Melanitta stejnegeri,2.44830751419067
ssp585,2030,species,Melanochlora sultanea,1.40717732906342
ssp585,2030,species,Mergus serrator,2.36409592628479
ssp585,2030,species,Merops philippinus,1.40617680549622
ssp585,2030,species,Mixornis gularis,1.31263697147369
ssp585,2030,species,Monticola gularis,2.31497383117676
ssp585,2030,species,Monticola rufiventris,1.6740403175354
ssp585,2030,species,Monticola solitarius,1.85722172260284
ssp585,2030,species,Motacilla citreola,2.03205704689026
ssp585,2030,species,Moupinia poecilotis,1.72609329223633
ssp585,2030,species,Muscicapa dauurica,2.35039901733398
ssp585,2030,species,Muscicapa ferruginea,1.66366827487946
ssp585,2030,species,Muscicapa muttui,1.651646733284
ssp585,2030,species,Mycerobas affinis,1.67065894603729
ssp585,2030,species,Mycerobas carnipes,1.8749270439148
ssp585,2030,species,Myiomela leucura,1.64066076278687
ssp585,2030,species,Myophonus caeruleus,1.74899125099182
ssp585,2030,species,Netta rufina,2.33507513999939
ssp585,2030,species,Niltava davidi,1.63157308101654
ssp585,2030,species,Niltava grandis,1.31223154067993
ssp585,2030,species,Niltava macgrigoriae,1.43281400203705
ssp585,2030,species,Niltava sundara,1.6756637096405
ssp585,2030,species,Ninox japonica,1.96081936359406
ssp585,2030,species,Nipponia nippon,1.87968444824219
ssp585,2030,species,Nisaetus nipalensis,1.51553463935852
ssp585,2030,species,Numenius madagascariensis,2.37368679046631
ssp585,2030,species,Nycticorax nycticorax,1.77952647209167
ssp585,2030,species,Oenanthe deserti,2.09191060066223
ssp585,2030,species,Oenanthe oenanthe,2.2242603302002
ssp585,2030,species,Onychoprion anaethetus,1.36452698707581
ssp585,2030,species,Oriolus oriolus,2.32190155982971
ssp585,2030,species,Otus lettia,1.66555607318878
ssp585,2030,species,Otus semitorques,2.07644057273865
ssp585,2030,species,Otus spilocephalus,1.55826210975647
ssp585,2030,species,Oxyura leucocephala,2.20356106758118
ssp585,2030,species,Panurus biarmicus,2.21088314056396
ssp585,2030,species,Paradoxornis guttaticollis,1.61670851707459
ssp585,2030,species,Paradoxornis heudei,1.91039657592773
ssp585,2030,species,Parayuhina diademata,1.64780366420746
ssp585,2030,species,Pardaliparus venustulus,1.82594430446625
ssp585,2030,species,Parus monticolus,1.72908353805542
ssp585,2030,species,Passer cinnamomeus,1.76194632053375
ssp585,2030,species,Passer domesticus,2.25632333755493
ssp585,2030,species,Passer hispaniolensis,2.29592657089233
ssp585,2030,species,Pelecanus crispus,2.14322185516357
ssp585,2030,species,Pellorneum tickelli,1.35789442062378
ssp585,2030,species,Perdix hodgsoniae,1.79703450202942
ssp585,2030,species,Pericrocotus cantonensis,1.7470041513443
ssp585,2030,species,Pericrocotus divaricatus,2.34341502189636
ssp585,2030,species,Pericrocotus ethologus,1.75361633300781
ssp585,2030,species,Pericrocotus solaris,1.5626186132431
ssp585,2030,species,Periparus rubidiventris,1.78201103210449
ssp585,2030,species,Pernis ptilorhynchus,2.16023302078247
ssp585,2030,species,Phasianus colchicus,1.9999748468399
ssp585,2030,species,Phoenicurus erythronotus,2.2448296546936
ssp585,2030,species,Phoenicurus frontalis,1.81134963035584
ssp585,2030,species,Phoenicurus leucocephalus,1.78903532028198
ssp585,2030,species,Phoenicurus ochruros,2.01481246948242
ssp585,2030,species,Phoenicurus schisticeps,1.74940145015717
ssp585,2030,species,Phylloscopus affinis,1.76434695720673
ssp585,2030,species,Phylloscopus burkii,1.49381124973297
ssp585,2030,species,Phylloscopus cantator,1.3015148639679
ssp585,2030,species,Phylloscopus castaniceps,1.6443737745285
ssp585,2030,species,Phylloscopus claudiae,1.89308285713196
ssp585,2030,species,Phylloscopus coronatus,2.15367603302002
ssp585,2030,species,Phylloscopus emeiensis,1.76476263999939
ssp585,2030,species,Phylloscopus intermedius,1.58635056018829
ssp585,2030,species,Phylloscopus magnirostris,1.65218925476074
ssp585,2030,species,Phylloscopus ogilviegranti,1.57600355148315
ssp585,2030,species,Phylloscopus omeiensis,1.7778879404068
ssp585,2030,species,Phylloscopus pulcher,1.6143182516098
ssp585,2030,species,Phylloscopus ricketti,1.77252590656281
ssp585,2030,species,Phylloscopus soror,1.84036839008331
ssp585,2030,species,Phylloscopus subaffinis,1.79484570026398
ssp585,2030,species,Phylloscopus tenellipes,2.29343509674072
ssp585,2030,species,Phylloscopus tephrocephalus,1.70304346084595
ssp585,2030,species,Phylloscopus yunnanensis,1.90158951282501
ssp585,2030,species,Picumnus innominatus,1.68826448917389
ssp585,2030,species,Picus chlorolophus,1.40291202068329
ssp585,2030,species,Pitta nympha,1.71934306621552
ssp585,2030,species,Platalea minor,2.03311514854431
ssp585,2030,species,Pnoepyga immaculata,1.4359313249588
ssp585,2030,species,Podiceps auritus,2.28788805007935
ssp585,2030,species,Podiceps grisegena,2.36591625213623
ssp585,2030,species,Podiceps nigricollis,2.29510974884033
ssp585,2030,species,Podoces biddulphi,2.23840308189392
ssp585,2030,species,Pomatorhinus schisticeps,1.2425491809845
ssp585,2030,species,Pomatorhinus superciliaris,1.29866337776184
ssp585,2030,species,Prinia atrogularis,1.31578719615936
ssp585,2030,species,Prinia flaviventris,1.28632712364197
ssp585,2030,species,Prinia inornata,1.69359374046326
ssp585,2030,species,Prunella collaris,2.0165536403656
ssp585,2030,species,Prunella himalayana,2.19420909881592
ssp585,2030,species,Prunella immaculata,1.76829695701599
ssp585,2030,species,Prunella montanella,2.41248488426209
ssp585,2030,species,Prunella strophiata,1.75997948646545
ssp585,2030,species,Psarisomus dalhousiae,1.30277121067047
ssp585,2030,species,Pseudopodoces humilis,1.84090721607208
ssp585,2030,species,Psilopogon faber,1.61873006820679
ssp585,2030,species,Psilopogon virens,1.59504330158234
ssp585,2030,species,Pterorhinus berthemyi,1.78232061862946
ssp585,2030,species,Pterorhinus lanceolatus,1.68657243251801
ssp585,2030,species,Pterorhinus pectoralis,1.76533031463623
ssp585,2030,species,Pterorhinus sannio,1.67078971862793
ssp585,2030,species,Pteruthius rufiventer,1.32181632518768
ssp585,2030,species,Pteruthius xanthochlorus,1.60560297966003
ssp585,2030,species,Ptyonoprogne rupestris,1.98442077636719
ssp585,2030,species,Pycnonotus aurigaster,1.58919012546539
ssp585,2030,species,Pycnonotus jocosus,1.47771596908569
ssp585,2030,species,Pycnonotus sinensis,1.77737021446228
ssp585,2030,species,Pycnonotus xanthorrhous,1.65297627449036
ssp585,2030,species,Pyrrhula erythaca,1.7305064201355
ssp585,2030,species,Pyrrhula nipalensis,1.5863231420517
ssp585,2030,species,Rallina eurizonoides,1.3383412361145
ssp585,2030,species,Rallus aquaticus,2.02002882957459
ssp585,2030,species,Recurvirostra avosetta,2.35040259361267
ssp585,2030,species,Regulus regulus,1.88729166984558
ssp585,2030,species,Remiz consobrinus,2.29286313056946
ssp585,2030,species,Remiz coronatus,2.29254221916199
ssp585,2030,species,Rhodospiza obsoleta,2.19714951515198
ssp585,2030,species,Riparia riparia,2.30374503135681
ssp585,2030,species,Rubigula flaviventris,1.38811457157135
ssp585,2030,species,Sasia ochracea,1.3841028213501
ssp585,2030,species,Saxicola ferreus,1.69639539718628
ssp585,2030,species,Sitta cinnamoventris,1.3036322593689
ssp585,2030,species,Sitta formosa,1.29580330848694
ssp585,2030,species,Sitta villosa,2.02513217926025
ssp585,2030,species,Sittiparus varius,2.20028376579285
ssp585,2030,species,Spilopelia chinensis,1.72079789638519
ssp585,2030,species,Spilopelia senegalensis,2.1765193939209
ssp585,2030,species,Spilornis cheela,1.55323553085327
ssp585,2030,species,Spinus spinus,2.38541197776794
ssp585,2030,species,Spizixos semitorques,1.75695741176605
ssp585,2030,species,Spodiopsar cineraceus,2.16579961776733
ssp585,2030,species,Spodiopsar sericeus,1.73329651355743
ssp585,2030,species,Stachyris humei,1.30868279933929
ssp585,2030,species,Staphida torqueola,1.69166421890259
ssp585,2030,species,Streptopelia decaocto,2.07146000862122
ssp585,2030,species,Sturnia sinensis,1.66401445865631
ssp585,2030,species,Sturnus vulgaris,2.25933909416199
ssp585,2030,species,Suthora fulvifrons,1.59582090377808
ssp585,2030,species,Syrmaticus humiae,1.31148135662079
ssp585,2030,species,Syrmaticus reevesii,1.84108376502991
ssp585,2030,species,Syrrhaptes paradoxus,2.30646085739136
ssp585,2030,species,Tarsiger chrysaeus,1.55878376960754
ssp585,2030,species,Tarsiger indicus,1.51896786689758
ssp585,2030,species,Temnurus temnurus,1.40685939788818
ssp585,2030,species,Tephrodornis virgatus,1.59979116916657
ssp585,2030,species,Thalasseus bergii,1.50863575935364
ssp585,2030,species,Timalia pileata,1.50853788852692
ssp585,2030,species,Tragopan caboti,1.66698837280273
ssp585,2030,species,Tragopan temminckii,1.69798541069031
ssp585,2030,species,Treron curvirostra,1.32291126251221
ssp585,2030,species,Treron sieboldii,1.71587991714478
ssp585,2030,species,Treron sphenurus,1.4406750202179
ssp585,2030,species,Turdus boulboul,1.39693284034729
ssp585,2030,species,Turdus cardis,1.82122397422791
ssp585,2030,species,Turdus feae,1.87338304519653
ssp585,2030,species,Turdus mandarinus,1.75229752063751
ssp585,2030,species,Turdus pilaris,2.40677261352539
ssp585,2030,species,Turdus rubrocanus,1.82052767276764
ssp585,2030,species,Turdus ruficollis,2.25146627426147
ssp585,2030,species,Turdus viscivorus,2.29447960853577
ssp585,2030,species,Turnix suscitator,1.48868000507355
ssp585,2030,species,Tyto longimembris,1.65332698822021
ssp585,2030,species,Urile pelagicus,1.96319842338562
ssp585,2030,species,Urosphena squameiceps,2.28948712348938
ssp585,2030,species,Vanellus cinereus,2.31386041641235
ssp585,2030,species,Vanellus indicus,1.26282691955566
ssp585,2030,species,Vanellus vanellus,2.28116774559021
ssp585,2030,species,Yuhina nigrimenta,1.64918994903564
ssp585,2030,species,Zoothera dixoni,1.50971627235413
ssp585,2030,species,Zoothera mollissima,1.70228505134583
ssp585,2030,species,Zoothera monticola,1.26581418514252
ssp585,2030,species,Zosterops erythropleurus,2.28777766227722
ssp585,2050,province,Beijing,3.21371340751648
ssp585,2050,province,Tianjin,3.14956760406494
ssp585,2050,province,Hebei,3.15674901008606
ssp585,2050,province,Shanxi,3.04726266860962
ssp585,2050,province,Inner Mongolia,3.64255261421204
ssp585,2050,province,Liaoning,3.42212176322937
ssp585,2050,province,Jilin,3.65172743797302
ssp585,2050,province,Heilongjiang,3.75768804550171
ssp585,2050,province,Shanghai,2.79165697097778
ssp585,2050,province,Jiangsu,2.84907031059265
ssp585,2050,province,Zhejiang,2.86736273765564
ssp585,2050,province,Anhui,2.91859173774719
ssp585,2050,province,Fujian,2.66707348823547
ssp585,2050,province,Jiangxi,2.85695767402649
ssp585,2050,province,Shandong,2.9416298866272
ssp585,2050,province,Henan,2.90146017074585
ssp585,2050,province,Hubei,2.95103359222412
ssp585,2050,province,Hunan,2.89298868179321
ssp585,2050,province,Guangdong,2.51578736305237
ssp585,2050,province,Guangxi,2.69164705276489
ssp585,2050,province,Hainan,2.28399729728699
ssp585,2050,province,Chongqing,3.02207255363464
ssp585,2050,province,Sichuan,2.91773629188538
ssp585,2050,province,Guizhou,2.79329109191895
ssp585,2050,province,Yunnan,2.42592215538025
ssp585,2050,province,Tibet,3.10297632217407
ssp585,2050,province,Shaanxi,3.09070563316345
ssp585,2050,province,Gansu,3.33532524108887
ssp585,2050,province,Qinghai,3.09059238433838
ssp585,2050,province,Ningxia,3.32588624954224
ssp585,2050,province,Xinjiang,3.56190538406372
ssp585,2050,province,Taiwan,2.18571019172668
ssp585,2050,province,Hong Kong,2.38020300865173
ssp585,2050,province,Macau,
ssp585,2050,species,Abroscopus albogularis,2.7202262878418
ssp585,2050,species,Accipiter gularis,3.65477657318115
ssp585,2050,species,Accipiter soloensis,2.97865796089172
ssp585,2050,species,Accipiter trivirgatus,2.35464787483215
ssp585,2050,species,Accipiter virgatus,2.67689895629883
ssp585,2050,species,Acridotheres cristatellus,2.76707220077515
ssp585,2050,species,Acridotheres tristis,2.62857532501221
ssp585,2050,species,Acrocephalus agricola,3.61806488037109
ssp585,2050,species,Acrocephalus bistrigiceps,3.38544821739197
ssp585,2050,species,Acrocephalus concinens,2.97014307975769
ssp585,2050,species,Acrocephalus orientalis,3.37777519226074
ssp585,2050,species,Acrocephalus tangorum,3.70066666603088
ssp585,2050,species,Aegithalos bonvaloti,2.58945107460022
ssp585,2050,species,Aegithalos caudatus,3.70859861373901
ssp585,2050,species,Aegithalos concinnus,2.77899765968323
ssp585,2050,species,Aegithalos fuliginosus,2.89946031570435
ssp585,2050,species,Aerodramus brevirostris,2.7080705165863
ssp585,2050,species,Aethopyga christinae,2.28392362594605
ssp585,2050,species,Aethopyga gouldiae,2.82807374000549
ssp585,2050,species,Agropsar sturninus,3.48630356788635
ssp585,2050,species,Aix galericulata,3.65573453903198
ssp585,2050,species,Alauda gulgula,2.92670154571533
ssp585,2050,species,Alaudala cheleensis,3.41917824745178
ssp585,2050,species,Alcedo hercules,2.38333201408386
ssp585,2050,species,Alcippe morrisonia,2.75220465660095
ssp585,2050,species,Amaurornis phoenicurus,2.76473784446716
ssp585,2050,species,Anastomus oscitans,2.55380511283875
ssp585,2050,species,Anser anser,3.73966336250305
ssp585,2050,species,Anser fabalis,3.77073526382446
ssp585,2050,species,Anser indicus,3.28978824615479
ssp585,2050,species,Anthus godlewskii,3.75372266769409
ssp585,2050,species,Anthus gustavi,3.7614209651947
ssp585,2050,species,Anthus richardi,3.31295537948608
ssp585,2050,species,Anthus roseatus,3.08456134796143
ssp585,2050,species,Anthus trivialis,3.64895296096802
ssp585,2050,species,Aquila fasciata,2.68794274330139
ssp585,2050,species,Aquila heliaca,3.75876069068909
ssp585,2050,species,Ardea intermedia,2.75864100456238
ssp585,2050,species,Ardea purpurea,3.00955200195313
ssp585,2050,species,Ardenna pacifica,2.49233222007751
ssp585,2050,species,Artamus fuscus,2.48431968688965
ssp585,2050,species,Asio flammeus,3.74181318283081
ssp585,2050,species,Athene noctua,3.36250329017639
ssp585,2050,species,Aviceda jerdoni,2.25438141822815
ssp585,2050,species,Aviceda leuphotes,2.70352172851563
ssp585,2050,species,Aythya fuligula,3.76736307144165
ssp585,2050,species,Aythya nyroca,3.7040286064148
ssp585,2050,species,Bombycilla japonica,3.80520439147949
ssp585,2050,species,Branta canadensis,3.29020404815674
ssp585,2050,species,Bubo nipalensis,2.56331014633179
ssp585,2050,species,Bucanetes mongolicus,3.65250849723816
ssp585,2050,species,Butastur indicus,3.64137148857117
ssp585,2050,species,Cacomantis merulinus,2.49279499053955
ssp585,2050,species,Calandrella brachydactyla,3.77507472038269
ssp585,2050,species,Calliope obscura,2.99768209457397
ssp585,2050,species,Caprimulgus macrurus,2.27319931983948
ssp585,2050,species,Carpodacus roborowskii,3.01327776908875
ssp585,2050,species,Carpodacus vinaceus,2.81737804412842
ssp585,2050,species,Cecropis daurica,3.11410355567932
ssp585,2050,species,Centropus bengalensis,2.65293431282043
ssp585,2050,species,Cephalopyrus flammiceps,2.6003406047821
ssp585,2050,species,Certhia familiaris,3.57195520401001
ssp585,2050,species,Certhia himalayana,2.70034217834473
ssp585,2050,species,Certhia tianquanensis,2.8182110786438
ssp585,2050,species,Ceryle rudis,2.66906929016113
ssp585,2050,species,Cettia brunnifrons,2.78126430511475
ssp585,2050,species,Cettia castaneocoronata,2.65496516227722
ssp585,2050,species,Chalcophaps indica,2.44116878509522
ssp585,2050,species,Charadrius atrifrons,3.22111535072327
ssp585,2050,species,Charadrius dealbatus,2.4373242855072
ssp585,2050,species,Charadrius placidus,3.40182685852051
ssp585,2050,species,Charadrius veredus,3.74058055877686
ssp585,2050,species,Chlidonias leucopterus,3.631014585495
ssp585,2050,species,Chlidonias niger,3.79577422142029
ssp585,2050,species,Chloris ambigua,2.50912404060364
ssp585,2050,species,Chloris sinica,3.13249564170837
ssp585,2050,species,Chrysolophus pictus,2.89129161834717
ssp585,2050,species,Ciconia boyciana,3.71726536750793
ssp585,2050,species,Ciconia nigra,3.51353812217712
ssp585,2050,species,Circaetus gallicus,3.73632597923279
ssp585,2050,species,Circus macrourus,3.71909856796265
ssp585,2050,species,Circus spilonotus,3.72592711448669
ssp585,2050,species,Cisticola exilis,2.57762837409973
ssp585,2050,species,Cisticola juncidis,2.82500338554382
ssp585,2050,species,Clamator coromandus,2.79226183891296
ssp585,2050,species,Clanga clanga,3.69592189788818
ssp585,2050,species,Columba oenas,3.43172430992126
ssp585,2050,species,Copsychus saularis,2.75119876861572
ssp585,2050,species,Coracias garrulus,3.57185935974121
ssp585,2050,species,Coturnicops exquisitus,3.76178431510925
ssp585,2050,species,Crex crex,3.55836224555969
ssp585,2050,species,Crossoptilon mantchuricum,3.04503512382507
ssp585,2050,species,Curruca curruca,3.52621960639954
ssp585,2050,species,Cyanistes cyanus,3.66428470611572
ssp585,2050,species,Cyanoderma pyrrhops,2.45390248298645
ssp585,2050,species,Cygnus cygnus,3.69749617576599
ssp585,2050,species,Cygnus olor,3.36865186691284
ssp585,2050,species,Cyornis glaucicomans,2.86068844795227
ssp585,2050,species,Cyornis hainanus,2.53676271438599
ssp585,2050,species,Cyornis rubeculoides,2.22582578659058
ssp585,2050,species,Delichon dasypus,2.97706627845764
ssp585,2050,species,Dendrocitta formosae,2.71614003181458
ssp585,2050,species,Dendrocopos hyperythrus,2.80046272277832
ssp585,2050,species,Dendrocygna javanica,2.67518877983093
ssp585,2050,species,Dicaeum cruentatum,2.59323668479919
ssp585,2050,species,Dicaeum ignipectus,2.72272610664368
ssp585,2050,species,Dicaeum minullum,2.68994092941284
ssp585,2050,species,Dicrurus annectens,2.38927054405212
ssp585,2050,species,Dicrurus hottentottus,2.79906749725342
ssp585,2050,species,Dicrurus remifer,2.41039824485779
ssp585,2050,species,Egretta eulophotes,3.20957350730896
ssp585,2050,species,Egretta garzetta,2.8393669128418
ssp585,2050,species,Elachura formosa,2.47770810127258
ssp585,2050,species,Elanus caeruleus,2.70553207397461
ssp585,2050,species,Emberiza buchanani,3.6451849937439
ssp585,2050,species,Emberiza citrinella,3.79382085800171
ssp585,2050,species,Emberiza elegans,3.22070622444153
ssp585,2050,species,Emberiza godlewskii,3.24882340431213
ssp585,2050,species,Emberiza hortulana,3.88633632659912
ssp585,2050,species,Emberiza leucocephalos,3.55013823509216
ssp585,2050,species,Emberiza pallasi,3.80324673652649
ssp585,2050,species,Emberiza pusilla,3.72635698318481
ssp585,2050,species,Emberiza rustica,3.64118027687073
ssp585,2050,species,Emberiza siemsseni,2.9362370967865
ssp585,2050,species,Emberiza yessoensis,3.74073910713196
ssp585,2050,species,Enicurus leschenaulti,2.77104616165161
ssp585,2050,species,Enicurus maculatus,2.55109810829163
ssp585,2050,species,Enicurus schistaceus,2.64382934570313
ssp585,2050,species,Erpornis zantholeuca,2.55862879753113
ssp585,2050,species,Erythrogenys hypoleucos,2.54935646057129
ssp585,2050,species,Eudynamys scolopaceus,2.76941466331482
ssp585,2050,species,Eumyias thalassinus,2.74001359939575
ssp585,2050,species,Falco cherrug,3.41651344299316
ssp585,2050,species,Falco severus,2.48175716400147
ssp585,2050,species,Ficedula albicilla,3.84101366996765
ssp585,2050,species,Ficedula elisae,3.16407704353333
ssp585,2050,species,Ficedula erithacus,2.80108451843262
ssp585,2050,species,Ficedula hyperythra,2.58876752853394
ssp585,2050,species,Ficedula mugimaki,3.68169832229614
ssp585,2050,species,Ficedula strophiata,2.76287889480591
ssp585,2050,species,Ficedula superciliaris,2.79313111305237
ssp585,2050,species,Ficedula tricolor,2.75478768348694
ssp585,2050,species,Fringilla coelebs,3.65127515792847
ssp585,2050,species,Fringilla montifringilla,3.72302913665772
ssp585,2050,species,Galerida cristata,3.39317655563355
ssp585,2050,species,Gallicrex cinerea,2.91329288482666
ssp585,2050,species,Garrulax canorus,2.81895279884338
ssp585,2050,species,Garrulax maesi,2.77239513397217
ssp585,2050,species,Garrulax monileger,2.58798050880432
ssp585,2050,species,Gavia arctica,3.76347303390503
ssp585,2050,species,Gelochelidon nilotica,3.29057812690735
ssp585,2050,species,Geokichla citrina,2.63719058036804
ssp585,2050,species,Glaucidium cuculoides,2.75511050224304
ssp585,2050,species,Gorsachius melanolophus,2.42420625686646
ssp585,2050,species,Gracupica nigricollis,2.57963371276855
ssp585,2050,species,Grandala coelicolor,3.03982901573181
ssp585,2050,species,Grus japonensis,3.75647234916687
ssp585,2050,species,Grus monacha,3.80398225784302
ssp585,2050,species,Grus nigricollis,3.15656495094299
ssp585,2050,species,Gypaetus barbatus,3.23814058303833
ssp585,2050,species,Gyps himalayensis,3.15671157836914
ssp585,2050,species,Halcyon coromanda,3.11531209945679
ssp585,2050,species,Halcyon pileata,2.85627794265747
ssp585,2050,species,Halcyon smyrnensis,2.54967832565308
ssp585,2050,species,Haliaeetus leucoryphus,2.19216537475586
ssp585,2050,species,Harpactes wardi,2.43617916107178
ssp585,2050,species,Helopsaltes certhiola,3.62909770011902
ssp585,2050,species,Helopsaltes pryeri,3.50241017341614
ssp585,2050,species,Hemiprocne coronata,2.28277778625488
ssp585,2050,species,Hemitesia pallidipes,2.35184192657471
ssp585,2050,species,Hemixos castanonotus,2.63990879058838
ssp585,2050,species,Heterophasia desgodinsi,2.61527729034424
ssp585,2050,species,Heteroxenicus stellatus,2.50073099136353
ssp585,2050,species,Hieraaetus pennatus,3.6802237033844
ssp585,2050,species,Hierococcyx nisicolor,2.59316301345825
ssp585,2050,species,Hirundapus caudacutus,3.35571908950806
ssp585,2050,species,Hirundo rustica,3.24463248252869
ssp585,2050,species,Histrionicus histrionicus,3.77653813362122
ssp585,2050,species,Hydrocoloeus minutus,3.85322523117065
ssp585,2050,species,Hydrophasianus chirurgus,2.70102643966675
ssp585,2050,species,Hydroprogne caspia,3.06597423553467
ssp585,2050,species,Hypothymis azurea,2.53824687004089
ssp585,2050,species,Hypsipetes leucocephalus,2.74345016479492
ssp585,2050,species,Ianthocincla lunulata,2.86739110946655
ssp585,2050,species,Ibidorhyncha struthersii,3.14478802680969
ssp585,2050,species,Ictinaetus malaiensis,2.52600789070129
ssp585,2050,species,Iduna caligata,3.84871435165405
ssp585,2050,species,Indicator xanthonotus,2.37499022483826
ssp585,2050,species,Ixobrychus cinnamomeus,2.83272385597229
ssp585,2050,species,Ixobrychus eurhythmus,3.23459362983704
ssp585,2050,species,Ixobrychus minutus,3.64122772216797
ssp585,2050,species,Ixos mcclellandii,2.65797924995422
ssp585,2050,species,Ketupa flavipes,2.81273627281189
ssp585,2050,species,Lalage melaschistos,2.80870509147644
ssp585,2050,species,Lanius borealis,3.78627181053162
ssp585,2050,species,Lanius collurioides,2.52345895767212
ssp585,2050,species,Lanius isabellinus,3.50360369682312
ssp585,2050,species,Lanius schach,2.79123282432556
ssp585,2050,species,Lanius sphenocercus,3.56774830818176
ssp585,2050,species,Lanius tephronotus,2.89529824256897
ssp585,2050,species,Larus crassirostris,2.80414462089539
ssp585,2050,species,Larvivora brunnea,2.78344821929932
ssp585,2050,species,Larvivora cyane,3.70811223983765
ssp585,2050,species,Leptopoecile elegans,3.08451271057129
ssp585,2050,species,Leptoptilos javanicus,2.42667126655579
ssp585,2050,species,Limnodromus semipalmatus,3.74684119224548
ssp585,2050,species,Limosa limosa,3.76933169364929
ssp585,2050,species,Linaria cannabina,3.77265071868897
ssp585,2050,species,Locustella davidi,3.72766399383545
ssp585,2050,species,Locustella mandelli,2.64961171150208
ssp585,2050,species,Lonchura striata,2.72948360443115
ssp585,2050,species,Lophotriorchis kienerii,2.22171473503113
ssp585,2050,species,Lophura leucomelanos,2.45279955863953
ssp585,2050,species,Lophura nycthemera,2.49610328674316
ssp585,2050,species,Loxia curvirostra,3.40148949623108
ssp585,2050,species,Macropygia unchall,2.61440420150757
ssp585,2050,species,Mareca falcata,3.77246713638306
ssp585,2050,species,Megaceryle lugubris,2.82374286651611
ssp585,2050,species,Melanitta fusca,3.75804615020752
ssp585,2050,species,Melanitta stejnegeri,3.8555920124054
ssp585,2050,species,Melanochlora sultanea,2.42034292221069
ssp585,2050,species,Mergus serrator,3.74693441390991
ssp585,2050,species,Merops philippinus,2.43802905082703
ssp585,2050,species,Mixornis gularis,2.34714984893799
ssp585,2050,species,Monticola gularis,3.66959810256958
ssp585,2050,species,Monticola rufiventris,2.74010062217712
ssp585,2050,species,Monticola solitarius,3.01200151443481
ssp585,2050,species,Motacilla citreola,3.33307433128357
ssp585,2050,species,Moupinia poecilotis,2.8079240322113
ssp585,2050,species,Muscicapa dauurica,3.71399021148682
ssp585,2050,species,Muscicapa ferruginea,2.74308776855469
ssp585,2050,species,Muscicapa muttui,2.70964670181274
ssp585,2050,species,Mycerobas affinis,2.81182312965393
ssp585,2050,species,Mycerobas carnipes,3.08534574508667
ssp585,2050,species,Myiomela leucura,2.70016098022461
ssp585,2050,species,Myophonus caeruleus,2.862468957901
ssp585,2050,species,Netta rufina,3.73842287063599
ssp585,2050,species,Niltava davidi,2.68301892280579
ssp585,2050,species,Niltava grandis,2.33603024482727
ssp585,2050,species,Niltava macgrigoriae,2.47040462493897
ssp585,2050,species,Niltava sundara,2.77525520324707
ssp585,2050,species,Ninox japonica,3.15894412994385
ssp585,2050,species,Nipponia nippon,3.00181365013123
ssp585,2050,species,Nisaetus nipalensis,2.55001091957092
ssp585,2050,species,Numenius madagascariensis,3.76206421852112
ssp585,2050,species,Nycticorax nycticorax,2.89720726013184
ssp585,2050,species,Oenanthe deserti,3.4221396446228
ssp585,2050,species,Oenanthe oenanthe,3.5663378238678
ssp585,2050,species,Onychoprion anaethetus,2.18908405303955
ssp585,2050,species,Oriolus oriolus,3.73540782928467
ssp585,2050,species,Otus lettia,2.72200345993042
ssp585,2050,species,Otus semitorques,3.346186876297
ssp585,2050,species,Otus spilocephalus,2.59177708625793
ssp585,2050,species,Oxyura leucocephala,3.52925038337708
ssp585,2050,species,Panurus biarmicus,3.54775214195251
ssp585,2050,species,Paradoxornis guttaticollis,2.66467666625977
ssp585,2050,species,Paradoxornis heudei,3.10239052772522
ssp585,2050,species,Parayuhina diademata,2.71623468399048
ssp585,2050,species,Pardaliparus venustulus,2.95199084281921
ssp585,2050,species,Parus monticolus,2.81697630882263
ssp585,2050,species,Passer cinnamomeus,2.87606859207153
ssp585,2050,species,Passer domesticus,3.61051821708679
ssp585,2050,species,Passer hispaniolensis,3.70783829689026
ssp585,2050,species,Pelecanus crispus,3.46793937683105
ssp585,2050,species,Pellorneum tickelli,2.3740131855011
ssp585,2050,species,Perdix hodgsoniae,3.08873343467712
ssp585,2050,species,Pericrocotus cantonensis,2.82095146179199
ssp585,2050,species,Pericrocotus divaricatus,3.72081732749939
ssp585,2050,species,Pericrocotus ethologus,2.89328336715698
ssp585,2050,species,Pericrocotus solaris,2.59325504302979
ssp585,2050,species,Periparus rubidiventris,2.97713136672974
ssp585,2050,species,Pernis ptilorhynchus,3.45984268188477
ssp585,2050,species,Phasianus colchicus,3.22270774841309
ssp585,2050,species,Phoenicurus erythronotus,3.6123902797699
ssp585,2050,species,Phoenicurus frontalis,3.00940728187561
ssp585,2050,species,Phoenicurus leucocephalus,2.95888233184814
ssp585,2050,species,Phoenicurus ochruros,3.30771064758301
ssp585,2050,species,Phoenicurus schisticeps,2.9155592918396
ssp585,2050,species,Phylloscopus affinis,2.92462420463562
ssp585,2050,species,Phylloscopus burkii,2.60734391212463
ssp585,2050,species,Phylloscopus cantator,2.30585289001465
ssp585,2050,species,Phylloscopus castaniceps,2.7092432975769
ssp585,2050,species,Phylloscopus claudiae,3.06038331985474
ssp585,2050,species,Phylloscopus coronatus,3.41493988037109
ssp585,2050,species,Phylloscopus emeiensis,2.81259536743164
ssp585,2050,species,Phylloscopus intermedius,2.62496423721314
ssp585,2050,species,Phylloscopus magnirostris,2.73109316825867
ssp585,2050,species,Phylloscopus ogilviegranti,2.62105226516724
ssp585,2050,species,Phylloscopus omeiensis,2.86327934265137
ssp585,2050,species,Phylloscopus pulcher,2.70525455474854
ssp585,2050,species,Phylloscopus ricketti,2.85116863250732
ssp585,2050,species,Phylloscopus soror,2.94186854362488
ssp585,2050,species,Phylloscopus subaffinis,2.90834999084473
ssp585,2050,species,Phylloscopus tenellipes,3.64008116722107
ssp585,2050,species,Phylloscopus tephrocephalus,2.78901433944702
ssp585,2050,species,Phylloscopus yunnanensis,3.09626603126526
ssp585,2050,species,Picumnus innominatus,2.75922703742981
ssp585,2050,species,Picus chlorolophus,2.41989946365356
ssp585,2050,species,Pitta nympha,2.77347874641418
ssp585,2050,species,Platalea minor,3.24755764007568
ssp585,2050,species,Pnoepyga immaculata,2.57672762870789
ssp585,2050,species,Podiceps auritus,3.64571595191956
ssp585,2050,species,Podiceps grisegena,3.75683355331421
ssp585,2050,species,Podiceps nigricollis,3.64084219932556
ssp585,2050,species,Podoces biddulphi,3.54526901245117
ssp585,2050,species,Pomatorhinus schisticeps,2.20955276489258
ssp585,2050,species,Pomatorhinus superciliaris,2.29814648628235
ssp585,2050,species,Prinia atrogularis,2.30664324760437
ssp585,2050,species,Prinia flaviventris,2.29676413536072
ssp585,2050,species,Prinia inornata,2.75365400314331
ssp585,2050,species,Prunella collaris,3.3143515586853
ssp585,2050,species,Prunella himalayana,3.52861189842224
ssp585,2050,species,Prunella immaculata,2.94306182861328
ssp585,2050,species,Prunella montanella,3.82697176933289
ssp585,2050,species,Prunella strophiata,2.90860724449158
ssp585,2050,species,Psarisomus dalhousiae,2.30855083465576
ssp585,2050,species,Pseudopodoces humilis,3.13134837150574
ssp585,2050,species,Psilopogon faber,2.63117933273315
ssp585,2050,species,Psilopogon virens,2.63870763778687
ssp585,2050,species,Pterorhinus berthemyi,2.85674858093262
ssp585,2050,species,Pterorhinus lanceolatus,2.75789570808411
ssp585,2050,species,Pterorhinus pectoralis,2.8489203453064
ssp585,2050,species,Pterorhinus sannio,2.73216772079468
ssp585,2050,species,Pteruthius rufiventer,2.33540916442871
ssp585,2050,species,Pteruthius xanthochlorus,2.66721200942993
ssp585,2050,species,Ptyonoprogne rupestris,3.2431697845459
ssp585,2050,species,Pycnonotus aurigaster,2.63074421882629
ssp585,2050,species,Pycnonotus jocosus,2.50350570678711
ssp585,2050,species,Pycnonotus sinensis,2.88672876358032
ssp585,2050,species,Pycnonotus xanthorrhous,2.71398091316223
ssp585,2050,species,Pyrrhula erythaca,2.8626823425293
ssp585,2050,species,Pyrrhula nipalensis,2.63841032981873
ssp585,2050,species,Rallina eurizonoides,2.31318473815918
ssp585,2050,species,Rallus aquaticus,3.30028581619263
ssp585,2050,species,Recurvirostra avosetta,3.73671436309814
ssp585,2050,species,Regulus regulus,3.07132363319397
ssp585,2050,species,Remiz consobrinus,3.64070010185242
ssp585,2050,species,Remiz coronatus,3.65964651107788
ssp585,2050,species,Rhodospiza obsoleta,3.51862645149231
ssp585,2050,species,Riparia riparia,3.65947914123535
ssp585,2050,species,Rubigula flaviventris,2.43541860580444
ssp585,2050,species,Sasia ochracea,2.41266965866089
ssp585,2050,species,Saxicola ferreus,2.77499628067017
ssp585,2050,species,Sitta cinnamoventris,2.33923768997192
ssp585,2050,species,Sitta formosa,2.32267761230469
ssp585,2050,species,Sitta villosa,3.27217173576355
ssp585,2050,species,Sittiparus varius,3.50240969657898
ssp585,2050,species,Spilopelia chinensis,2.81137251853943
ssp585,2050,species,Spilopelia senegalensis,3.48418760299683
ssp585,2050,species,Spilornis cheela,2.58780384063721
ssp585,2050,species,Spinus spinus,3.77514362335205
ssp585,2050,species,Spizixos semitorques,2.83459424972534
ssp585,2050,species,Spodiopsar cineraceus,3.46846532821655
ssp585,2050,species,Spodiopsar sericeus,2.79935932159424
ssp585,2050,species,Stachyris humei,2.30241417884827
ssp585,2050,species,Staphida torqueola,2.75499296188355
ssp585,2050,species,Streptopelia decaocto,3.33655142784119
ssp585,2050,species,Sturnia sinensis,2.70369029045105
ssp585,2050,species,Sturnus vulgaris,3.63595724105835
ssp585,2050,species,Suthora fulvifrons,2.64778470993042
ssp585,2050,species,Syrmaticus humiae,2.36349201202393
ssp585,2050,species,Syrmaticus reevesii,2.9437735080719
ssp585,2050,species,Syrrhaptes paradoxus,3.67541909217834
ssp585,2050,species,Tarsiger chrysaeus,2.61636185646057
ssp585,2050,species,Tarsiger indicus,2.57793116569519
ssp585,2050,species,Temnurus temnurus,2.37503480911255
ssp585,2050,species,Tephrodornis virgatus,2.62546062469482
ssp585,2050,species,Thalasseus bergii,2.46198296546936
ssp585,2050,species,Timalia pileata,2.53494715690613
ssp585,2050,species,Tragopan caboti,2.70103716850281
ssp585,2050,species,Tragopan temminckii,2.77776885032654
ssp585,2050,species,Treron curvirostra,2.33786535263062
ssp585,2050,species,Treron sieboldii,2.77437829971314
ssp585,2050,species,Treron sphenurus,2.47053050994873
ssp585,2050,species,Turdus boulboul,2.42907476425171
ssp585,2050,species,Turdus cardis,2.91378092765808
ssp585,2050,species,Turdus feae,3.11915254592896
ssp585,2050,species,Turdus mandarinus,2.83716416358948
ssp585,2050,species,Turdus pilaris,3.80572819709778
ssp585,2050,species,Turdus rubrocanus,3.00140762329102
ssp585,2050,species,Turdus ruficollis,3.61712002754211
ssp585,2050,species,Turdus viscivorus,3.67714715003967
ssp585,2050,species,Turnix suscitator,2.52007460594177
ssp585,2050,species,Tyto longimembris,2.7135066986084
ssp585,2050,species,Urile pelagicus,3.15047645568848
ssp585,2050,species,Urosphena squameiceps,3.63247609138489
ssp585,2050,species,Vanellus cinereus,3.66922307014465
ssp585,2050,species,Vanellus indicus,2.29316735267639
ssp585,2050,species,Vanellus vanellus,3.64773893356323
ssp585,2050,species,Yuhina nigrimenta,2.7054979801178
ssp585,2050,species,Zoothera dixoni,2.56427836418152
ssp585,2050,species,Zoothera mollissima,2.84931254386902
ssp585,2050,species,Zoothera monticola,2.2493691444397
ssp585,2050,species,Zosterops erythropleurus,3.63345265388489
ssp585,2080,province,Beijing,4.68045282363892
ssp585,2080,province,Tianjin,4.59671497344971
ssp585,2080,province,Hebei,4.60491514205933
ssp585,2080,province,Shanxi,4.46642065048218
ssp585,2080,province,Inner Mongolia,5.26786422729492
ssp585,2080,province,Liaoning,4.97138404846191
ssp585,2080,province,Jilin,5.32011890411377
ssp585,2080,province,Heilongjiang,5.46630239486694
ssp585,2080,province,Shanghai,3.98393297195435
ssp585,2080,province,Jiangsu,4.13265037536621
ssp585,2080,province,Zhejiang,4.12578725814819
ssp585,2080,province,Anhui,4.24747323989868
ssp585,2080,province,Fujian,3.90692210197449
ssp585,2080,province,Jiangxi,4.17014741897583
ssp585,2080,province,Shandong,4.30415630340576
ssp585,2080,province,Henan,4.26555442810059
ssp585,2080,province,Hubei,4.31749296188355
ssp585,2080,province,Hunan,4.2410364151001
ssp585,2080,province,Guangdong,3.7368495464325
ssp585,2080,province,Guangxi,4.01486349105835
ssp585,2080,province,Hainan,3.4356153011322
ssp585,2080,province,Chongqing,4.46909999847412
ssp585,2080,province,Sichuan,4.32755899429321
ssp585,2080,province,Guizhou,4.18088245391846
ssp585,2080,province,Yunnan,3.78313565254211
ssp585,2080,province,Tibet,4.61620712280273
ssp585,2080,province,Shaanxi,4.53249216079712
ssp585,2080,province,Gansu,4.89514780044556
ssp585,2080,province,Qinghai,4.57026481628418
ssp585,2080,province,Ningxia,4.83869552612305
ssp585,2080,province,Xinjiang,5.24737501144409
ssp585,2080,province,Taiwan,3.21069240570068
ssp585,2080,province,Hong Kong,3.4577796459198
ssp585,2080,province,Macau,
ssp585,2080,species,Abroscopus albogularis,4.07154703140259
ssp585,2080,species,Accipiter gularis,5.308424949646
ssp585,2080,species,Accipiter soloensis,4.37875175476074
ssp585,2080,species,Accipiter trivirgatus,3.60586023330689
ssp585,2080,species,Accipiter virgatus,4.01681709289551
ssp585,2080,species,Acridotheres cristatellus,4.10757255554199
ssp585,2080,species,Acridotheres tristis,4.02892017364502
ssp585,2080,species,Acrocephalus agricola,5.32175064086914
ssp585,2080,species,Acrocephalus bistrigiceps,4.92598915100098
ssp585,2080,species,Acrocephalus concinens,4.34704542160034
ssp585,2080,species,Acrocephalus orientalis,4.90892267227173
ssp585,2080,species,Acrocephalus tangorum,5.39506340026856
ssp585,2080,species,Aegithalos bonvaloti,3.90973424911499
ssp585,2080,species,Aegithalos caudatus,5.38608121871948
ssp585,2080,species,Aegithalos concinnus,4.12869024276733
ssp585,2080,species,Aegithalos fuliginosus,4.29279947280884
ssp585,2080,species,Aerodramus brevirostris,4.08252000808716
ssp585,2080,species,Aethopyga christinae,3.43555665016174
ssp585,2080,species,Aethopyga gouldiae,4.2229061126709
ssp585,2080,species,Agropsar sturninus,5.06917476654053
ssp585,2080,species,Aix galericulata,5.31972455978394
ssp585,2080,species,Alauda gulgula,4.33306217193604
ssp585,2080,species,Alaudala cheleensis,5.00518798828125
ssp585,2080,species,Alcedo hercules,3.68322587013245
ssp585,2080,species,Alcippe morrisonia,4.09340238571167
ssp585,2080,species,Amaurornis phoenicurus,4.10447025299072
ssp585,2080,species,Anastomus oscitans,3.91778087615967
ssp585,2080,species,Anser anser,5.44618988037109
ssp585,2080,species,Anser fabalis,5.47047567367554
ssp585,2080,species,Anser indicus,4.87847900390625
ssp585,2080,species,Anthus godlewskii,5.40938091278076
ssp585,2080,species,Anthus gustavi,5.45790672302246
ssp585,2080,species,Anthus richardi,4.84020757675171
ssp585,2080,species,Anthus roseatus,4.57042503356934
ssp585,2080,species,Anthus trivialis,5.33686256408691
ssp585,2080,species,Aquila fasciata,3.95218682289124
ssp585,2080,species,Aquila heliaca,5.4683575630188
ssp585,2080,species,Ardea intermedia,4.10294437408447
ssp585,2080,species,Ardea purpurea,4.41891431808472
ssp585,2080,species,Ardenna pacifica,3.62002658843994
ssp585,2080,species,Artamus fuscus,3.77724075317383
ssp585,2080,species,Asio flammeus,5.44093894958496
ssp585,2080,species,Athene noctua,4.93577337265015
ssp585,2080,species,Aviceda jerdoni,3.50836420059204
ssp585,2080,species,Aviceda leuphotes,4.05068731307983
ssp585,2080,species,Aythya fuligula,5.46568584442139
ssp585,2080,species,Aythya nyroca,5.39896154403687
ssp585,2080,species,Bombycilla japonica,5.53113126754761
ssp585,2080,species,Branta canadensis,4.78696489334106
ssp585,2080,species,Bubo nipalensis,3.91881537437439
ssp585,2080,species,Bucanetes mongolicus,5.32324171066284
ssp585,2080,species,Butastur indicus,5.2975959777832
ssp585,2080,species,Cacomantis merulinus,3.78676557540894
ssp585,2080,species,Calandrella brachydactyla,5.52090120315552
ssp585,2080,species,Calliope obscura,4.41265678405762
ssp585,2080,species,Caprimulgus macrurus,3.5176272392273
ssp585,2080,species,Carpodacus roborowskii,4.45531415939331
ssp585,2080,species,Carpodacus vinaceus,4.22529029846191
ssp585,2080,species,Cecropis daurica,4.57512474060059
ssp585,2080,species,Centropus bengalensis,3.94473385810852
ssp585,2080,species,Cephalopyrus flammiceps,3.93587017059326
ssp585,2080,species,Certhia familiaris,5.20173311233521
ssp585,2080,species,Certhia himalayana,4.05257654190064
ssp585,2080,species,Certhia tianquanensis,4.1739993095398
ssp585,2080,species,Ceryle rudis,3.97933530807495
ssp585,2080,species,Cettia brunnifrons,4.16397047042847
ssp585,2080,species,Cettia castaneocoronata,4.02487659454346
ssp585,2080,species,Chalcophaps indica,3.70193982124329
ssp585,2080,species,Charadrius atrifrons,4.75489330291748
ssp585,2080,species,Charadrius dealbatus,3.58110189437866
ssp585,2080,species,Charadrius placidus,4.96258163452148
ssp585,2080,species,Charadrius veredus,5.37362432479858
ssp585,2080,species,Chlidonias leucopterus,5.26919364929199
ssp585,2080,species,Chlidonias niger,5.52898931503296
ssp585,2080,species,Chloris ambigua,3.86737585067749
ssp585,2080,species,Chloris sinica,4.58934783935547
ssp585,2080,species,Chrysolophus pictus,4.29134893417358
ssp585,2080,species,Ciconia boyciana,5.4030556678772
ssp585,2080,species,Ciconia nigra,5.12767648696899
ssp585,2080,species,Circaetus gallicus,5.44321298599243
ssp585,2080,species,Circus macrourus,5.43553638458252
ssp585,2080,species,Circus spilonotus,5.40421342849731
ssp585,2080,species,Cisticola exilis,3.86851048469543
ssp585,2080,species,Cisticola juncidis,4.1811957359314
ssp585,2080,species,Clamator coromandus,4.13548040390015
ssp585,2080,species,Clanga clanga,5.37161922454834
ssp585,2080,species,Columba oenas,5.07929658889771
ssp585,2080,species,Copsychus saularis,4.09018802642822
ssp585,2080,species,Coracias garrulus,5.24361944198608
ssp585,2080,species,Coturnicops exquisitus,5.45738506317139
ssp585,2080,species,Crex crex,5.22901058197022
ssp585,2080,species,Crossoptilon mantchuricum,4.46400499343872
ssp585,2080,species,Curruca curruca,5.18099451065064
ssp585,2080,species,Cyanistes cyanus,5.34363031387329
ssp585,2080,species,Cyanoderma pyrrhops,3.68567633628845
ssp585,2080,species,Cygnus cygnus,5.34268474578857
ssp585,2080,species,Cygnus olor,4.93255615234375
ssp585,2080,species,Cyornis glaucicomans,4.26791572570801
ssp585,2080,species,Cyornis hainanus,3.80750823020935
ssp585,2080,species,Cyornis rubeculoides,3.46981143951416
ssp585,2080,species,Delichon dasypus,4.38653755187988
ssp585,2080,species,Dendrocitta formosae,4.04370498657227
ssp585,2080,species,Dendrocopos hyperythrus,4.21807384490967
ssp585,2080,species,Dendrocygna javanica,3.98443388938904
ssp585,2080,species,Dicaeum cruentatum,3.8954164981842
ssp585,2080,species,Dicaeum ignipectus,4.06088256835938
ssp585,2080,species,Dicaeum minullum,4.03499794006348
ssp585,2080,species,Dicrurus annectens,3.70171093940735
ssp585,2080,species,Dicrurus hottentottus,4.15065145492554
ssp585,2080,species,Dicrurus remifer,3.74433183670044
ssp585,2080,species,Egretta eulophotes,4.6359281539917
ssp585,2080,species,Egretta garzetta,4.20443391799927
ssp585,2080,species,Elachura formosa,3.82048678398132
ssp585,2080,species,Elanus caeruleus,3.97061514854431
ssp585,2080,species,Emberiza buchanani,5.3381233215332
ssp585,2080,species,Emberiza citrinella,5.52784585952759
ssp585,2080,species,Emberiza elegans,4.74356317520142
ssp585,2080,species,Emberiza godlewskii,4.77954244613648
ssp585,2080,species,Emberiza hortulana,5.65446186065674
ssp585,2080,species,Emberiza leucocephalos,5.18395185470581
ssp585,2080,species,Emberiza pallasi,5.49184703826904
ssp585,2080,species,Emberiza pusilla,5.4329137802124
ssp585,2080,species,Emberiza rustica,5.27505302429199
ssp585,2080,species,Emberiza siemsseni,4.32588958740234
ssp585,2080,species,Emberiza yessoensis,5.43669271469116
ssp585,2080,species,Enicurus leschenaulti,4.11679601669312
ssp585,2080,species,Enicurus maculatus,3.86929273605347
ssp585,2080,species,Enicurus schistaceus,3.97853970527649
ssp585,2080,species,Erpornis zantholeuca,3.86948084831238
ssp585,2080,species,Erythrogenys hypoleucos,3.85351753234863
ssp585,2080,species,Eudynamys scolopaceus,4.11096143722534
ssp585,2080,species,Eumyias thalassinus,4.10996580123901
ssp585,2080,species,Falco cherrug,5.01735734939575
ssp585,2080,species,Falco severus,3.7997317314148
ssp585,2080,species,Ficedula albicilla,5.56769609451294
ssp585,2080,species,Ficedula elisae,4.61924743652344
ssp585,2080,species,Ficedula erithacus,4.20265340805054
ssp585,2080,species,Ficedula hyperythra,3.93479061126709
ssp585,2080,species,Ficedula mugimaki,5.34547853469849
ssp585,2080,species,Ficedula strophiata,4.15036678314209
ssp585,2080,species,Ficedula superciliaris,4.18260097503662
ssp585,2080,species,Ficedula tricolor,4.14740037918091
ssp585,2080,species,Fringilla coelebs,5.29906129837036
ssp585,2080,species,Fringilla montifringilla,5.42124366760254
ssp585,2080,species,Galerida cristata,4.94973421096802
ssp585,2080,species,Gallicrex cinerea,4.30014276504517
ssp585,2080,species,Garrulax canorus,4.16406393051147
ssp585,2080,species,Garrulax maesi,4.13773250579834
ssp585,2080,species,Garrulax monileger,3.88344383239746
ssp585,2080,species,Gavia arctica,5.48686218261719
ssp585,2080,species,Gelochelidon nilotica,4.82086515426636
ssp585,2080,species,Geokichla citrina,3.95753169059753
ssp585,2080,species,Glaucidium cuculoides,4.09462547302246
ssp585,2080,species,Gorsachius melanolophus,3.64450931549072
ssp585,2080,species,Gracupica nigricollis,3.89478731155396
ssp585,2080,species,Grandala coelicolor,4.49184656143189
ssp585,2080,species,Grus japonensis,5.45164299011231
ssp585,2080,species,Grus monacha,5.52087163925171
ssp585,2080,species,Grus nigricollis,4.69177770614624
ssp585,2080,species,Gypaetus barbatus,4.78060150146484
ssp585,2080,species,Gyps himalayensis,4.66982412338257
ssp585,2080,species,Halcyon coromanda,4.63456773757935
ssp585,2080,species,Halcyon pileata,4.21681070327759
ssp585,2080,species,Halcyon smyrnensis,3.7854688167572
ssp585,2080,species,Haliaeetus leucoryphus,3.41620135307312
ssp585,2080,species,Harpactes wardi,3.71867156028748
ssp585,2080,species,Helopsaltes certhiola,5.29573726654053
ssp585,2080,species,Helopsaltes pryeri,5.06761503219605
ssp585,2080,species,Hemiprocne coronata,3.58459734916687
ssp585,2080,species,Hemitesia pallidipes,3.67321968078613
ssp585,2080,species,Hemixos castanonotus,3.93115043640137
ssp585,2080,species,Heterophasia desgodinsi,3.98368453979492
ssp585,2080,species,Heteroxenicus stellatus,3.80715942382813
ssp585,2080,species,Hieraaetus pennatus,5.36435842514038
ssp585,2080,species,Hierococcyx nisicolor,3.90235424041748
ssp585,2080,species,Hirundapus caudacutus,4.91731023788452
ssp585,2080,species,Hirundo rustica,4.76828145980835
ssp585,2080,species,Histrionicus histrionicus,5.48001861572266
ssp585,2080,species,Hydrocoloeus minutus,5.59836483001709
ssp585,2080,species,Hydrophasianus chirurgus,4.02479648590088
ssp585,2080,species,Hydroprogne caspia,4.46189165115356
ssp585,2080,species,Hypothymis azurea,3.85288596153259
ssp585,2080,species,Hypsipetes leucocephalus,4.08143615722656
ssp585,2080,species,Ianthocincla lunulata,4.2580189704895
ssp585,2080,species,Ibidorhyncha struthersii,4.63954639434815
ssp585,2080,species,Ictinaetus malaiensis,3.73861932754517
ssp585,2080,species,Iduna caligata,5.60947608947754
ssp585,2080,species,Indicator xanthonotus,3.65177273750305
ssp585,2080,species,Ixobrychus cinnamomeus,4.18892002105713
ssp585,2080,species,Ixobrychus eurhythmus,4.71611785888672
ssp585,2080,species,Ixobrychus minutus,5.33448696136475
ssp585,2080,species,Ixos mcclellandii,3.98425149917603
ssp585,2080,species,Ketupa flavipes,4.14909410476685
ssp585,2080,species,Lalage melaschistos,4.16315507888794
ssp585,2080,species,Lanius borealis,5.50991630554199
ssp585,2080,species,Lanius collurioides,3.85877585411072
ssp585,2080,species,Lanius isabellinus,5.1252965927124
ssp585,2080,species,Lanius schach,4.14131212234497
ssp585,2080,species,Lanius sphenocercus,5.18207263946533
ssp585,2080,species,Lanius tephronotus,4.32095003128052
ssp585,2080,species,Larus crassirostris,4.05165195465088
ssp585,2080,species,Larvivora brunnea,4.15406084060669
ssp585,2080,species,Larvivora cyane,5.3783278465271
ssp585,2080,species,Leptopoecile elegans,4.55185508728027
ssp585,2080,species,Leptoptilos javanicus,3.78535556793213
ssp585,2080,species,Limnodromus semipalmatus,5.42339038848877
ssp585,2080,species,Limosa limosa,5.46246433258057
ssp585,2080,species,Linaria cannabina,5.50316572189331
ssp585,2080,species,Locustella davidi,5.41828632354736
ssp585,2080,species,Locustella mandelli,3.98030495643616
ssp585,2080,species,Lonchura striata,4.04561471939087
ssp585,2080,species,Lophotriorchis kienerii,3.4221818447113
ssp585,2080,species,Lophura leucomelanos,3.76302766799927
ssp585,2080,species,Lophura nycthemera,3.8195972442627
ssp585,2080,species,Loxia curvirostra,4.97920417785645
ssp585,2080,species,Macropygia unchall,3.94879508018494
ssp585,2080,species,Mareca falcata,5.46923351287842
ssp585,2080,species,Megaceryle lugubris,4.17905187606812
ssp585,2080,species,Melanitta fusca,5.47075891494751
ssp585,2080,species,Melanitta stejnegeri,5.60491991043091
ssp585,2080,species,Melanochlora sultanea,3.69683480262756
ssp585,2080,species,Mergus serrator,5.44785165786743
ssp585,2080,species,Merops philippinus,3.75490188598633
ssp585,2080,species,Mixornis gularis,3.69173145294189
ssp585,2080,species,Monticola gularis,5.33091115951538
ssp585,2080,species,Monticola rufiventris,4.08996725082397
ssp585,2080,species,Monticola solitarius,4.44020128250122
ssp585,2080,species,Motacilla citreola,4.90637922286987
ssp585,2080,species,Moupinia poecilotis,4.17347383499146
ssp585,2080,species,Muscicapa dauurica,5.38888788223267
ssp585,2080,species,Muscicapa ferruginea,4.13023328781128
ssp585,2080,species,Muscicapa muttui,4.09294700622559
ssp585,2080,species,Mycerobas affinis,4.20479440689087
ssp585,2080,species,Mycerobas carnipes,4.57508277893066
ssp585,2080,species,Myiomela leucura,4.06236505508423
ssp585,2080,species,Myophonus caeruleus,4.24050426483154
ssp585,2080,species,Netta rufina,5.4702935218811
ssp585,2080,species,Niltava davidi,4.02776622772217
ssp585,2080,species,Niltava grandis,3.65245461463928
ssp585,2080,species,Niltava macgrigoriae,3.81526756286621
ssp585,2080,species,Niltava sundara,4.16344690322876
ssp585,2080,species,Ninox japonica,4.61050891876221
ssp585,2080,species,Nipponia nippon,4.41820335388184
ssp585,2080,species,Nisaetus nipalensis,3.8696129322052
ssp585,2080,species,Numenius madagascariensis,5.46386051177979
ssp585,2080,species,Nycticorax nycticorax,4.27946424484253
ssp585,2080,species,Oenanthe deserti,5.03550815582275
ssp585,2080,species,Oenanthe oenanthe,5.18530464172363
ssp585,2080,species,Onychoprion anaethetus,3.20270991325378
ssp585,2080,species,Oriolus oriolus,5.45609855651856
ssp585,2080,species,Otus lettia,4.04453372955322
ssp585,2080,species,Otus semitorques,4.8799901008606
ssp585,2080,species,Otus spilocephalus,3.88261818885803
ssp585,2080,species,Oxyura leucocephala,5.19826936721802
ssp585,2080,species,Panurus biarmicus,5.19489192962647
ssp585,2080,species,Paradoxornis guttaticollis,4.01147651672363
ssp585,2080,species,Paradoxornis heudei,4.51630020141602
ssp585,2080,species,Parayuhina diademata,4.09981393814087
ssp585,2080,species,Pardaliparus venustulus,4.34700489044189
ssp585,2080,species,Parus monticolus,4.20745277404785
ssp585,2080,species,Passer cinnamomeus,4.24997997283936
ssp585,2080,species,Passer domesticus,5.27427577972412
ssp585,2080,species,Passer hispaniolensis,5.41323471069336
ssp585,2080,species,Pelecanus crispus,5.09799671173096
ssp585,2080,species,Pellorneum tickelli,3.70170712471008
ssp585,2080,species,Perdix hodgsoniae,4.56705617904663
ssp585,2080,species,Pericrocotus cantonensis,4.16537857055664
ssp585,2080,species,Pericrocotus divaricatus,5.39854001998901
ssp585,2080,species,Pericrocotus ethologus,4.300537109375
ssp585,2080,species,Pericrocotus solaris,3.90266990661621
ssp585,2080,species,Periparus rubidiventris,4.40549802780151
ssp585,2080,species,Pernis ptilorhynchus,5.06092214584351
ssp585,2080,species,Phasianus colchicus,4.72914505004883
ssp585,2080,species,Phoenicurus erythronotus,5.30745506286621
ssp585,2080,species,Phoenicurus frontalis,4.45536136627197
ssp585,2080,species,Phoenicurus leucocephalus,4.38329696655273
ssp585,2080,species,Phoenicurus ochruros,4.87366628646851
ssp585,2080,species,Phoenicurus schisticeps,4.32235145568848
ssp585,2080,species,Phylloscopus affinis,4.34353876113892
ssp585,2080,species,Phylloscopus burkii,3.91801452636719
ssp585,2080,species,Phylloscopus cantator,3.60177874565125
ssp585,2080,species,Phylloscopus castaniceps,4.0667724609375
ssp585,2080,species,Phylloscopus claudiae,4.49491262435913
ssp585,2080,species,Phylloscopus coronatus,4.992356300354
ssp585,2080,species,Phylloscopus emeiensis,4.18170118331909
ssp585,2080,species,Phylloscopus intermedius,3.92758893966675
ssp585,2080,species,Phylloscopus magnirostris,4.09231662750244
ssp585,2080,species,Phylloscopus ogilviegranti,3.94919776916504
ssp585,2080,species,Phylloscopus omeiensis,4.2493577003479
ssp585,2080,species,Phylloscopus pulcher,4.0841212272644
ssp585,2080,species,Phylloscopus ricketti,4.20947408676147
ssp585,2080,species,Phylloscopus soror,4.33332967758179
ssp585,2080,species,Phylloscopus subaffinis,4.29386806488037
ssp585,2080,species,Phylloscopus tenellipes,5.29323482513428
ssp585,2080,species,Phylloscopus tephrocephalus,4.17179822921753
ssp585,2080,species,Phylloscopus yunnanensis,4.53421831130981
ssp585,2080,species,Picumnus innominatus,4.10234975814819
ssp585,2080,species,Picus chlorolophus,3.70245504379272
ssp585,2080,species,Pitta nympha,4.05282783508301
ssp585,2080,species,Platalea minor,4.69175243377686
ssp585,2080,species,Pnoepyga immaculata,3.82476806640625
ssp585,2080,species,Podiceps auritus,5.33666801452637
ssp585,2080,species,Podiceps grisegena,5.45891666412354
ssp585,2080,species,Podiceps nigricollis,5.30126953125
ssp585,2080,species,Podoces biddulphi,5.25142240524292
ssp585,2080,species,Pomatorhinus schisticeps,3.42998003959656
ssp585,2080,species,Pomatorhinus superciliaris,3.57805061340332
ssp585,2080,species,Prinia atrogularis,3.5487174987793
ssp585,2080,species,Prinia flaviventris,3.62960863113403
ssp585,2080,species,Prinia inornata,4.08068418502808
ssp585,2080,species,Prunella collaris,4.86703157424927
ssp585,2080,species,Prunella himalayana,5.19565486907959
ssp585,2080,species,Prunella immaculata,4.35785865783691
ssp585,2080,species,Prunella montanella,5.57127475738525
ssp585,2080,species,Prunella strophiata,4.32755565643311
ssp585,2080,species,Psarisomus dalhousiae,3.61820077896118
ssp585,2080,species,Pseudopodoces humilis,4.63659763336182
ssp585,2080,species,Psilopogon faber,3.93476295471191
ssp585,2080,species,Psilopogon virens,3.95362019538879
ssp585,2080,species,Pterorhinus berthemyi,4.20312786102295
ssp585,2080,species,Pterorhinus lanceolatus,4.12256622314453
ssp585,2080,species,Pterorhinus pectoralis,4.20068693161011
ssp585,2080,species,Pterorhinus sannio,4.07983016967773
ssp585,2080,species,Pteruthius rufiventer,3.62332963943481
ssp585,2080,species,Pteruthius xanthochlorus,4.0139627456665
ssp585,2080,species,Ptyonoprogne rupestris,4.7777099609375
ssp585,2080,species,Pycnonotus aurigaster,3.95163440704346
ssp585,2080,species,Pycnonotus jocosus,3.81555032730103
ssp585,2080,species,Pycnonotus sinensis,4.24844026565552
ssp585,2080,species,Pycnonotus xanthorrhous,4.06805849075317
ssp585,2080,species,Pyrrhula erythaca,4.2686595916748
ssp585,2080,species,Pyrrhula nipalensis,3.96332979202271
ssp585,2080,species,Rallina eurizonoides,3.56666040420532
ssp585,2080,species,Rallus aquaticus,4.88533449172974
ssp585,2080,species,Recurvirostra avosetta,5.43513584136963
ssp585,2080,species,Regulus regulus,4.54293251037598
ssp585,2080,species,Remiz consobrinus,5.29357957839966
ssp585,2080,species,Remiz coronatus,5.33796310424805
ssp585,2080,species,Rhodospiza obsoleta,5.16137552261353
ssp585,2080,species,Riparia riparia,5.33154821395874
ssp585,2080,species,Rubigula flaviventris,3.77761626243591
ssp585,2080,species,Sasia ochracea,3.72884583473206
ssp585,2080,species,Saxicola ferreus,4.12315273284912
ssp585,2080,species,Sitta cinnamoventris,3.67848753929138
ssp585,2080,species,Sitta formosa,3.64416933059692
ssp585,2080,species,Sitta villosa,4.77712965011597
ssp585,2080,species,Sittiparus varius,5.0756049156189
ssp585,2080,species,Spilopelia chinensis,4.16114664077759
ssp585,2080,species,Spilopelia senegalensis,5.14063024520874
ssp585,2080,species,Spilornis cheela,3.88679909706116
ssp585,2080,species,Spinus spinus,5.47703170776367
ssp585,2080,species,Spizixos semitorques,4.17795896530151
ssp585,2080,species,Spodiopsar cineraceus,5.04421043395996
ssp585,2080,species,Spodiopsar sericeus,4.1273512840271
ssp585,2080,species,Stachyris humei,3.54658269882202
ssp585,2080,species,Staphida torqueola,4.09442615509033
ssp585,2080,species,Streptopelia decaocto,4.89227294921875
ssp585,2080,species,Sturnia sinensis,4.00036144256592
ssp585,2080,species,Sturnus vulgaris,5.33591794967651
ssp585,2080,species,Suthora fulvifrons,3.97774505615234
ssp585,2080,species,Syrmaticus humiae,3.72471570968628
ssp585,2080,species,Syrmaticus reevesii,4.35384607315064
ssp585,2080,species,Syrrhaptes paradoxus,5.3417911529541
ssp585,2080,species,Tarsiger chrysaeus,3.94090890884399
ssp585,2080,species,Tarsiger indicus,3.92094016075134
ssp585,2080,species,Temnurus temnurus,3.57166600227356
ssp585,2080,species,Tephrodornis virgatus,3.91049003601074
ssp585,2080,species,Thalasseus bergii,3.58593773841858
ssp585,2080,species,Timalia pileata,3.85327458381653
ssp585,2080,species,Tragopan caboti,3.97906923294067
ssp585,2080,species,Tragopan temminckii,4.16168260574341
ssp585,2080,species,Treron curvirostra,3.6453230381012
ssp585,2080,species,Treron sieboldii,4.08330678939819
ssp585,2080,species,Treron sphenurus,3.81786179542542
ssp585,2080,species,Turdus boulboul,3.77394866943359
ssp585,2080,species,Turdus cardis,4.28985166549683
ssp585,2080,species,Turdus feae,4.56123495101929
ssp585,2080,species,Turdus mandarinus,4.18703413009644
ssp585,2080,species,Turdus pilaris,5.51010322570801
ssp585,2080,species,Turdus rubrocanus,4.4355092048645
ssp585,2080,species,Turdus ruficollis,5.30552673339844
ssp585,2080,species,Turdus viscivorus,5.39270925521851
ssp585,2080,species,Turnix suscitator,3.82609677314758
ssp585,2080,species,Tyto longimembris,4.02306985855103
ssp585,2080,species,Urile pelagicus,4.54603481292725
ssp585,2080,species,Urosphena squameiceps,5.27417612075806
ssp585,2080,species,Vanellus cinereus,5.34361076354981
ssp585,2080,species,Vanellus indicus,3.6295177936554
ssp585,2080,species,Vanellus vanellus,5.29739809036255
ssp585,2080,species,Yuhina nigrimenta,4.04860019683838
ssp585,2080,species,Zoothera dixoni,3.91564345359802
ssp585,2080,species,Zoothera mollissima,4.23792886734009
ssp585,2080,species,Zoothera monticola,3.4825611114502
ssp585,2080,species,Zosterops erythropleurus,5.28531837463379
