province,year,mainland,climate_z,temp_anom,warming_rate,climate_exposure,climate_velocity,thermal_novelty,temp_sd_roll,spatial_temp_grad,prec_anom,prec_grad_prov,precip_velocity,spatial_prec_grad,mahalanobis_dist,in_scope,temp_anom_z,warming_rate_z,climate_exposure_z,climate_velocity_z,thermal_novelty_z,temp_sd_roll_z,spatial_temp_grad_z,prec_anom_z,prec_grad_prov_z,precip_velocity_z,spatial_prec_grad_z,mahalanobis_dist_z
Anhui,2002,TRUE,0.321428772854309,0.944657602617818,0.630308457783265,0.138448095650142,6.7287250246573,2.3214436077626,0.455266975557433,0.00936742778867483,68.3418423160092,68.3418423160092,0.00837904939982559,379.330078125,8.44217804824337,TRUE,0.321428772854309,0.912198007019788,0.905945121078768,3.07296091463833,0.40227060644688,0.525711533437284,-0.716977607827621,0.370554189866641,0.370554189866641,-0.171459438677629,0.481249355345498,-0.167022508988726
Anhui,2003,TRUE,-0.80192694616071,0.413386621782857,0.599640403475063,0.132607843956658,6.40133467802149,1.01587467037053,0.45219074949371,0.00936742778867483,68.3418423160092,68.3418423160092,0.00837904939982559,379.330078125,8.44217804824337,TRUE,-0.80192694616071,0.828699509641733,0.797707445154354,2.87252399389835,-0.876506894866858,0.493379463455853,-0.716977607827621,0.370554189866641,0.370554189866641,-0.171459438677629,0.481249355345498,-0.167022508988726
Anhui,2004,TRUE,0.392978731068583,0.978495874712545,0.6703881536211,0.141833919770115,7.15658736576113,2.40459928261701,0.47265714344472,0.00936742778867483,68.3418423160092,68.3418423160092,0.00837904939982559,379.330078125,8.44217804824337,TRUE,0.392978731068583,1.02132114682503,0.968694768365987,3.334909414442,0.483719852874873,0.70848747820648,-0.716977607827621,0.370554189866641,0.370554189866641,-0.171459438677629,0.481249355345498,-0.167022508988726
Anhui,2005,TRUE,-0.539602641888729,0.537448206255514,0.748645850590288,0.158208941171368,7.99201090714996,1.32074912588207,0.473200721177556,0.00936742778867483,68.3418423160092,68.3418423160092,0.00837904939982559,379.330078125,8.44217804824337,TRUE,-0.539602641888729,1.23438976994426,1.27217385671789,3.84637752543044,-0.577888734410154,0.71420064522813,-0.716977607827621,0.370554189866641,0.370554189866641,-0.171459438677629,0.481249355345498,-0.167022508988726
Anhui,2006,TRUE,0.827997314734908,1.18423012764223,0.765801021030995,0.159492145561865,8.1751473115901,2.91017978611153,0.480149676545639,0.00936742778867483,68.3418423160092,68.3418423160092,0.00837904939982559,379.330078125,8.44217804824337,TRUE,0.827997314734908,1.28109736148783,1.29595554768822,3.9584984152446,0.978925394654326,0.787236276096814,-0.716977607827621,0.370554189866641,0.370554189866641,-0.171459438677629,0.481249355345498,-0.167022508988726
Anhui,2007,TRUE,1.19282910381226,1.35677079231508,0.803499732698721,0.162063297691467,8.5775919582764,3.33418888948816,0.495793769560588,0.00936742778867483,68.3418423160092,68.3418423160092,0.00837904939982559,379.330078125,8.44217804824337,TRUE,1.19282910381226,1.38373790547897,1.34360683834522,4.20488553868604,1.39423345401528,0.951660443787272,-0.716977607827621,0.370554189866641,0.370554189866641,-0.171459438677629,0.481249355345498,-0.167022508988726
Anhui,2008,TRUE,-0.361774317242884,0.621548929522115,0.516752277101788,0.128081537041957,5.51647996397195,1.52742198374553,0.403455711913037,0.00936742778867483,68.3418423160092,68.3418423160092,0.00837904939982559,379.330078125,8.44217804824337,TRUE,-0.361774317242884,0.603023829890513,0.713821173349588,2.33079282800163,-0.375456987453971,-0.0188405792086936,-0.716977607827621,0.370554189866641,0.370554189866641,-0.171459438677629,0.481249355345498,-0.167022508988726
Anhui,2009,TRUE,0.00867548050323115,0.796746530840474,0.546503305435166,0.134894882928657,5.83408079319154,1.95796036140615,0.405132717839416,0.00936742778867483,68.3418423160092,68.3418423160092,0.00837904939982559,379.330078125,8.44217804824337,TRUE,0.00867548050323115,0.684025582930471,0.840093252491034,2.52523635050431,0.0462463596739802,-0.00121473772377347,-0.716977607827621,0.370554189866641,0.370554189866641,-0.171459438677629,0.481249355345498,-0.167022508988726
Anhui,2010,TRUE,-0.621658639286149,0.49864129097231,0.371519940240071,0.0959903937367357,3.96608277769952,1.22538328626831,0.387038666868068,0.00936742778867483,276.182155064174,276.182155064174,0.00837904939982559,379.330078125,1.62990758610307,TRUE,-0.621658639286149,0.2076064428992,0.11907441389231,1.3815991784831,-0.671297582154016,-0.191388707430403,-0.716977607827621,2.25429025422573,2.25429025422573,-0.171459438677629,0.481249355345498,-1.0213774604324
Anhui,2011,TRUE,-1.18520984052132,0.232119837114889,0.00193010057725129,0.000594423593441106,0.0206043817021442,0.57042161161038,0.324701206100851,0.00936742778867483,-170.049987792969,-170.049987792969,0.00837904939982559,379.330078125,4.21343666087207,TRUE,-1.18520984052132,-0.798658771969303,-1.64890385875392,-1.03392574051996,-1.31281886056952,-0.846574347965256,-0.716977607827621,-1.79008193450722,-1.79008193450722,-0.171459438677629,0.481249355345498,-0.697366417492378
Anhui,2012,TRUE,-1.28875179713111,0.183151521990377,-0.215518440519062,0.0625305302737591,2.30072166427184,0.450084696082805,0.344661143245581,0.00936742778867483,-112.724975585938,-112.724975585938,0.00837904939982559,379.330078125,2.23885943060513,TRUE,-1.28875179713111,-1.39069588838124,-0.501038904515094,0.362021610220596,-1.43068635553424,-0.636789348026941,-0.716977607827621,-1.27052347418556,-1.27052347418556,-0.171459438677629,0.481249355345498,-0.945006296599067
Anhui,2013,TRUE,0.199090887026467,0.886800089190084,-0.0665385382515887,0.019860432146413,0.710318133778768,2.17926198096402,0.335030666810572,0.00936742778867483,-131.343765258789,-131.343765258789,0.00837904939982559,379.330078125,11.7185676809707,TRUE,0.199090887026467,-0.985075177857821,-1.291845961328,-0.611664968084774,0.26300667312031,-0.738008579514238,-0.716977607827621,-1.43927266974688,-1.43927266974688,-0.171459438677629,0.481249355345498,0.243883035812538
Anhui,2014,TRUE,-0.19156035036202,0.702048578569967,-0.101641825267226,0.0305344097225376,1.08505587190232,1.72524540166055,0.332876339155832,0.00936742778867483,31.875,31.875,0.00837904939982559,379.330078125,6.98121119976163,TRUE,-0.19156035036202,-1.0806492788223,-1.09402460253313,-0.3822407376932,-0.181693082065692,-0.760651217296094,-0.716977607827621,0.0400412825501607,0.0400412825501607,-0.171459438677629,0.481249355345498,-0.350248390555277
Anhui,2015,TRUE,-0.411182949117247,0.598182001421529,-0.194762161799821,0.0594682081955292,2.07914238778854,1.46999905535133,0.327506356269304,0.00936742778867483,68.3418423160092,68.3418423160092,0.00837904939982559,379.330078125,8.44217804824337,TRUE,-0.411182949117247,-1.3341837253728,-0.557793072327662,0.226364990120215,-0.431701546271933,-0.817091367951401,-0.716977607827621,0.370554189866641,0.370554189866641,-0.171459438677629,0.481249355345498,-0.167022508988726
Anhui,2016,TRUE,0.404488994342555,0.983939447710592,-0.142018897192816,0.0424342641209629,1.51609278872175,2.41797656101364,0.334679769131798,0.00936742778867483,337.75,337.75,0.00837904939982559,379.330078125,4.39480980962047,TRUE,0.404488994342555,-1.19058207078983,-0.873484007448584,-0.118348679725315,0.496822617617876,-0.741696620663175,-0.716977607827621,2.8123031265938,2.8123031265938,-0.171459438677629,0.481249355345498,-0.674619662419556
Anhui,2017,TRUE,0.69963811739059,1.12352494270571,0.018829958779464,0.00544294144925444,0.201015254179267,2.7610001646927,0.345951889341807,0.00936742778867483,45.9888509114583,45.9888509114583,0.00837904939982559,379.330078125,11.4710155841263,TRUE,0.69963811739059,-0.752646307285178,-1.55904603550689,-0.923473492556903,0.832807071782791,-0.623223214639159,-0.716977607827621,0.167960499074415,0.167960499074415,-0.171459438677629,0.481249355345498,0.212836505752598
Anhui,2018,TRUE,0.424210503596137,0.993266382525045,-0.0110656533922482,0.00326223490054918,0.118129049317322,2.44089698545634,0.339204678068564,0.00936742778867483,-72.6500244140625,-72.6500244140625,0.00837904939982559,379.330078125,9.09597149911294,TRUE,0.424210503596137,-0.834041712075089,-1.59946117873922,-0.974218591931604,0.519272694560144,-0.694138453814389,-0.716977607827621,-0.907308899487717,-0.907308899487717,-0.171459438677629,0.481249355345498,-0.0850275742491017
Anhui,2019,TRUE,0.534602559074472,1.04547432930239,0.112840516226634,0.0329508215229602,1.20460513571354,2.56919511589515,0.342451298666429,0.00936742778867483,68.3418423160092,68.3418423160092,0.00837904939982559,379.330078125,8.44217804824337,TRUE,0.534602559074472,-0.49668809729816,-1.04924112211466,-0.309049556092148,0.644938033223525,-0.660015485541282,-0.716977607827621,0.370554189866641,0.370554189866641,-0.171459438677629,0.481249355345498,-0.167022508988726
Anhui,2020,TRUE,0.449275775582019,1.00512055427797,0.0982525348663549,0.0289161220725059,1.04887421694504,2.47002795435438,0.339784617798995,0.00936742778867483,198.525024414063,198.525024414063,0.00837904939982559,379.330078125,7.58378335438598,TRUE,0.449275775582019,-0.536406121504105,-1.12401640826507,-0.404392091822713,0.547805870060395,-0.68804311115722,-0.716977607827621,1.5504540459079,1.5504540459079,-0.171459438677629,0.481249355345498,-0.274677329957127
Anhui,2021,TRUE,1.46110212508814,1.48364571602114,0.371388094765856,0.100242763349273,3.96467528914247,3.64597696995942,0.370488684027834,0.00936742778867483,189.112487792969,189.112487792969,0.00837904939982559,379.330078125,16.4121613798919,TRUE,1.46110212508814,0.207247473305876,0.197883792013147,1.38073747722876,1.69962336569691,-0.365334052244993,-0.716977607827621,1.46514463477485,1.46514463477485,-0.171459438677629,0.481249355345498,0.832525991053966
Anhui,2022,TRUE,0.98667278714247,1.25927285225161,0.627034357615876,0.173498000454364,6.69377305874678,3.09459311520639,0.361407253094428,0.00936742778867483,-145.6875,-145.6875,0.00837904939982559,379.330078125,16.6330248752005,TRUE,0.98667278714247,0.903283765460971,1.55552675496856,3.05156240825932,1.15955439817515,-0.460782648800689,-0.716977607827621,-1.5692754111417,-1.5692754111417,-0.171459438677629,0.481249355345498,0.860225393457138
Anhui,2023,TRUE,1.34707227792337,1.429717340777,0.718710422515805,0.18534027224436,7.67244155737952,3.51345098208762,0.387778874937784,0.00936742778867483,167.287506103516,167.287506103516,0.00837904939982559,379.330078125,15.4326968032393,TRUE,1.34707227792337,1.15288596023177,1.77500016869909,3.65072882323423,1.56981692899633,-0.183608895864177,-0.716977607827621,1.26733649751413,1.26733649751413,-0.171459438677629,0.481249355345498,0.709687296454645
Anhui,2024,TRUE,1.96200022892978,1.72053650886782,0.904284579413223,0.204211470002597,9.65349933635462,4.22812294038064,0.442817721943691,0.00936742778867483,274.179178873698,274.179178873698,0.00837904939982559,379.330078125,19.697461885488,TRUE,1.96200022892978,1.65814016049545,2.12474101797456,4.86358413526782,2.26982318290622,0.394866097920445,-0.716977607827621,2.23613651669443,2.23613651669443,-0.171459438677629,0.481249355345498,1.24454908519497
Beijing,2002,TRUE,0.388129339568962,0.976202441800025,0.397751671927306,0.102755833559539,0.802775807134147,1.77437039796891,0.387084273611426,0.0495470426976681,14.7648370361328,14.7648370361328,0.00611343022609904,185.958602905273,14.061448046208,TRUE,0.388129339568962,0.279026369233511,0.24445864756219,-0.555059965718133,-0.133576174385017,-0.19090936670988,0.472031845273836,-0.115034653469775,-0.115034653469775,-0.496982888845965,-0.748212658052534,0.537713330984313
Beijing,2003,TRUE,-1.4399718911543,0.111634685147193,0.244999681200284,0.0624625394670925,0.494478919146095,0.202910044300355,0.392234582984508,0.0495470426976681,-49.0499877929688,-49.0499877929688,0.00611343022609904,185.958602905273,6.26795033076758,TRUE,-1.4399718911543,-0.13686443260982,-0.502298981526163,-0.743807372405676,-1.67278876356628,-0.136778051381586,0.472031845273836,-0.693412762037154,-0.693412762037154,-0.496982888845965,-0.748212658052534,-0.439701379611239
Beijing,2004,TRUE,0.319295626034091,0.943648769009497,0.424130303519101,0.103243297508386,0.856015375341589,1.71520001396724,0.41080662256516,0.0495470426976681,24.2750244140625,24.2750244140625,0.00611343022609904,185.958602905273,15.5186050912446,TRUE,0.319295626034091,0.350846253164495,0.253492841238981,-0.522465311591398,-0.191532329466782,0.0584197237431795,0.472031845273836,-0.0288401962649035,-0.0288401962649035,-0.496982888845965,-0.748212658052534,0.720461409378564
Beijing,2005,TRUE,-0.953437418234258,0.341732455838111,0.358203751700268,0.087205663534536,0.722956875319477,0.621141607212425,0.410757440723342,0.0495470426976681,14.7648370361328,14.7648370361328,0.00611343022609904,185.958602905273,14.061448046208,TRUE,-0.953437418234258,0.171351070363908,-0.0437334290932867,-0.603927200424611,-1.26313968439964,0.0579028076523154,0.472031845273836,-0.115034653469775,-0.115034653469775,-0.496982888845965,-0.748212658052534,0.537713330984313
Beijing,2006,TRUE,0.36517535799089,0.965346767056372,0.313260589327134,0.0794238587382506,0.632248812988948,1.75463884732907,0.394416229963739,0.0495470426976681,14.7648370361328,14.7648370361328,0.00611343022609904,185.958602905273,14.061448046208,TRUE,0.36517535799089,0.0489863944747369,-0.187954005509049,-0.659461045226842,-0.152902816051801,-0.11384827920421,0.472031845273836,-0.115034653469775,-0.115034653469775,-0.496982888845965,-0.748212658052534,0.537713330984313
Beijing,2007,TRUE,1.00112950296327,1.26610989724436,0.377488204411095,0.0902031095404829,0.761878376302893,2.3013135657635,0.418486908416033,0.0495470426976681,14.7648370361328,14.7648370361328,0.00611343022609904,185.958602905273,14.061448046208,TRUE,1.00112950296327,0.223855960564314,0.0118183872358942,-0.580098441000704,0.382553650818041,0.139141860043946,0.472031845273836,-0.115034653469775,-0.115034653469775,-0.496982888845965,-0.748212658052534,0.537713330984313
Beijing,2008,TRUE,-0.189539477850706,0.703004314053443,0.221928868974955,0.0581709124843884,0.447915469605617,1.27779852937143,0.381511754752886,0.0495470426976681,8.45001220703125,8.45001220703125,0.00611343022609904,185.958602905273,11.8978916256453,TRUE,-0.189539477850706,-0.199678269273434,-0.581835918446307,-0.772314732322757,-0.619957946469936,-0.249478231928162,0.472031845273836,-0.172268320574107,-0.172268320574107,-0.496982888845965,-0.748212658052534,0.266372791745837
Beijing,2009,TRUE,-0.455802034430686,0.577080203640845,0.266696487154269,0.0708210747216361,0.538269233910949,1.04891566211012,0.376577859348401,0.0495470426976681,9.2750244140625,9.2750244140625,0.00611343022609904,185.958602905273,12.0257679981903,TRUE,-0.455802034430686,-0.0777915394665314,-0.347389830762426,-0.716997798024836,-0.844143933672269,-0.30133497073552,0.472031845273836,-0.164790920124829,-0.164790920124829,-0.496982888845965,-0.748212658052534,0.28241029534521
Beijing,2010,TRUE,-1.52488730574206,0.0714754596833256,0.0745305674417081,0.0185204562940582,0.150423846477553,0.129915614234135,0.40242295469588,0.0495470426976681,14.7648370361328,14.7648370361328,0.00611343022609904,185.958602905273,14.061448046208,TRUE,-1.52488730574206,-0.600992828404498,-1.31667980063248,-0.95444687365941,-1.74428528298896,-0.0296951711428556,0.472031845273836,-0.115034653469775,-0.115034653469775,-0.496982888845965,-0.748212658052534,0.537713330984313
Beijing,2011,TRUE,-1.29538177070342,0.18001599465647,-0.233964477266559,0.0625321588573953,0.472206744394797,0.327201652446596,0.374150647509412,0.0495470426976681,-26.4350036621094,-26.4350036621094,0.00611343022609904,185.958602905273,7.1839957525156,TRUE,-1.29538177070342,-1.44091806209717,-0.501008721893336,-0.757442979475969,-1.55104772979367,-0.326845704151182,0.472031845273836,-0.488444531192417,-0.488444531192417,-0.496982888845965,-0.748212658052534,-0.324816342945821
Beijing,2012,TRUE,-1.96596349818117,-0.137123630892846,-0.409561531884325,0.0968908302273349,0.826611457687668,0.249239400661244,0.422704120630788,0.0495470426976681,14.7648370361328,14.7648370361328,0.00611343022609904,185.958602905273,14.061448046208,TRUE,-1.96596349818117,-1.91900806602268,0.13576224828286,-0.540467157928059,-1.62741012681425,0.183466040916722,0.472031845273836,-0.115034653469775,-0.115034653469775,-0.496982888845965,-0.748212658052534,0.537713330984313
Beijing,2013,TRUE,-1.17144277257012,0.238630725491431,-0.345413344246989,0.0852912706800427,0.697142201512757,0.433741278680982,0.404980886663952,0.0495470426976681,36.433349609375,36.433349609375,0.00611343022609904,185.958602905273,7.98052554901701,TRUE,-1.17144277257012,-1.74435475337967,-0.0792129673480926,-0.619731617936902,-1.44669439147126,-0.00281052947924822,0.472031845273836,0.0813553444835699,0.0813553444835699,-0.496982888845965,-0.748212658052534,-0.224920254058065
Beijing,2014,TRUE,1.04675717064026,1.28768868600169,-0.084176506314948,0.0187891268842985,0.169892089884327,2.34053572128733,0.448006481798213,0.0495470426976681,-93,-93,0.00611343022609904,185.958602905273,26.6824428722751,TRUE,1.04675717064026,-1.03309726022706,-1.31170051518331,-0.942527906589159,0.420970932817023,0.449401539483608,0.472031845273836,-1.09174849358372,-1.09174849358372,-0.496982888845965,-0.748212658052534,2.12056437627409
Beijing,2015,TRUE,0.590795070091732,1.0720495716218,-0.0055082866123665,0.00118711130205224,0.0111172863453781,1.94858457999088,0.46400759582054,0.0495470426976681,14.7648370361328,14.7648370361328,0.00611343022609904,185.958602905273,14.061448046208,TRUE,0.590795070091732,-0.818910925790589,-1.63791954788927,-1.03973398807404,0.037062977634398,0.617578106365891,0.472031845273836,-0.115034653469775,-0.115034653469775,-0.496982888845965,-0.748212658052534,0.537713330984313
Beijing,2016,TRUE,0.563418872788398,1.05910248910227,0.0549805164337004,0.0115714843635197,0.1109662927194,1.92505163336113,0.475137974580271,0.0495470426976681,234.049987792969,234.049987792969,0.00611343022609904,185.958602905273,17.0911273357915,TRUE,0.563418872788398,-0.654220850842048,-1.44546544400889,-0.978603818592225,0.0140129480052816,0.734561766709736,0.472031845273836,1.87243034500521,1.87243034500521,-0.496982888845965,-0.748212658052534,0.917677913530964
Beijing,2017,TRUE,1.53640312503046,1.51925797616282,0.368831464222498,0.070823604789924,0.7444066167038,2.7614419554317,0.520774768972183,0.0495470426976681,-14.2000122070313,-14.2000122070313,0.00611343022609904,185.958602905273,31.9406556974729,TRUE,1.53640312503046,0.200286653210284,-0.347342940880656,-0.590795108541262,0.833239796582793,1.21421833272352,0.472031845273836,-0.377554134876559,-0.377554134876559,-0.496982888845965,-0.748212658052534,2.78001854620453
Beijing,2018,TRUE,0.473316983578944,1.01649041329661,0.290576321738091,0.0578470367542602,0.586465520275676,1.84759884010017,0.502318421205371,0.0495470426976681,14.7648370361328,14.7648370361328,0.00611343022609904,185.958602905273,14.061448046208,TRUE,0.473316983578944,-0.0127750149310187,-0.587838323506437,-0.687490772758771,-0.0618504450330566,1.02023651369036,0.472031845273836,-0.115034653469775,-0.115034653469775,-0.496982888845965,-0.748212658052534,0.537713330984313
Beijing,2019,TRUE,1.18531993003192,1.35321946297922,0.50190547534397,0.0956392327175909,1.01298775470123,2.45964612897126,0.524790361739963,0.0495470426976681,14.7648370361328,14.7648370361328,0.00611343022609904,185.958602905273,14.061448046208,TRUE,1.18531993003192,0.562601127322254,0.112566329209951,-0.426362721263423,0.537637088970197,1.25642343198975,0.472031845273836,-0.115034653469775,-0.115034653469775,-0.496982888845965,-0.748212658052534,0.537713330984313
Beijing,2020,TRUE,0.831135336134421,1.185714198697,0.484754698617156,0.0930253195922716,0.978372617665778,2.15518429839203,0.521099740094232,0.0495470426976681,14.7648370361328,14.7648370361328,0.00611343022609904,185.958602905273,14.061448046208,TRUE,0.831135336134421,0.51590549834091,0.0641225468865724,-0.447555012208081,0.239423086015106,1.21763387788905,0.472031845273836,-0.115034653469775,-0.115034653469775,-0.496982888845965,-0.748212658052534,0.537713330984313
Beijing,2021,TRUE,1.19396674308706,1.35730881844797,0.658535889216901,0.122348422494092,1.32911240179405,2.46707904552609,0.538246326182669,0.0495470426976681,14.7648370361328,14.7648370361328,0.00611343022609904,185.958602905273,14.061448046208,TRUE,1.19396674308706,0.989051533033022,0.607569075488515,-0.232822956012542,0.544917475464721,1.39784970399223,0.472031845273836,-0.115034653469775,-0.115034653469775,-0.496982888845965,-0.748212658052534,0.537713330984313
Beijing,2022,TRUE,0.639324501758076,1.09500069772044,0.838673727852948,0.15807452289298,1.69268170649551,1.99030113078579,0.530555912808764,0.0495470426976681,17.8499755859375,17.8499755859375,0.00611343022609904,185.958602905273,20.3285275061212,TRUE,0.639324501758076,1.47950452023208,1.26968267606026,-0.0102363322505366,0.0779234676943898,1.31702112434932,0.472031845273836,-0.0870728655328341,-0.0870728655328341,-0.496982888845965,-0.748212658052534,1.32369362895175
Beijing,2023,TRUE,1.97499295541336,1.72668118630686,1.02195542199263,0.17749079616615,2.06259620423467,3.13845966013302,0.575779389166734,0.0495470426976681,14.7648370361328,14.7648370361328,0.00611343022609904,185.958602905273,14.061448046208,TRUE,1.97499295541336,1.97851713784945,1.62952543704024,0.216234984408026,1.20252076257457,1.79233359232831,0.472031845273836,-0.115034653469775,-0.115034653469775,-0.496982888845965,-0.748212658052534,0.537713330984313
Beijing,2024,TRUE,2.24152975792979,1.85273499642649,1.16421236310682,0.188881532675022,2.34971110225638,3.36757827288208,0.616371726033106,0.0495470426976681,14.7648370361328,14.7648370361328,0.00611343022609904,185.958602905273,14.061448046208,TRUE,2.24152975792979,2.36583355203281,1.84063052488487,0.392014223623235,1.42693765755751,2.21897137807185,0.472031845273836,-0.115034653469775,-0.115034653469775,-0.496982888845965,-0.748212658052534,0.537713330984313
Chongqing,2002,TRUE,-0.29034840717871,0.655328535264538,0.458638429641708,0.117368927225509,1.8497607958152,1.94572750227401,0.390766483500776,0.0247944723814726,-60.8395843505859,-60.8395843505859,0.00490603655803741,407.420196533203,1.44784026794722,TRUE,-0.29034840717871,0.44479993700806,0.515283841317979,0.0859315887019495,0.0342645296940414,-0.152208222722856,-0.260455018056642,-0.80026637443879,-0.80026637443879,-0.670460831254243,0.659847225044199,-1.0442112741553
Chongqing,2003,TRUE,-0.584727221787596,0.516107343858288,0.503157581601816,0.126060696228345,2.02931352545253,1.53236765840708,0.399139142219555,0.0247944723814726,-60.8395843505859,-60.8395843505859,0.00490603655803741,407.420196533203,1.44784026794722,TRUE,-0.584727221787596,0.56601017929657,0.676368829759224,0.195858459206166,-0.370612802436333,-0.0642090373513558,-0.260455018056642,-0.80026637443879,-0.80026637443879,-0.670460831254243,0.659847225044199,-1.0442112741553
Chongqing,2004,TRUE,-1.02284518783867,0.308907293504284,0.451399666922413,0.115291325373684,1.82056572923777,0.917172661162522,0.391529601606476,0.0247944723814726,-60.8395843505859,-60.8395843505859,0.00490603655803741,407.420196533203,1.44784026794722,TRUE,-1.02284518783867,0.425091291527549,0.476779542575393,0.0680576064489283,-0.973183451036912,-0.144187619722136,-0.260455018056642,-0.80026637443879,-0.80026637443879,-0.670460831254243,0.659847225044199,-1.0442112741553
Chongqing,2005,TRUE,-1.44620025314889,0.10868909282069,0.4947200843266,0.127940727126332,1.99528377420233,0.322707383729384,0.386679125121824,0.0247944723814726,-60.8395843505859,-60.8395843505859,0.00490603655803741,407.420196533203,1.44784026794722,TRUE,-1.44620025314889,0.543037794513634,0.711211536160258,0.175024556727895,-1.55544977211854,-0.195167600353096,-0.260455018056642,-0.80026637443879,-0.80026637443879,-0.670460831254243,0.659847225044199,-1.0442112741553
Chongqing,2006,TRUE,-0.2291955963787,0.684249662583873,0.532346044267941,0.134061992103462,2.14703517815419,2.03159684840172,0.397089462803973,0.0247944723814726,-232.525024414063,-232.525024414063,0.00490603655803741,407.420196533203,3.24719484479156,TRUE,-0.2291955963787,0.645480260733887,0.824657245286335,0.267930729553803,0.118371760446623,-0.085751790364732,-0.260455018056642,-2.35631703129476,-2.35631703129476,-0.670460831254243,0.659847225044199,-0.818546791120842
Chongqing,2007,TRUE,-0.231248407873601,0.683278822129772,0.510063750403266,0.130735314076612,2.05716718854,2.02871433853039,0.390149940745441,0.0247944723814726,71.75,71.75,0.00490603655803741,407.420196533203,0.750757686604721,TRUE,-0.231248407873601,0.584813286652684,0.763003755492943,0.212911199208888,0.115548402242241,-0.158688274285747,-0.260455018056642,0.401443623477795,0.401443623477795,-0.670460831254243,0.659847225044199,-1.13163527739254
Chongqing,2008,TRUE,-1.52099881580156,0.0733144514022328,0.242406981331958,0.0714415976403014,0.977665415107175,0.217676992121016,0.339307895313937,0.0247944723814726,-60.8395843505859,-60.8395843505859,0.00490603655803741,407.420196533203,1.44784026794722,TRUE,-1.52099881580156,-0.143923456993366,-0.335889648561528,-0.447987980084631,-1.65832484665213,-0.69305360922509,-0.260455018056642,-0.80026637443879,-0.80026637443879,-0.670460831254243,0.659847225044199,-1.0442112741553
Chongqing,2009,TRUE,-0.478182675476528,0.566495680039928,0.285727228437144,0.0830059135009173,1.15238277322913,1.68197501750501,0.344225147807074,0.0247944723814726,-168.187530517578,-168.187530517578,0.00490603655803741,407.420196533203,6.15917611323316,TRUE,-0.478182675476528,-0.0259774176725185,-0.121567605933565,-0.341021450308645,-0.224075519443405,-0.64137179246938,-0.260455018056642,-1.77320177352405,-1.77320177352405,-0.670460831254243,0.659847225044199,-0.453343203120217
Chongqing,2010,TRUE,-1.24786397869641,0.202488683885143,0.161361387797803,0.0479557173564841,0.650795811724466,0.601206539824408,0.336479979223969,0.0247944723814726,-23.262451171875,-23.262451171875,0.00490603655803741,407.420196533203,0.801830712876392,TRUE,-1.24786397869641,-0.364582557541676,-0.771154639246023,-0.648106088204695,-1.28266566646987,-0.722775865986612,-0.260455018056642,-0.459690477357019,-0.459690477357019,-0.670460831254243,0.659847225044199,-1.12522999840033
Chongqing,2011,TRUE,-1.70811722154467,-0.0151798494400524,-0.160676479339556,0.0579383964258043,0.64803346837749,0.0450702951977603,0.277322965859639,0.0247944723814726,-141.674987792969,-141.674987792969,0.00490603655803741,407.420196533203,0.984085622480841,TRUE,-1.70811722154467,-1.24138020941005,-0.586145150157044,-0.649797266946474,-1.82738950059713,-1.34453403862011,-0.260455018056642,-1.53290848187219,-1.53290848187219,-0.670460831254243,0.659847225044199,-1.10237265805971
Chongqing,2012,TRUE,-2.18992700160365,-0.243043161207631,-0.37736654281616,0.118435041381172,1.52197851605886,0.721616315411028,0.318627442026756,0.0247944723814726,-60.8395843505859,-60.8395843505859,0.00490603655803741,407.420196533203,1.44784026794722,TRUE,-2.18992700160365,-1.83135225377978,0.535042188138515,-0.114745283730631,-1.16472680659933,-0.910411452594906,-0.260455018056642,-0.80026637443879,-0.80026637443879,-0.670460831254243,0.659847225044199,-1.0442112741553
Chongqing,2013,TRUE,-0.266896346583706,0.666419767564342,-0.149843488420747,0.0505009651984628,0.604342315155358,1.9786583370516,0.296714108001461,0.0247944723814726,-60.8395843505859,-60.8395843505859,0.00490603655803741,407.420196533203,1.44784026794722,TRUE,-0.266896346583706,-1.21188572453858,-0.723983434043553,-0.676546132041036,0.0665195944454908,-1.14072724686877,-0.260455018056642,-0.80026637443879,-0.80026637443879,-0.670460831254243,0.659847225044199,-1.0442112741553
Chongqing,2014,TRUE,-1.06139085750965,0.290677808946178,-0.144529478890535,0.0487576132708891,0.582910080387648,0.86304773366693,0.296424433426537,0.0247944723814726,-60.8395843505859,-60.8395843505859,0.00490603655803741,407.420196533203,1.44784026794722,TRUE,-1.06139085750965,-1.19741751581669,-0.7562930622689,-0.689667505916469,-1.02619768686873,-1.14377181460673,-0.260455018056642,-0.80026637443879,-0.80026637443879,-0.670460831254243,0.659847225044199,-1.0442112741553
Chongqing,2015,TRUE,-0.24810646690836,0.675306104844616,-0.135211876460479,0.0452315015420238,0.545330726866021,2.00504264646326,0.298932982215628,0.0247944723814726,-60.8395843505859,-60.8395843505859,0.00490603655803741,407.420196533203,1.44784026794722,TRUE,-0.24810646690836,-1.17204890930983,-0.821642666808721,-0.712674567611093,0.0923624743555531,-1.1174062051487,-0.260455018056642,-0.80026637443879,-0.80026637443879,-0.670460831254243,0.659847225044199,-1.0442112741553
Chongqing,2016,TRUE,0.0112414623474337,0.797960066026256,0.00156310626437798,0.000492672266625178,0.00630425298158793,2.36921294073807,0.317271007577778,0.0247944723814726,-60.8395843505859,-60.8395843505859,0.00490603655803741,407.420196533203,1.44784026794722,TRUE,0.0112414623474337,-0.79965797046306,-1.65078962116876,-1.04268065280246,0.449059670212305,-0.924667990515433,-0.260455018056642,-0.80026637443879,-0.80026637443879,-0.670460831254243,0.659847225044199,-1.0442112741553
Chongqing,2017,TRUE,-0.119912623731601,0.735933088487194,0.159533091953832,0.0494557069286634,0.643422007531974,2.18504944168951,0.322577720269873,0.0247944723814726,-60.8395843505859,-60.8395843505859,0.00490603655803741,407.420196533203,1.44784026794722,TRUE,-0.119912623731601,-0.369560374334353,-0.743355257691169,-0.652620523714691,0.268675370002971,-0.868892828814698,-0.260455018056642,-0.80026637443879,-0.80026637443879,-0.670460831254243,0.659847225044199,-1.0442112741553
Chongqing,2018,TRUE,-0.289239324347477,0.655853056138561,0.254826852253496,0.0776826089533978,1.02775670453029,1.94728485043632,0.328035908791848,0.0247944723814726,-60.8395843505859,-60.8395843505859,0.00490603655803741,407.420196533203,1.44784026794722,TRUE,-0.289239324347477,-0.110108447108618,-0.220224674618503,-0.417320784453988,0.0357899196865857,-0.811525610148473,-0.260455018056642,-0.80026637443879,-0.80026637443879,-0.670460831254243,0.659847225044199,-1.0442112741553
Chongqing,2019,TRUE,-0.478743266434861,0.566230558579967,0.263524055480956,0.0801120590349663,1.06283389066134,1.68118784879752,0.328944304584577,0.0247944723814726,128.862487792969,128.862487792969,0.00490603655803741,407.420196533203,1.52868427833799,TRUE,-0.478743266434861,-0.0864289729044051,-0.175199555085259,-0.395845614985561,-0.224846534748723,-0.801978094545603,-0.260455018056642,0.919075893937481,0.919075893937481,-0.670460831254243,0.659847225044199,-1.03407229318621
Chongqing,2020,TRUE,-0.259156964935931,0.670079969590709,0.231788294655961,0.0720641324574507,0.934838584543395,1.98952579568242,0.321641691576343,0.0247944723814726,-60.8395843505859,-60.8395843505859,0.00490603655803741,407.420196533203,1.44784026794722,TRUE,-0.259156964935931,-0.17283446558438,-0.324352179745681,-0.474207684274034,0.0771640431571079,-0.87873077459532,-0.260455018056642,-0.80026637443879,-0.80026637443879,-0.670460831254243,0.659847225044199,-1.0442112741553
Chongqing,2021,TRUE,0.537438753826647,1.04681565684657,0.438632658549761,0.124839478663667,1.76907437997158,3.10808686594914,0.351357329624464,0.0247944723814726,-60.8395843505859,-60.8395843505859,0.00490603655803741,407.420196533203,1.44784026794722,TRUE,0.537438753826647,0.390331146510968,0.653735943723457,0.0365332576166672,1.17277124514811,-0.566410395984409,-0.260455018056642,-0.80026637443879,-0.80026637443879,-0.670460831254243,0.659847225044199,-1.0442112741553
Chongqing,2022,TRUE,0.629960460122435,1.09057214183192,0.643189975193564,0.168521497166244,2.59408615475997,3.23800368119124,0.381666425951027,0.0247944723814726,-60.8395843505859,-60.8395843505859,0.00490603655803741,407.420196533203,1.44784026794722,TRUE,0.629960460122435,0.947269920513223,1.46329697132117,0.541627013165802,1.30002205176258,-0.24785259067202,-0.260455018056642,-0.80026637443879,-0.80026637443879,-0.670460831254243,0.659847225044199,-1.0442112741553
Chongqing,2023,TRUE,1.0272903926692,1.27848222178798,0.705903087343422,0.173349081666684,2.84701798240684,3.79592507611022,0.407214783347244,0.0247944723814726,-60.8395843505859,-60.8395843505859,0.00490603655803741,407.420196533203,1.44784026794722,TRUE,1.0272903926692,1.118016019297,1.552766835649,0.696478483930364,1.84649440331004,0.0206684029526781,-0.260455018056642,-0.80026637443879,-0.80026637443879,-0.670460831254243,0.659847225044199,-1.0442112741553
Chongqing,2024,TRUE,1.36618980863805,1.43875863475184,0.906552519117032,0.196660874799989,3.65626864395164,4.27179970675443,0.460972483743412,0.0247944723814726,-60.8395843505859,-60.8395843505859,0.00490603655803741,407.420196533203,1.44784026794722,TRUE,1.36618980863805,1.66431497535358,1.98480546049026,1.19192287431513,2.31260366317753,0.585678156867242,-0.260455018056642,-0.80026637443879,-0.80026637443879,-0.670460831254243,0.659847225044199,-1.0442112741553
Fujian,2002,TRUE,-0.501348065805422,0.55554002331149,0.298035962241027,0.0829760344777266,1.47442184499547,1.76121613312421,0.359183183574564,0.0202137511223555,72.854150390625,72.854150390625,0.000591234616477401,508.344940185547,4.19755358569101,TRUE,-0.501348065805422,0.00753500430646041,-0.122121355360608,-0.143860719804236,-0.146460502012577,-0.484158294761111,-0.396009350557075,0.411450959801508,0.411450959801508,-1.29041021687821,1.301529967504,-0.699358379496897
Fujian,2003,TRUE,-0.60499689766985,0.506521163448209,0.357464381626659,0.0964173854794214,1.76842180089632,1.60581273607651,0.370746810701431,0.0202137511223555,72.854150390625,72.854150390625,0.000591234616477401,508.344940185547,4.19755358569101,TRUE,-0.60499689766985,0.169338021556435,0.126987873156194,0.0361337316632341,-0.298674883100173,-0.362621062529045,-0.396009350557075,0.411450959801508,0.411450959801508,-1.29041021687821,1.301529967504,-0.699358379496897
Fujian,2004,TRUE,-1.29491901321008,0.18023484753024,0.340943881443547,0.0921388424914021,1.68669278344126,0.571394513268862,0.370032737794988,0.0202137511223555,72.854150390625,72.854150390625,0.000591234616477401,508.344940185547,4.19755358569101,TRUE,-1.29491901321008,0.124358417458929,0.0476934225621225,-0.0139029073584396,-1.3118659237186,-0.370126185593706,-0.396009350557075,0.411450959801508,0.411450959801508,-1.29041021687821,1.301529967504,-0.699358379496897
Fujian,2005,TRUE,-1.54700749120689,0.0610141138876621,0.383544785635798,0.105079741877677,1.89744487954844,0.193431683079612,0.365003547574642,0.0202137511223555,99.75,99.75,0.000591234616477401,508.344940185547,1.639558206318,TRUE,-1.54700749120689,0.240345934999229,0.287527756329765,0.115125030139703,-1.68207262038247,-0.42298450185066,-0.396009350557075,0.655218308016322,0.655218308016322,-1.29041021687821,1.301529967504,-1.0201671363252
Fujian,2006,TRUE,-0.619076200083807,0.499862609371061,0.486301898956303,0.128958717941949,2.40579740006038,1.58470327074213,0.377098893907438,0.0202137511223555,286.379150390625,286.379150390625,0.000591234616477401,508.344940185547,2.41991389395166,TRUE,-0.619076200083807,0.520117989363761,0.730078010719517,0.426351719957679,-0.31935116342612,-0.295858739315407,-0.396009350557075,2.34670951394754,2.34670951394754,-1.29041021687821,1.301529967504,-0.92229950917764
Fujian,2007,TRUE,-0.308226497173976,0.646873412593717,0.427779061453693,0.121178784835622,2.11627747301484,2.05076833809033,0.353014813635878,0.0202137511223555,72.854150390625,72.854150390625,0.000591234616477401,508.344940185547,4.19755358569101,TRUE,-0.308226497173976,0.360780558150815,0.585892122427106,0.249100059161381,0.137149834111147,-0.548989735753319,-0.396009350557075,0.411450959801508,0.411450959801508,-1.29041021687821,1.301529967504,-0.699358379496897
Fujian,2008,TRUE,-1.58780157425392,0.0417212824667637,0.268660340990334,0.0788841572001607,1.32909690717033,0.132268050350526,0.34057578926607,0.0202137511223555,72.854150390625,72.854150390625,0.000591234616477401,508.344940185547,4.19755358569101,TRUE,-1.58780157425392,-0.0724446451792829,-0.197956321032686,-0.232832442225861,-1.74198112095449,-0.679727658810449,-0.396009350557075,0.411450959801508,0.411450959801508,-1.29041021687821,1.301529967504,-0.699358379496897
Fujian,2009,TRUE,-0.845103248060851,0.392967162593717,0.324060780661461,0.0946358777521499,1.60316993466425,1.24581502233195,0.342429095982152,0.0202137511223555,-253.599975585938,-253.599975585938,0.000591234616477401,508.344940185547,2.93784597947671,TRUE,-0.845103248060851,0.0783915774299078,0.0939711015919839,-0.0650377767653193,-0.65128512349124,-0.660248842494558,-0.396009350557075,-2.54732735577002,-2.54732735577002,-1.29041021687821,1.301529967504,-0.857343508936739
Fujian,2010,TRUE,-1.4554940420304,0.104293761714811,0.105714321136504,0.0355112276411706,0.52298220402837,0.330640184340679,0.297692668371572,0.0202137511223555,72.854150390625,72.854150390625,0.000591234616477401,508.344940185547,4.19755358569101,TRUE,-1.4554940420304,-0.516090260085175,-1.00178898782275,-0.726356916973852,-1.5476797596331,-1.13044228025315,-0.396009350557075,0.411450959801508,0.411450959801508,-1.29041021687821,1.301529967504,-0.699358379496897
Fujian,2011,TRUE,-2.18706524265484,-0.241689743534213,-0.191142286573083,0.0658894850661908,0.945605223968985,0.766223598051076,0.290095280576356,0.0202137511223555,72.854150390625,72.854150390625,0.000591234616477401,508.344940185547,4.19755358569101,TRUE,-2.18706524265484,-1.32432805800339,-0.438787227815335,-0.467616066422871,-1.12103490508337,-1.21029313281816,-0.396009350557075,0.411450959801508,0.411450959801508,-1.29041021687821,1.301529967504,-0.699358379496897
Fujian,2012,TRUE,-1.71592282291809,-0.0188713689004238,-0.362533296857562,0.125932114457345,1.7934983698133,0.0598274795098414,0.287879941045822,0.0202137511223555,72.854150390625,72.854150390625,0.000591234616477401,508.344940185547,4.19755358569101,TRUE,-1.71592282291809,-1.79096645896101,0.673985817384122,0.0514862620847701,-1.81293514683568,-1.23357702393999,-0.396009350557075,0.411450959801508,0.411450959801508,-1.29041021687821,1.301529967504,-0.699358379496897
Fujian,2013,TRUE,-1.10971831250789,0.267822204097623,-0.208942481449657,0.0857958798982568,1.03366505397693,0.849070754351647,0.243534400133709,0.0202137511223555,72.854150390625,72.854150390625,0.000591234616477401,508.344940185547,4.19755358569101,TRUE,-1.10971831250789,-1.37279182783677,-0.0698610195389826,-0.413703538613023,-1.03988784613402,-1.69966212381058,-0.396009350557075,0.411450959801508,0.411450959801508,-1.29041021687821,1.301529967504,-0.699358379496897
Fujian,2014,TRUE,-0.508990654769743,0.551925597652311,-0.111745085035038,0.0437685162980763,0.552817160746838,1.74975740015124,0.255309282759372,0.0202137511223555,72.854150390625,72.854150390625,0.000591234616477401,508.344940185547,4.19755358569101,TRUE,-0.508990654769743,-1.10815695833645,-0.848756245302823,-0.708091177264328,-0.157684091590823,-1.57590453214148,-0.396009350557075,0.411450959801508,0.411450959801508,-1.29041021687821,1.301529967504,-0.699358379496897
Fujian,2015,TRUE,-0.0513588804316681,0.768354354366178,-0.0113376889909945,0.00398226014534093,0.0560889907190731,2.43589665565318,0.284704880575396,0.0202137511223555,72.854150390625,72.854150390625,0.000591234616477401,508.344940185547,4.19755358569101,TRUE,-0.0513588804316681,-0.834782370856386,-1.58611691496543,-1.01220113612004,0.514374975973025,-1.26694787354551,-0.396009350557075,0.411450959801508,0.411450959801508,-1.29041021687821,1.301529967504,-0.699358379496897
Fujian,2016,TRUE,0.281499058878326,0.925773559078092,0.127770151410773,0.0392027532312549,0.632095204088396,2.93495924586867,0.3259213725553,0.0202137511223555,72.854150390625,72.854150390625,0.000591234616477401,508.344940185547,4.19755358569101,TRUE,0.281499058878326,-0.45603986797946,-0.933373759942756,-0.659555088607599,1.00319635785251,-0.833750028043041,-0.396009350557075,0.411450959801508,0.411450959801508,-1.29041021687821,1.301529967504,-0.699358379496897
Fujian,2017,TRUE,0.27280384948145,0.921661315425748,0.329684666224907,0.0929009447770046,1.63099201246369,2.92192229162607,0.354877624782254,0.0202137511223555,72.854150390625,72.854150390625,0.000591234616477401,508.344940185547,4.19755358569101,TRUE,0.27280384948145,0.0937034713392742,0.0618175022318962,-0.0480043741008497,0.990426933509134,-0.529411024989154,-0.396009350557075,0.411450959801508,0.411450959801508,-1.29041021687821,1.301529967504,-0.699358379496897
Fujian,2018,TRUE,-0.0200585464200015,0.783157287105436,0.469892024993881,0.127285854143331,2.32461566460172,2.48282606283167,0.369162801441199,0.0202137511223555,72.854150390625,72.854150390625,0.000591234616477401,508.344940185547,4.19755358569101,TRUE,-0.0200585464200015,0.475439582176414,0.699074742503779,0.376650141267692,0.560341349966054,-0.379269480815662,-0.396009350557075,0.411450959801508,0.411450959801508,-1.29041021687821,1.301529967504,-0.699358379496897
Fujian,2019,TRUE,0.659833427297399,1.1047000269736,0.5873805454799,0.144495891942848,2.90584633166025,3.50220583239194,0.406503283645062,0.0202137511223555,72.854150390625,72.854150390625,0.000591234616477401,508.344940185547,4.19755358569101,TRUE,0.659833427297399,0.79532015957352,1.01802923141208,0.73249473577693,1.55880253977651,0.0131903250461168,-0.396009350557075,0.411450959801508,0.411450959801508,-1.29041021687821,1.301529967504,-0.699358379496897
Fujian,2020,TRUE,0.909800532315193,1.22291749523532,0.667343752724825,0.153090780582276,3.30143449716651,3.87698803274278,0.43591374358835,0.0202137511223555,132.39990234375,132.39990234375,0.000591234616477401,508.344940185547,11.3094951978049,TRUE,0.909800532315193,1.01303229688037,1.17731873124627,0.974684142367641,1.92589387595586,0.3223031891123,-0.396009350557075,0.951136831855568,0.951136831855568,-1.29041021687821,1.301529967504,0.192579567543861
Fujian,2021,TRUE,1.3084653972879,1.41145890758883,0.878331048148084,0.178801190231748,4.34521550617436,4.47471666302159,0.491233334078851,0.0202137511223555,72.854150390625,72.854150390625,0.000591234616477401,508.344940185547,4.19755358569101,TRUE,1.3084653972879,1.58747767762271,1.65381103561533,1.61371413675271,2.51135658297956,0.903728882163717,-0.396009350557075,0.411450959801508,0.411450959801508,-1.29041021687821,1.301529967504,-0.699358379496897
Fujian,2022,TRUE,0.293844159047081,0.931611953243131,0.978802680969232,0.196177256151198,4.84226146371577,2.95346857654427,0.498937899414217,0.0202137511223555,72.854150390625,72.854150390625,0.000591234616477401,508.344940185547,4.19755358569101,TRUE,0.293844159047081,1.86102715961388,1.97584253195119,1.918018653424,1.02132586059606,0.984706203218621,-0.396009350557075,0.411450959801508,0.411450959801508,-1.29041021687821,1.301529967504,-0.699358379496897
Fujian,2023,TRUE,1.01955536929413,1.27482408092868,0.982007503509449,0.196404304991741,4.8581161287941,4.04154632251928,0.499992860925704,0.0202137511223555,72.854150390625,72.854150390625,0.000591234616477401,508.344940185547,4.19755358569101,TRUE,1.01955536929413,1.86975278217155,1.98005043943729,1.92772529346492,2.08707528322893,0.995794169028206,-0.396009350557075,0.411450959801508,0.411450959801508,-1.29041021687821,1.301529967504,-0.699358379496897
Fujian,2024,TRUE,1.49539223417835,1.49986260937106,1.09778853825155,0.205935376579446,5.43089964651562,4.75498094511358,0.533074285965648,0.0202137511223555,99.3416748046875,99.3416748046875,0.000591234616477401,508.344940185547,15.7126585567237,TRUE,1.49539223417835,2.1849844668649,2.15669026454507,2.27839832253388,2.78586959266942,1.34348999089588,-0.396009350557075,0.651517500958124,0.651517500958124,-1.29041021687821,1.301529967504,0.744798455301545
Gansu,2002,TRUE,0.130023875803958,0.854136082433885,0.551372698375134,0.121966589956757,1.2740164474769,1.97092611068384,0.452068635001293,0.0432783029973507,9.6021646033393,9.6021646033393,0.0165490259941173,101.736473083496,6.0775915703302,TRUE,0.130023875803958,0.697283254563129,0.600492554029761,-0.266554138199307,0.0589460402416756,0.492096003062245,0.28652507076661,-0.161825923755772,-0.161825923755772,1.00240022829983,-1.28369964849769,-0.463575057327678
Gansu,2003,TRUE,-0.560990182196483,0.527333351873582,0.560574412345868,0.12372143770154,1.29527817294542,1.21682609319168,0.453094001136791,0.0432783029973507,9.6021646033393,9.6021646033393,0.0165490259941173,101.736473083496,6.0775915703302,TRUE,-0.560990182196483,0.722336336905345,0.633015234808816,-0.253537154570068,-0.679679174015914,0.502872912483976,0.28652507076661,-0.161825923755772,-0.161825923755772,1.00240022829983,-1.28369964849769,-0.463575057327678
Gansu,2004,TRUE,-0.194942435033245,0.700449082159227,0.586836031505014,0.128220967081368,1.35595896988137,1.61629207994384,0.457675561854569,0.0432783029973507,9.6021646033393,9.6021646033393,0.0165490259941173,101.736473083496,6.0775915703302,TRUE,-0.194942435033245,0.793837636481333,0.716405237224221,-0.216386785871446,-0.288410584691818,0.551026506752694,0.28652507076661,-0.161825923755772,-0.161825923755772,1.00240022829983,-1.28369964849769,-0.463575057327678
Gansu,2005,TRUE,-0.724416562150193,0.450043770574754,0.634318760463153,0.138689742743606,1.46567382852785,1.03847974183323,0.457365301798712,0.0432783029973507,9.6021646033393,9.6021646033393,0.0165490259941173,101.736473083496,6.0775915703302,TRUE,-0.724416562150193,0.923116673213498,0.910423578714355,-0.149216483959686,-0.854365699580891,0.547765579359643,0.28652507076661,-0.161825923755772,-0.161825923755772,1.00240022829983,-1.28369964849769,-0.463575057327678
Gansu,2006,TRUE,0.773238480292436,1.15833291699809,0.78058564662935,0.157147678545058,1.80364199279518,2.67286283524129,0.496721080359796,0.0432783029973507,9.6021646033393,9.6021646033393,0.0165490259941173,101.736473083496,6.0775915703302,TRUE,0.773238480292436,1.32135077989363,1.25250542353283,0.0576964529976287,0.746478398741995,0.961406761851505,0.28652507076661,-0.161825923755772,-0.161825923755772,1.00240022829983,-1.28369964849769,-0.463575057327678
Gansu,2007,TRUE,0.455218052750131,1.0079308479063,0.707764182771965,0.150567730924426,1.63537877817273,2.32580881051351,0.470063657349801,0.0432783029973507,-1,-1,0.0165490259941173,101.736473083496,7.48905455618185,TRUE,0.455218052750131,1.12308313800622,1.13055892609742,-0.0453186815635989,0.406546231353893,0.681229151874212,0.28652507076661,-0.257917387242842,-0.257917387242842,1.00240022829983,-1.28369964849769,-0.286557659465444
Gansu,2008,TRUE,-0.904795777307876,0.364736649297899,0.438402874129155,0.10486962301562,1.01298536163951,0.841632850325355,0.418045628011706,0.0432783029973507,-20.7833455403646,-20.7833455403646,0.0165490259941173,101.736473083496,2.00429030371138,TRUE,-0.904795777307876,0.389705523064215,0.283633612979349,-0.426364186358308,-1.04717311775265,0.134503869006036,0.28652507076661,-0.437221397015082,-0.437221397015082,1.00240022829983,-1.28369964849769,-0.974424578819549
Gansu,2009,TRUE,0.24806154501797,0.909959885381883,0.491634368896491,0.115483893780011,1.13598347173314,2.09974000005187,0.425716827519708,0.0432783029973507,-6.57500076293945,-6.57500076293945,0.0165490259941173,101.736473083496,8.70856746804249,TRUE,0.24806154501797,0.534636459392695,0.480348422454416,-0.351061530988847,0.185116554002211,0.215130505084292,0.28652507076661,-0.308445746525593,-0.308445746525593,1.00240022829983,-1.28369964849769,-0.133613512519422
Gansu,2010,TRUE,-0.105737894659964,0.74263677289409,0.309192674500633,0.0835481839324949,0.714428831739452,1.71364052702251,0.37007707402767,0.0432783029973507,9.6021646033393,9.6021646033393,0.0165490259941173,101.736473083496,6.0775915703302,TRUE,-0.105737894659964,0.0379108703459073,-0.111517680978794,-0.609148291433192,-0.193059814352028,-0.36966019832616,0.28652507076661,-0.161825923755772,-0.161825923755772,1.00240022829983,-1.28369964849769,-0.463575057327678
Gansu,2011,TRUE,-0.619650581397575,0.499590966009325,0.0119812658855177,0.00428660729665079,0.0276842321803865,1.15281030718634,0.279504630500651,0.0432783029973507,-61.7249755859375,-61.7249755859375,0.0165490259941173,101.736473083496,3.19396471097484,TRUE,-0.619650581397575,-0.771292927638115,-1.58047643403055,-1.02959127115108,-0.742381299141582,-1.32160408081206,0.28652507076661,-0.808291013061808,-0.808291013061808,1.00240022829983,-1.28369964849769,-0.825222601872201
Gansu,2012,TRUE,-1.60974999823981,0.0313411681882796,-0.247251272201544,0.0770021492574394,0.571305377238752,0.0723200061348485,0.321096585726348,0.0432783029973507,9.6021646033393,9.6021646033393,0.0165490259941173,101.736473083496,6.0775915703302,TRUE,-1.60974999823981,-1.47709340601995,-0.232835668102388,-0.696772208266944,-1.80069897797084,-0.884460002592301,0.28652507076661,-0.161825923755772,-0.161825923755772,1.00240022829983,-1.28369964849769,-0.463575057327678
Gansu,2013,TRUE,0.593750564428225,1.07344731976909,-0.0269222940717496,0.00848345205223013,0.0622073699918356,2.47698861397797,0.317350695282969,0.0432783029973507,9.6021646033393,9.6021646033393,0.0165490259941173,101.736473083496,6.0775915703302,TRUE,0.593750564428225,-0.877213856512306,-1.50269610085308,-1.00845530453412,0.554623690756045,-0.923830448537852,0.28652507076661,-0.161825923755772,-0.161825923755772,1.00240022829983,-1.28369964849769,-0.463575057327678
Gansu,2014,TRUE,-0.33338117879925,0.634976956152147,0.0200407845633545,0.00641593506850248,0.0463067707728312,1.46521460491009,0.312359529037942,0.0432783029973507,7.34999847412109,7.34999847412109,0.0165490259941173,101.736473083496,2.69839406329463,TRUE,-0.33338117879925,-0.749349647753881,-1.54101349623222,-1.01819006665563,-0.436387815533693,-0.976289121268772,0.28652507076661,-0.18223816479044,-0.18223816479044,1.00240022829983,-1.28369964849769,-0.887374161912099
Gansu,2015,TRUE,0.313961230335665,0.941125962042039,-0.019775254385811,0.00657059927691846,0.0456932296698915,2.17165598103003,0.300965765105757,0.0432783029973507,-4.69374084472656,-4.69374084472656,0.0165490259941173,101.736473083496,5.24025274586377,TRUE,0.313961230335665,-0.857754941105416,-1.5381470967436,-1.01856569254285,0.255556755071548,-1.09604103974822,0.28652507076661,-0.291395170015612,-0.291395170015612,1.00240022829983,-1.28369964849769,-0.568589174822678
Gansu,2016,TRUE,0.446038879935992,1.00358972241802,0.0598367793219359,0.0192702457537578,0.138260456574739,2.31579162736135,0.310513836131371,0.0432783029973507,-126.868759155273,-126.868759155273,0.0165490259941173,101.736473083496,9.08272981094812,TRUE,0.446038879935992,-0.640998927795823,-1.30278391517928,-0.961893618631985,0.396734609711677,-0.995687914134879,0.28652507076661,-1.39871398181017,-1.39871398181017,1.00240022829983,-1.28369964849769,-0.0866882690074734
Gansu,2017,TRUE,0.891409239446216,1.21421966245098,0.218158023697993,0.065297691323227,0.504081742094527,2.80182196496258,0.334097606327457,0.0432783029973507,36.1625061035156,36.1625061035156,0.0165490259941173,101.736473083496,4.38775248188686,TRUE,0.891409239446216,-0.209944975837445,-0.449754970770057,-0.737928273397494,0.87279117239453,-0.747815328502142,0.28652507076661,0.0789005864386135,0.0789005864386135,1.00240022829983,-1.28369964849769,-0.675504751014714
Gansu,2018,TRUE,-0.430382571476109,0.589101883672899,0.113967486790246,0.0343773342643032,0.263336311493598,1.3593574938029,0.331519267648941,0.0432783029973507,12.5499877929688,12.5499877929688,0.0165490259941173,101.736473083496,3.62327483113145,TRUE,-0.430382571476109,-0.493619746508598,-1.02280349033043,-0.885318913615576,-0.54007264454651,-0.77491445088872,0.28652507076661,-0.135108677326358,-0.135108677326358,1.00240022829983,-1.28369964849769,-0.771381048032097
Gansu,2019,TRUE,0.014638931070833,0.799566838049119,0.109648806708204,0.0330918299885478,0.253357454230394,1.84500712562967,0.331347062843458,0.0432783029973507,98.8124961853027,98.8124961853027,0.0165490259941173,101.736473083496,4.27714513841111,TRUE,0.014638931070833,-0.505378017636043,-1.04662780518897,-0.891428230652237,-0.0643889752169355,-0.776724375681853,0.28652507076661,0.64672135320102,0.64672135320102,1.00240022829983,-1.28369964849769,-0.689376474412913
Gansu,2020,TRUE,-0.0146358143881505,0.785721871160692,0.0267845903124329,0.0083712736544791,0.0618891880166201,1.81305974944085,0.319958364974745,0.0432783029973507,19.5149978637695,19.5149978637695,0.0165490259941173,101.736473083496,6.75000294095048,TRUE,-0.0146358143881505,-0.730988598793989,-1.50477510869362,-1.00865010384938,-0.095680762824778,-0.896423048295973,0.28652507076661,-0.0719821332718899,-0.0719821332718899,1.00240022829983,-1.28369964849769,-0.379245172439935
Gansu,2021,TRUE,0.588572155863483,1.07099828412456,0.20561930111479,0.065612938906295,0.475109435615756,2.47133744386929,0.313382245243495,0.0432783029973507,246.833302815755,246.833302815755,0.0165490259941173,101.736473083496,5.87763169435058,TRUE,0.588572155863483,-0.244083577661224,-0.443912471589733,-0.755665876100239,0.549088487685488,-0.965540063415376,0.28652507076661,1.98829040705035,1.98829040705035,1.00240022829983,-1.28369964849769,-0.488652850566025
Gansu,2022,TRUE,0.662878689041925,1.10614022900981,0.353386572429112,0.110607164216518,0.816544429782159,2.55242777382841,0.319497000879023,0.0432783029973507,-0.374995549519856,-0.374995549519856,0.0165490259941173,101.736473083496,8.69141079883121,TRUE,0.662878689041925,0.158235558479782,0.389967750221867,-0.546630455334712,0.628514771932851,-0.901272125028568,0.28652507076661,-0.252252733412279,-0.252252733412279,1.00240022829983,-1.28369964849769,-0.135765201207122
Gansu,2023,TRUE,1.11613059445376,1.32049760510845,0.367465938840555,0.113044111214081,0.849076588938918,3.04705920113751,0.325064202720523,0.0432783029973507,3.9750015258789,3.9750015258789,0.0165490259941173,101.736473083496,14.2469020021376,TRUE,1.11613059445376,0.196568800216482,0.435131810473155,-0.526713417849006,1.11299592231092,-0.842759143273812,0.28652507076661,-0.212827049999678,-0.212827049999678,1.00240022829983,-1.28369964849769,0.56097187692635
Gansu,2024,TRUE,1.64441800294127,1.57034167935771,0.565650071416541,0.150870963133963,1.30700612602848,3.62357647943154,0.374923086369035,0.0432783029973507,-59.1450042724609,-59.1450042724609,0.0165490259941173,101.736473083496,19.0145370507671,TRUE,1.64441800294127,0.736155599821256,1.13617874376081,-0.246356995390951,1.67768255316298,-0.318727137196619,0.28652507076661,-0.784907748554809,-0.784907748554809,1.00240022829983,-1.28369964849769,1.15890066338755
Guangdong,2002,TRUE,-0.266078877730913,0.666806374826738,0.353600638253344,0.100457300610744,1.09981166236691,1.95717123041887,0.351990981345885,0.0321510173380375,71.2033365885417,71.2033365885417,0.00357122120546872,558.830200195313,5.91692193593073,TRUE,-0.266078877730913,0.158818385628963,0.201859821780275,-0.373206857390379,0.0454734223565996,-0.559750523993062,-0.0427575235601553,0.396489004378096,0.396489004378096,-0.862246681208508,1.62251686253596,-0.483725299227015
Guangdong,2003,TRUE,-0.324352106198195,0.63924709443123,0.370476245880116,0.103812890160874,1.15230022734556,1.87628083590945,0.356869214705425,0.0321510173380375,71.2033365885417,71.2033365885417,0.00357122120546872,558.830200195313,5.91692193593073,TRUE,-0.324352106198195,0.204764824389516,0.26404913027661,-0.341071987054436,-0.0337570292943611,-0.508478810179055,-0.0427575235601553,0.396489004378096,0.396489004378096,-0.862246681208508,1.62251686253596,-0.483725299227015
Guangdong,2004,TRUE,-1.24514493691661,0.20377460602791,0.312827042170918,0.088282689343562,0.97299267043975,0.598107353894741,0.354346978435961,0.0321510173380375,71.2033365885417,71.2033365885417,0.00357122120546872,558.830200195313,5.91692193593073,TRUE,-1.24514493691661,0.0478059956231252,-0.0237728560567429,-0.450848756409184,-1.28570125434711,-0.534988279211807,-0.0427575235601553,0.396489004378096,0.396489004378096,-0.862246681208508,1.62251686253596,-0.483725299227015
Guangdong,2005,TRUE,-1.40937388953728,0.126105462351152,0.317128998892636,0.0896033762618252,0.98637313886004,0.370137407544245,0.353925278402424,0.0321510173380375,71.2033365885417,71.2033365885417,0.00357122120546872,558.830200195313,5.91692193593073,TRUE,-1.40937388953728,0.0595187348285208,0.000703500470164002,-0.442656884181488,-1.50899305458788,-0.539420474607418,-0.0427575235601553,0.396489004378096,0.396489004378096,-0.862246681208508,1.62251686253596,-0.483725299227015
Guangdong,2006,TRUE,-0.513126070131203,0.549969826975175,0.438369614737379,0.121413862096289,1.36347043121012,1.61423940080649,0.361054007482049,0.0321510173380375,71.2033365885417,71.2033365885417,0.00357122120546872,558.830200195313,5.91692193593073,TRUE,-0.513126070131203,0.389614969251799,0.590248821023789,-0.211788073067409,-0.290421141027129,-0.464495367444731,-0.0427575235601553,0.396489004378096,0.396489004378096,-0.862246681208508,1.62251686253596,-0.483725299227015
Guangdong,2007,TRUE,-0.664856667500988,0.478211556711504,0.320844582148972,0.0994593817027717,0.997929797292556,1.40361870579412,0.322588554901534,0.0321510173380375,71.2033365885417,71.2033365885417,0.00357122120546872,558.830200195313,5.91692193593073,TRUE,-0.664856667500988,0.0696349820370743,0.183365340886504,-0.435581596061176,-0.496719712001783,-0.868778953546162,-0.0427575235601553,0.396489004378096,0.396489004378096,-0.862246681208508,1.62251686253596,-0.483725299227015
Guangdong,2008,TRUE,-2.0314362679199,-0.168087805471114,0.116378920418874,0.0345421749318371,0.361975856612125,0.493361535629872,0.336918334321818,0.0321510173380375,-36.8499755859375,-36.8499755859375,0.00357122120546872,558.830200195313,1.60384958197042,TRUE,-2.0314362679199,-0.487054247357793,-1.01974849001741,-0.824929207902158,-1.38829759523537,-0.718168620808012,-0.0427575235601553,-0.582839395994099,-0.582839395994099,-0.862246681208508,1.62251686253596,-1.0246455022665
Guangdong,2009,TRUE,-0.982389098597566,0.328040276804277,0.155035904475649,0.0461677919115588,0.482211504679909,0.962844712375161,0.335809658760902,0.0321510173380375,71.2033365885417,71.2033365885417,0.00357122120546872,558.830200195313,5.91692193593073,TRUE,-0.982389098597566,-0.381804659318395,-0.804290350691601,-0.751317803932781,-0.928448630946724,-0.729821137586592,-0.0427575235601553,0.396489004378096,0.396489004378096,-0.862246681208508,1.62251686253596,-0.483725299227015
Guangdong,2010,TRUE,-1.43216050043355,0.115328942575761,-0.052219458988693,0.0173352767716584,0.162419305242055,0.338506794423735,0.301232334946432,0.0321510173380375,71.2033365885417,71.2033365885417,0.00357122120546872,558.830200195313,5.91692193593073,TRUE,-1.43216050043355,-0.946089280993497,-1.33864479183327,-0.947102940515606,-1.53997457938738,-1.09323930978264,-0.0427575235601553,0.396489004378096,0.396489004378096,-0.862246681208508,1.62251686253596,-0.483725299227015
Guangdong,2011,TRUE,-2.58199305140149,-0.428463782033614,-0.378677845001145,0.112737636296315,1.17780983730532,1.25760193533025,0.335893014472863,0.0321510173380375,71.2033365885417,71.2033365885417,0.00357122120546872,558.830200195313,5.91692193593073,TRUE,-2.58199305140149,-1.83492247577543,0.429451895536419,-0.325454337596677,-0.639740088433744,-0.728945043744121,-0.0427575235601553,0.396489004378096,0.396489004378096,-0.862246681208508,1.62251686253596,-0.483725299227015
Guangdong,2012,TRUE,-1.67443258711682,0.000750695505448817,-0.519778251647934,0.153071363829908,1.6166774636801,0.00220339772014169,0.339565963641317,0.0321510173380375,71.2033365885417,71.2033365885417,0.00357122120546872,558.830200195313,5.91692193593073,TRUE,-1.67443258711682,-2.21909004689155,1.1769588796062,-0.0567681147225509,-1.86937673120251,-0.690341232745598,-0.0427575235601553,0.396489004378096,0.396489004378096,-0.862246681208508,1.62251686253596,-0.483725299227015
Guangdong,2013,TRUE,-1.56745650675868,0.0513431179908004,-0.413862568991502,0.13649384009095,1.28724564028606,0.150699329228378,0.303209704346902,0.0321510173380375,71.2033365885417,71.2033365885417,0.00357122120546872,558.830200195313,5.91692193593073,TRUE,-1.56745650675868,-1.93071830143596,0.869726805329585,-0.258454880851645,-1.72392806831637,-1.07245655698398,-0.0427575235601553,0.396489004378096,0.396489004378096,-0.862246681208508,1.62251686253596,-0.483725299227015
Guangdong,2014,TRUE,-0.685792118326212,0.468310509958574,-0.30214180265152,0.0990473139264291,0.939758140387239,1.37455773009349,0.305047952008013,0.0321510173380375,37.8499755859375,37.8499755859375,0.00357122120546872,558.830200195313,4.27033598817614,TRUE,-0.685792118326212,-1.62654132230434,0.175728468235206,-0.471195803701253,-0.525184330627303,-1.0531360159083,-0.0427575235601553,0.0941947662803996,0.0941947662803996,-0.862246681208508,1.62251686253596,-0.690230438043791
Guangdong,2015,TRUE,0.103177143585948,0.841439400949785,-0.14983974184308,0.0437997659616564,0.466049768402839,2.46974391645209,0.34210169518772,0.0321510173380375,71.2033365885417,71.2033365885417,0.00357122120546872,558.830200195313,5.91692193593073,TRUE,0.103177143585948,-1.21187552390432,-0.848177093729082,-0.761212440981415,0.54752766086855,-0.66368992425457,-0.0427575235601553,0.396489004378096,0.396489004378096,-0.862246681208508,1.62251686253596,-0.483725299227015
Guangdong,2016,TRUE,-0.160695843621282,0.716645394602129,-0.0211405072893518,0.00587307611834262,0.0657537740317186,2.10345581817798,0.359956296553461,0.0321510173380375,71.2033365885417,71.2033365885417,0.00357122120546872,558.830200195313,5.91692193593073,TRUE,-0.160695843621282,-0.861472052234836,-1.55107432823123,-1.00628410335865,0.188756120234642,-0.476032642608291,-0.0427575235601553,0.396489004378096,0.396489004378096,-0.862246681208508,1.62251686253596,-0.483725299227015
Guangdong,2017,TRUE,-0.0532075686465461,0.767480050363847,0.197337695530505,0.0536224198105714,0.613783674263511,2.2526627386891,0.368013409740977,0.0321510173380375,71.2033365885417,71.2033365885417,0.00357122120546872,558.830200195313,5.91692193593073,TRUE,-0.0532075686465461,-0.26663152332534,-0.666133360031309,-0.670765885412861,0.334901181996807,-0.391349936581217,-0.0427575235601553,0.396489004378096,0.396489004378096,-0.862246681208508,1.62251686253596,-0.483725299227015
Guangdong,2018,TRUE,-0.299629641632865,0.650939141550371,0.375211102621885,0.101747713142076,1.16702715399919,1.91059865156055,0.368766128530041,0.0321510173380375,71.2033365885417,71.2033365885417,0.00357122120546872,558.830200195313,5.91692193593073,TRUE,-0.299629641632865,0.217656200518726,0.225775101584217,-0.332055777930528,-0.000143445750836448,-0.383438633555945,-0.0427575235601553,0.396489004378096,0.396489004378096,-0.862246681208508,1.62251686253596,-0.483725299227015
Guangdong,2019,TRUE,0.749340900148402,1.14703098420174,0.552269186292367,0.129981760238869,1.7177347157814,3.36669853113208,0.42488206443539,0.0321510173380375,71.2033365885417,71.2033365885417,0.00357122120546872,558.830200195313,5.91692193593073,TRUE,0.749340900148402,0.699724080878821,0.749038104633712,0.00510177434953369,1.42607596889087,0.206356891604331,-0.0427575235601553,0.396489004378096,0.396489004378096,-0.862246681208508,1.62251686253596,-0.483725299227015
Guangdong,2020,TRUE,0.742109680088761,1.14361110810311,0.672593389238678,0.145675521177622,2.0919816694041,3.3566607100126,0.461706526808019,0.0321510173380375,71.2033365885417,71.2033365885417,0.00357122120546872,558.830200195313,5.91692193593073,TRUE,0.742109680088761,1.02732524015883,1.03989135885548,0.234225533651753,1.41624413279079,0.593393172357858,-0.0427575235601553,0.396489004378096,0.396489004378096,-0.862246681208508,1.62251686253596,-0.483725299227015
Guangdong,2021,TRUE,1.04979345564396,1.289124642649,0.91406059265143,0.178997851837423,2.84302230016845,3.78376356055717,0.510654504100775,0.0321510173380375,71.2033365885417,71.2033365885417,0.00357122120546872,558.830200195313,5.91692193593073,TRUE,1.04979345564396,1.6847568609726,1.65745577496202,0.694032222907863,1.83458245287548,1.10785127605247,-0.0427575235601553,0.396489004378096,0.396489004378096,-0.862246681208508,1.62251686253596,-0.483725299227015
Guangdong,2022,TRUE,-0.135307929357214,0.728652154245683,0.968508924756726,0.188351621380852,3.01237411735303,2.13869735969897,0.514202594942561,0.0321510173380375,91.10009765625,91.10009765625,0.00357122120546872,558.830200195313,4.86477564392231,TRUE,-0.135307929357214,1.83300082421345,1.8308096524401,0.797713828388912,0.223274473971425,1.14514278812628,-0.0427575235601553,0.576820942352957,0.576820942352957,-0.862246681208508,1.62251686253596,-0.615679307691041
Guangdong,2023,TRUE,0.926072241048431,1.23061290864021,0.954846177782256,0.187510338885461,2.96987858189043,3.61202332715932,0.509223215881188,0.0321510173380375,74.1416829427083,74.1416829427083,0.00357122120546872,558.830200195313,17.0046426286126,TRUE,0.926072241048431,1.79580189300771,1.81521812199311,0.771696951712962,1.6663664818535,1.09280800227457,-0.0427575235601553,0.423120358631437,0.423120358631437,-0.862246681208508,1.62251686253596,0.906831509499725
Guangdong,2024,TRUE,1.28961749404157,1.4025451290992,1.07596376964018,0.198433332742989,3.3465932300911,4.11666876572729,0.5422293496596,0.0321510173380375,189.77490234375,189.77490234375,0.00357122120546872,558.830200195313,13.0238905603336,TRUE,1.28961749404157,2.12556317569464,2.01765451195119,1.00233149808517,2.16065614707057,1.43971249012244,-0.0427575235601553,1.47114835061978,1.47114835061978,-0.862246681208508,1.62251686253596,0.407588964902445
Guangxi,2002,TRUE,-0.663322425409637,0.478937149047852,0.232666492462158,0.0718609001936049,1.27825749436428,1.4676483924893,0.323773417582185,0.0182018484920263,316.300048828125,316.300048828125,0.0184285914879468,495.694396972656,3.26891034321184,TRUE,-0.663322425409637,-0.170443436910659,-0.328118693427971,-0.263957658530448,-0.434003971440797,-0.856325687006046,-0.455546288668587,2.61789403402204,2.61789403402204,1.27245560718434,1.22109740985077,-0.815823360848726
Guangxi,2003,TRUE,-0.443772421167003,0.582769393920898,0.288780621119898,0.0851209282464901,1.5865455711622,1.78583049128752,0.339259248070765,0.0182018484920263,-230.174987792969,-230.174987792969,0.0184285914879468,495.694396972656,7.84832676394165,TRUE,-0.443772421167003,-0.0176640862054184,-0.0823699321651421,-0.0752156462836278,-0.122351252376633,-0.693564906521862,-0.455546288668587,-2.33501775264575,-2.33501775264575,1.27245560718434,1.22109740985077,-0.241499849250545
Guangxi,2004,TRUE,-1.31441050974277,0.171016693115234,0.25622381482804,0.075922711350999,1.40768018665952,0.524061195165992,0.337479800534901,0.0182018484920263,-560.174987792969,-560.174987792969,0.0184285914879468,495.694396972656,9.05158413127919,TRUE,-1.31441050974277,-0.106305001520073,-0.252840944660619,-0.18472170614486,-1.3582279200245,-0.712267440427387,-0.455546288668587,-5.32593367756411,-5.32593367756411,1.27245560718434,1.22109740985077,-0.0905943772263283
Guangxi,2005,TRUE,-1.4992684030244,0.0835914611816406,0.309953962053564,0.09390140384556,1.70287079463025,0.256156520480747,0.330084481551891,0.0182018484920263,-27.2833658854167,-27.2833658854167,0.0184285914879468,495.694396972656,1.40762365282313,TRUE,-1.4992684030244,0.039983592863728,0.0803590600484469,-0.00399830638367316,-1.62063495244717,-0.789994488420832,-0.455546288668587,-0.496133561749353,-0.496133561749353,1.27245560718434,1.22109740985077,-1.0492550058234
Guangxi,2006,TRUE,-0.582355345701069,0.517229080200195,0.428516047341494,0.124769084118018,2.35424466657446,1.58498965806616,0.343447297357865,0.0182018484920263,-128.700032552083,-128.700032552083,0.0184285914879468,495.694396972656,6.17824163041287,TRUE,-0.582355345701069,0.362787115645522,0.652431318097938,0.394789790102913,-0.31907065302476,-0.649547236873643,-0.455546288668587,-1.41531151140229,-1.41531151140229,1.27245560718434,1.22109740985077,-0.450952117931388
Guangxi,2007,TRUE,-0.670122111422222,0.47572135925293,0.384031500135155,0.116237193562838,2.10984889970591,1.45779397060433,0.330386073823734,0.0182018484920263,25.6715741838728,25.6715741838728,0.0184285914879468,495.694396972656,4.56246216940262,TRUE,-0.670122111422222,0.241671090124494,0.494309364901217,0.245164318685116,-0.443656171821824,-0.786824662069616,-0.455546288668587,-0.0161827327907621,-0.0161827327907621,1.27245560718434,1.22109740985077,-0.65359368811376
Guangxi,2008,TRUE,-2.08048426898978,-0.1912841796875,0.161835057394843,0.0492589780135009,0.889113308825407,0.5861686014232,0.328539210355698,0.0182018484920263,194.758341471354,194.758341471354,0.0184285914879468,495.694396972656,1.77711703777104,TRUE,-2.08048426898978,-0.363292919170456,-0.74700124448795,-0.502201892286207,-1.29739501299677,-0.806235757892145,-0.455546288668587,1.51631516106709,1.51631516106709,1.27245560718434,1.22109740985077,-1.00291531559672
Guangxi,2009,TRUE,-0.603133508415681,0.507402420043945,0.237323897225523,0.0703827123016901,1.30384503161581,1.55487697624448,0.337190610399117,0.0182018484920263,25.6715741838728,25.6715741838728,0.0184285914879468,495.694396972656,4.56246216940262,TRUE,-0.603133508415681,-0.157762935711782,-0.3555140233551,-0.248292299949423,-0.348565395826089,-0.715306916562893,-0.455546288668587,-0.0161827327907621,-0.0161827327907621,1.27245560718434,1.22109740985077,-0.65359368811376
Guangxi,2010,TRUE,-1.23497194782706,0.208585739135742,0.110509395599392,0.0349053272996588,0.607132817569616,0.639187261517228,0.316597505735098,0.0182018484920263,-65.2249755859375,-65.2249755859375,0.0184285914879468,495.694396972656,1.36787024055687,TRUE,-1.23497194782706,-0.50303493194328,-1.01301816907194,-0.674837713582829,-1.24546434297526,-0.931746699381126,-0.455546288668587,-0.840012848629124,-0.840012848629124,1.27245560718434,1.22109740985077,-1.05424064530956
Guangxi,2011,TRUE,-2.3852118346712,-0.335399627685547,-0.210191454206148,0.066589625153953,1.15478081414768,1.02779399216122,0.315651955871793,0.0182018484920263,25.6715741838728,25.6715741838728,0.0184285914879468,495.694396972656,4.56246216940262,TRUE,-2.3852118346712,-1.37619234837143,-0.42581149664857,-0.339553307028118,-0.864832168163188,-0.941684715547048,-0.455546288668587,-0.0161827327907621,-0.0161827327907621,1.27245560718434,1.22109740985077,-0.65359368811376
Guangxi,2012,TRUE,-1.86337828000433,-0.0886077880859375,-0.358699526105615,0.110730906924607,1.97067636434151,0.271528483444841,0.323938036875144,0.0182018484920263,25.6715741838728,25.6715741838728,0.0184285914879468,495.694396972656,4.56246216940262,TRUE,-1.86337828000433,-1.78052842810771,0.392261080002686,0.159959257733676,-1.60557843583857,-0.854595488252772,-0.455546288668587,-0.0161827327907621,-0.0161827327907621,1.27245560718434,1.22109740985077,-0.65359368811376
Guangxi,2013,TRUE,-1.17156870713676,0.238571166992188,-0.190503665379106,0.0684389464725027,1.04661713596045,0.731074192984344,0.278355636955408,0.0182018484920263,71.2250162760417,71.2250162760417,0.0184285914879468,495.694396972656,2.2721224579572,TRUE,-1.17156870713676,-1.32258931352501,-0.391537932414922,-0.405773935750186,-1.1554630130879,-1.33368035184789,-0.455546288668587,0.396685495658675,0.396685495658675,1.27245560718434,1.22109740985077,-0.940834643069428
Guangxi,2014,TRUE,-0.905021822049141,0.364629745483398,-0.122478961944559,0.0437386498992587,0.672892986655799,1.11736636190446,0.280024560032511,0.0182018484920263,16.7250162760417,16.7250162760417,0.0184285914879468,495.694396972656,3.20685691164559,TRUE,-0.905021822049141,-1.13738159006492,-0.84930976076173,-0.634577620594695,-0.777097903134016,-1.3161394635631,-0.455546288668587,-0.0972688010323871,-0.0972688010323871,1.27245560718434,1.22109740985077,-0.823605737782721
Guangxi,2015,TRUE,-0.0843569893345459,0.752748489379883,-0.0479739052908701,0.0157047215829629,0.263566116990184,2.30671208650961,0.305474408046265,0.0182018484920263,163.824951171875,163.824951171875,0.0184285914879468,495.694396972656,6.72028379020424,TRUE,-0.0843569893345459,-0.934530107700548,-1.36886395247112,-0.885178220688683,0.387841389115715,-1.04865383345904,-0.455546288668587,1.23595404089004,1.23595404089004,1.27245560718434,1.22109740985077,-0.382972373779615
Guangxi,2016,TRUE,-0.334711265086152,0.634347915649414,0.0234232630048435,0.00734169271242798,0.12868617720395,1.9438870017343,0.319044448226398,0.0182018484920263,25.6715741838728,25.6715741838728,0.0184285914879468,495.694396972656,4.56246216940262,TRUE,-0.334711265086152,-0.740140329665434,-1.52385638364415,-0.967755242516455,0.0324617978627846,-0.906028590818747,-0.455546288668587,-0.0161827327907621,-0.0161827327907621,1.27245560718434,1.22109740985077,-0.65359368811376
Guangxi,2017,TRUE,-0.392645719161345,0.606948852539063,0.15484755379815,0.0474993123741317,0.850724330916085,1.85992569071559,0.325999569380042,0.0182018484920263,407.449951171875,407.449951171875,0.0184285914879468,495.694396972656,3.19352940111244,TRUE,-0.392645719161345,-0.382317473023277,-0.779613215547668,-0.525704627176125,-0.0497765523586931,-0.832928155671664,-0.455546288668587,3.44402038091499,3.44402038091499,1.27245560718434,1.22109740985077,-0.825277195878476
Guangxi,2018,TRUE,-0.58562613179609,0.515682220458984,0.288549695696144,0.0895254902306997,1.58527687900792,1.5802494824145,0.322310098445232,0.0182018484920263,25.6715741838728,25.6715741838728,0.0184285914879468,495.694396972656,4.56246216940262,TRUE,-0.58562613179609,-0.0182928162088308,-0.000739965229337753,-0.0759923727552051,-0.32371355605501,-0.871705615451185,-0.455546288668587,-0.0161827327907621,-0.0161827327907621,1.27245560718434,1.22109740985077,-0.65359368811376
Guangxi,2019,TRUE,0.151071048022887,0.864089965820313,0.394106115613665,0.112193697441351,2.16519830821749,2.64790537093127,0.35127295436509,0.0182018484920263,16.5999755859375,16.5999755859375,0.0184285914879468,495.694396972656,11.4787469618337,TRUE,0.151071048022887,0.26910078115293,0.419371049607813,0.279050672149231,0.722033083802712,-0.567297205579761,-0.455546288668587,-0.0984020925211612,-0.0984020925211612,1.27245560718434,1.22109740985077,0.21380612973663
Guangxi,2020,TRUE,0.0786055923442856,0.829818725585938,0.441363470894987,0.121116380229181,2.42482773707481,2.54288505513704,0.364412699636353,0.0182018484920263,25.6715741838728,25.6715741838728,0.0184285914879468,495.694396972656,4.56246216940262,TRUE,0.0786055923442856,0.39776620336708,0.584735574743436,0.438002589297634,0.619167878318588,-0.429194493084537,-0.455546288668587,-0.0161827327907621,-0.0161827327907621,1.27245560718434,1.22109740985077,-0.65359368811376
Guangxi,2021,TRUE,0.560447636631086,1.05769729614258,0.642835957663456,0.159795863640629,3.53170700187436,3.24119300311122,0.402285730692725,0.0182018484920263,-133.922912597656,-133.922912597656,0.0184285914879468,495.694396972656,13.8795048738119,TRUE,0.560447636631086,0.946306053307549,1.30158436999023,1.11566298383015,1.30314592595942,-0.0311374370821054,-0.455546288668587,-1.46264846625757,-1.46264846625757,1.27245560718434,1.22109740985077,0.514895086893468
Guangxi,2022,TRUE,-0.236442493210329,0.680822372436523,0.718927928379606,0.176456283561366,3.94975229408456,2.08630268598643,0.407425518587207,0.0182018484920263,25.6715741838728,25.6715741838728,0.0184285914879468,495.694396972656,4.56246216940262,TRUE,-0.236442493210329,1.15347815341806,1.6103527633383,1.37160122990699,0.171954985575732,0.0228832943114074,-0.455546288668587,-0.0161827327907621,-0.0161827327907621,1.27245560718434,1.22109740985077,-0.65359368811376
Guangxi,2023,TRUE,0.8314389191006,1.18585777282715,0.723380701882433,0.176681075994002,3.97421559793404,3.63392619985888,0.409427380840147,0.0182018484920263,25.6715741838728,25.6715741838728,0.0184285914879468,495.694396972656,4.56246216940262,TRUE,0.8314389191006,1.16560151451931,1.61451885270412,1.38657830343742,1.68781988811965,0.0439234744264244,-0.455546288668587,-0.0161827327907621,-0.0161827327907621,1.27245560718434,1.22109740985077,-0.65359368811376
Guangxi,2024,TRUE,1.06831481368135,1.29788398742676,0.906281130654415,0.199587848772633,4.97906095115245,3.9772177864494,0.454076305861102,0.0182018484920263,318,318,0.0184285914879468,495.694396972656,13.8168962250196,TRUE,1.06831481368135,1.66357607849998,2.03905121511136,2.00177087245665,2.02406682594828,0.513197233399155,-0.455546288668587,2.63330134017824,2.63330134017824,1.27245560718434,1.22109740985077,0.50704307787589
Guizhou,2002,TRUE,-0.739086573138367,0.443105851450275,0.253923211778899,0.0741942961263494,1.4611304918546,1.34217080297987,0.342240879738895,0.0173785444349051,68.7006332201836,68.7006332201836,0.00441322620023696,380.364501953125,2.84767306088447,TRUE,-0.739086573138367,-0.112568747362445,-0.28487375022569,-0.151998033330426,-0.556906649183928,-0.662227052360338,-0.479909795111123,0.373806048742432,0.373806048742432,-0.741267668435988,0.487826255071728,-0.868652466781786
Guizhou,2003,TRUE,-0.689216159503364,0.466691170969318,0.335442100252416,0.094263439188043,1.93020826058755,1.41361090500923,0.355855995857793,0.0173785444349051,68.7006332201836,68.7006332201836,0.00441322620023696,380.364501953125,2.84767306088447,TRUE,-0.689216159503364,0.1093789714939,0.0870686791076014,0.13518362770066,-0.486932561604002,-0.519128047916965,-0.479909795111123,0.373806048742432,0.373806048742432,-0.741267668435988,0.487826255071728,-0.868652466781786
Guizhou,2004,TRUE,-1.47446091961682,0.0953237164405092,0.27713877814155,0.0787330153758333,1.59471801093372,0.288736220971213,0.35199817613821,0.0173785444349051,68.7006332201836,68.7006332201836,0.00441322620023696,380.364501953125,2.84767306088447,TRUE,-1.47446091961682,-0.0493607952836772,-0.200757440001313,-0.0702122652140002,-1.58872381639489,-0.559674904541132,-0.479909795111123,0.373806048742432,0.373806048742432,-0.741267668435988,0.487826255071728,-0.868652466781786
Guizhou,2005,TRUE,-1.62892389377992,0.0222732174781068,0.329150881086073,0.0955046629630385,1.89400718983673,0.067465735534054,0.344643780601015,0.0173785444349051,68.7006332201836,68.7006332201836,0.00441322620023696,380.364501953125,2.84767306088447,TRUE,-1.62892389377992,0.092250159154306,0.110072341237015,0.113020386715255,-1.80545363462036,-0.636971834693246,-0.479909795111123,0.373806048742432,0.373806048742432,-0.741267668435988,0.487826255071728,-0.868652466781786
Guizhou,2006,TRUE,-0.59546639603626,0.511028443613361,0.395112344196873,0.110284516327493,2.27356408171495,1.54790882193319,0.358266379863858,0.0173785444349051,68.7006332201836,68.7006332201836,0.00441322620023696,380.364501953125,2.84767306088447,TRUE,-0.59546639603626,0.271840393319792,0.383988100802143,0.345395028898392,-0.355390557411781,-0.493794180134863,-0.479909795111123,0.373806048742432,0.373806048742432,-0.741267668435988,0.487826255071728,-0.868652466781786
Guizhou,2007,TRUE,-0.690413968961096,0.466124688425373,0.360079390662057,0.103349485718669,2.07197669523365,1.41189502531955,0.34840946537677,0.0173785444349051,68.7006332201836,68.7006332201836,0.00441322620023696,380.364501953125,2.84767306088447,TRUE,-0.690413968961096,0.176457786080504,0.255460832636411,0.221977965990058,-0.488613229915939,-0.59739334430416,-0.479909795111123,0.373806048742432,0.373806048742432,-0.741267668435988,0.487826255071728,-0.868652466781786
Guizhou,2008,TRUE,-1.97326588167878,-0.140577162465741,0.129392828260148,0.0391725134765533,0.744555038799804,0.425809233639626,0.330315358338179,0.0173785444349051,143.099975585938,143.099975585938,0.00441322620023696,380.364501953125,0.482897097272772,TRUE,-1.97326588167878,-0.451621880542392,-0.933934194824883,-0.590704240657714,-1.45446366389172,-0.787567903294537,-0.479909795111123,1.04811567869755,1.04811567869755,-0.741267668435988,0.487826255071728,-1.16522877930416
Guizhou,2009,TRUE,-0.630360158421126,0.494526063242267,0.204684768404279,0.0603522936203053,1.17780156543586,1.49792299339751,0.33914994132951,0.0173785444349051,-190.75,-190.75,0.00441322620023696,380.364501953125,4.54552603483562,TRUE,-0.630360158421126,-0.24662798678135,-0.541408273055539,-0.325459401851199,-0.404350632276642,-0.694713753561869,-0.479909795111123,-1.9776940440709,-1.9776940440709,-0.741267668435988,0.487826255071728,-0.655717718641621
Guizhou,2010,TRUE,-1.30860665651982,0.17376152161629,0.112096684319663,0.0339529904346068,0.645029189524732,0.526324895578394,0.33015261066786,0.0173785444349051,-46.6417236328125,-46.6417236328125,0.00441322620023696,380.364501953125,3.60570853196956,TRUE,-1.30860665651982,-0.498713294133596,-1.03066787569082,-0.65163656492358,-1.35601067275844,-0.789278430725574,-0.479909795111123,-0.671585744982543,-0.671585744982543,-0.741267668435988,0.487826255071728,-0.773584110102358
Guizhou,2011,TRUE,-2.03733255555358,-0.170876349172284,-0.164127417973067,0.0536649577516839,0.944425573659754,0.517585687546648,0.305837225722809,0.0173785444349051,68.7006332201836,68.7006332201836,0.00441322620023696,380.364501953125,2.84767306088447,TRUE,-2.03733255555358,-1.25077592090665,-0.665345002247044,-0.468338279151383,-1.36457054446664,-1.04484050951421,-0.479909795111123,0.373806048742432,0.373806048742432,-0.741267668435988,0.487826255071728,-0.868652466781786
Guizhou,2012,TRUE,-2.24059517429098,-0.267005766591717,-0.347751038415104,0.105216342579264,2.00103662143673,0.808762382563296,0.330510479541833,0.0173785444349051,31.6500244140625,31.6500244140625,0.00441322620023696,380.364501953125,0.458845500618186,TRUE,-2.24059517429098,-1.75071948550142,0.290059383945389,0.178546600053239,-1.07936905427344,-0.785517120198393,-0.479909795111123,0.0380022429662264,0.0380022429662264,-0.741267668435988,0.487826255071728,-1.16824518929642
Guizhou,2013,TRUE,-0.627026860384707,0.496102486887287,-0.0975178650447336,0.033514399838783,0.561139429196772,1.50269799192788,0.290973031036902,0.0173785444349051,68.7006332201836,68.7006332201836,0.00441322620023696,380.364501953125,2.84767306088447,TRUE,-0.627026860384707,-1.06942116247803,-1.03879629707842,-0.702996067164665,-0.399673620964133,-1.20106770896155,-0.479909795111123,0.373806048742432,0.373806048742432,-0.741267668435988,0.487826255071728,-0.868652466781786
Guizhou,2014,TRUE,-1.16835809122467,0.240089570322345,-0.0294712611606935,0.01031201838721,0.169584174733875,0.727233030960768,0.285795273573666,0.0173785444349051,219.712524414063,219.712524414063,0.00441322620023696,380.364501953125,1.23144203974424,TRUE,-1.16835809122467,-0.884153811673922,-1.46880718976511,-0.942716420286157,-1.15922535104951,-1.25548751205158,-0.479909795111123,1.74248444336004,1.74248444336004,-0.741267668435988,0.487826255071728,-1.07135066898355
Guizhou,2015,TRUE,-0.299722401287838,0.650895272531818,-0.0242412090301477,0.00842140278378323,0.13948929452031,1.97156645016201,0.287852388165402,0.0173785444349051,229.550048828125,229.550048828125,0.00441322620023696,380.364501953125,1.30503618628481,TRUE,-0.299722401287838,-0.869914189892873,-1.50384606303998,-0.961141291947861,0.0595732393840836,-1.23386661307924,-0.479909795111123,1.83164568103214,1.83164568103214,-0.741267668435988,0.487826255071728,-1.06212092335856
Guizhou,2016,TRUE,-0.360574751466299,0.622116242685626,0.0601313454764155,0.0198171781428907,0.346009101634777,1.88439456229093,0.303430412962137,0.0173785444349051,47.4124755859375,47.4124755859375,0.00441322620023696,380.364501953125,5.69365131326857,TRUE,-0.360574751466299,-0.640196926109303,-1.29264758993262,-0.83470447230673,-0.0258098037965042,-1.07013684242287,-0.479909795111123,0.180863352741102,0.180863352741102,-0.741267668435988,0.487826255071728,-0.511726589405296
Guizhou,2017,TRUE,-0.563799056433166,0.526004945078205,0.171677861894895,0.0558362047168803,0.987872503004786,1.59327275231486,0.30746692538541,0.0173785444349051,53.4749755859375,53.4749755859375,0.00441322620023696,380.364501953125,5.12421976595052,TRUE,-0.563799056433166,-0.336494369204392,-0.625105173947692,-0.441738934292834,-0.310957535238995,-1.02771187122546,-0.479909795111123,0.235810103634488,0.235810103634488,-0.741267668435988,0.487826255071728,-0.583141349676949
Guizhou,2018,TRUE,-0.766015104280733,0.430370484628986,0.263093744005474,0.0859716913153667,1.51389976871162,1.30359528551192,0.306023692194652,0.0173785444349051,71.5749918619792,71.5749918619792,0.00441322620023696,380.364501953125,1.81695714866518,TRUE,-0.766015104280733,-0.0876005621172777,-0.066602697776894,-0.119691303851128,-0.59469056271521,-1.04288069027728,-0.479909795111123,0.399857457941442,0.399857457941442,-0.741267668435988,0.487826255071728,-0.997918802877853
Guizhou,2019,TRUE,-0.477443850679037,0.566845094003986,0.283820458820888,0.0914804537107107,1.63316588385176,1.71697785640709,0.31025257014839,0.0173785444349051,57.137451171875,57.137451171875,0.00441322620023696,380.364501953125,5.1822394379359,TRUE,-0.477443850679037,-0.0311688913866146,0.0354914704516931,-0.0466734732615705,-0.189790969935433,-0.99843389894566,-0.479909795111123,0.269004517436322,0.269004517436322,-0.741267668435988,0.487826255071728,-0.575864863178456
Guizhou,2020,TRUE,-0.391251982578235,0.607607995310138,0.277026278632055,0.0897865441509407,1.59407066379877,1.84044897690528,0.30853874737215,0.0173785444349051,101.400024414063,101.400024414063,0.00441322620023696,380.364501953125,1.88079236228961,TRUE,-0.391251982578235,-0.0496670925108897,0.00409816009484462,-0.0706085880369317,-0.0688535866744011,-1.01644669670152,-0.479909795111123,0.670173108914883,0.670173108914883,-0.741267668435988,0.487826255071728,-0.989912965302907
Guizhou,2021,TRUE,0.23128629316469,0.902026330271076,0.462576219013801,0.136678291417958,2.66176618385087,2.73224422572262,0.338441616598247,0.0173785444349051,165.662475585938,165.662475585938,0.00441322620023696,380.364501953125,3.85493033750029,TRUE,0.23128629316469,0.455521174562185,0.87314525097274,0.583062494590252,0.804641230262738,-0.702158461560037,-0.479909795111123,1.25260822583685,1.25260822583685,-0.741267668435988,0.487826255071728,-0.742328174985535
Guizhou,2022,TRUE,-0.111152105292931,0.740076218881915,0.580844776970998,0.165495141760683,3.3423097034776,2.24169617645981,0.350973914274135,0.0173785444349051,68.7006332201836,68.7006332201836,0.00441322620023696,380.364501953125,2.84767306088447,TRUE,-0.111152105292931,0.777525524014974,1.40720937564706,0.999709011218524,0.324159663380726,-0.570440207734911,-0.479909795111123,0.373806048742432,0.373806048742432,-0.741267668435988,0.487826255071728,-0.868652466781786
Guizhou,2023,TRUE,0.904144665217816,1.22024265412361,0.636027574539121,0.168070982537283,3.65984376264361,3.69612375362453,0.378427950463151,0.0173785444349051,68.7006332201836,68.7006332201836,0.00441322620023696,380.364501953125,2.84767306088447,TRUE,0.904144665217816,0.927769182505672,1.45494756123272,1.19411165535055,1.74874109274876,-0.281889951365999,-0.479909795111123,0.373806048742432,0.373806048742432,-0.741267668435988,0.487826255071728,-0.868652466781786
Guizhou,2024,TRUE,1.08404999952943,1.30532566193611,0.845338480813109,0.194722892823997,4.86426515166158,3.95384079469245,0.434123830307503,0.0173785444349051,9.8249880472819,9.8249880472819,0.00441322620023696,380.364501953125,15.8905676180888,TRUE,1.08404999952943,1.49765033580866,1.94888874387018,1.93148988585984,2.00116955085923,0.303490657049231,-0.479909795111123,-0.159806389855975,-0.159806389855975,-0.741267668435988,0.487826255071728,0.767110764880078
Hainan,2002,TRUE,-0.258993367087217,0.670157340265089,0.308635030473983,0.0945510738915356,0.258819734186992,1.82024122176771,0.326421496627351,0.119247101247311,128.022930386966,128.022930386966,0.0152593020365477,494.578582763672,11.2343332108603,TRUE,-0.258993367087217,0.0363925986672025,0.0923994274135316,-0.888084080203176,-0.0886466606989721,-0.82849357219032,2.53462076467886,0.91146666479961,0.91146666479961,0.817093095794299,1.21400302748441,0.183153192583656
Hainan,2003,TRUE,-0.0480659777288681,0.769911673761182,0.343789986201692,0.10131885003376,0.288300497543076,2.09118796661382,0.339314931118088,0.119247101247311,128.022930386966,128.022930386966,0.0152593020365477,494.578582763672,11.2343332108603,TRUE,-0.0480659777288681,0.132107375651626,0.21782696020777,-0.870035186920654,0.176740015898519,-0.692979660787142,2.53462076467886,0.91146666479961,0.91146666479961,0.817093095794299,1.21400302748441,0.183153192583656
Hainan,2004,TRUE,-0.904491673950926,0.36488046953755,0.307935987200046,0.0918662098768354,0.258233520126755,0.991066473147163,0.335200491685566,0.119247101247311,128.022930386966,128.022930386966,0.0152593020365477,494.578582763672,11.2343332108603,TRUE,-0.904491673950926,0.0344893457777499,0.0426407087185017,-0.888442975761142,-0.9008060058129,-0.736223668513175,2.53462076467886,0.91146666479961,0.91146666479961,0.817093095794299,1.21400302748441,0.183153192583656
Hainan,2005,TRUE,-1.05168914731232,0.295266059137159,0.337371281215113,0.101018993920485,0.282917804865904,0.801983981877692,0.333968165908154,0.119247101247311,128.022930386966,128.022930386966,0.0152593020365477,494.578582763672,11.2343332108603,TRUE,-1.05168914731232,0.114631463547576,0.212269711904786,-0.873330611958651,-1.08600835614665,-0.749175786611735,2.53462076467886,0.91146666479961,0.91146666479961,0.817093095794299,1.21400302748441,0.183153192583656
Hainan,2006,TRUE,-0.176279986048013,0.70927515337544,0.501840591430678,0.144376095549997,0.420840914522436,1.9264906823805,0.347592577233044,0.119247101247311,-223.115156693892,-223.115156693892,0.0152593020365477,494.578582763672,19.9104749229376,TRUE,-0.176279986048013,0.562424470883295,1.0158090388884,-0.788890482057109,0.015422466458542,-0.60597908673103,2.53462076467886,-2.2710318094292,-2.2710318094292,0.817093095794299,1.21400302748441,1.27126392928088
Hainan,2007,TRUE,-0.714269852794599,0.454842475152784,0.405654907226576,0.125244281802113,0.34018009912482,1.23541588361393,0.323890960441222,0.119247101247311,-178.275024414063,-178.275024414063,0.0152593020365477,494.578582763672,11.9536427388738,TRUE,-0.714269852794599,0.30054414356906,0.661238180478285,-0.838273139880735,-0.661470862631302,-0.855090275867372,2.53462076467886,-1.86462858000136,-1.86462858000136,0.817093095794299,1.21400302748441,0.273364768928772
Hainan,2008,TRUE,-2.21249153573828,-0.253714653753466,0.156822272709435,0.0449748429649534,0.13151034370571,0.689124543716706,0.348688872202707,0.119247101247311,128.022930386966,128.022930386966,0.0152593020365477,494.578582763672,11.2343332108603,TRUE,-2.21249153573828,-0.376940996896709,-0.8263993330187,-0.966026214024667,-1.19655181823259,-0.594456693725707,2.53462076467886,0.91146666479961,0.91146666479961,0.817093095794299,1.21400302748441,0.183153192583656
Hainan,2009,TRUE,-0.844697993747735,0.393158820367628,0.194913796016163,0.0559254164035476,0.163453697387515,1.06787443565363,0.348524532405267,0.119247101247311,283.487487792969,283.487487792969,0.0152593020365477,494.578582763672,6.06488640710457,TRUE,-0.844697993747735,-0.273230962768384,-0.623451809309154,-0.946469658628696,-0.825574211028307,-0.596183954896212,2.53462076467886,2.32050127239354,2.32050127239354,0.817093095794299,1.21400302748441,-0.465168464279302
Hainan,2010,TRUE,-1.2108566491941,0.219990637994581,0.0240438325064888,0.00747768084927067,0.0201630331093948,0.597525392353856,0.321541303930267,0.119247101247311,128.022930386966,128.022930386966,0.0152593020365477,494.578582763672,11.2343332108603,TRUE,-1.2108566491941,-0.738450733697419,-1.52133610872149,-1.03419594565524,-1.28627127351944,-0.87978587923684,2.53462076467886,0.91146666479961,0.91146666479961,0.817093095794299,1.21400302748441,0.183153192583656
Hainan,2011,TRUE,-2.79905519746445,-0.531119438909716,-0.355291843414236,0.0960171779887879,0.297945895286279,1.44259480318933,0.370029458120216,0.119247101247311,152.200073242188,152.200073242188,0.0152593020365477,494.578582763672,1.76102003909687,TRUE,-2.79905519746445,-1.77125048757024,0.119570807771488,-0.864130022511177,-0.458543438799719,-0.370160655971386,2.53462076467886,1.13059333626843,1.13059333626843,0.817093095794299,1.21400302748441,-1.00493410662933
Hainan,2012,TRUE,-1.7204338303187,-0.0210047691099113,-0.517151015145419,0.137717571033451,0.433680156361103,0.057051895562988,0.37551563773936,0.119247101247311,128.022930386966,128.022930386966,0.0152593020365477,494.578582763672,11.2343332108603,TRUE,-1.7204338303187,-2.21193699120656,0.892406271921903,-0.781029962878023,-1.81565377333068,-0.312499242374821,2.53462076467886,0.91146666479961,0.91146666479961,0.817093095794299,1.21400302748441,0.183153192583656
Hainan,2013,TRUE,-1.62181015193688,0.0256375343568855,-0.446647371564568,0.125925107616706,0.374556166894364,0.0696351350004306,0.354692864685956,0.119247101247311,128.022930386966,128.022930386966,0.0152593020365477,494.578582763672,11.2343332108603,TRUE,-1.62181015193688,-2.01997997171268,0.673855959257085,-0.817227213384493,-1.80332875316102,-0.531352909700986,2.53462076467886,0.91146666479961,0.91146666479961,0.817093095794299,1.21400302748441,0.183153192583656
Hainan,2014,TRUE,-0.7717606737373,0.427653220392042,-0.366411004747635,0.103197845072034,0.307270366252109,1.16156605860855,0.35505683717705,0.119247101247311,73.2750244140625,73.2750244140625,0.0152593020365477,494.578582763672,9.123969751562,TRUE,-0.7717606737373,-1.80152411543436,0.252650468969078,-0.858421337856528,-0.733805223528001,-0.527527448304588,2.53462076467886,0.415265501677519,0.415265501677519,0.817093095794299,1.21400302748441,-0.0815161978666511
Hainan,2015,TRUE,0.30177504449868,0.93536272356587,-0.22335502079554,0.0568430552289775,0.187304360826614,2.54057619672722,0.392932821601183,0.119247101247311,128.022930386966,128.022930386966,0.0152593020365477,494.578582763672,11.2343332108603,TRUE,0.30177504449868,-1.41203218415965,-0.606445163189201,-0.931867659557976,0.616906399737384,-0.129439351510241,2.53462076467886,0.91146666479961,0.91146666479961,0.817093095794299,1.21400302748441,0.183153192583656
Hainan,2016,TRUE,-0.570443991240155,0.522862342096143,-0.160430976322719,0.0404855169722251,0.134536583820177,1.42016737146674,0.396267574976954,0.119247101247311,128.022930386966,128.022930386966,0.0152593020365477,494.578582763672,11.2343332108603,TRUE,-0.570443991240155,-1.24071178966611,-0.909600235552081,-0.964173470789575,-0.480510639671078,-0.0943900809810936,2.53462076467886,0.91146666479961,0.91146666479961,0.817093095794299,1.21400302748441,0.183153192583656
Hainan,2017,TRUE,-0.461782104978546,0.574252036310011,-0.00336442674907501,0.000860101439258596,0.0028213908043747,1.5597489803843,0.39116627359386,0.119247101247311,500.13330078125,500.13330078125,0.0152593020365477,494.578582763672,7.76930151994908,TRUE,-0.461782104978546,-0.813073937392988,-1.6439800379864,-1.04481295199006,-0.343793369545536,-0.148006307454044,2.53462076467886,4.28404494552546,4.28404494552546,0.817093095794299,1.21400302748441,-0.251410731219973
Hainan,2018,TRUE,-0.720186305570674,0.452044394708448,0.155076639992845,0.0415081569069648,0.130046465172538,1.22781590513038,0.373605217741732,0.119247101247311,128.022930386966,128.022930386966,0.0152593020365477,494.578582763672,11.2343332108603,TRUE,-0.720186305570674,-0.381693750604017,-0.890647598636242,-0.966922438695129,-0.668914882795144,-0.332578336621386,2.53462076467886,0.91146666479961,0.91146666479961,0.817093095794299,1.21400302748441,0.183153192583656
Hainan,2019,TRUE,0.94315966231563,1.23869409868794,0.405809334346219,0.0911975229770057,0.340309600905599,3.36446670672936,0.444978461145856,0.119247101247311,-30.2312622070313,-30.2312622070313,0.0152593020365477,494.578582763672,26.8475349342799,TRUE,0.94315966231563,0.300964595167164,0.030247901052452,-0.838193855508314,1.42388994351041,0.417576123012512,2.53462076467886,-0.522851471001854,-0.522851471001854,0.817093095794299,1.21400302748441,2.14126925306982
Hainan,2020,TRUE,0.561413351804828,1.05815401384907,0.560309546334457,0.116975909024939,0.469872676546168,2.87409454356667,0.478995676122509,0.119247101247311,153.599975585938,153.599975585938,0.0152593020365477,494.578582763672,16.6228026159867,TRUE,0.561413351804828,0.7216151984289,0.508000015404593,-0.758871956772291,0.94358065338927,0.775107381254123,2.53462076467886,1.14328118539949,1.14328118539949,0.817093095794299,1.21400302748441,0.858943377744052
Hainan,2021,TRUE,0.551028303476004,1.05324259111958,0.804624216897211,0.160333808628988,0.674753690849452,2.86075443136822,0.501843138248595,0.119247101247311,128.022930386966,128.022930386966,0.0152593020365477,494.578582763672,11.2343332108603,TRUE,0.551028303476004,1.38679948675686,1.3115541312901,-0.633438448890898,0.930514292160996,1.01524114550183,2.53462076467886,0.91146666479961,0.91146666479961,0.817093095794299,1.21400302748441,0.183153192583656
Hainan,2022,TRUE,-0.642756191836621,0.488663581109815,0.822814532688687,0.163905133321616,0.69000799523187,1.32727874555678,0.502006566856058,0.119247101247311,194.902791341146,194.902791341146,0.0152593020365477,494.578582763672,8.86847738010952,TRUE,-0.642756191836621,1.43632542081699,1.37774166994238,-0.624099365347779,-0.571493108340164,1.01695882978901,2.53462076467886,1.51762436535774,1.51762436535774,0.817093095794299,1.21400302748441,-0.113558550533009
Hainan,2023,TRUE,0.791320173176954,1.16688433001118,0.806907245090966,0.162693330714365,0.67666822643973,3.16942131482283,0.495968237633309,0.119247101247311,-130.275024414063,-130.275024414063,0.0152593020365477,494.578582763672,27.2993800661263,TRUE,0.791320173176954,1.39301538235084,1.35528327178219,-0.63226632020016,1.23284705656549,0.953494156206284,2.53462076467886,-1.4295862636496,-1.4295862636496,0.817093095794299,1.21400302748441,2.19793701572313
Hainan,2024,TRUE,0.941869093202921,1.23808374712544,0.942885126386311,0.17927318423868,0.790698571725303,3.36280890637848,0.525948780566634,0.119247101247311,612.550048828125,612.550048828125,0.0152593020365477,494.578582763672,15.193080189062,TRUE,0.941869093202921,1.76323608988938,1.66255852408703,-0.562453964659383,1.42226616269757,1.26859876559524,2.53462076467886,5.30292083025556,5.30292083025556,0.817093095794299,1.21400302748441,0.67963598802403
Hebei,2002,TRUE,0.418863488421506,0.990737607402187,0.464039291654298,0.1161009240982,1.48040595160571,1.87988384198988,0.399686131061115,0.0313454084098339,51.1012573242188,51.1012573242188,0.0225664837587183,171.668746948242,14.578765231185,TRUE,0.418863488421506,0.459504614979003,0.491783876116489,-0.140197093449148,-0.0302279601040708,-0.0584600185412828,-0.0665973894550027,0.21429618923981,0.21429618923981,1.8669866669612,-0.839068018472864,0.602592214009921
Hebei,2003,TRUE,-1.47190898832344,0.0965306066697647,0.319577727998992,0.0789500028492683,1.019536015676,0.183162853999046,0.404784948024803,0.0313454084098339,-16.3249816894531,-16.3249816894531,0.0225664837587183,171.668746948242,4.24354699117371,TRUE,-1.47190898832344,0.0661857766568623,-0.19673600033365,-0.422353704872219,-1.69213072395477,-0.00486990407064725,-0.0665973894550027,-0.396813544164259,-0.396813544164259,1.8669866669612,-0.839068018472864,-0.693590156710341
Hebei,2004,TRUE,0.26616093118871,0.918519666118007,0.452694654464705,0.106474579041842,1.44421361031838,1.74285327011335,0.425166888226727,0.0313454084098339,51.1012573242188,51.1012573242188,0.0225664837587183,171.668746948242,14.578765231185,TRUE,0.26616093118871,0.428617094397794,0.313378343062296,-0.162354990029015,-0.164446542738163,0.209350476133922,-0.0665973894550027,0.21429618923981,0.21429618923981,1.8669866669612,-0.839068018472864,0.602592214009921
Hebei,2005,TRUE,-0.955411130331929,0.340799024028163,0.396026951926097,0.0931384097794717,1.26342891037863,0.646652124487679,0.425202612825137,0.0313454084098339,6.0999755859375,6.0999755859375,0.0225664837587183,171.668746948242,4.46573129743349,TRUE,-0.955411130331929,0.274330553612097,0.0662184529664512,-0.273036104928027,-1.23815266563398,0.20972595251047,-0.0665973894550027,-0.193567599223109,-0.193567599223109,1.8669866669612,-0.839068018472864,-0.665725105955077
Hebei,2006,TRUE,0.334782910728526,0.950973203105312,0.342669248580934,0.084433983394979,1.09320396818766,1.80443252110982,0.405842807365773,0.0313454084098339,51.1012573242188,51.1012573242188,0.0225664837587183,171.668746948242,14.578765231185,TRUE,0.334782910728526,0.129055995008176,-0.095101115360339,-0.377252260341596,-0.10413095275535,0.00624851880668756,-0.0665973894550027,0.21429618923981,0.21429618923981,1.8669866669612,-0.839068018472864,0.602592214009921
Hebei,2007,TRUE,0.986248083224281,1.2590719961351,0.400864873613626,0.0937151681656381,1.27886313801502,2.38903730286628,0.427748123873727,0.0313454084098339,51.1012573242188,51.1012573242188,0.0225664837587183,171.668746948242,14.578765231185,TRUE,0.986248083224281,0.287502539916861,0.0769075449037418,-0.26358686766973,0.468477218793149,0.236480046538889,-0.0665973894550027,0.21429618923981,0.21429618923981,1.8669866669612,-0.839068018472864,0.602592214009921
Hebei,2008,TRUE,-0.202220880555383,0.697006871623378,0.234616926738191,0.0607358338297596,0.748488976983898,1.32254185763314,0.386290780819464,0.0313454084098339,-28.7999877929688,-28.7999877929688,0.0225664837587183,171.668746948242,11.3308355198476,TRUE,-0.202220880555383,-0.165133079440741,-0.534300103224226,-0.588295780957837,-0.576132791109498,-0.199249216886049,-0.0665973894550027,-0.509879284826255,-0.509879284826255,1.8669866669612,-0.839068018472864,0.195255945398192
Hebei,2009,TRUE,-0.507379980283864,0.55268733732162,0.263047422681526,0.0685957076606914,0.83918964858343,1.04870147992833,0.383475047713904,0.0313454084098339,51.1012573242188,51.1012573242188,0.0225664837587183,171.668746948242,14.578765231185,TRUE,-0.507379980283864,-0.0877266790501405,-0.388632669495582,-0.532766460954148,-0.844353720645144,-0.228843426782255,-0.0665973894550027,0.21429618923981,0.21429618923981,1.8669866669612,-0.839068018472864,0.602592214009921
Hebei,2010,TRUE,-1.48854523079195,0.0886627935594131,0.073463508061043,0.0180794952050622,0.234367685054617,0.168234002376336,0.406336057659804,0.0313454084098339,51.1012573242188,51.1012573242188,0.0225664837587183,171.668746948242,14.578765231185,TRUE,-1.48854523079195,-0.603898061778721,-1.32485215448827,-0.903054263301849,-1.70675322226091,0.0114327291652955,-0.0665973894550027,0.21429618923981,0.21429618923981,1.8669866669612,-0.839068018472864,0.602592214009921
Hebei,2011,TRUE,-1.49235845921716,0.0868593954270889,-0.265369483402766,0.0693431409192738,0.846597625824879,0.164812128628634,0.382690313540451,0.0313454084098339,51.1012573242188,51.1012573242188,0.0225664837587183,171.668746948242,14.578765231185,TRUE,-1.49235845921716,-1.5264230242369,-0.374780451635206,-0.528231103811074,-1.71010487611508,-0.237091221218466,-0.0665973894550027,0.21429618923981,0.21429618923981,1.8669866669612,-0.839068018472864,0.602592214009921
Hebei,2012,TRUE,-2.09823427780647,-0.199678728657384,-0.456502403531745,0.104461193263573,1.45636131953708,0.378882171008288,0.437006690494061,0.0313454084098339,51.1012573242188,51.1012573242188,0.0225664837587183,171.668746948242,14.578765231185,TRUE,-2.09823427780647,-2.04681181283968,0.276064164013772,-0.15491784518079,-1.50042774144979,0.333790392948896,-0.0665973894550027,0.21429618923981,0.21429618923981,1.8669866669612,-0.839068018472864,0.602592214009921
Hebei,2013,TRUE,-1.19016968496214,0.22977416746078,-0.381915875843579,0.0917446534629915,1.21841090998119,0.435987027734629,0.416281343302079,0.0313454084098339,51.1012573242188,51.1012573242188,0.0225664837587183,171.668746948242,14.578765231185,TRUE,-1.19016968496214,-1.84373851304632,0.0403878976379709,-0.300597300516887,-1.4444947271861,0.115960701008235,-0.0665973894550027,0.21429618923981,0.21429618923981,1.8669866669612,-0.839068018472864,0.602592214009921
Hebei,2014,TRUE,0.989849577654431,1.2607752584642,-0.11578590529304,0.0254066471376003,0.369387132492155,2.39226917304787,0.455730756860414,0.0313454084098339,-71.6749877929688,-71.6749877929688,0.0225664837587183,171.668746948242,23.1012954397628,TRUE,0.989849577654431,-1.11915871333294,-1.18905768227266,-0.820391831246395,0.47164276812342,0.530586015752122,-0.0665973894550027,-0.898471770525875,-0.898471770525875,1.8669866669612,-0.839068018472864,1.67143789813138
Hebei,2015,TRUE,0.554147395661211,1.05471770994125,-0.0343184130532303,0.0072746329636666,0.109484657543858,2.00128345382798,0.471754564452046,0.0313454084098339,51.1012573242188,51.1012573242188,0.0225664837587183,171.668746948242,14.578765231185,TRUE,0.554147395661211,-0.897350928632261,-1.52509920531263,-0.979510914342901,0.0886804236974679,0.699001098938375,-0.0665973894550027,0.21429618923981,0.21429618923981,1.8669866669612,-0.839068018472864,0.602592214009921
Hebei,2016,TRUE,0.530630806610569,1.04359596006332,0.0350565910339184,0.00724669526931793,0.111839637166508,1.98018039108568,0.483759696400453,0.0313454084098339,140.150024414063,140.150024414063,0.0225664837587183,171.668746948242,13.5011977245696,TRUE,0.530630806610569,-0.708466803846942,-1.52561697599541,-0.978069134312367,0.0680104145767151,0.825178680901402,-0.0665973894550027,1.02137914555302,1.02137914555302,1.8669866669612,-0.839068018472864,0.467450026114105
Hebei,2017,TRUE,1.47400859680139,1.48974960081039,0.355882133756362,0.0676533521888517,1.13535650613731,2.82673856553973,0.526037693982895,0.0313454084098339,51.1012573242188,51.1012573242188,0.0225664837587183,171.668746948242,14.578765231185,TRUE,1.47400859680139,0.165030108236544,-0.406097390456218,-0.35144537570122,0.897196462161096,1.26953327259742,-0.0665973894550027,0.21429618923981,0.21429618923981,1.8669866669612,-0.839068018472864,0.602592214009921
Hebei,2018,TRUE,0.481891657463422,1.02054565183578,0.286097117832711,0.056160087478469,0.912724167099877,1.93644337972557,0.509431396349581,0.0313454084098339,1.5250244140625,1.5250244140625,0.0225664837587183,171.668746948242,9.72848044976221,TRUE,0.481891657463422,-0.0249703368706019,-0.619102638573154,-0.48774670820032,0.0251709255997988,1.09499604220838,-0.0665973894550027,-0.235032127452457,-0.235032127452457,1.8669866669612,-0.839068018472864,-0.00570201651869602
Hebei,2019,TRUE,1.21680623869548,1.36811034910141,0.505056755883345,0.0944779906674953,1.61126232359089,2.59593309077932,0.534576097898648,0.0313454084098339,51.1012573242188,51.1012573242188,0.0225664837587183,171.668746948242,14.578765231185,TRUE,1.21680623869548,0.571180973543021,0.0910449723772856,-0.0600834049136336,0.671127321075968,1.35927449031526,-0.0665973894550027,0.21429618923981,0.21429618923981,1.8669866669612,-0.839068018472864,0.602592214009921
Hebei,2020,TRUE,0.803096160988499,1.17245357267318,0.493982349123313,0.0928060310438487,1.57593208761107,2.22468240862576,0.532273973541566,0.0313454084098339,110.275024414063,110.275024414063,0.0225664837587183,171.668746948242,13.7620837496118,TRUE,0.803096160988499,0.541029196892204,0.0600584612813895,-0.0817134981084387,0.307495033198716,1.33507846431545,-0.0665973894550027,0.750610620532006,0.750610620532006,1.8669866669612,-0.839068018472864,0.500168819135608
Hebei,2021,TRUE,1.28874740067202,1.40213363401351,0.684961489268782,0.123765101346939,2.18520518320601,2.66049087386923,0.553436697271145,0.0313454084098339,127.174987792969,127.174987792969,0.0225664837587183,171.668746948242,22.3202240926963,TRUE,1.28874740067202,1.06099929582459,0.633824455326768,0.291299403541393,0.73436032102385,1.55750511646933,-0.0665973894550027,0.903781437503239,0.903781437503239,1.8669866669612,-0.839068018472864,1.57348051718098
Hebei,2022,TRUE,0.717188621395338,1.13182513944564,0.880278859819675,0.160806119363136,2.80831836136966,2.14759162840386,0.547416269546193,0.0313454084098339,51.1012573242188,51.1012573242188,0.0225664837587183,171.668746948242,14.578765231185,TRUE,0.717188621395338,1.59278089464845,1.32030748968309,0.672785565204433,0.231986224369816,1.49422859306399,-0.0665973894550027,0.21429618923981,0.21429618923981,1.8669866669612,-0.839068018472864,0.602592214009921
Hebei,2023,TRUE,1.94778660064799,1.71381442777572,1.06504804747437,0.180086575821487,3.39778009445313,3.25189235461902,0.591408905753261,0.0313454084098339,27.9624938964844,27.9624938964844,0.0225664837587183,171.668746948242,30.6513147297018,TRUE,1.94778660064799,2.09584344227165,1.67763315086001,1.0336694333068,1.31362571725574,1.95660455733013,-0.0665973894550027,0.00458074675820588,0.00458074675820588,1.8669866669612,-0.839068018472864,2.61831697460129
Hebei,2024,TRUE,2.25299611323244,1.85815780393539,1.20835437093457,0.191140509311762,3.85496451389505,3.52577797126814,0.632181202867714,0.0313454084098339,214.625,214.625,0.0225664837587183,171.668746948242,31.6537381131887,TRUE,2.25299611323244,2.48601696138206,1.88249625156255,1.31356967528056,1.58189095739231,2.38513377992334,-0.0665973894550027,1.69637426824358,1.69637426824358,1.8669866669612,-0.839068018472864,2.74403502791179
Heilongjiang,2002,TRUE,0.271818522080508,0.921195322467435,-0.0950097484247907,0.0241703342313088,0.651036368174095,1.3781222776856,0.39308413162827,0.0145936161279678,18.1081609725952,18.1081609725952,0.00460321392267238,211.720581054688,0.752909231276324,TRUE,0.271818522080508,-1.06259242900477,-1.21197033102744,-0.647958813263563,-0.521692930722939,-0.127849037182448,-0.56232238394898,-0.0847328328524228,-0.0847328328524228,-0.713970292242319,-0.584417178451907,-1.13136544329631
Heilongjiang,2003,TRUE,0.344882882487975,0.955749803973782,-0.0450853705406303,0.011198760304666,0.308938991852929,1.42981630998943,0.402592513046692,0.0145936161279678,161.875,161.875,0.00460321392267238,211.720581054688,1.43659015163026,TRUE,0.344882882487975,-0.926665627324797,-1.45237315758165,-0.857399761683824,-0.471059705950931,-0.0279130613918723,-0.56232238394898,1.21828088933618,1.21828088933618,-0.713970292242319,-0.584417178451907,-1.04562219766944
Heilongjiang,2004,TRUE,0.322918001143942,0.945361906482327,0.163787513971308,0.0412436909384963,1.122323024911,1.4142758566218,0.397121378432286,0.0145936161279678,18.1081609725952,18.1081609725952,0.00460321392267238,211.720581054688,0.752909231276324,TRUE,0.322918001143942,-0.357977055676399,-0.895548959620404,-0.359424813306416,-0.486281255390088,-0.0854163474204418,-0.56232238394898,-0.0847328328524228,-0.0847328328524228,-0.713970292242319,-0.584417178451907,-1.13136544329631
Heilongjiang,2005,TRUE,-0.994949421005762,0.322100097133267,0.241060320820131,0.0640385325233033,1.65182034874929,0.481866666794481,0.376430113748172,0.0145936161279678,18.1081609725952,18.1081609725952,0.00460321392267238,211.720581054688,0.752909231276324,TRUE,-0.994949421005762,-0.147589947475152,-0.473091023610995,-0.0352527226483206,-1.399556579136,-0.302887821854749,-0.56232238394898,-0.0847328328524228,-0.0847328328524228,-0.713970292242319,-0.584417178451907,-1.13136544329631
Heilongjiang,2006,TRUE,-1.46730477405703,0.0987080873981596,-0.00198025362833122,0.000528799296987499,0.0135693142190863,0.14766880694398,0.374481138612034,0.0145936161279678,-2.60833358764648,-2.60833358764648,0.00460321392267238,211.720581054688,0.831266341193357,TRUE,-1.46730477405703,-0.80930531306059,-1.65012007711318,-1.03823279256957,-1.72689640158743,-0.323372142313765,-0.56232238394898,-0.27249432827276,-0.27249432827276,-0.713970292242319,-0.584417178451907,-1.12153835477854
Heilongjiang,2007,TRUE,1.62514105376625,1.56122499127542,0.193570439304624,0.0428345938543887,1.32640489928783,2.33561644146561,0.451902123696199,0.0145936161279678,18.1081609725952,18.1081609725952,0.00460321392267238,211.720581054688,0.752909231276324,TRUE,1.62514105376625,-0.276888458145462,-0.86606467653211,-0.234480559759321,0.416152600993621,0.490345918686949,-0.56232238394898,-0.0847328328524228,-0.0847328328524228,-0.713970292242319,-0.584417178451907,-1.13136544329631
Heilongjiang,2008,TRUE,1.30857554124709,1.41151099820291,0.311134751353942,0.0638262592383227,2.13199215756861,2.11164202029524,0.487471387273673,0.0145936161279678,-27.5500183105469,-27.5500183105469,0.00460321392267238,211.720581054688,6.31711545311995,TRUE,1.30857554124709,0.0431984734463307,-0.477025094988907,0.258720999469257,0.196774334201704,0.864189678980376,-0.56232238394898,-0.498550334430384,-0.498550334430384,-0.713970292242319,-0.584417178451907,-0.433535378723058
Heilongjiang,2009,TRUE,-1.77467825848378,-0.0466587005123018,0.0951294643537952,0.0181686285125098,0.651856698981447,0.069802128881453,0.523591884155124,0.0145936161279678,18.1081609725952,18.1081609725952,0.00460321392267238,211.720581054688,0.752909231276324,TRUE,-1.77467825848378,-0.544909161585611,-1.32320024245572,-0.647456585318532,-1.803165186143,1.24382706867265,-0.56232238394898,-0.0847328328524228,-0.0847328328524228,-0.713970292242319,-0.584417178451907,-1.13136544329631
Heilongjiang,2010,TRUE,-2.04801701559132,-0.175929373310459,0.00982664312637823,0.0017861090655999,0.067335217263568,0.263193030560552,0.550170385204206,0.0145936161279678,-35.2062377929688,-35.2062377929688,0.00460321392267238,211.720581054688,8.25488069154663,TRUE,-2.04801701559132,-0.77715921967597,-1.62681829246176,-1.00531590250919,-1.61374283781415,1.52317518487723,-0.56232238394898,-0.567941573141432,-0.567941573141432,-0.713970292242319,-0.584417178451907,-0.190512243428292
Heilongjiang,2011,TRUE,-0.86657005851905,0.382814818812955,-0.158223386321738,0.0292827856586729,1.08419589041068,0.572696818109341,0.540329011611215,0.0145936161279678,-32.6625061035156,-32.6625061035156,0.00460321392267238,211.720581054688,1.30756285108661,TRUE,-0.86657005851905,-1.23470128616119,-1.11722101373488,-0.382767240822718,-1.31059034333202,1.41973936022366,-0.56232238394898,-0.544886762175659,-0.544886762175659,-0.713970292242319,-0.584417178451907,-1.06180404389876
Heilongjiang,2012,TRUE,-2.23261301408621,-0.263230746792209,-0.339767285755709,0.0584272913545587,2.32819119522107,0.393797219198303,0.581521542208545,0.0145936161279678,37.8500366210938,37.8500366210938,0.00460321392267238,211.720581054688,7.46985747354762,TRUE,-2.23261301408621,-1.72898249026207,-0.577084436058258,0.378839174495819,-1.48581876331762,1.85268536431975,-0.56232238394898,0.0941953194653116,0.0941953194653116,-0.713970292242319,-0.584417178451907,-0.288965244820867
Heilongjiang,2013,TRUE,-1.54186538802955,0.0634459795490385,-0.294820176703563,0.0516357906250552,2.02019961412139,0.0949161548192791,0.570960903541403,0.0145936161279678,190.724975585938,190.724975585938,0.00460321392267238,211.720581054688,6.51127853382654,TRUE,-1.54186538802955,-1.60660706893193,-0.70295165781183,0.190278684659108,-1.77856652235979,1.74168984534238,-0.56232238394898,1.47975922695281,1.47975922695281,-0.713970292242319,-0.584417178451907,-0.40918458550204
Heilongjiang,2014,TRUE,-0.181303570227203,0.70689933915292,-0.26349396790773,0.0459345239125855,1.80554268110944,1.05753221234176,0.573629474007753,0.0145936161279678,-11.1624908447266,-11.1624908447266,0.00460321392267238,211.720581054688,1.07232160818771,TRUE,-0.181303570227203,-1.52131664467754,-0.808613518151076,0.0588601040243358,-0.835704202716988,1.76973733121667,-0.56232238394898,-0.350023919680205,-0.350023919680205,-0.713970292242319,-0.584417178451907,-1.09130661896112
Heilongjiang,2015,TRUE,0.846929895317052,1.19318395276223,-0.220533013343786,0.0376720841738462,1.51116084875734,1.78502142441862,0.585401679201204,0.0145936161279678,-54.7749938964844,-54.7749938964844,0.00460321392267238,211.720581054688,3.69172235780693,TRUE,0.846929895317052,-1.40434883459195,-0.96174172592754,-0.121368142180145,-0.123143716473607,1.89346678226026,-0.56232238394898,-0.745300676962184,-0.745300676962184,-0.713970292242319,-0.584417178451907,-0.762796761243387
Heilongjiang,2016,TRUE,-1.3798775389208,0.1400552334324,-0.40358508058956,0.0682573627751617,2.76549058883433,0.209524769169104,0.59126966554357,0.0145936161279678,-93.3999938964844,-93.3999938964844,0.00460321392267238,211.720581054688,2.84717939801878,TRUE,-1.3798775389208,-1.90273625765326,-0.394903232134432,0.646565284315445,-1.66630977873654,1.955141100448,-0.56232238394898,-1.09537379090149,-1.09537379090149,-0.713970292242319,-0.584417178451907,-0.868714379079014
Heilongjiang,2017,TRUE,0.297223072587046,0.9332099499241,-0.200527919190267,0.0338832868198938,1.37407971699328,1.39609634393658,0.591819560647024,0.0145936161279678,18.1081609725952,18.1081609725952,0.00460321392267238,211.720581054688,0.752909231276324,TRUE,0.297223072587046,-1.34988188716391,-1.03195969625884,-0.205292791225784,-0.504087708301831,1.96092066495302,-0.56232238394898,-0.0847328328524228,-0.0847328328524228,-0.713970292242319,-0.584417178451907,-1.13136544329631
Heilongjiang,2018,TRUE,0.0425685802216107,0.812775665713895,-0.0181357136794606,0.00309528047870548,0.124271554907522,1.21592481459941,0.585915034331408,0.0145936161279678,18.1081609725952,18.1081609725952,0.00460321392267238,211.720581054688,0.752909231276324,TRUE,0.0425685802216107,-0.853291039222544,-1.60255535336628,-0.970457989584042,-0.680561957569659,1.89886230055159,-0.56232238394898,-0.0847328328524228,-0.0847328328524228,-0.713970292242319,-0.584417178451907,-1.13136544329631
Heilongjiang,2019,TRUE,0.918108814911426,1.22684674878274,0.269912511110303,0.0446812508977636,1.84952453691742,1.83538148161126,0.604084500068937,0.0145936161279678,18.1081609725952,18.1081609725952,0.00460321392267238,211.720581054688,0.752909231276324,TRUE,0.918108814911426,-0.0690354193305093,-0.831840489443161,0.0857869448343002,-0.0738170924567543,2.08982890234939,-0.56232238394898,-0.0847328328524228,-0.0847328328524228,-0.713970292242319,-0.584417178451907,-1.13136544329631
Heilongjiang,2020,TRUE,1.36132100005779,1.43645601887857,0.422235220670703,0.0659273883565373,2.89328715356239,2.14896015236996,0.640454947778672,0.0145936161279678,63.625,63.625,0.00460321392267238,211.720581054688,5.29775179201986,TRUE,1.36132100005779,0.345686598474376,-0.438084764244875,0.724805678934455,0.233326665006642,2.47209335114089,-0.56232238394898,0.327803648053669,0.327803648053669,-0.713970292242319,-0.584417178451907,-0.561377982157948
Heilongjiang,2021,TRUE,0.773394174706326,1.15840654988443,0.401420848710269,0.063131729410072,2.75066059837608,1.73299389833699,0.635846431677549,0.0145936161279678,18.1081609725952,18.1081609725952,0.00460321392267238,211.720581054688,0.752909231276324,TRUE,0.773394174706326,0.289016267676789,-0.489896850936328,0.637485976838607,-0.174103591434406,2.4236564476086,-0.56232238394898,-0.0847328328524228,-0.0847328328524228,-0.713970292242319,-0.584417178451907,-1.13136544329631
Heilongjiang,2022,TRUE,0.327558000406978,0.947556311084378,0.7079095159258,0.11895617109913,4.85081634132565,1.41755871943556,0.595101127906913,0.0145936161279678,18.1081609725952,18.1081609725952,0.00460321392267238,211.720581054688,0.752909231276324,TRUE,0.327558000406978,1.12347882988294,0.544700311193358,1.92325617292649,-0.483065759841824,1.99541093325505,-0.56232238394898,-0.0847328328524228,-0.0847328328524228,-0.713970292242319,-0.584417178451907,-1.13136544329631
Heilongjiang,2023,TRUE,0.905754136300041,1.2210038246647,1.06190137352257,0.183151274374493,7.27647873022707,1.82664037785453,0.5797946954774,0.0145936161279678,18.1081609725952,18.1081609725952,0.00460321392267238,211.720581054688,0.752909231276324,TRUE,0.905754136300041,2.08727613819447,1.73443136199813,3.40831003899859,-0.0823788209879828,1.83453568084329,-0.56232238394898,-0.0847328328524228,-0.0847328328524228,-0.713970292242319,-0.584417178451907,-1.13136544329631
Heilongjiang,2024,TRUE,1.52982445873575,1.51614671368753,1.07986286708283,0.184209547090358,7.39955647465151,2.26817864942693,0.586214386897731,0.0145936161279678,20.5874938964844,20.5874938964844,0.00460321392267238,211.720581054688,7.213382124324,TRUE,1.52982445873575,2.13617906851653,1.75404438302379,3.4836614485852,0.350098692442761,1.90200858691774,-0.56232238394898,-0.062261692472924,-0.062261692472924,-0.713970292242319,-0.584417178451907,-0.321130876786043
Henan,2002,TRUE,0.418445874827573,0.990540104527627,0.75513519559585,0.155272251816556,5.3905931198767,2.325573366673,0.486329776738212,0.0140083879232407,12.5869738260905,12.5869738260905,0.0104666539549818,260.203979492188,16.5468238127777,TRUE,0.418445874827573,1.25205801037082,1.2177480464345,2.25372161423064,0.40631561903045,0.852191005619097,-0.579640665102699,-0.134773458794651,-0.134773458794651,0.128486927093906,-0.27615818321171,0.849414562485302
Henan,2003,TRUE,-1.02736861956894,0.306768017430459,0.681777681623173,0.141775194146836,4.86692462658082,0.720224782239957,0.480886438368801,0.0140083879232407,12.5869738260905,12.5869738260905,0.0104666539549818,260.203979492188,16.5468238127777,TRUE,-1.02736861956894,1.05233088955149,0.967606403460752,1.93311808586352,-1.16608978427177,0.794979866565354,-0.579640665102699,-0.134773458794651,-0.134773458794651,0.128486927093906,-0.27615818321171,0.849414562485302
Henan,2004,TRUE,0.372477416244275,0.96880014481083,0.693922145026046,0.143125328483093,4.95361885199361,2.27453265557122,0.484835320470908,0.0140083879232407,12.5869738260905,12.5869738260905,0.0104666539549818,260.203979492188,16.5468238127777,TRUE,0.372477416244275,1.08539606008405,0.992628510454061,1.98619455487441,0.356322308728208,0.836483816479628,-0.579640665102699,-0.134773458794651,-0.134773458794651,0.128486927093906,-0.27615818321171,0.849414562485302
Henan,2005,TRUE,-0.504440097670515,0.554077702183877,0.730876513889853,0.150225822977753,5.21742057611989,1.30085429290184,0.486518562123696,0.0140083879232407,12.5869738260905,12.5869738260905,0.0104666539549818,260.203979492188,16.5468238127777,TRUE,-0.504440097670515,1.1860100162442,1.12422232906869,2.14770086015527,-0.597375307718441,0.854175197342495,-0.579640665102699,-0.134773458794651,-0.134773458794651,0.128486927093906,-0.27615818321171,0.849414562485302
Henan,2006,TRUE,1.03430747192646,1.28180082382694,0.758861950465631,0.152321485590454,5.41719685822406,3.00939037566077,0.498197577002354,0.0140083879232407,12.5869738260905,12.5869738260905,0.0104666539549818,260.203979492188,16.5468238127777,TRUE,1.03430747192646,1.26220467401619,1.16306134879339,2.27000911766289,1.07610009464456,0.976925189881712,-0.579640665102699,-0.134773458794651,-0.134773458794651,0.128486927093906,-0.27615818321171,0.849414562485302
Henan,2007,TRUE,1.24489608689273,1.38139494003788,0.784885168075564,0.154254781419321,5.6029656829634,3.24321576352625,0.508823882704784,0.0140083879232407,170.449951171875,170.449951171875,0.0104666539549818,260.203979492188,19.5316289345607,TRUE,1.24489608689273,1.3330568886867,1.19889121681507,2.38374164393575,1.30512717753121,1.08861088933881,-0.579640665102699,1.29599894392817,1.29599894392817,0.128486927093906,-0.27615818321171,1.22375129046198
Henan,2008,TRUE,-0.213882577543791,0.691491680760537,0.496027946472164,0.120403915779427,3.54093525386477,1.62347251635969,0.411969945712447,0.0140083879232407,25.7416788736979,25.7416788736979,0.0104666539549818,260.203979492188,8.9790767247661,TRUE,-0.213882577543791,0.546598650472567,0.571531435561185,1.12131276071507,-0.281377497219206,0.070646603247471,-0.579640665102699,-0.0155473472355822,-0.0155473472355822,0.128486927093906,-0.27615818321171,-0.0996878302997306
Henan,2009,TRUE,0.144375375115704,0.860923367161904,0.526302337646463,0.127107941043755,3.75705142183633,2.0212613747456,0.414059368222549,0.0140083879232407,12.5869738260905,12.5869738260905,0.0104666539549818,260.203979492188,16.5468238127777,TRUE,0.144375375115704,0.629025339387532,0.695777470155723,1.2536247231033,0.108248379904751,0.0926070682516706,-0.579640665102699,-0.134773458794651,-0.134773458794651,0.128486927093906,-0.27615818321171,0.849414562485302
Henan,2010,TRUE,-0.324756579925151,0.639055805821572,0.389202356338528,0.0977913977446245,2.77835221633762,1.50036445272969,0.397992426036187,0.0140083879232407,12.5869738260905,12.5869738260905,0.0104666539549818,260.203979492188,16.5468238127777,TRUE,-0.324756579925151,0.255749541884121,0.152452510997599,0.654439508583065,-0.401959273861972,-0.0762613726223931,-0.579640665102699,-0.134773458794651,-0.134773458794651,0.128486927093906,-0.27615818321171,0.849414562485302
Henan,2011,TRUE,-0.876158282872715,0.378280239720498,0.0367906774793565,0.0113982758469617,0.262633200058079,0.888119972741732,0.322774057877913,0.0140083879232407,-305.725036621094,-305.725036621094,0.0104666539549818,260.203979492188,8.52013612692067,TRUE,-0.876158282872715,-0.703745486639707,-1.44867552608522,-0.885749376799725,-1.00163995244495,-0.866829260939113,-0.579640665102699,-3.01975667436817,-3.01975667436817,0.128486927093906,-0.27615818321171,-0.157245464625449
Henan,2012,TRUE,-1.05886657197599,0.291871624608193,-0.158055884497518,0.0466025944596269,1.12829460008953,0.685251282178109,0.339156835215357,0.0140083879232407,-176.087509155273,-176.087509155273,0.0104666539549818,260.203979492188,5.79452896722154,TRUE,-1.05886657197599,-1.2342452366678,-0.796232133381993,-0.355768859021107,-1.20034559699862,-0.694641296728387,-0.579640665102699,-1.84480229447555,-1.84480229447555,0.128486927093906,-0.27615818321171,-0.499075106522501
Henan,2013,TRUE,0.45070002007409,1.00579412521854,0.00315472057887964,0.000946254539173505,0.0225202257116666,2.36138649941879,0.333390271674162,0.0140083879232407,-72.3250122070313,-72.3250122070313,0.0104666539549818,260.203979492188,21.5160111082139,TRUE,0.45070002007409,-0.795324555557415,-1.6423833582887,-1.03275281078079,0.441393834431592,-0.755249630480244,-0.579640665102699,-0.90436318983377,-0.90436318983377,0.128486927093906,-0.27615818321171,1.47262084798165
Henan,2014,TRUE,0.316131975389101,0.942152577061806,0.0387474128178337,0.0115042707802065,0.276601512109396,2.21196994502524,0.336808943027489,0.0140083879232407,-45.0875244140625,-45.0875244140625,0.0104666539549818,260.203979492188,13.6923486547101,TRUE,0.316131975389101,-0.698417973557611,-1.44671111670078,-0.877197611348266,0.295043440660763,-0.719318356526499,-0.579640665102699,-0.657499444395104,-0.657499444395104,0.128486927093906,-0.27615818321171,0.491423053102128
Henan,2015,TRUE,-0.0272279700755595,0.779766636510049,-0.0453855650765482,0.0139314563496038,0.323988494073977,1.83072297002325,0.325777606716895,0.0140083879232407,122.1875,122.1875,0.0104666539549818,260.203979492188,6.35429991269516,TRUE,-0.0272279700755595,-0.927482953145938,-1.40172796548455,-0.848186063372762,-0.0783800072425919,-0.835261050657103,-0.579640665102699,0.858577932456794,0.858577932456794,0.128486927093906,-0.27615818321171,-0.428871922195401
Henan,2016,TRUE,0.705912078626519,1.12649210037724,0.0155296666281509,0.00461825483300516,0.110859769969579,2.64475917171889,0.336266992396468,0.0140083879232407,125.058349609375,125.058349609375,0.0104666539549818,260.203979492188,15.6822549265524,TRUE,0.705912078626519,-0.761631860550927,-1.574329993698,-0.978669034601745,0.718951447397147,-0.725014422214027,-0.579640665102699,0.884597537955962,0.884597537955962,0.128486927093906,-0.27615818321171,0.740985410572468
Henan,2017,TRUE,1.16367089336163,1.34298093857304,0.198600292205807,0.0550223253374812,1.41772410425841,3.1530280181683,0.360944927332107,0.0140083879232407,15.53125,15.53125,0.0104666539549818,260.203979492188,17.6791684392388,TRUE,1.16367089336163,-0.263193909575124,-0.640188841079238,-0.178572557471496,1.2167901649424,-0.465641832941237,-0.579640665102699,-0.108088360322216,-0.108088360322216,0.128486927093906,-0.27615818321171,0.991426575034453
Henan,2018,TRUE,0.704091166269046,1.12563093246952,0.119382790156772,0.0355169045671691,0.852223616385647,2.64273733621596,0.336129489919362,0.0140083879232407,-25.75,-25.75,0.0104666539549818,260.203979492188,20.9136025674578,TRUE,0.704091166269046,-0.478875749729177,-1.00168377707008,-0.524786725454473,0.716971101757437,-0.726459614999057,-0.579640665102699,-0.482236081611719,-0.482236081611719,0.128486927093906,-0.27615818321171,1.39707030687391
Henan,2019,TRUE,0.816949418661198,1.17900522293583,0.213415793010171,0.0620609743219156,1.52348574425257,2.76804859600862,0.343880829042684,0.0140083879232407,-50.5499877929688,-50.5499877929688,0.0104666539549818,260.203979492188,22.0934439190232,TRUE,0.816949418661198,-0.222856428669565,-0.509741208390237,-0.113822519265814,0.83971086301756,-0.644990687230548,-0.579640665102699,-0.707007834423147,-0.707007834423147,0.128486927093906,-0.27615818321171,1.54503907972724
Henan,2020,TRUE,0.601579648435188,1.07714994492069,0.15598552567621,0.0469794770603997,1.1135151776988,2.52891449056012,0.332029080433708,0.0140083879232407,185.131240844727,185.131240844727,0.0104666539549818,260.203979492188,12.9393401707438,TRUE,0.601579648435188,-0.379219169462132,-0.78924734934443,-0.364817207406311,0.605484002155524,-0.769556163723515,-0.579640665102699,1.42906107447627,1.42906107447627,0.128486927093906,-0.27615818321171,0.396985151622571
Henan,2021,TRUE,1.58148457754416,1.54057844223515,0.403652123042567,0.113118810375893,2.88150303414204,3.61694410772109,0.356839080698635,0.0140083879232407,110.466674804688,110.466674804688,0.0104666539549818,260.203979492188,21.8866076915127,TRUE,1.58148457754416,0.295091255418521,0.436516213764721,0.71759113325674,1.67118628362043,-0.508795527740174,-0.579640665102699,0.75234762115424,0.75234762115424,0.128486927093906,-0.27615818321171,1.51909889486617
Henan,2022,TRUE,1.28573654976726,1.40070970596806,0.635564940316331,0.177280108479844,4.53703126868649,3.28856264552066,0.358508885044254,0.0140083879232407,-54.25,-54.25,0.0104666539549818,260.203979492188,23.3123522415407,TRUE,1.28573654976726,0.926509589639088,1.62562075164164,1.73114875625935,1.34954350116481,-0.491245377055698,-0.579640665102699,-0.740542456945577,-0.740542456945577,0.128486927093906,-0.27615818321171,1.69790740262873
Henan,2023,TRUE,1.71799049241245,1.60513647140995,0.720779418945254,0.186546364070454,5.14534165454857,3.76851236080603,0.386380845607386,0.0140083879232407,64,64,0.0104666539549818,260.203979492188,28.9965302867021,TRUE,1.71799049241245,1.15851912140995,1.79735272866726,2.10357226186741,1.81964422131127,-0.198302608618114,-0.579640665102699,0.331202416150167,0.331202416150167,0.128486927093906,-0.27615818321171,2.41078362866238
Henan,2024,TRUE,2.21853368974809,1.84185941757694,0.880953516278896,0.201475191087281,6.28875728674923,4.3242865050027,0.437251609751425,0.0140083879232407,112.600006103516,112.600006103516,0.0104666539549818,260.203979492188,34.8619141233915,TRUE,2.21853368974809,1.59461775068193,2.07402942436204,2.80360117475166,2.36401338563153,0.336364568709995,-0.579640665102699,0.77168281677482,0.77168281677482,0.128486927093906,-0.27615818321171,3.14638562080919
Hong Kong,2002,FALSE,-0.19815331114073,0.698930555774318,0.40479210444858,0.104224040260872,0.220554255223886,2.05441690108231,0.388386502226731,0.183534026145935,-100.099975585938,-100.099975585938,5.66501014474096e-18,647.156982421875,3.37452628395983,TRUE,-0.19815331114073,0.298195030228765,0.271668995586444,-0.91151120581277,0.140723525344633,-0.177222548560077,4.43702230805897,-1.15609828160346,-1.15609828160346,-1.37535862058461,2.1841013640238,-0.802577629865069
Hong Kong,2003,FALSE,-0.330706858101358,0.63624172825967,0.432602473667675,0.109226703946924,0.235706960040039,1.870151117177,0.396059258437282,0.183534026145935,-100.099975585938,-100.099975585938,5.66501014474096e-18,647.156982421875,3.37452628395983,TRUE,-0.330706858101358,0.373913040180975,0.364383611193484,-0.902234324177619,-0.0397609607451938,-0.0965795510653604,4.43702230805897,-1.15609828160346,-1.15609828160346,-1.37535862058461,2.1841013640238,-0.802577629865069
Hong Kong,2004,FALSE,-1.24139291945587,0.205549055530177,0.402843747820154,0.101981859964497,0.219492677341387,0.604185137126923,0.395015101666509,0.183534026145935,-100.099975585938,-100.099975585938,5.66501014474096e-18,647.156982421875,3.37452628395983,TRUE,-1.24139291945587,0.292890329474188,0.23011455632248,-0.912161131517911,-1.27974819263387,-0.107553955769337,4.43702230805897,-1.15609828160346,-1.15609828160346,-1.37535862058461,2.1841013640238,-0.802577629865069
Hong Kong,2005,FALSE,-1.46467347503993,0.0999525131717789,0.435373510633183,0.111226084595525,0.237216781964452,0.293797617902486,0.391431121770062,0.183534026145935,-100.099975585938,-100.099975585938,5.66501014474096e-18,647.156982421875,3.37452628395983,TRUE,-1.46467347503993,0.381457614755994,0.401438232475349,-0.901309971763124,-1.58376628383146,-0.14522267270483,4.43702230805897,-1.15609828160346,-1.15609828160346,-1.37535862058461,2.1841013640238,-0.802577629865069
Hong Kong,2006,FALSE,-0.575237440731865,0.520595365954982,0.544765676770897,0.13615545153122,0.296819989301457,1.53022343866218,0.400105666460209,0.183534026145935,-100.099975585938,-100.099975585938,5.66501014474096e-18,647.156982421875,3.37452628395983,TRUE,-0.575237440731865,0.679294621487355,0.863455433274601,-0.864819331560633,-0.37271302088449,-0.0540505741109283,4.43702230805897,-1.15609828160346,-1.15609828160346,-1.37535862058461,2.1841013640238,-0.802577629865069
Hong Kong,2007,FALSE,-0.563606186603577,0.526096159412013,0.422364779881081,0.11873117123519,0.230128869698114,1.54639231689211,0.355732008273073,0.183534026145935,-100.099975585938,-100.099975585938,5.66501014474096e-18,647.156982421875,3.37452628395983,TRUE,-0.563606186603577,0.346039343362569,0.540530377492838,-0.905649376769223,-0.356875942420278,-0.520431195079415,4.43702230805897,-1.15609828160346,-1.15609828160346,-1.37535862058461,2.1841013640238,-0.802577629865069
Hong Kong,2008,FALSE,-1.93559407821043,-0.122760957287205,0.207513809204101,0.0584146211172821,0.11306557893472,0.360840119751917,0.355242925889162,0.183534026145935,-100.099975585938,-100.099975585938,5.66501014474096e-18,647.156982421875,3.37452628395983,TRUE,-1.93559407821043,-0.238925487841169,-0.577319254197648,-0.977318580743662,-1.5180995537635,-0.525571599437136,4.43702230805897,-1.15609828160346,-1.15609828160346,-1.37535862058461,2.1841013640238,-0.802577629865069
Hong Kong,2009,FALSE,-0.886873584194754,0.373212629748927,0.239307062966512,0.0672019935403598,0.130388390638927,1.09701075152472,0.356101136825339,0.183534026145935,-100.099975585938,-100.099975585938,5.66501014474096e-18,647.156982421875,3.37452628395983,TRUE,-0.886873584194754,-0.152363461791458,-0.414462442800735,-0.966713102994459,-0.79703579827965,-0.516551541914535,4.43702230805897,-1.15609828160346,-1.15609828160346,-1.37535862058461,2.1841013640238,-0.802577629865069
Hong Kong,2010,FALSE,-1.44857765838736,0.107564741565334,0.00236988067630981,0.000769414830525123,0.00129124867256245,0.316172788851039,0.308010787196858,0.183534026145935,-100.099975585938,-100.099975585938,5.66501014474096e-18,647.156982421875,3.37452628395983,TRUE,-1.44857765838736,-0.797461402971611,-1.64566073742916,-1.04574974496624,-1.56185027129656,-1.02199571845134,4.43702230805897,-1.15609828160346,-1.15609828160346,-1.37535862058461,2.1841013640238,-0.802577629865069
Hong Kong,2011,FALSE,-2.38645036470678,-0.335985368297948,-0.325064522879392,0.10217698758218,0.177114036947525,0.987585981818986,0.31813868325091,0.183534026145935,-100.099975585938,-100.099975585938,5.66501014474096e-18,647.156982421875,3.37452628395983,TRUE,-2.38645036470678,-1.68895195571492,0.233730866193206,-0.938106441979804,-0.904215074362647,-0.915548455733605,4.43702230805897,-1.15609828160346,-1.15609828160346,-1.37535862058461,2.1841013640238,-0.802577629865069
Hong Kong,2012,FALSE,-1.61798501957279,0.0274465622440445,-0.477889946528827,0.150419018009124,0.260382206266667,0.080675656379487,0.317705801336797,0.183534026145935,-100.099975585938,-100.099975585938,5.66501014474096e-18,647.156982421875,3.37452628395983,TRUE,-1.61798501957279,-2.10504268999016,1.1278028222209,-0.887127493988554,-1.79251479310272,-0.920098176089286,4.43702230805897,-1.15609828160346,-1.15609828160346,-1.37535862058461,2.1841013640238,-0.802577629865069
Hong Kong,2013,FALSE,-1.58092552089566,0.0449731888309586,-0.398347582135861,0.137028838218643,0.217042905068251,0.132192931710545,0.290703466010752,0.183534026145935,-100.099975585938,-100.099975585938,5.66501014474096e-18,647.156982421875,3.37452628395983,TRUE,-1.58092552089566,-1.8884763621115,0.879641952313748,-0.913660946084795,-1.74205469809315,-1.20390091923592,4.43702230805897,-1.15609828160346,-1.15609828160346,-1.37535862058461,2.1841013640238,-0.802577629865069
Hong Kong,2014,FALSE,-0.565154869538828,0.525363737537013,-0.282905782972046,0.095636109969782,0.154143506200369,1.54423945654526,0.295814816246118,0.183534026145935,-100.099975585938,-100.099975585938,5.66501014474096e-18,647.156982421875,3.37452628395983,TRUE,-0.565154869538828,-1.57416829848518,0.112508455169058,-0.952169600829887,-0.358984624157545,-1.1501790762744,4.43702230805897,-1.15609828160346,-1.15609828160346,-1.37535862058461,2.1841013640238,-0.802577629865069
Hong Kong,2015,FALSE,0.279454053244991,0.924806410266505,-0.114417893545964,0.0335014169295692,0.0623415156026634,2.71835006179678,0.341531505328589,0.183534026145935,-100.099975585938,-100.099975585938,5.66501014474096e-18,647.156982421875,3.37452628395983,TRUE,0.279454053244991,-1.11543409082744,-1.03903690998241,-1.00837317708766,0.791032186941425,-0.669682792803969,4.43702230805897,-1.15609828160346,-1.15609828160346,-1.37535862058461,2.1841013640238,-0.802577629865069
Hong Kong,2016,FALSE,0.109776479151598,0.844560438586818,0.0413096291678158,0.0112092929531522,0.0225078858864944,2.48247730004596,0.368530194905817,0.183534026145935,-100.099975585938,-100.099975585938,5.66501014474096e-18,647.156982421875,3.37452628395983,TRUE,0.109776479151598,-0.691441945243882,-1.45217795548193,-1.03276036554404,0.559999744102979,-0.385918367584383,4.43702230805897,-1.15609828160346,-1.15609828160346,-1.37535862058461,2.1841013640238,-0.802577629865069
Hong Kong,2017,FALSE,0.160173203002878,0.868394667102443,0.276797498975505,0.0723282785531191,0.15081535821342,2.55253496383276,0.3826960968969,0.183534026145935,-100.099975585938,-100.099975585938,5.66501014474096e-18,647.156982421875,3.37452628395983,TRUE,0.160173203002878,-0.0502899803328759,-0.319456746980077,-0.95420717994951,0.628619762302951,-0.237030436386155,4.43702230805897,-1.15609828160346,-1.15609828160346,-1.37535862058461,2.1841013640238,-0.802577629865069
Hong Kong,2018,FALSE,-0.113370986492714,0.739026838733302,0.455980028424933,0.117200478628969,0.248444410009491,2.17227479225758,0.389059868832502,0.183534026145935,-100.099975585938,-100.099975585938,5.66501014474096e-18,647.156982421875,3.37452628395983,TRUE,-0.113370986492714,0.437562030592545,0.512161975076741,-0.894436124639388,0.256162867742191,-0.17014526107536,4.43702230805897,-1.15609828160346,-1.15609828160346,-1.37535862058461,2.1841013640238,-0.802577629865069
Hong Kong,2019,FALSE,0.959245201250464,1.24630146641885,0.63525526864187,0.141650427763083,0.346123976017806,3.66334362591712,0.448466890410217,0.183534026145935,-100.099975585938,-100.099975585938,5.66501014474096e-18,647.156982421875,3.37452628395983,TRUE,0.959245201250464,0.925666460849821,0.965294101847795,-0.834634143209239,1.71663364242433,0.454240573792208,4.43702230805897,-1.15609828160346,-1.15609828160346,-1.37535862058461,2.1841013640238,-0.802577629865069
Hong Kong,2020,FALSE,1.03260598925101,1.28099613804971,0.755864007132451,0.154577726181344,0.411838623608373,3.76532417203442,0.488986366797569,0.183534026145935,-100.099975585938,-100.099975585938,5.66501014474096e-18,647.156982421875,3.37452628395983,TRUE,1.03260598925101,1.25404231193644,1.20487636819687,-0.794401919669617,1.81652145700959,0.880112573778218,4.43702230805897,-1.15609828160346,-1.15609828160346,-1.37535862058461,2.1841013640238,-0.802577629865069
Hong Kong,2021,FALSE,1.31834202383322,1.41612988133584,0.988259724208362,0.18207502321779,0.538461311485947,4.16253251243383,0.542776107751062,0.183534026145935,-100.099975585938,-100.099975585938,5.66501014474096e-18,647.156982421875,3.37452628395983,TRUE,1.31834202383322,1.88677541518207,1.71448514563172,-0.716880203116887,2.20557872889258,1.44545908367892,4.43702230805897,-1.15609828160346,-1.15609828160346,-1.37535862058461,2.1841013640238,-0.802577629865069
Hong Kong,2022,FALSE,0.07093438188754,0.826190763904201,1.04275894165039,0.190709417377498,0.568155651323886,2.42848199275317,0.546778945680646,0.183534026145935,-100.099975585938,-100.099975585938,5.66501014474096e-18,647.156982421875,3.37452628395983,TRUE,0.07093438188754,2.03515792158294,1.87450680324364,-0.698700552734147,0.507112468552086,1.48753012572289,4.43702230805897,-1.15609828160346,-1.15609828160346,-1.37535862058461,2.1841013640238,-0.802577629865069
Hong Kong,2023,FALSE,1.13133452637323,1.32768803258096,1.02652706418711,0.189743646915515,0.559311581478021,3.90256901914557,0.541007343789583,0.183534026145935,-100.099975585938,-100.099975585938,5.66501014474096e-18,647.156982421875,3.37452628395983,TRUE,1.13133452637323,1.99096413725649,1.85660813110283,-0.704115123276407,1.95094991775986,1.4268688373841,4.43702230805897,-1.15609828160346,-1.15609828160346,-1.37535862058461,2.1841013640238,-0.802577629865069
Hong Kong,2024,FALSE,1.48011889513975,1.49263935704385,1.14143800735468,0.199610844717695,0.621921739158643,4.38742232257146,0.571831660233184,0.183534026145935,-100.099975585938,-100.099975585938,5.66501014474096e-18,647.156982421875,3.37452628395983,TRUE,1.48011889513975,2.30382686373931,2.03947740010814,-0.665783549540335,2.42585360005579,1.75084176256571,4.43702230805897,-1.15609828160346,-1.15609828160346,-1.37535862058461,2.1841013640238,-0.802577629865069
Hubei,2002,TRUE,0.0454749138924263,0.814150164204259,0.613950661250496,0.139674375326116,3.84076933982772,2.13793291582969,0.439558551679235,0.0159850958734751,-20.9543536376953,-20.9543536376953,0.00252064524958792,393.34716796875,7.25977635173703,TRUE,0.0454749138924263,0.867661388648896,0.928671823475663,1.30487901897789,0.222525717170421,0.360611228840941,-0.52114522048052,-0.438771308656283,-0.438771308656283,-1.01319310406196,0.570370460108729,-0.315312385267098
Hubei,2003,TRUE,-0.683111845658869,0.469578096943517,0.616247892379747,0.140106993352811,3.85514042116144,1.23309742372826,0.439840922735341,0.0159850958734751,-20.9543536376953,-20.9543536376953,0.00252064524958792,393.34716796875,7.25977635173703,TRUE,-0.683111845658869,0.873915953920461,0.936689554941708,1.31367737030325,-0.66374174565753,0.363579034378515,-0.52114522048052,-0.438771308656283,-0.438771308656283,-1.01319310406196,0.570370460108729,-0.315312385267098
Hubei,2004,TRUE,0.289223088998353,0.929426500874181,0.6383304255349,0.142657231186296,3.99328493608922,2.44064497733713,0.447457461655977,0.0159850958734751,-61.5,-61.5,0.00252064524958792,393.34716796875,8.22863865943267,TRUE,0.289223088998353,0.934039048728704,0.983953239905646,1.39825305029434,0.519025857871736,0.443631171086655,-0.52114522048052,-0.806251973477874,-0.806251973477874,-1.01319310406196,0.570370460108729,-0.19380336497097
Hubei,2005,TRUE,-0.59792823467737,0.509864161091466,0.713248695646008,0.159141789660215,4.46196069946343,1.33888737056848,0.448184412886692,0.0159850958734751,-20.9543536376953,-20.9543536376953,0.00252064524958792,393.34716796875,7.25977635173703,TRUE,-0.59792823467737,1.13801556832055,1.28946238428855,1.68518859314554,-0.560122702641172,0.451271649249732,-0.52114522048052,-0.438771308656283,-0.438771308656283,-1.01319310406196,0.570370460108729,-0.315312385267098
Hubei,2006,TRUE,0.755965474666454,1.15016395814957,0.734562567302189,0.160707965743288,4.59529660076101,3.0202946493689,0.457079127288293,0.0159850958734751,-20.9543536376953,-20.9543536376953,0.00252064524958792,393.34716796875,7.25977635173703,TRUE,0.755965474666454,1.1960458639081,1.31848840375092,1.76682031428455,1.08678060295535,0.544757798362374,-0.52114522048052,-0.438771308656283,-0.438771308656283,-1.01319310406196,0.570370460108729,-0.315312385267098
Hubei,2007,TRUE,1.0147044166222,1.27252990968766,0.80092784336636,0.16623736179463,5.01046631002935,3.34162381820324,0.481797734708896,0.0159850958734751,-20.9543536376953,-20.9543536376953,0.00252064524958792,393.34716796875,7.25977635173703,TRUE,1.0147044166222,1.37673554098213,1.42096497655525,2.02099805338212,1.40151581137874,0.80455786780175,-0.52114522048052,-0.438771308656283,-0.438771308656283,-1.01319310406196,0.570370460108729,-0.315312385267098
Hubei,2008,TRUE,-0.398535306763855,0.604163477497716,0.52540636062622,0.134772310195216,3.28685148206121,1.58651443170432,0.389847409950289,0.0159850958734751,-20.9543536376953,-20.9543536376953,0.00252064524958792,393.34716796875,7.25977635173703,TRUE,-0.398535306763855,0.626585904067517,0.83782160590872,0.965756039652192,-0.317577169098151,-0.16186796480191,-0.52114522048052,-0.438771308656283,-0.438771308656283,-1.01319310406196,0.570370460108729,-0.315312385267098
Hubei,2009,TRUE,0.0213130402854299,0.802723238545079,0.534340926579047,0.136709669702257,3.34274458413294,2.10792616576366,0.390858179778213,0.0159850958734751,-20.9543536376953,-20.9543536376953,0.00252064524958792,393.34716796875,7.25977635173703,TRUE,0.0213130402854299,0.650911634819424,0.87372678628068,0.999975256513602,0.193134732310875,-0.15124446700474,-0.52114522048052,-0.438771308656283,-0.438771308656283,-1.01319310406196,0.570370460108729,-0.315312385267098
Hubei,2010,TRUE,-0.746587680861757,0.439558336811681,0.375253881726975,0.0987458830652621,2.34752349749527,1.15426647075057,0.380019774068926,0.0159850958734751,152.275024414063,152.275024414063,0.00252064524958792,393.34716796875,2.05053689155042,TRUE,-0.746587680861757,0.217772673215633,0.170142035050997,0.390674914854303,-0.740955017349148,-0.26515940193501,-0.52114522048052,1.1312726473398,1.1312726473398,-1.01319310406196,0.570370460108729,-0.968624603388855
Hubei,2011,TRUE,-1.15700882384555,0.245457003193517,0.0258077553340716,0.0081535916466244,0.161448861729355,0.644562427941335,0.316520086516181,0.0159850958734751,-207.899963378906,-207.899963378906,0.00252064524958792,393.34716796875,3.78766824377603,TRUE,-1.15700882384555,-0.733648182348257,-1.50880942020232,-0.947697071379379,-1.24019947974812,-0.932560398879173,-0.52114522048052,-2.1331307064398,-2.1331307064398,-1.01319310406196,0.570370460108729,-0.750763791735803
Hubei,2012,TRUE,-1.65864497189852,0.00821716554703222,-0.241363831928801,0.0688758363963013,1.50993046172034,0.0215780202107954,0.350433249971774,0.0159850958734751,-102,-102,0.00252064524958792,393.34716796875,1.86473884359109,TRUE,-1.65864497189852,-1.46106394385594,-0.38344102966679,-0.1221214172585,-1.85039969320176,-0.576122753717647,-0.52114522048052,-1.17331892789967,-1.17331892789967,-1.01319310406196,0.570370460108729,-0.991926303332334
Hubei,2013,TRUE,0.0446360439691655,0.813753435688634,-0.0866420609610293,0.0258047527628276,0.542017774849878,2.13689111913236,0.335760089458556,0.0159850958734751,-130.324951171875,-130.324951171875,0.00252064524958792,393.34716796875,7.02671703790491,TRUE,0.0446360439691655,-1.03981011217659,-1.18167957086436,-0.714702843360511,0.221505299068142,-0.730342126005253,-0.52114522048052,-1.43003876890724,-1.43003876890724,-1.01319310406196,0.570370460108729,-0.344541315600844
Hubei,2014,TRUE,-0.406677991259354,0.600312540608067,-0.126910686492893,0.0379223728608781,0.793931343905689,1.57640199164701,0.334659138969171,0.0159850958734751,4.074951171875,4.074951171875,0.00252064524958792,393.34716796875,4.49131863069298,TRUE,-0.406677991259354,-1.14944764214832,-0.95710311320735,-0.560474777099491,-0.32748209288908,-0.741913449936436,-0.52114522048052,-0.211921168218163,-0.211921168218163,-1.01319310406196,0.570370460108729,-0.66251609289754
Hubei,2015,TRUE,-0.492480672112105,0.559733698444981,-0.235893317631297,0.0726356471697056,1.47570786874496,1.46984321887871,0.324762464193589,0.0159850958734751,101.224975585938,101.224975585938,0.00252064524958792,393.34716796875,2.31066416566456,TRUE,-0.492480672112105,-1.44616962682049,-0.313760269078527,-0.143073382477418,-0.431854184841497,-0.845930506810443,-0.52114522048052,0.668586574588588,0.668586574588588,-1.01319310406196,0.570370460108729,-0.936000968452444
Hubei,2016,TRUE,0.196269848655498,0.885465929585118,-0.179802145276747,0.0544847248798495,1.12481117848722,2.32520588945164,0.330004686034937,0.0159850958734751,31.11669921875,31.11669921875,0.00252064524958792,393.34716796875,7.92589695283949,TRUE,0.196269848655498,-1.29345277818345,-0.65015221717395,-0.357901500703371,0.405955682768594,-0.790833163532777,-0.52114522048052,0.033168513209195,0.033168513209195,-1.01319310406196,0.570370460108729,-0.231771451745248
Hubei,2017,TRUE,0.422353359031222,0.992388079243321,-0.0599871362958735,0.0177202471440413,0.375269168046801,2.60598011665942,0.338523135756856,0.0159850958734751,16.0250244140625,16.0250244140625,0.00252064524958792,393.34716796875,11.1756795280994,TRUE,0.422353359031222,-0.967237977834487,-1.33151011672107,-0.816790695457355,0.680968173046797,-0.701301670450939,-0.52114522048052,-0.103613094387862,-0.103613094387862,-1.01319310406196,0.570370460108729,0.175797192177378
Hubei,2018,TRUE,0.186562349110843,0.880874941425939,-0.0728652136666461,0.021658328117582,0.455832196712409,2.31315009786277,0.336430463473748,0.0159850958734751,-56.875,-56.875,0.00252064524958792,393.34716796875,8.5236963434086,TRUE,0.186562349110843,-1.00230052529092,-1.25852546562225,-0.767467905224983,0.394147286748412,-0.723296291556178,-0.52114522048052,-0.764333833621064,-0.764333833621064,-1.01319310406196,0.570370460108729,-0.156798963183444
Hubei,2019,TRUE,0.12632100274668,0.852384874897618,0.0238302775791777,0.00714626061558728,0.149078102301035,2.23833607253538,0.333464994646284,0.0159850958734751,-217.824981689453,-217.824981689453,0.00252064524958792,393.34716796875,11.806650866654,TRUE,0.12632100274668,-0.73903216985111,-1.52747833644229,-0.955270773391387,0.3208685117781,-0.754464269354689,-0.52114522048052,-2.22308493468259,-2.22308493468259,-1.01319310406196,0.570370460108729,0.254929911629593
Hubei,2020,TRUE,0.156141215307209,0.866487810688634,0.0069280351911492,0.00209277066247518,0.0433405920489051,2.27536994167046,0.331046077593386,0.0159850958734751,248.816650390625,248.816650390625,0.00252064524958792,393.34716796875,4.10868702676447,TRUE,0.156141215307209,-0.785051125848022,-1.62113491779178,-1.0200060387388,0.35714241297181,-0.779887822049942,-0.52114522048052,2.00626624294831,2.00626624294831,-1.01319310406196,0.570370460108729,-0.710503501385201
Hubei,2021,TRUE,1.19123813912686,1.35601837404313,0.28261467388703,0.0800235148179764,1.76798860716242,3.56086191933669,0.353164534861875,0.0159850958734751,19.0699951171875,19.0699951171875,0.00252064524958792,393.34716796875,17.0103475417714,TRUE,1.19123813912686,-0.0344518264279588,-0.176840549474974,0.0358685191455194,1.6162549516345,-0.547416120207399,-0.52114522048052,-0.0760153629730551,-0.0760153629730551,-1.01319310406196,0.570370460108729,0.907546986201929
Hubei,2022,TRUE,0.942061507690597,1.23817474611344,0.556450162615091,0.15917006388831,3.4810561476734,3.25140823112438,0.349594734726973,0.0159850958734751,-39.1437377929688,-39.1437377929688,0.00252064524958792,393.34716796875,15.3742770778227,TRUE,0.942061507690597,0.711107432330214,1.28998639196804,1.08465320802822,1.3131515284059,-0.584935803543573,-0.52114522048052,-0.603628638154662,-0.603628638154662,-1.01319310406196,0.570370460108729,0.702360637604408
Hubei,2023,TRUE,1.22533336187322,1.37214309938492,0.674042872020111,0.176224829581052,4.21669583564141,3.60320494471781,0.382490295846816,0.0159850958734751,-20.9543536376953,-20.9543536376953,0.00252064524958792,393.34716796875,7.25977635173703,TRUE,1.22533336187322,1.03127168009299,1.60606321517712,1.53503103787442,1.65772906046486,-0.23919346791106,-0.52114522048052,-0.438771308656283,-0.438771308656283,-1.01319310406196,0.570370460108729,-0.315312385267098
Hubei,2024,TRUE,1.65977118943885,1.57760269411149,0.872303996767266,0.201575575968877,5.4569832028016,4.14273542662623,0.432742901799745,0.0159850958734751,-71.3499908447266,-71.3499908447266,0.00252064524958792,393.34716796875,25.7998851375217,TRUE,1.65977118943885,1.57106810273214,2.07588986237947,2.29436735692244,2.18618789689798,0.288976679133659,-0.52114522048052,-0.895526199168156,-0.895526199168156,-1.01319310406196,0.570370460108729,2.0098791686312
Hunan,2002,TRUE,-0.359458968603885,0.622643932219475,0.414713927677687,0.113445263205214,3.37240980926231,1.9060553685394,0.365563017759059,0.0122972577810287,-13.5700719197591,-13.5700719197591,0.00756605205339091,460.582000732422,7.86075839658088,TRUE,-0.359458968603885,0.325208720844918,0.442566380332727,1.01813708211136,-0.00459349656251767,-0.41710430033738,-0.630277036784836,-0.37184474567368,-0.37184474567368,-0.288270641662734,0.997851673489219,-0.239940746898563
Hunan,2003,TRUE,-0.580610085151974,0.518054469939202,0.456913198743535,0.122249394180686,3.71556981954485,1.58588312280442,0.373754979978233,0.0122972577810287,-13.5700719197591,-13.5700719197591,0.00756605205339091,460.582000732422,7.86075839658088,TRUE,-0.580610085151974,0.44010273039104,0.605733778817014,1.22822860279583,-0.318195522977789,-0.331004290042616,-0.630277036784836,-0.37184474567368,-0.37184474567368,-0.288270641662734,0.997851673489219,-0.239940746898563
Hunan,2004,TRUE,-0.498396799643946,0.556935771819084,0.469405378614128,0.124632754922263,3.81715490536671,1.70490767335257,0.376630829437181,0.0122972577810287,-13.5700719197591,-13.5700719197591,0.00756605205339091,460.582000732422,7.86075839658088,TRUE,-0.498396799643946,0.474114612517254,0.649904722313439,1.2904216454572,-0.201613462095587,-0.300778239018838,-0.630277036784836,-0.37184474567368,-0.37184474567368,-0.288270641662734,0.997851673489219,-0.239940746898563
Hunan,2005,TRUE,-1.12826308812997,0.259051784392327,0.540462221418096,0.145422224121935,4.39498163771015,0.793016712795424,0.371650361340178,0.0122972577810287,-13.5700719197591,-13.5700719197591,0.00756605205339091,460.582000732422,7.86075839658088,TRUE,-1.12826308812997,0.667577802028211,1.03519699188895,1.64418226223251,-1.09479160888973,-0.353124470965687,-0.630277036784836,-0.37184474567368,-0.37184474567368,-0.288270641662734,0.997851673489219,-0.239940746898563
Hunan,2006,TRUE,0.0388671219767418,0.811025127287834,0.601752621786951,0.153949134334175,4.89338869284571,2.48273325715544,0.390877561208454,0.0122972577810287,-31.699951171875,-31.699951171875,0.00756605205339091,460.582000732422,12.2892360401326,TRUE,0.0388671219767418,0.834450349046301,1.19322664414157,1.94932007839904,0.560250448744864,-0.151040762288015,-0.630277036784836,-0.536162759528227,-0.536162759528227,-0.288270641662734,0.997851673489219,0.315452909761586
Hunan,2007,TRUE,0.256013441246958,0.913720592375725,0.639177458626893,0.158135760975653,5.1977235088376,2.79710754465179,0.404195391784469,0.0122972577810287,-337.650024414063,-337.650024414063,0.00756605205339091,460.582000732422,22.956378005078,TRUE,0.256013441246958,0.93634522667205,1.27081760450076,2.13564180113218,0.868173496182642,-0.0110663191668121,-0.630277036784836,-3.30910502101307,-3.30910502101307,-0.288270641662734,0.997851673489219,1.65326320460422
Hunan,2008,TRUE,-1.11551065208501,0.26508282076928,0.400907584599083,0.115562820928858,3.26013808718861,0.81147909341025,0.346917444015914,0.0122972577810287,-13.5700719197591,-13.5700719197591,0.00756605205339091,460.582000732422,7.86075839658088,TRUE,-1.11551065208501,0.287618827147585,0.481811183240577,0.949401401631262,-1.07670809274995,-0.613074941837536,-0.630277036784836,-0.37184474567368,-0.37184474567368,-0.288270641662734,0.997851673489219,-0.239940746898563
Hunan,2009,TRUE,-0.277769976797893,0.661277278777092,0.434804575783854,0.123570197448944,3.53578483533651,2.02432087118118,0.351868480232463,0.0122972577810287,-13.5700719197591,-13.5700719197591,0.00756605205339091,460.582000732422,7.86075839658088,TRUE,-0.277769976797893,0.379908602074995,0.630212291664178,1.1181595399774,0.11124509275163,-0.561038047890825,-0.630277036784836,-0.37184474567368,-0.37184474567368,-0.288270641662734,0.997851673489219,-0.239940746898563
Hunan,2010,TRUE,-1.03805230715162,0.301715358611077,0.283208438328358,0.0848974588814644,2.30302107487142,0.923619663330664,0.333588828287286,0.0122972577810287,131.243713378906,131.243713378906,0.00756605205339091,460.582000732422,2.34897830096501,TRUE,-1.03805230715162,-0.0328352113617024,-0.0865115010529476,0.363429369443898,-0.966868747088755,-0.753162740187458,-0.630277036784836,0.940657850076275,0.940657850076275,-0.288270641662734,0.997851673489219,-0.931195834630153
Hunan,2011,TRUE,-1.55861142481968,0.0555262411794359,-0.0298445565359568,0.0105515646543255,0.24269277807609,0.169978513590607,0.282844843524912,0.0122972577810287,-293.668731689453,-293.668731689453,0.00756605205339091,460.582000732422,4.79867625278343,TRUE,-1.55861142481968,-0.88517016577971,-1.46436766684902,-0.89795742392572,-1.70504450996874,-1.28649742771954,-0.630277036784836,-2.91048578219933,-2.91048578219933,-0.288270641662734,0.997851673489219,-0.623969105111851
Hunan,2012,TRUE,-1.83280089887163,-0.0741467629709547,-0.262955188751234,0.08663377356141,2.1383237908284,0.2269801861183,0.303525031799336,0.0122972577810287,-13.5700719197591,-13.5700719197591,0.00756605205339091,460.582000732422,7.86075839658088,TRUE,-1.83280089887163,-1.51984973551096,-0.054332294488882,0.262597390715633,-1.64921256247214,-1.06914236971426,-0.630277036784836,-0.37184474567368,-0.37184474567368,-0.288270641662734,0.997851673489219,-0.239940746898563
Hunan,2013,TRUE,-0.3456498790979,0.629174693938225,-0.0830745015825491,0.0297721228138239,0.675553062819501,1.92604752262705,0.279034525357982,0.0122972577810287,-13.5700719197591,-13.5700719197591,0.00756605205339091,460.582000732422,7.86075839658088,TRUE,-0.3456498790979,-1.03009688275498,-1.10815210383223,-0.632949052493451,0.0149884007374843,-1.32654502860216,-0.630277036784836,-0.37184474567368,-0.37184474567368,-0.288270641662734,0.997851673489219,-0.239940746898563
Hunan,2014,TRUE,-0.669477867647411,0.476026042815178,-0.0764638355799902,0.0273847047296989,0.62179582587878,1.45722450267549,0.279220960513277,0.0122972577810287,46.0062255859375,46.0062255859375,0.00756605205339091,460.582000732422,3.92770260134482,TRUE,-0.669477867647411,-1.01209832724393,-1.15239824226046,-0.665860636938773,-0.444213953762144,-1.32458553851166,-0.630277036784836,0.168117972379234,0.168117972379234,-0.288270641662734,0.997851673489219,-0.733201505061187
Hunan,2015,TRUE,-0.304654144627009,0.648562892790764,-0.110408101763037,0.0407847323232197,0.897827009313945,1.98539923007478,0.270709394113589,0.0122972577810287,138.375,138.375,0.00756605205339091,460.582000732422,2.68399286645077,TRUE,-0.304654144627009,-1.10451681562933,-0.904054862528399,-0.496867137269389,0.0731221583468842,-1.41404468578683,-0.630277036784836,1.00529142195563,1.00529142195563,-0.288270641662734,0.997851673489219,-0.889180275438954
Hunan,2016,TRUE,0.112562651340894,0.845878108855217,-0.032629966735843,0.0113788390596373,0.265343439300605,2.58942619864017,0.286760068973882,0.0122972577810287,336.506225585938,336.506225585938,0.00756605205339091,460.582000732422,4.2155372821859,TRUE,0.112562651340894,-0.892753873697228,-1.44903574903414,-0.884090097551504,0.664753956152288,-1.24534721944909,-0.630277036784836,2.80103032446646,2.80103032446646,-0.288270641662734,0.997851673489219,-0.697102969904594
Hunan,2017,TRUE,0.0708329056871489,0.826142772551506,0.0842851230076448,0.028319993851423,0.685397708240884,2.52901182412353,0.297617024388619,0.0122972577810287,56.25,56.25,0.00756605205339091,460.582000732422,5.1232678397045,TRUE,0.0708329056871489,-0.574434549742241,-1.13506448231896,-0.626921903451595,0.605579338347621,-1.13123732148219,-0.630277036784836,0.260961208822539,0.260961208822539,-0.288270641662734,0.997851673489219,-0.583260734675859
Hunan,2018,TRUE,-0.0741383359548251,0.757581218596428,0.146909305027548,0.0482836668281919,1.19465093473269,2.31912923918345,0.304262941649185,0.0122972577810287,-27.8249918619792,-27.8249918619792,0.00756605205339091,460.582000732422,6.26905536503783,TRUE,-0.0741383359548251,-0.40393057692277,-0.765076735330016,-0.315143777908798,0.400003730769923,-1.06138671313666,-0.630277036784836,-0.501042524654354,-0.501042524654354,-0.288270641662734,0.997851673489219,-0.439562792703166
Hunan,2019,TRUE,-0.0264437411832785,0.780137523528069,0.217726979936874,0.0699833412247793,1.7705327790458,2.3881792433425,0.311112582118017,0.0122972577810287,-311.837524414063,-311.837524414063,0.00756605205339091,460.582000732422,10.1527815924762,TRUE,-0.0264437411832785,-0.211118558810656,-0.362915587442567,0.0374261276192513,0.467636767414159,-0.989394912014641,-0.630277036784836,-3.07515648370411,-3.07515648370411,-0.288270641662734,0.997851673489219,0.0475113407893481
Hunan,2020,TRUE,0.206834691995797,0.890462383147209,0.223044667925182,0.0713632744954234,1.81377565549027,2.72590885103471,0.312548253288863,0.0122972577810287,137.425048828125,137.425048828125,0.00756605205339091,460.582000732422,5.94096615332305,TRUE,0.206834691995797,-0.196640334920518,-0.337341215312007,0.0639005459627795,0.798435863099611,-0.974305572088194,-0.630277036784836,0.996681651992431,0.996681651992431,-0.288270641662734,0.997851673489219,-0.480709814698489
Hunan,2021,TRUE,1.00747150529255,1.26910923373315,0.458180359431724,0.128868406093149,3.72587423627542,3.88503339235516,0.355541263620924,0.0122972577810287,-42.3249918619792,-42.3249918619792,0.00756605205339091,460.582000732422,15.7448725761601,TRUE,1.00747150529255,0.443552770368699,0.728404256721302,1.23453723584113,1.93377413763154,-0.522435979290365,-0.630277036784836,-0.632461557718949,-0.632461557718949,-0.288270641662734,0.997851673489219,0.748838548419448
Hunan,2022,TRUE,0.450538503788474,1.00571773898217,0.640449592045373,0.177029827636252,5.2080683632851,3.0787318344035,0.361774962217848,0.0122972577810287,-134.737508138021,-134.737508138021,0.00756605205339091,460.582000732422,13.4760201759267,TRUE,0.450538503788474,0.939808805673182,1.62098228428432,2.1419751912039,1.14401860496513,-0.45691791426397,-0.630277036784836,-1.47003145648195,-1.47003145648195,-0.288270641662734,0.997851673489219,0.464292405836428
Hunan,2023,TRUE,1.07241132983265,1.29982136141869,0.707634040287497,0.183064991397093,5.75440519250707,3.97905023380359,0.3865479876229,0.0122972577810287,-41.7218856811523,-41.7218856811523,0.00756605205339091,460.582000732422,16.0297754009028,TRUE,1.07241132983265,1.12272880506456,1.73283227527452,2.47645686685915,2.02586166985254,-0.196545895284799,-0.630277036784836,-0.626995376262428,-0.626995376262428,-0.288270641662734,0.997851673489219,0.784569387403598
Hunan,2024,TRUE,1.44618837607247,1.47659252535912,0.895254748208129,0.205271386433434,7.28011695086411,4.52018716391158,0.436132265564663,0.0122972577810287,172.108317057292,172.108317057292,0.00756605205339091,460.582000732422,14.0531116163237,TRUE,1.44618837607247,1.63355505543382,2.14438450205178,3.41053745269284,2.55589398873903,0.324599921434398,-0.630277036784836,1.31102934676464,1.31102934676464,-0.288270641662734,0.997851673489219,0.536667824909856
Inner Mongolia,2002,TRUE,0.754182160542208,1.1493205716533,0.416488451617098,0.0998506107302897,2.35421123643741,1.99032137619457,0.41711157154771,0.0176912099123001,-9.33346070183648,-9.33346070183648,0.0182168161740964,111.579971313477,13.3017621676269,TRUE,0.754182160542208,0.330040135352442,0.19061600796648,0.394769323299908,0.0779432976493704,0.124686651956656,-0.470657287113643,-0.33344672155437,-0.33344672155437,1.24202779671005,-1.22111437246895,0.442437989889931
Inner Mongolia,2003,TRUE,-0.524270726363942,0.544699161283432,0.31687893186295,0.0783803888891513,1.79116597131457,0.943275889283132,0.404283439204534,0.0176912099123001,-9.33346070183648,-9.33346070183648,0.0182168161740964,111.579971313477,13.3017621676269,TRUE,-0.524270726363942,0.0588378888572461,-0.20729268426663,0.0500583068080556,-0.947615884379747,-0.0101409140475988,-0.470657287113643,-0.33344672155437,-0.33344672155437,1.24202779671005,-1.22111437246895,0.442437989889931
Inner Mongolia,2004,TRUE,0.526408811234534,1.04159924291795,0.47690029655182,0.112645399728161,2.69569067868132,1.803776326413,0.423364201026132,0.0176912099123001,-9.33346070183648,-9.33346070183648,0.0182168161740964,111.579971313477,13.3017621676269,TRUE,0.526408811234534,0.49452067999972,0.427742470618419,0.603831956339346,-0.104773681753216,0.190403686295684,-0.470657287113643,-0.33344672155437,-0.33344672155437,1.24202779671005,-1.22111437246895,0.442437989889931
Inner Mongolia,2005,TRUE,-0.808521094080862,0.410268037549911,0.462898058550696,0.109053458149433,2.61654268331788,0.710476489540556,0.424468940651475,0.0176912099123001,-9.33346070183648,-9.33346070183648,0.0182168161740964,111.579971313477,13.3017621676269,TRUE,-0.808521094080862,0.456397432229448,0.361172838187755,0.555375486451314,-1.17563803333254,0.202014835196303,-0.470657287113643,-0.33344672155437,-0.33344672155437,1.24202779671005,-1.22111437246895,0.442437989889931
Inner Mongolia,2006,TRUE,-0.019990928144158,0.783189265958725,0.363429742200039,0.0909956125355647,2.054295573913,1.35627811429621,0.399392599349772,0.0176912099123001,-47.6500091552734,-47.6500091552734,0.0182168161740964,111.579971313477,14.0093758253756,TRUE,-0.019990928144158,0.185579633730126,0.0265058847707171,0.211153121735614,-0.543088832446192,-0.0615451259541708,-0.470657287113643,-0.680724221424946,-0.680724221424946,1.24202779671005,-1.22111437246895,0.531182738878777
Inner Mongolia,2007,TRUE,1.99715750419143,1.73716351293748,0.525229402950834,0.11032653375689,2.96887214359296,3.00831096129349,0.476068072716038,0.0176912099123001,-27.1000061035156,-27.1000061035156,0.0182168161740964,111.579971313477,43.9693012934217,TRUE,1.99715750419143,0.626104109564164,0.384766811916824,0.771080783901869,1.07504283082038,0.744337380527539,-0.470657287113643,-0.494471702077603,-0.494471702077603,1.24202779671005,-1.22111437246895,4.28858063004628
Inner Mongolia,2008,TRUE,0.637119475962575,1.09395787023729,0.422670194080892,0.0952073986467097,2.38915368805287,1.89444771762631,0.443946794144973,0.0176912099123001,-9.33346070183648,-9.33346070183648,0.0182168161740964,111.579971313477,13.3017621676269,TRUE,0.637119475962575,0.346870880521916,0.104563126836103,0.416162004778998,-0.0159629481522699,0.406732989582418,-0.470657287113643,-0.33344672155437,-0.33344672155437,1.24202779671005,-1.22111437246895,0.442437989889931
Inner Mongolia,2009,TRUE,-0.583327370612923,0.516769378416,0.336394795349637,0.0749310876444527,1.90147987060938,0.894908840746311,0.44893889295432,0.0176912099123001,-101.524993896484,-101.524993896484,0.0182168161740964,111.579971313477,2.03382443196703,TRUE,-0.583327370612923,0.111972830506864,-0.271218756272381,0.117595357050007,-0.994990398051453,0.4592014638475,-0.470657287113643,-1.16901376632561,-1.16901376632561,1.24202779671005,-1.22111437246895,-0.970720581913963
Inner Mongolia,2010,TRUE,-1.66851904527662,0.00354739927476455,0.127356009823978,0.0259593528531011,0.719882984009091,0.00614316386620009,0.490597783945775,0.0176912099123001,-9.33346070183648,-9.33346070183648,0.0182168161740964,111.579971313477,13.3017621676269,TRUE,-1.66851904527662,-0.457167432181989,-1.17881435968046,-0.605809116966361,-1.86551781256274,0.897049057289452,-0.470657287113643,-0.33344672155437,-0.33344672155437,1.24202779671005,-1.22111437246895,0.442437989889931
Inner Mongolia,2011,TRUE,-0.906588214532825,0.363888948194442,-0.198144759450608,0.044307939094493,1.12001813574573,0.630160087633785,0.447199223209267,0.0176912099123001,-9.33346070183648,-9.33346070183648,0.0182168161740964,111.579971313477,13.3017621676269,TRUE,-0.906588214532825,-1.3433933680269,-0.838759095712518,-0.360835926650719,-1.2543062712197,0.440917006601351,-0.470657287113643,-0.33344672155437,-0.33344672155437,1.24202779671005,-1.22111437246895,0.442437989889931
Inner Mongolia,2012,TRUE,-2.32106002811866,-0.305060179002823,-0.481071540287557,0.0917521862661811,2.719268736691,0.528284109995219,0.52431616058927,0.0176912099123001,-9.33346070183648,-9.33346070183648,0.0182168161740964,111.579971313477,13.3017621676269,TRUE,-2.32106002811866,-2.11370506861554,0.0405275034551908,0.618267059246476,-1.35409166316444,1.25143943391162,-0.470657287113643,-0.33344672155437,-0.33344672155437,1.24202779671005,-1.22111437246895,0.442437989889931
Inner Mongolia,2013,TRUE,-0.486069880627761,0.562765567533432,-0.339439187731045,0.068240293649867,1.91868837356932,0.974562160004507,0.497417536730818,0.0176912099123001,-9.33346070183648,-9.33346070183648,0.0182168161740964,111.579971313477,13.3017621676269,TRUE,-0.486069880627761,-1.72808919289873,-0.395219575084861,0.128130852000541,-0.916971635767013,0.968726729779884,-0.470657287113643,-0.33344672155437,-0.33344672155437,1.24202779671005,-1.22111437246895,0.442437989889931
Inner Mongolia,2014,TRUE,0.989418629046991,1.26057144903368,-0.140015585081891,0.026827692146659,0.79144154512882,2.18297867723986,0.521906932271577,0.0176912099123001,-17.0583292643229,-17.0583292643229,0.0182168161740964,111.579971313477,8.46111126672222,TRUE,0.989418629046991,-1.18512774527702,-1.16272138424356,-0.561999096937341,0.266647099482057,1.22611771276522,-0.470657287113643,-0.40346015307389,-0.40346015307389,1.24202779671005,-1.22111437246895,-0.16464801592594
Inner Mongolia,2015,TRUE,1.16563273404481,1.34390875600999,-0.0830805131367161,0.0154659241874796,0.469614647887667,2.32729700547691,0.537184277703713,0.0176912099123001,-24.2833353678385,-24.2833353678385,0.0182168161740964,111.579971313477,8.7185161879022,TRUE,1.16563273404481,-1.03011325013632,-1.3732895965119,-0.759029928656019,0.408003887232691,1.38668725200269,-0.470657287113643,-0.468943140384912,-0.468943140384912,1.24202779671005,-1.22111437246895,-0.132365802505572
Inner Mongolia,2016,TRUE,-0.149564067060125,0.721909969083725,-0.128338336944589,0.0239530797629082,0.725435612266177,1.25015846630884,0.535790546413673,0.0176912099123001,-9.33346070183648,-9.33346070183648,0.0182168161740964,111.579971313477,13.3017621676269,TRUE,-0.149564067060125,-1.15333464020499,-1.21599671892612,-0.602409652928094,-0.647030810848846,1.37203871295795,-0.470657287113643,-0.33344672155437,-0.33344672155437,1.24202779671005,-1.22111437246895,0.442437989889931
Inner Mongolia,2017,TRUE,1.38590969167049,1.44808480047411,0.161042349679129,0.0289181554460978,0.910295850184684,2.50770255402291,0.556890116934691,0.0176912099123001,-12.6833330790202,-12.6833330790202,0.0182168161740964,111.579971313477,23.3282592307876,TRUE,1.38590969167049,-0.36545118791672,-1.12397872365087,-0.489233387236717,0.584707353426991,1.59380160571431,-0.470657287113643,-0.363807893188803,-0.363807893188803,1.24202779671005,-1.22111437246895,1.69990236379494
Inner Mongolia,2018,TRUE,0.482996284448675,1.0210680653972,0.160249727112893,0.0287804977244326,0.905815531596155,1.76822171919039,0.556799707382587,0.0176912099123001,11.3500061035156,11.3500061035156,0.0182168161740964,111.579971313477,5.22997408264762,TRUE,0.482996284448675,-0.367609224830426,-1.12652994107233,-0.491976355290133,-0.139598676804907,1.59285137387013,-0.470657287113643,-0.14598456927968,-0.14598456927968,1.24202779671005,-1.22111437246895,-0.569878264394466
Inner Mongolia,2019,TRUE,1.1334884888243,1.32870671056932,0.361325042588368,0.0633396289109128,2.04239870749118,2.30097105539065,0.570456519561509,0.0176912099123001,88.7749938964844,88.7749938964844,0.0182168161740964,111.579971313477,12.3587097853099,TRUE,1.1334884888243,0.179849265143955,-0.486043839118026,0.203869549398959,0.382218169062752,1.73638861656477,-0.470657287113643,0.55574763974032,0.55574763974032,1.24202779671005,-1.22111437246895,0.324165898847594
Inner Mongolia,2020,TRUE,1.15529204902924,1.33901831411546,0.374344076429116,0.0652991361306465,2.11598911710864,2.31882804452573,0.573275694919074,0.0176912099123001,-9.33346070183648,-9.33346070183648,0.0182168161740964,111.579971313477,13.3017621676269,TRUE,1.15529204902924,0.215295588281768,-0.44972819408209,0.248923520144547,0.399708716894534,1.76601900557474,-0.470657287113643,-0.33344672155437,-0.33344672155437,1.24202779671005,-1.22111437246895,0.442437989889931
Inner Mongolia,2021,TRUE,1.33887953834055,1.42584273122972,0.482448484216494,0.0818802229500808,2.72705194618184,2.46918513167814,0.589212470159765,0.0176912099123001,-9.33346070183648,-9.33346070183648,0.0182168161740964,111.579971313477,13.3017621676269,TRUE,1.33887953834055,0.509626474730488,-0.142430085057292,0.623032143372654,0.546980342855278,1.93351935232648,-0.470657287113643,-0.33344672155437,-0.33344672155437,1.24202779671005,-1.22111437246895,0.442437989889931
Inner Mongolia,2022,TRUE,0.592413355292638,1.07281491064256,0.751908097948335,0.137408699026156,4.25017905318934,1.85783366452808,0.547205601448282,0.0176912099123001,-28.4250030517578,-28.4250030517578,0.0182168161740964,111.579971313477,14.9988925242956,TRUE,0.592413355292638,1.24327174040561,0.886681931605368,1.55553033814622,-0.0518256483076906,1.49201440738862,-0.470657287113643,-0.506480655025984,-0.506480655025984,1.24202779671005,-1.22111437246895,0.655282111614618
Inner Mongolia,2023,TRUE,1.45130323191427,1.47901150488084,0.962870555264542,0.169922384461642,5.44264954199142,2.56125948356384,0.566653156566254,0.0176912099123001,-32.9680516984728,-32.9680516984728,0.0182168161740964,111.579971313477,18.6435806033937,TRUE,1.45130323191427,1.81764949557915,1.4892596854376,2.28559191541891,0.63716524712749,1.69641411664829,-0.470657287113643,-0.547656038496102,-0.547656038496102,1.24202779671005,-1.22111437246895,1.11237748446434
Inner Mongolia,2024,TRUE,2.13822477426747,1.803878753416,1.07638691152842,0.179383387722674,6.08430354319656,3.12384423592316,0.60004826823346,0.0176912099123001,88.8999938964844,88.8999938964844,0.0182168161740964,111.579971313477,20.1327281244764,TRUE,2.13822477426747,2.12671524460291,1.66460093075241,2.67842925318292,1.18820525987192,2.04740688021491,-0.470657287113643,0.556880562439152,0.556880562439152,1.24202779671005,-1.22111437246895,1.2991376204774
Jiangsu,2002,TRUE,0.272388252401759,0.921464766225506,0.500669888087663,0.116744268037442,1.91122360521195,2.16903257027667,0.428860359916848,0.026196300983429,147.681652499468,147.681652499468,0.00581270806452776,306.400817871094,11.2701595140428,TRUE,0.272388252401759,0.559237050871746,0.503707001429959,0.123560725853074,0.252987179040731,0.248169985066533,-0.218971607547869,1.08964116488999,1.08964116488999,-0.540190554420117,0.0175627901708158,0.187646317113282
Jiangsu,2003,TRUE,-0.839094230776337,0.395809019765546,0.455584866659969,0.107245214234877,1.73911907237651,0.931693415687962,0.424806710406858,0.026196300983429,147.681652499468,147.681652499468,0.00581270806452776,306.400817871094,11.2701595140428,TRUE,-0.839094230776337,0.436486141875766,0.327660563531104,0.0181938359572561,-0.958960675312541,0.205564897884296,-0.218971607547869,1.08964116488999,1.08964116488999,-0.540190554420117,0.0175627901708158,0.187646317113282
Jiangsu,2004,TRUE,0.404897436049139,0.984132612905194,0.577932630266435,0.127473608030489,2.20616120814927,2.31654618722606,0.453374340928836,0.026196300983429,147.681652499468,147.681652499468,0.00581270806452776,306.400817871094,11.2701595140428,TRUE,0.404897436049139,0.769596756459922,0.702554394658913,0.304129229325016,0.397473685336679,0.505819368819506,-0.218971607547869,1.08964116488999,1.08964116488999,-0.540190554420117,0.0175627901708158,0.187646317113282
Jiangsu,2005,TRUE,-0.66800308020168,0.476723517141034,0.675795589174538,0.150918313978736,2.57973669489455,1.12215775751397,0.447788986875216,0.026196300983429,147.681652499468,147.681652499468,0.00581270806452776,306.400817871094,11.2701595140428,TRUE,-0.66800308020168,1.03604372227254,1.13705629932867,0.532841899068023,-0.772404831225018,0.447115601803711,-0.218971607547869,1.08964116488999,1.08964116488999,-0.540190554420117,0.0175627901708158,0.187646317113282
Jiangsu,2006,TRUE,0.55042926864944,1.05295928832023,0.661672558103306,0.149607302973845,2.52582438460247,2.47855704879225,0.442272900420498,0.026196300983429,147.681652499468,147.681652499468,0.00581270806452776,306.400817871094,11.2701595140428,TRUE,0.55042926864944,0.997591596779984,1.11275926698688,0.499835374666912,0.556159939892598,0.389139858284484,-0.218971607547869,1.08964116488999,1.08964116488999,-0.540190554420117,0.0175627901708158,0.187646317113282
Jiangsu,2007,TRUE,1.12607955531626,1.32520278807609,0.707597766603749,0.153228474031596,2.70113619114147,3.11939003520733,0.461792608113972,0.026196300983429,147.681652499468,147.681652499468,0.00581270806452776,306.400817871094,11.2701595140428,TRUE,1.12607955531626,1.12263004437838,1.17987061081013,0.60716584128916,1.1838424633174,0.594297913020771,-0.218971607547869,1.08964116488999,1.08964116488999,-0.540190554420117,0.0175627901708158,0.187646317113282
Jiangsu,2008,TRUE,-0.358514524402908,0.623090590200116,0.454246384756902,0.118783090279457,1.73400964145375,1.46669067978907,0.382416709051948,0.026196300983429,147.681652499468,147.681652499468,0.00581270806452776,306.400817871094,11.2701595140428,TRUE,-0.358514524402908,0.43284191891494,0.541492595729759,0.0150657089021511,-0.434942031024401,-0.239966887468692,-0.218971607547869,1.08964116488999,1.08964116488999,-0.540190554420117,0.0175627901708158,0.187646317113282
Jiangsu,2009,TRUE,-0.0879769576370799,0.751036490163495,0.508576461247018,0.132787142272555,1.94140562657579,1.76786206954356,0.383001285021353,0.026196300983429,101.868713378906,101.868713378906,0.00581270806452776,306.400817871094,7.64014766817128,TRUE,-0.0879769576370799,0.580763913045042,0.801030389785577,0.142038947602862,-0.139950946121026,-0.233822816532179,-0.218971607547869,0.674421015850588,0.674421015850588,-0.540190554420117,0.0175627901708158,-0.267608448761816
Jiangsu,2010,TRUE,-0.883393015570069,0.374858702382733,0.30971128599987,0.0840854825794408,1.18227106260454,0.882378539605296,0.368329081904556,0.026196300983429,129.587524414063,129.587524414063,0.00581270806452776,306.400817871094,4.83298616417057,TRUE,-0.883393015570069,0.0393228699619929,-0.101559898356576,-0.32272305895364,-1.00726356626563,-0.3880321262927,-0.218971607547869,0.92564717750166,0.92564717750166,-0.540190554420117,0.0175627901708158,-0.619666157535106
Jiangsu,2011,TRUE,-1.35894958497513,0.149952734670331,-0.0529146194457745,0.0164531982339687,0.201992714464713,0.352973198133552,0.321606891823188,0.026196300983429,147.681652499468,147.681652499468,0.00581270806452776,306.400817871094,11.2701595140428,TRUE,-1.35894958497513,-0.947981962316531,-1.35499239736692,-0.922875065841597,-1.52580503915154,-0.879096530567422,-0.218971607547869,1.08964116488999,1.08964116488999,-0.540190554420117,0.0175627901708158,0.187646317113282
Jiangsu,2012,TRUE,-1.42561352918926,0.118425215444256,-0.253204686301093,0.0726844080641486,0.966566563963604,0.278760685004598,0.348361764296992,0.026196300983429,147.681652499468,147.681652499468,0.00581270806452776,306.400817871094,11.2701595140428,TRUE,-1.42561352918926,-1.49330249208019,-0.31285658098981,-0.454782986625992,-1.59849464548886,-0.597894697136372,-0.218971607547869,1.08964116488999,1.08964116488999,-0.540190554420117,0.0175627901708158,0.187646317113282
Jiangsu,2013,TRUE,-0.165711565021164,0.71427329894035,-0.137463569641095,0.0409591054298598,0.524744198534179,1.68132532709497,0.3356117478603,0.026196300983429,147.681652499468,147.681652499468,0.00581270806452776,306.400817871094,11.2701595140428,TRUE,-0.165711565021164,-1.17817949050837,-0.900823197045984,-0.725278177918977,-0.224711877628242,-0.731901241244711,-0.218971607547869,1.08964116488999,1.08964116488999,-0.540190554420117,0.0175627901708158,0.187646317113282
Jiangsu,2014,TRUE,-0.0769567073230901,0.756248320302655,-0.13508095060074,0.0402232886591471,0.515648948629,1.78013017760036,0.335827713505523,0.026196300983429,147.681652499468,147.681652499468,0.00581270806452776,306.400817871094,11.2701595140428,TRUE,-0.0769567073230901,-1.17169244350844,-0.914460125957286,-0.730846527453677,-0.12793459055572,-0.729631376738563,-0.218971607547869,1.08964116488999,1.08964116488999,-0.540190554420117,0.0175627901708158,0.187646317113282
Jiangsu,2015,TRUE,-0.225154371746836,0.686160887441327,-0.182802132197772,0.0551973457048205,0.697816582247271,1.6151516236552,0.331179207738259,0.026196300983429,147.681652499468,147.681652499468,0.00581270806452776,306.400817871094,11.2701595140428,TRUE,-0.225154371746836,-1.3016207042456,-0.636945179882003,-0.619318744438275,-0.289527637802822,-0.778488583804278,-0.218971607547869,1.08964116488999,1.08964116488999,-0.540190554420117,0.0175627901708158,0.187646317113282
Jiangsu,2016,TRUE,0.507162939145882,1.03249725218742,-0.109722069331581,0.0319075617532924,0.418845658404169,2.43039153617254,0.34387481619544,0.026196300983429,147.681652499468,147.681652499468,0.00581270806452776,306.400817871094,11.2701595140428,TRUE,0.507162939145882,-1.10264898676077,-1.06857590745966,-0.790112029963279,0.508982826441689,-0.645053884080797,-0.218971607547869,1.08964116488999,1.08964116488999,-0.540190554420117,0.0175627901708158,0.187646317113282
Jiangsu,2017,TRUE,0.682660173331906,1.11549552794426,0.0623261928558279,0.0174786996571411,0.237919822707999,2.62576087637076,0.356583693743854,0.026196300983429,107.149963378906,107.149963378906,0.00581270806452776,306.400817871094,10.1246652695508,TRUE,0.682660173331906,-0.634221116352566,-1.33598672834324,-0.900879551858446,0.700343013971156,-0.51147972217949,-0.218971607547869,0.72228699987627,0.72228699987627,-0.540190554420117,0.0175627901708158,0.043985156701208
Jiangsu,2018,TRUE,0.306979537650833,0.937824095449139,0.0328395707266599,0.00936783381105605,0.125359571748062,2.20754073598689,0.350556717689656,0.026196300983429,61.050048828125,61.050048828125,0.00581270806452776,306.400817871094,8.92833257296357,TRUE,0.306979537650833,-0.714502982811944,-1.48630580960723,-0.969791877258275,0.29070512293227,-0.574825070513514,-0.218971607547869,0.304465883005645,0.304465883005645,-0.540190554420117,0.0175627901708158,-0.106051863787573
Jiangsu,2019,TRUE,0.592929322742337,1.07305892821281,0.185896430696763,0.0522627459602024,0.709628549520623,2.52586951821679,0.355695873382394,0.026196300983429,-65.8700073242188,-65.8700073242188,0.00581270806452776,306.400817871094,15.5813874766845,TRUE,0.592929322742337,-0.297782127537827,-0.69133226331545,-0.612087149577642,0.6025015153536,-0.52081098375229,-0.218971607547869,-0.845859017411256,-0.845859017411256,-0.540190554420117,0.0175627901708158,0.728335207426091
Jiangsu,2020,TRUE,0.389926834341717,0.977052534780194,0.16680172511512,0.0473738714559353,0.636737702855963,2.29988041701313,0.352096461591217,0.026196300983429,327.024983723958,327.024983723958,0.00581270806452776,306.400817871094,7.84977862937774,TRUE,0.389926834341717,-0.349770401978737,-0.781938018341108,-0.656712829612879,0.381149911555012,-0.558641894587067,-0.218971607547869,2.71509821151798,2.71509821151798,-0.540190554420117,0.0175627901708158,-0.241317764814666
Jiangsu,2021,TRUE,1.31160693132511,1.41294463988273,0.403449944087497,0.105339330962633,1.54010272039059,3.32592526186017,0.383000290965026,0.026196300983429,245.020843505859,245.020843505859,0.00581270806452776,306.400817871094,18.2443391954561,TRUE,1.31160693132511,0.294540792099911,0.292338733788549,-0.103649172484702,1.38613940337785,-0.233833264366006,-0.218971607547869,1.97186339670722,1.97186339670722,-0.540190554420117,0.0175627901708158,1.06230697191078
Jiangsu,2022,TRUE,0.787918183558736,1.16527541991203,0.643108095441543,0.174087603455399,2.45495765164843,2.74293758347942,0.369416364334239,0.026196300983429,147.681652499468,147.681652499468,0.00581270806452776,306.400817871094,11.2701595140428,TRUE,0.787918183558736,0.947046990287825,1.56645389679385,0.456448909909564,0.815115150805157,-0.376604457819094,-0.218971607547869,1.08964116488999,1.08964116488999,-0.540190554420117,0.0175627901708158,0.187646317113282
Jiangsu,2023,TRUE,1.40224924635052,1.45581230040519,0.760508673531608,0.188636742759713,2.90311473368963,3.42683129244629,0.403160414246736,0.026196300983429,147.681652499468,147.681652499468,0.00581270806452776,306.400817871094,11.2701595140428,TRUE,1.40224924635052,1.26668813097844,1.83609382117527,0.730822380157539,1.48497475244656,-0.0219442473443968,-0.218971607547869,1.08964116488999,1.08964116488999,-0.540190554420117,0.0175627901708158,0.187646317113282
Jiangsu,2024,TRUE,1.98152522561836,1.72977050658195,0.953214713505288,0.206619099107634,3.63873782832265,4.07170052008482,0.461339110286572,0.026196300983429,275.621150090144,275.621150090144,0.00581270806452776,306.400817871094,23.103404007283,TRUE,1.98152522561836,1.79135998044671,2.1693617282614,1.18119005113068,2.11661068983412,0.589531513156719,-0.218971607547869,2.24920565207183,2.24920565207183,-0.540190554420117,0.0175627901708158,1.67170234228569
Jiangxi,2002,TRUE,-0.258115337758414,0.670572588520667,0.421344075884123,0.113313739975397,3.34631546420264,2.02839798633973,0.371838468993793,0.0125912837684155,25.383596880008,25.383596880008,0.00309992464135601,527.761657714844,4.1455732628301,TRUE,-0.258115337758414,0.343260319654143,0.44012885375466,1.00216144255377,0.115238541879973,-0.351147402410015,-0.621576115204272,-0.0187927809851387,-0.0187927809851387,-0.929962423280952,1.42498207749087,-0.705877446298585
Jiangxi,2003,TRUE,-0.547307677745601,0.533804247456214,0.460613386971598,0.121420416673125,3.65819240868053,1.61469090621262,0.37935414783793,0.0125912837684155,25.383596880008,25.383596880008,0.00309992464135601,527.761657714844,4.1455732628301,TRUE,-0.547307677745601,0.45017706226597,0.590370297323207,1.19310065332556,-0.289978900913609,-0.272155335730589,-0.621576115204272,-0.0187927809851387,-0.0187927809851387,-0.929962423280952,1.42498207749087,-0.705877446298585
Jiangxi,2004,TRUE,-0.433806157311336,0.587482760029456,0.486517838069349,0.126384604651284,3.86392560931517,1.77706167513038,0.384950239320471,0.0125912837684155,25.383596880008,25.383596880008,0.00309992464135601,527.761657714844,4.1455732628301,TRUE,-0.433806157311336,0.520705916830019,0.682371840716847,1.31905589193576,-0.130940124625161,-0.213338715076569,-0.621576115204272,-0.0187927809851387,-0.0187927809851387,-0.929962423280952,1.42498207749087,-0.705877446298585
Jiangxi,2005,TRUE,-1.06609629591217,0.288452456074378,0.559022358485622,0.146975026663875,4.43975665045291,0.872532505909289,0.380351935410143,0.0125912837684155,25.383596880008,25.383596880008,0.00309992464135601,527.761657714844,4.1455732628301,TRUE,-1.06609629591217,0.718110631424391,1.06397515884649,1.67159469443301,-1.01690755059079,-0.261668285382816,-0.621576115204272,-0.0187927809851387,-0.0187927809851387,-0.929962423280952,1.42498207749087,-0.705877446298585
Jiangxi,2006,TRUE,0.0535813011316326,0.817983934956214,0.623260361807709,0.15608696409334,4.94993499686762,2.47429882301593,0.399303276495915,0.0125912837684155,25.383596880008,25.383596880008,0.00309992464135601,527.761657714844,4.1455732628301,TRUE,0.0535813011316326,0.893008481090918,1.23284714969482,1.98393920255418,0.551989096697485,-0.0624839362698048,-0.621576115204272,-0.0187927809851387,-0.0187927809851387,-0.929962423280952,1.42498207749087,-0.705877446298585
Jiangxi,2007,TRUE,0.437251366226059,0.999433825092932,0.651139259338391,0.158611994333319,5.17134925488486,3.02316198574502,0.410523341614404,0.0125912837684155,25.383596880008,25.383596880008,0.00309992464135601,527.761657714844,4.1455732628301,TRUE,0.437251366226059,0.968913069917283,1.27964366107105,2.11949479403981,1.08958909903814,0.0554423549365569,-0.621576115204272,-0.0187927809851387,-0.0187927809851387,-0.929962423280952,1.42498207749087,-0.705877446298585
Jiangxi,2008,TRUE,-0.997167806208084,0.321050951557776,0.424349103655132,0.119135023895998,3.3701814005621,0.971138866694334,0.356191730842795,0.0125912837684155,25.383596880008,25.383596880008,0.00309992464135601,527.761657714844,4.1455732628301,TRUE,-0.997167806208084,0.351441970206114,0.548014998998195,1.01677279210523,-0.920324680052971,-0.515599371283505,-0.621576115204272,-0.0187927809851387,-0.0187927809851387,-0.929962423280952,1.42498207749087,-0.705877446298585
Jiangxi,2009,TRUE,-0.307217459468508,0.647350618916175,0.464348179953431,0.128852869174808,3.68785414175338,1.95815444046424,0.360370850045624,0.0125912837684155,-292.550008138021,-292.550008138021,0.00309992464135601,527.761657714844,2.85864656318364,TRUE,-0.307217459468508,0.460345610908385,0.728116310238767,1.21126034099512,0.0464364560571381,-0.471675559532466,-0.621576115204272,-2.90034636375825,-2.90034636375825,-0.929962423280952,1.42498207749087,-0.867276234573145
Jiangxi,2010,TRUE,-1.00351579303122,0.318048784809729,0.284696374620733,0.0855100943746152,2.26105915692948,0.962057688771704,0.332938908210641,0.0125912837684155,731.925048828125,731.925048828125,0.00309992464135601,527.761657714844,9.66621416611829,TRUE,-1.00351579303122,-0.0287840758263659,-0.0751574969025045,0.337739187350709,-0.929219504125673,-0.75999359753186,-0.621576115204272,6.3848620076408,6.3848620076408,-0.929962423280952,1.42498207749087,-0.0135110881101468
Jiangxi,2011,TRUE,-1.56741786774391,0.0513613916212528,-0.031302928924522,0.0108328318223375,0.248607921958233,0.155361768619244,0.288963490229532,0.0125912837684155,-322.949951171875,-322.949951171875,0.00309992464135601,527.761657714844,1.81125250059632,TRUE,-1.56741786774391,-0.889140809037319,-1.45915492839574,-0.894336018353888,-1.71936130632969,-1.2221885930151,-0.621576115204272,-3.17587264780844,-3.17587264780844,-0.929962423280952,1.42498207749087,-0.998634246334034
Jiangxi,2012,TRUE,-1.61652402248248,0.0281375146681278,-0.250365597861162,0.0837938188388714,1.98840406161912,0.0851124532533376,0.298787668745107,0.0125912837684155,444.091674804688,444.091674804688,0.00309992464135601,527.761657714844,5.96799461766703,TRUE,-1.61652402248248,-1.48557263689357,-0.106965317007603,0.170812617005407,-1.78816904324786,-1.11893349384621,-0.621576115204272,3.77611830433874,3.77611830433874,-0.929962423280952,1.42498207749087,-0.477320063444405
Jiangxi,2013,TRUE,-0.332335160824605,0.635471651631018,-0.0763963971819086,0.0280321508048425,0.606740333924844,1.92222205412235,0.272531343434094,0.0125912837684155,-263.375,-263.375,0.00309992464135601,527.761657714844,9.33906047129901,TRUE,-0.332335160824605,-1.01191471582702,-1.14039909185773,-0.675078002320745,0.011241434249781,-1.39489544521967,-0.621576115204272,-2.6359221320927,-2.6359221320927,-0.929962423280952,1.42498207749087,-0.0545407830709264
Jiangxi,2014,TRUE,-0.371766080246336,0.616823504048011,-0.0580101013183428,0.0211281942731612,0.460716336676154,1.86581374627639,0.274562513806644,0.0125912837684155,25.383596880008,25.383596880008,0.00309992464135601,527.761657714844,4.1455732628301,TRUE,-0.371766080246336,-0.961855195861145,-1.26835046260192,-0.764477707178963,-0.0440093249362357,-1.37354722786857,-0.621576115204272,-0.0187927809851387,-0.0187927809851387,-0.929962423280952,1.42498207749087,-0.705877446298585
Jiangxi,2015,TRUE,-0.290129517810549,0.655432055073401,-0.0880631719316678,0.0328519832040186,0.699397881513635,1.98259977137795,0.26806044367177,0.0125912837684155,146,146,0.00309992464135601,527.761657714844,2.21684789473482,TRUE,-0.290129517810549,-1.04367930548971,-1.05107289760927,-0.618350631728247,0.0703801470330164,-1.44188595924596,-0.621576115204272,1.07439970658443,1.07439970658443,-0.929962423280952,1.42498207749087,-0.947766854149475
Jiangxi,2016,TRUE,0.308017001702179,0.938314745503089,-0.00464085170201384,0.00160709287769583,0.0368576531779481,2.83828443469499,0.288773086261677,0.0125912837684155,25.383596880008,25.383596880008,0.00309992464135601,527.761657714844,4.1455732628301,TRUE,0.308017001702179,-0.816549200757112,-1.63013600840081,-1.02397506323201,0.908505399809652,-1.22418979653068,-0.621576115204272,-0.0187927809851387,-0.0187927809851387,-0.929962423280952,1.42498207749087,-0.705877446298585
Jiangxi,2017,TRUE,0.380772835431139,0.972723314839026,0.140499251229432,0.0455637540974803,1.11584532454003,2.94236604188955,0.3083574960238,0.0125912837684155,-14.4000244140625,-14.4000244140625,0.00309992464135601,527.761657714844,9.48040759387607,TRUE,0.380772835431139,-0.421382934834893,-0.815485013626979,-0.363390630653125,1.01045115982968,-1.01835170340704,-0.621576115204272,-0.379366921831673,-0.379366921831673,-0.929962423280952,1.42498207749087,-0.0368138571191218
Jiangxi,2018,TRUE,0.186630910594958,0.880907366352698,0.212817600795195,0.0667083466821437,1.69019779642356,2.6646343120042,0.31902694547242,0.0125912837684155,-34.6550048828125,-34.6550048828125,0.00309992464135601,527.761657714844,6.69609937181514,TRUE,0.186630910594958,-0.22448509903097,-0.423611224645243,-0.0117570468694393,0.738418732122133,-0.906212550077515,-0.621576115204272,-0.562945538931354,-0.562945538931354,-0.929962423280952,1.42498207749087,-0.386005441493726
Jiangxi,2019,TRUE,0.383757276504277,0.974134752827307,0.311382974897114,0.0930679802217725,2.47300418785098,2.94663546480108,0.334575838172395,0.0125912837684155,-20.375,-20.375,0.00309992464135601,527.761657714844,6.07770722782071,TRUE,0.383757276504277,0.0438743002418759,0.0649131784608591,0.467497470698333,1.01463297038483,-0.742788966603638,-0.621576115204272,-0.433520405561912,-0.433520405561912,-0.929962423280952,1.42498207749087,-0.463560552244499
Jiangxi,2020,TRUE,0.640983832781061,1.09578544862809,0.341114793505021,0.0991587973295655,2.70913434864115,3.31461356385146,0.344008603060491,0.0125912837684155,25.383596880008,25.383596880008,0.00309992464135601,527.761657714844,4.1455732628301,TRUE,0.640983832781061,0.124823751848044,0.177794595705892,0.612062522200197,1.37505983147559,-0.643647743506658,-0.621576115204272,-0.0187927809851387,-0.0187927809851387,-0.929962423280952,1.42498207749087,-0.705877446298585
Jiangxi,2021,TRUE,1.43678504493361,1.47214538820328,0.587397984096042,0.146254576485835,4.66511592383851,4.45305518321053,0.40162707944591,0.0125912837684155,-308.375,-308.375,0.00309992464135601,527.761657714844,18.4496705925732,TRUE,1.43678504493361,0.795367638889605,1.05062301976362,1.80956552736003,2.49013961600509,-0.0380600616760883,-0.621576115204272,-3.04377430367248,-3.04377430367248,-0.929962423280952,1.42498207749087,1.0880584297821
Jiangxi,2022,TRUE,0.641701711850004,1.09612495668473,0.768155983516142,0.188556333097627,6.1006963042404,3.3156405331464,0.407388057933022,0.0125912837684155,-16.9749755859375,-16.9749755859375,0.00309992464135601,527.761657714844,8.16346590293967,TRUE,0.641701711850004,1.28750910926013,1.83460358489731,2.6884653296275,1.37606572644697,0.0224895714615356,-0.621576115204272,-0.402704686879698,-0.402704686879698,-0.929962423280952,1.42498207749087,-0.201976949316818
Jiangxi,2023,TRUE,1.21421026933308,1.36688263185563,0.819326468876359,0.192990686581374,6.50709239777119,4.13464854585724,0.424541973185267,0.0125912837684155,106.599975585938,106.599975585938,0.00309992464135601,527.761657714844,12.0167180666609,TRUE,1.21421026933308,1.42682863030784,1.91678567917993,2.93727163202799,2.17826696611676,0.202782429301733,-0.621576115204272,0.717302250638395,0.717302250638395,-0.929962423280952,1.42498207749087,0.281275306084971
Jiangxi,2024,TRUE,1.64954342922062,1.57276565797867,0.97784505571632,0.208783699682233,7.76604732052177,4.75741888087914,0.468353160330328,0.0125912837684155,175.025024414063,175.025024414063,0.00309992464135601,527.761657714844,13.3184961857505,TRUE,1.64954342922062,1.85841987749334,2.20947837867231,3.70803671615332,2.78825749982419,0.663251308831787,-0.621576115204272,1.33746457852735,1.33746457852735,-0.929962423280952,1.42498207749087,0.444536672160534
Jilin,2002,TRUE,0.225796333150079,0.899429951944659,0.167246069226949,0.0431607507495336,1.16949764118589,1.4236595121035,0.387495737035473,0.0143006760627031,-38.0249938964844,-38.0249938964844,0.0130584389103411,227.166778564453,3.9267341043216,TRUE,0.225796333150079,-0.34856060675392,-0.860019994526951,-0.330543281152544,-0.477090160866924,-0.186584761188208,-0.57099117053593,-0.5934890353186,-0.5934890353186,0.500873774162837,-0.486209761519702,-0.733322968269649
Jilin,2003,TRUE,0.356919163258415,0.961442147531817,0.194596443857448,0.0493551201030639,1.360749960381,1.52181529613449,0.394278128492219,0.0143006760627031,28.9272944132487,28.9272944132487,0.0130584389103411,227.166778564453,2.34868360429813,TRUE,0.356919163258415,-0.274095002857986,-0.745219438346884,-0.213453616360163,-0.380948620847313,-0.115299767602407,-0.57099117053593,0.0133251020005083,0.0133251020005083,0.500873774162837,-0.486209761519702,-0.931232793755297
Jilin,2004,TRUE,0.876407511865786,1.20712486390145,0.428875361170068,0.101445795991422,2.99898661636421,1.91069331310825,0.422763069655774,0.0143006760627031,28.9272944132487,28.9272944132487,0.0130584389103411,227.166778564453,2.34868360429813,TRUE,0.876407511865786,0.36376540283882,0.220179655972691,0.789517650639091,-5.07267423097193e-05,0.184085613068346,-0.57099117053593,0.0133251020005083,0.0133251020005083,0.500873774162837,-0.486209761519702,-0.931232793755297
Jilin,2005,TRUE,-1.3540881269145,0.152251874246905,0.34473536695753,0.0789242685376765,2.41062286458343,0.240991339612992,0.436792603016602,0.0143006760627031,28.9272944132487,28.9272944132487,0.0130584389103411,227.166778564453,2.34868360429813,TRUE,-1.3540881269145,0.134681320244567,-0.197212935613908,0.429305995366465,-1.63548893031201,0.331540268556226,-0.57099117053593,0.0133251020005083,0.0133251020005083,0.500873774162837,-0.486209761519702,-0.931232793755297
Jilin,2006,TRUE,-0.626737490591469,0.49623933915169,0.167087827410013,0.0408861639334193,1.1683911073672,0.785470679440668,0.408665943036636,0.0143006760627031,28.9272944132487,28.9272944132487,0.0130584389103411,227.166778564453,2.34868360429813,TRUE,-0.626737490591469,-0.34899144445245,-0.902175025437555,-0.331220730055947,-1.10218279092682,0.0359205319119103,-0.57099117053593,0.0133251020005083,0.0133251020005083,0.500873774162837,-0.486209761519702,-0.931232793755297
Jilin,2007,TRUE,1.69998217462667,1.5966197598365,0.322859678949625,0.0684488342404951,2.25765325732858,2.52720392887639,0.471680317907617,0.0143006760627031,-113.450012207031,-113.450012207031,0.0130584389103411,227.166778564453,20.9649162877975,TRUE,1.69998217462667,0.0751213931812221,-0.391354681917555,0.335654006662369,0.603808542719324,0.698220745212533,-0.57099117053593,-1.27709475774973,-1.27709475774973,0.500873774162837,-0.486209761519702,1.40350577230249
Jilin,2008,TRUE,1.13064761055518,1.32736316803963,0.329772165843416,0.0695737198315785,2.30599004129237,2.10101208672193,0.473989556173964,0.0143006760627031,28.9272944132487,28.9272944132487,0.0130584389103411,227.166778564453,2.34868360429813,TRUE,1.13064761055518,0.0939417025160301,-0.370507121153082,0.365247048227988,0.186362536322105,0.722491540558754,-0.57099117053593,0.0133251020005083,0.0133251020005083,0.500873774162837,-0.486209761519702,-0.931232793755297
Jilin,2009,TRUE,-1.38036229918643,0.13982597474129,0.168616448129903,0.0336877425043386,1.1790802573989,0.221323048614495,0.500527597265346,0.0143006760627031,28.9272944132487,28.9272944132487,0.0130584389103411,227.166778564453,2.34868360429813,TRUE,-1.38036229918643,-0.344829539302254,-1.03558372881202,-0.324676553235532,-1.65475361048156,1.00141441032283,-0.57099117053593,0.0133251020005083,0.0133251020005083,0.500873774162837,-0.486209761519702,-0.931232793755297
Jilin,2010,TRUE,-2.33544292976101,-0.311862314901044,-0.0574759585516407,0.0101662270879985,0.401910778900452,0.493630159986942,0.565361741913996,0.0143006760627031,-42.75,-42.75,0.0130584389103411,227.166778564453,5.24436885331674,TRUE,-2.33544292976101,-0.96040090997927,-1.4715091471849,-0.800480005487626,-1.38803448328909,1.68284095653361,-0.57099117053593,-0.636313568652968,-0.636313568652968,0.500873774162837,-0.486209761519702,-0.568072956800704
Jilin,2011,TRUE,-1.34264844163888,0.157662068643877,-0.322133047240086,0.0570564288977894,2.25257215692218,0.249554846642001,0.564586766930601,0.0143006760627031,-14.066660563151,-14.066660563151,0.0130584389103411,227.166778564453,0.996679670146367,TRUE,-1.34264844163888,-1.68097056216049,-0.60249069834286,0.332543224289294,-1.62710115406565,1.67469573414815,-0.57099117053593,-0.37634551804233,-0.37634551804233,0.500873774162837,-0.486209761519702,-1.10079318656903
Jilin,2012,TRUE,-2.43609723798111,-0.359464968404462,-0.550311395100185,0.088706271214776,3.84814950487148,0.56897785139413,0.620374847870416,0.0143006760627031,154.281265258789,154.281265258789,0.0130584389103411,227.166778564453,8.36980780720771,TRUE,-2.43609723798111,-2.30222122870277,-0.0159225921109148,1.30939734876716,-1.31423299354171,2.26104540407223,-0.57099117053593,1.14945597367832,1.14945597367832,0.500873774162837,-0.486209761519702,-0.176098759573551
Jilin,2013,TRUE,-1.77745629956727,-0.0479725253197456,-0.482747060911966,0.0805013838939051,3.37569397974823,0.0759331417009383,0.599675480794456,0.0143006760627031,28.9272944132487,28.9272944132487,0.0130584389103411,227.166778564453,2.34868360429813,TRUE,-1.77745629956727,-2.11826693136229,-0.167984178056534,1.02014773705628,-1.79715998716095,2.04348877103944,-0.57099117053593,0.0133251020005083,0.0133251020005083,0.500873774162837,-0.486209761519702,-0.931232793755297
Jilin,2014,TRUE,0.393987736249619,0.978973065653155,-0.325948766299615,0.0531718567688964,2.27925424553672,1.5495640477581,0.613009938163911,0.0143006760627031,28.9272944132487,28.9272944132487,0.0130584389103411,227.166778564453,2.34868360429813,TRUE,0.393987736249619,-1.69135944450319,-0.674483667355007,0.348878695801407,-0.353769298293349,2.18363796680819,-0.57099117053593,0.0133251020005083,0.0133251020005083,0.500873774162837,-0.486209761519702,-0.931232793755297
Jilin,2015,TRUE,0.837313350321897,1.18863597992928,-0.27276965550011,0.0436056068777372,1.9073899325047,1.88142824863242,0.625538032906892,0.0143006760627031,28.9272944132487,28.9272944132487,0.0130584389103411,227.166778564453,2.34868360429813,TRUE,0.837313350321897,-1.54657113158853,-0.851775453715257,0.121213651296777,-0.0287152460597977,2.3153120465323,-0.57099117053593,0.0133251020005083,0.0133251020005083,0.500873774162837,-0.486209761519702,-0.931232793755297
Jilin,2016,TRUE,-0.547280780047617,0.533816968241045,-0.365072795322954,0.0588047596874671,2.55283591994005,0.844950296479984,0.620821847182485,0.0143006760627031,28.9272944132487,28.9272944132487,0.0130584389103411,227.166778564453,2.34868360429813,TRUE,-0.547280780047617,-1.79788063433787,-0.570088796617812,0.516372542067106,-1.04392374854444,2.26574350256697,-0.57099117053593,0.0133251020005083,0.0133251020005083,0.500873774162837,-0.486209761519702,-0.931232793755297
Jilin,2017,TRUE,0.563674384657095,1.05922332886727,-0.161861453737526,0.0257840915584384,1.13184476753283,1.67658789250172,0.62775705465781,0.0143006760627031,28.9272944132487,28.9272944132487,0.0130584389103411,227.166778564453,2.34868360429813,TRUE,0.563674384657095,-1.24460648456489,-1.1820624859958,-0.353595353791773,-0.22935209584904,2.33863463890842,-0.57099117053593,0.0133251020005083,0.0133251020005083,0.500873774162837,-0.486209761519702,-0.931232793755297
Jilin,2018,TRUE,0.143843177978828,0.860671674051592,0.00372283799305975,0.000596414678507039,0.0260326013730854,1.36231110928913,0.624202945906506,0.0143006760627031,147.950012207031,147.950012207031,0.0130584389103411,227.166778564453,2.51945120504336,TRUE,0.143843177978828,-0.793777768469404,-1.64886695787508,-1.03060244266734,-0.537179639877705,2.30127987677832,-0.57099117053593,1.0920734113232,1.0920734113232,0.500873774162837,-0.486209761519702,-0.909816124224386
Jilin,2019,TRUE,1.42290404392793,1.46558061722786,0.394328372819081,0.061097610071221,2.75741070624982,2.31978908636494,0.64540719736732,0.0143006760627031,59.9750061035156,59.9750061035156,0.0130584389103411,227.166778564453,11.7084355310367,TRUE,1.42290404392793,0.26970591059796,-0.527595286097228,0.641618569173042,0.400650037300225,2.52414299799678,-0.57099117053593,0.294722360566245,0.294722360566245,0.500873774162837,-0.486209761519702,0.242612321076094
Jilin,2020,TRUE,1.0491108655742,1.2888018238929,0.430116363934127,0.0657915613824736,3.00766454710412,2.03997539979007,0.653756127527788,0.0143006760627031,4.01666259765625,4.01666259765625,0.0130584389103411,227.166778564453,5.35035060848312,TRUE,1.0491108655742,0.367144223842578,-0.440602052329719,0.794830506481592,0.126578376506611,2.6118927890156,-0.57099117053593,-0.212449459808684,-0.212449459808684,0.500873774162837,-0.486209761519702,-0.554781347521198
Jilin,2021,TRUE,1.08767165910198,1.30703846100838,0.528154577527809,0.0788559033555241,3.69321404954597,2.06884119622269,0.669771767303976,0.0143006760627031,28.9272944132487,28.9272944132487,0.0130584389103411,227.166778564453,2.34868360429813,TRUE,1.08767165910198,0.634068347506725,-0.198479950944528,1.21454181653169,0.154851821116339,2.7802220259815,-0.57099117053593,0.0133251020005083,0.0133251020005083,0.500873774162837,-0.486209761519702,-0.931232793755297
Jilin,2022,TRUE,0.222818949876774,0.898021851816485,0.809375933238421,0.128585046909194,5.65970398664797,1.42143070580554,0.629447943360007,0.0143006760627031,135.1875,135.1875,0.0130584389103411,227.166778564453,1.69198587665748,TRUE,0.222818949876774,1.39973676574008,0.723152746832208,2.41847831529887,-0.47927323007682,2.35640639258249,-0.57099117053593,0.976401893135396,0.976401893135396,0.500873774162837,-0.486209761519702,-1.01359196583011
Jilin,2023,TRUE,1.54369223856341,1.52270523194344,1.19478760446813,0.185181360095453,8.35476308413277,2.41020858033359,0.645198633303197,0.0143006760627031,-3.84583536783854,-3.84583536783854,0.0130584389103411,227.166778564453,10.2039317047829,TRUE,1.54369223856341,2.44907935187992,1.77205504191747,4.06846388226198,0.489214042812068,2.52195092635538,-0.57099117053593,-0.283710279125764,-0.283710279125764,0.500873774162837,-0.486209761519702,0.0539262874593308
Jilin,2024,TRUE,2.092677149196,1.7823378193763,1.29883457933149,0.191117916915755,9.08232990969507,2.82116710128529,0.679598543293049,0.0143006760627031,28.9272944132487,28.9272944132487,0.0130584389103411,227.166778564453,2.34868360429813,TRUE,2.092677149196,2.73236325279239,1.88207754556053,4.51389929490258,0.89173932930974,2.88350442538554,-0.57099117053593,0.0133251020005083,0.0133251020005083,0.500873774162837,-0.486209761519702,-0.931232793755297
Liaoning,2002,TRUE,0.421793841378856,0.992123465384206,0.265855380467002,0.0643719302264137,1.11660926169417,1.64998353002604,0.412998925978941,0.0238091684877872,20.8242018054781,20.8242018054781,0.0160916042924581,239.773971557617,7.32950304827588,TRUE,0.421793841378856,-0.0800815818609929,-0.466912147350667,-0.362922928375437,-0.255410513138481,0.0814614982833488,-0.289612481273329,-0.0601163183681865,-0.0601163183681865,0.936678022099987,-0.406052825947585,-0.306567672506962
Liaoning,2003,TRUE,-0.220677677612704,0.688278059805593,0.253100497382007,0.0615316369299413,1.06303795326508,1.14466344399759,0.411333925132176,0.0238091684877872,-11.2666829427083,-11.2666829427083,0.0160916042924581,239.773971557617,2.93210771756523,TRUE,-0.220677677612704,-0.114808713915961,-0.51955144467699,-0.395720682530001,-0.750360981449944,0.0639618338303414,-0.289612481273329,-0.350968252422945,-0.350968252422945,0.936678022099987,-0.406052825947585,-0.85806316804364
Liaoning,2004,TRUE,0.827038592312156,1.18377671703216,0.512860502515502,0.117062236738909,2.15404625650228,1.96871876785513,0.43810926290377,0.0238091684877872,20.8242018054781,20.8242018054781,0.0160916042924581,239.773971557617,7.32950304827588,TRUE,0.827038592312156,0.592427874671988,0.50959993123329,0.272223094828461,0.0567839940515455,0.345378763755157,-0.289612481273329,-0.0601163183681865,-0.0601163183681865,0.936678022099987,-0.406052825947585,-0.306567672506962
Liaoning,2005,TRUE,-1.45061625670932,0.10660062297698,0.398267371313917,0.0879968019210623,1.67274792279371,0.17728566891059,0.452593006358553,0.0238091684877872,20.8242018054781,20.8242018054781,0.0160916042924581,239.773971557617,7.32950304827588,TRUE,-1.45061625670932,0.280430440174826,-0.0290712219168844,-0.0224403152480262,-1.69788730397664,0.497607305244852,-0.289612481273329,-0.0601163183681865,-0.0601163183681865,0.936678022099987,-0.406052825947585,-0.306567672506962
Liaoning,2006,TRUE,-0.483826736208273,0.563826422537527,0.2360166822161,0.056176374009182,0.991284858760031,0.937690059190521,0.420135130433165,0.0238091684877872,-23.5124969482422,-23.5124969482422,0.0160916042924581,239.773971557617,3.20296061644808,TRUE,-0.483826736208273,-0.161322029742983,-0.618800799487141,-0.439649800978187,-0.953087088269494,0.156465173902861,-0.289612481273329,-0.461956737643368,-0.461956737643368,0.936678022099987,-0.406052825947585,-0.82409438824262
Liaoning,2007,TRUE,1.28226466516356,1.39906774028655,0.346748215811586,0.0754049030875642,1.45636424047924,2.32676557848533,0.459848367431656,0.0238091684877872,20.8242018054781,20.8242018054781,0.0160916042924581,239.773971557617,7.32950304827588,TRUE,1.28226466516356,0.140161611008167,-0.262437511033121,-0.154916056903713,0.407483365595755,0.573863353108972,-0.289612481273329,-0.0601163183681865,-0.0601163183681865,0.936678022099987,-0.406052825947585,-0.306567672506962
Liaoning,2008,TRUE,0.387355811211916,0.97583661540862,0.252991131373809,0.0584233431580533,1.06257860917562,1.62289714899249,0.433030904598166,0.0238091684877872,20.8242018054781,20.8242018054781,0.0160916042924581,239.773971557617,7.32950304827588,TRUE,0.387355811211916,-0.115106479703676,-0.577157608181013,-0.396001904978365,-0.281941057536163,0.292003675992962,-0.289612481273329,-0.0601163183681865,-0.0601163183681865,0.936678022099987,-0.406052825947585,-0.306567672506962
Liaoning,2009,TRUE,-1.17709828189883,0.235956053580007,0.172366312571925,0.0385121258172187,0.723949316669077,0.392414468360735,0.44756374496175,0.0238091684877872,20.8242018054781,20.8242018054781,0.0160916042924581,239.773971557617,7.32950304827588,TRUE,-1.17709828189883,-0.33461995629012,-0.946173192252903,-0.603319601910565,-1.48717313887786,0.444748240901723,-0.289612481273329,-0.0601163183681865,-0.0601163183681865,0.936678022099987,-0.406052825947585,-0.306567672506962
Liaoning,2010,TRUE,-2.46216836027899,-0.371794839059153,-0.115109137126323,0.0220672411575404,0.483465590935557,0.618325624178963,0.521629035113843,0.0238091684877872,20.8242018054781,20.8242018054781,0.0160916042924581,239.773971557617,7.32950304827588,TRUE,-2.46216836027899,-1.11731610785082,-1.25094705985771,-0.750550019573812,-1.26589788095605,1.22319692925797,-0.289612481273329,-0.0601163183681865,-0.0601163183681865,0.936678022099987,-0.406052825947585,-0.306567672506962
Liaoning,2011,TRUE,-1.68084874513098,-0.0022837115872294,-0.454172628266417,0.0878607612022261,1.90755350611838,0.00379800159731019,0.516923165758903,0.0238091684877872,20.8242018054781,20.8242018054781,0.0160916042924581,239.773971557617,7.32950304827588,TRUE,-1.68084874513098,-2.04046864114941,-0.0315924713442582,0.121313795335162,-1.86781485001552,1.17373681346815,-0.289612481273329,-0.0601163183681865,-0.0601163183681865,0.936678022099987,-0.406052825947585,-0.306567672506962
Liaoning,2012,TRUE,-2.46854760307282,-0.374811787759104,-0.677227854728685,0.1178733350521,2.84439943829229,0.623343059850566,0.574538638810338,0.0238091684877872,20.8242018054781,20.8242018054781,0.0160916042924581,239.773971557617,7.32950304827588,TRUE,-2.46854760307282,-2.64777082128609,0.524632056726093,0.694875342834313,-1.26098340752812,1.77929292934663,-0.289612481273329,-0.0601163183681865,-0.0601163183681865,0.936678022099987,-0.406052825947585,-0.306567672506962
Liaoning,2013,TRUE,-1.60797091229059,0.0321825550448507,-0.56869317804061,0.105274297815953,2.38854699328251,0.053522255677721,0.540201350034018,0.0238091684877872,44.7250366210938,44.7250366210938,0.0160916042924581,239.773971557617,1.60611251966921,TRUE,-1.60797091229059,-2.35226846154091,0.291133471237528,0.415790570395396,-1.8191109818654,1.41839759828472,-0.289612481273329,0.156506067901111,0.156506067901111,0.936678022099987,-0.406052825947585,-1.02436169791103
Liaoning,2014,TRUE,0.809974848825058,1.17570672496673,-0.320159282003097,0.0561812438813225,1.34468905189747,1.95529770237287,0.5698686249799,0.0238091684877872,-229.700012207031,-229.700012207031,0.0160916042924581,239.773971557617,13.485964868297,TRUE,0.809974848825058,-1.67559668255896,-0.618710545903871,-0.223286524000249,0.0436383407728642,1.73020966600634,-0.289612481273329,-2.33071286766415,-2.33071286766415,0.936678022099987,-0.406052825947585,0.465539610746211
Liaoning,2015,TRUE,0.78946286598993,1.16600594982024,-0.219601546015037,0.0371295279037553,0.922340257819923,1.93916450950057,0.59144718075671,0.0238091684877872,20.8242018054781,20.8242018054781,0.0160916042924581,239.773971557617,7.32950304827588,TRUE,0.78946286598993,-1.40181277144541,-0.971796948341735,-0.481859486315839,0.0278362153709968,1.95700683923803,-0.289612481273329,-0.0601163183681865,-0.0601163183681865,0.936678022099987,-0.406052825947585,-0.306567672506962
Liaoning,2016,TRUE,0.197857918667249,0.886216978872976,-0.184973188808991,0.0310606505267718,0.776898987059844,1.47385226757396,0.595522584594803,0.0238091684877872,20.8242018054781,20.8242018054781,0.0160916042924581,239.773971557617,7.32950304827588,TRUE,0.197857918667249,-1.30753173997475,-1.08427175546141,-0.570902430798527,-0.427927405392073,1.99984057101402,-0.289612481273329,-0.0601163183681865,-0.0601163183681865,0.936678022099987,-0.406052825947585,-0.306567672506962
Liaoning,2017,TRUE,0.938783728844588,1.23662457927581,0.0984793901443586,0.0161219003270036,0.413619611263925,2.05660914172643,0.610842320985007,0.0238091684877872,20.8242018054781,20.8242018054781,0.0160916042924581,239.773971557617,7.32950304827588,TRUE,0.938783728844588,-0.535788473098854,-1.36113235800056,-0.79331155251242,0.142870779260437,2.1608556520922,-0.289612481273329,-0.0601163183681865,-0.0601163183681865,0.936678022099987,-0.406052825947585,-0.306567672506962
Liaoning,2018,TRUE,0.0943825070273397,0.837280135000905,0.186550702367488,0.0303977001566151,0.783524642883593,1.39246624132056,0.613700054301283,0.0238091684877872,-42.3624572753906,-42.3624572753906,0.0160916042924581,239.773971557617,6.31538868128316,TRUE,0.0943825070273397,-0.296000772228046,-1.09655824773691,-0.566846031259439,-0.507643317982695,2.19089129695579,-0.289612481273329,-0.632801121057148,-0.632801121057148,0.936678022099987,-0.406052825947585,-0.433751940305129
Liaoning,2019,TRUE,1.30416804282331,1.40942655071135,0.553908160754609,0.087719621292858,2.32644899396101,2.34399313855012,0.631452977784011,0.0238091684877872,-98.5312347412109,-98.5312347412109,0.0160916042924581,239.773971557617,15.3021154078152,TRUE,1.30416804282331,0.704186441074968,-0.034208224324088,0.377772553382937,0.424357400801733,2.37747991317857,-0.289612481273329,-1.14188018471084,-1.14188018471084,0.936678022099987,-0.406052825947585,0.693310544772952
Liaoning,2020,TRUE,0.79747649357416,1.16979585155364,0.545534423419438,0.0866518688830199,2.29127877229004,1.94546743011348,0.629570291387379,0.0238091684877872,20.8242018054781,20.8242018054781,0.0160916042924581,239.773971557617,7.32950304827588,TRUE,0.79747649357416,0.681387652540858,-0.0539969329909614,0.35624042512714,0.0340097944456155,2.35769230749938,-0.289612481273329,-0.0601163183681865,-0.0601163183681865,0.936678022099987,-0.406052825947585,-0.306567672506962
Liaoning,2021,TRUE,1.19189054653189,1.35632691844817,0.676458137376048,0.103882886629801,2.84116657716557,2.25568405027474,0.651173797072742,0.0238091684877872,131.391674804688,131.391674804688,0.0160916042924581,239.773971557617,12.3416977555422,TRUE,1.19189054653189,1.03784761171106,0.265346378326386,0.692896100819152,0.337860493580837,2.58475171184565,-0.289612481273329,0.941998880938835,0.941998880938835,0.936678022099987,-0.406052825947585,0.32203234998941
Liaoning,2022,TRUE,0.214012214232733,0.893856863821706,0.902101125035952,0.143784546721201,3.78888126856962,1.48655802928257,0.627397829326633,0.0238091684877872,268.36070905413,268.36070905413,0.0160916042924581,239.773971557617,4.78580926669926,TRUE,0.214012214232733,1.65219536994032,1.00484583494016,1.2731117865809,-0.415482377217246,2.33485907160415,-0.289612481273329,2.18340150444594,2.18340150444594,0.936678022099987,-0.406052825947585,-0.625582806935973
Liaoning,2023,TRUE,1.80461243096126,1.64610276683684,1.21292565550115,0.180976424922767,5.09436377890856,2.73760529689647,0.670211966016439,0.0238091684877872,-20.4000244140625,-20.4000244140625,0.0160916042924581,239.773971557617,16.8080874385185,TRUE,1.80461243096126,2.4984629870921,1.69412476863625,2.07236227499961,0.809892287486691,2.78484864810948,-0.289612481273329,-0.433747211375644,-0.433747211375644,0.936678022099987,-0.406052825947585,0.882180711968693
Liaoning,2024,TRUE,2.23869736853512,1.85139546855803,1.33974083832328,0.188749441482766,5.62699549549783,3.07902407035864,0.709798570951324,0.0238091684877872,189.537506103516,189.537506103516,0.0160916042924581,239.773971557617,17.749286874083,TRUE,2.23869736853512,2.84373683798454,1.83818247223059,2.39845332276151,1.14430484397848,3.20091588587709,-0.289612481273329,1.46899673790635,1.46899673790635,0.936678022099987,-0.406052825947585,1.00022041731208
Macao,2002,FALSE,,0.670968271070912,0.34821462631225,0.0946098734560427,0.17012325120396,1.95311541788995,0.368053157236318,0.204683735966682,54.6962692260743,54.6962692260743,0.00640189982508906,639.05908203125,8.74782140043137,FALSE,,,,,,,,,,,,
Macao,2003,FALSE,,0.620967126661732,0.369047369275761,0.0986810030668817,0.180301266992622,1.80756754287368,0.373980156064726,0.204683735966682,-15.4277733696832,-15.4277733696832,0.00640189982508906,639.05908203125,6.13343821454966,FALSE,,,,,,,,,,,,
Macao,2004,FALSE,,0.187634683424427,0.343749591282415,0.0920090394510993,0.167941819929635,0.546184087873833,0.373604151649806,0.204683735966682,-64.2750027974447,-64.2750027974447,0.00640189982508906,639.05908203125,7.7373249549217,FALSE,,,,,,,,,,,,
Macao,2005,FALSE,,0.0709678896011852,0.373511586870448,0.101058439798515,0.182482298901973,0.206579782280849,0.369599597633937,0.204683735966682,14.7433268229167,14.7433268229167,0.00640189982508906,639.05908203125,5.41980757091164,FALSE,,,,,,,,,,,,
Macao,2006,FALSE,,0.50430033283849,0.491666180746895,0.130420608238748,0.240207742166152,1.4679632372807,0.376985038934069,0.204683735966682,-64.5631418786868,-64.5631418786868,0.00640189982508906,639.05908203125,10.0641326419564,FALSE,,,,,,,,,,,,
Macao,2007,FALSE,,0.529301858717396,0.388392720903682,0.11439823461282,0.189752604948985,1.5407399508307,0.339509365872818,0.204683735966682,-19.6049346153182,-19.6049346153182,0.00640189982508906,639.05908203125,15.3351551094006,FALSE,,,,,,,,,,,,
Macao,2008,FALSE,,-0.145699285691784,0.188690389905656,0.05463879472998,0.092186313198998,0.42411472126094,0.345341420575155,0.204683735966682,32.5176290732164,32.5176290732164,0.00640189982508906,639.05908203125,5.96212241548916,FALSE,,,,,,,,,,,,
Macao,2009,FALSE,,0.312632776075795,0.225297655378092,0.0653282985015396,0.110071107659851,0.910039895205175,0.344869927039019,0.204683735966682,-59.4505266613431,-59.4505266613431,0.00640189982508906,639.05908203125,7.74350317385415,FALSE,,,,,,,,,,,,
Macao,2010,FALSE,,0.0459682710709117,-0.0107141222272224,0.00352875332698415,0.00523447658243175,0.13380862081458,0.303623439623627,0.204683735966682,115.885285760675,115.885285760675,0.00640189982508906,639.05908203125,5.62939739394921,FALSE,,,,,,,,,,,,
Macao,2011,FALSE,,-0.387364172166393,-0.33690425327839,0.104944904885692,0.164597471160693,1.12757483418527,0.321029642787664,0.204683735966682,-96.2709220488866,-96.2709220488866,0.00640189982508906,639.05908203125,4.20816285745869,FALSE,,,,,,,,,,,,
Macao,2012,FALSE,,-0.0206973783431508,-0.493153980800064,0.153101453405927,0.240934619680939,0.0602478097621356,0.322109274490383,0.204683735966682,2.5128884748979,2.5128884748979,0.00640189982508906,639.05908203125,4.14062014066818,FALSE,,,,,,,,,,,,
Macao,2013,FALSE,,-0.0123660795150258,-0.432440008435911,0.142978484083264,0.211272286189999,0.0359963080237774,0.302451107387654,0.204683735966682,-25.7745263558847,-25.7745263558847,0.00640189982508906,639.05908203125,8.70498820358941,FALSE,,,,,,,,,,,,
Macao,2014,FALSE,,0.387635446363881,-0.337499141693093,0.112106309123163,0.164888109013229,1.12836448377144,0.301052763517802,0.204683735966682,4.87891324361166,4.87891324361166,0.00640189982508906,639.05908203125,8.82847805672075,FALSE,,,,,,,,,,,,
Macao,2015,FALSE,,0.937634683424427,-0.151487418583456,0.0429281881757736,0.0740104815206785,2.72935224436427,0.352885656303909,0.204683735966682,74.7819304821538,74.7819304821538,0.00640189982508906,639.05908203125,9.28160840729591,FALSE,,,,,,,,,,,,
Macao,2016,FALSE,,0.779301858717396,0.00386966977798877,0.00102891641962237,0.00189056045890166,2.26846266966084,0.376091750912967,0.204683735966682,66.2828719527633,66.2828719527633,0.00640189982508906,639.05908203125,11.2207089281801,FALSE,,,,,,,,,,,,
Macao,2017,FALSE,,0.845967508131459,0.247024399893645,0.0631959569250581,0.120685895597418,2.46251910023756,0.39088639829694,0.204683735966682,72.266104968497,72.266104968497,0.00640189982508906,639.05908203125,12.4083708067844,FALSE,,,,,,,,,,,,
Macao,2018,FALSE,,0.737633920484974,0.442559719085679,0.111030785441294,0.216216357882835,2.14717184846666,0.39859190163045,0.204683735966682,7.44582821817109,7.44582821817109,0.00640189982508906,639.05908203125,10.2741436420326,FALSE,,,,,,,,,,,,
Macao,2019,FALSE,,1.27096865254064,0.643452780587318,0.138157855015095,0.314364391263631,3.69965105349905,0.465737384614877,0.204683735966682,-4.11683233365145,-4.11683233365145,0.00640189982508906,639.05908203125,13.0943732802931,FALSE,,,,,,,,,,,,
Macao,2020,FALSE,,1.24596712666173,0.766071592058508,0.151606165716448,0.374270866437188,3.62687433994905,0.505303717984207,0.204683735966682,73.1096273916739,73.1096273916739,0.00640189982508906,639.05908203125,11.8910656744486,FALSE,,,,,,,,,,,,
Macao,2021,FALSE,,1.37096712666173,1.00178541455957,0.179981734624436,0.489430882150128,3.99073569936412,0.556603933532463,0.204683735966682,100.328066457113,100.328066457113,0.00640189982508906,639.05908203125,16.6701985685128,FALSE,,,,,,,,,,,,
Macao,2022,FALSE,,0.762633539015248,1.06160674776349,0.189593755806205,0.518657109100398,2.21994300993293,0.559937611473144,0.204683735966682,17.796866343362,17.796866343362,0.00640189982508906,639.05908203125,12.2655998749032,FALSE,,,,,,,,,,,,
Macao,2023,FALSE,,1.28763315754552,1.05148724147243,0.188955652555533,0.51371313724877,3.7481596090595,0.556473028063243,0.204683735966682,21.0800759673749,21.0800759673749,0.00640189982508906,639.05908203125,21.9486870054424,FALSE,,,,,,,,,,,,
Macao,2024,FALSE,,1.46263620930333,1.16488007136747,0.198484620486689,0.569112179756717,4.25757439557457,0.586886816979149,0.204683735966682,118.157477429525,118.157477429525,0.00640189982508906,639.05908203125,22.0732475650865,FALSE,,,,,,,,,,,,
Ningxia,2002,TRUE,0.372000185382613,0.968574447016562,0.701924937111968,0.142979398875972,4.40738584465583,2.08954677612608,0.490927324237009,0.0159261059015989,22.2059872627258,22.2059872627258,0.00382240331042391,104.000061035156,17.4395614490867,TRUE,0.372000185382613,1.10718489309211,0.989923989766885,1.6517764416882,0.175132504099652,0.900512625810481,-0.522890872706353,-0.0475926694927237,-0.0475926694927237,-0.826156915384771,-1.26930768402936,0.961376473592555
Ningxia,2003,TRUE,-0.430306301703698,0.58913795409664,0.665341666766556,0.137088401565782,4.17767953370044,1.27097232068017,0.48533767931293,0.0159261059015989,22.2059872627258,22.2059872627258,0.00382240331042391,104.000061035156,17.4395614490867,TRUE,-0.430306301703698,1.00758130975686,0.880745842797064,1.51114423882836,-0.626644075286,0.8417637604433,-0.522890872706353,-0.0475926694927237,-0.0475926694927237,-0.826156915384771,-1.26930768402936,0.961376473592555
Ningxia,2004,TRUE,-0.043710274449051,0.771971625666464,0.66637366158619,0.137244877913502,4.18415942794458,1.66540716270268,0.485536270436387,0.0159261059015989,22.2059872627258,22.2059872627258,0.00382240331042391,104.000061035156,17.4395614490867,TRUE,-0.043710274449051,1.01039107446757,0.883645826753791,1.51511139932153,-0.240303387125807,0.843851013450166,-0.522890872706353,-0.0475926694927237,-0.0475926694927237,-0.826156915384771,-1.26930768402936,0.961376473592555
Ningxia,2005,TRUE,-0.40836461027341,0.599514884333456,0.696114489010385,0.142916132243847,4.37090204794191,1.29335891284065,0.487079014860729,0.0159261059015989,22.2059872627258,22.2059872627258,0.00382240331042391,104.000061035156,17.4395614490867,TRUE,-0.40836461027341,1.09136505396246,0.988751466118218,1.62944010848417,-0.604716875912605,0.860065725782107,-0.522890872706353,-0.0475926694927237,-0.0475926694927237,-0.826156915384771,-1.26930768402936,0.961376473592555
Ningxia,2006,TRUE,0.978180497621948,1.25525657592281,0.841090304510952,0.160218762811962,5.28120502091167,2.70801830412704,0.524963674509261,0.0159261059015989,22.2059872627258,22.2059872627258,0.00382240331042391,104.000061035156,17.4395614490867,TRUE,0.978180497621948,1.48608402207182,1.30942198142512,2.18675136312992,0.780912446130587,1.25824500181899,-0.522890872706353,-0.0475926694927237,-0.0475926694927237,-0.826156915384771,-1.26930768402936,0.961376473592555
Ningxia,2007,TRUE,0.532877691338718,1.04465858397945,0.742039288793297,0.151299238342209,4.65926381111656,2.25368631500701,0.490444827696325,0.0159261059015989,22.2059872627258,22.2059872627258,0.00382240331042391,104.000061035156,17.4395614490867,TRUE,0.532877691338718,1.21640238876448,1.14411598955594,1.80598271111067,0.335903753618061,0.895441440664772,-0.522890872706353,-0.0475926694927237,-0.0475926694927237,-0.826156915384771,-1.26930768402936,0.961376473592555
Ningxia,2008,TRUE,-0.704576436325189,0.459426802973593,0.440953203610009,0.104329092975184,2.76874464062014,0.991140947375178,0.422656031060191,0.0159261059015989,22.2059872627258,22.2059872627258,0.00382240331042391,104.000061035156,17.4395614490867,TRUE,-0.704576436325189,0.396649187547466,0.273615942780409,0.648557499805542,-0.900733059862299,0.182960604928043,-0.522890872706353,-0.0475926694927237,-0.0475926694927237,-0.826156915384771,-1.26930768402936,0.961376473592555
Ningxia,2009,TRUE,0.333073394520533,0.950164718012656,0.469705768993929,0.110096559026538,2.94928196444287,2.04983068614667,0.426630744091386,0.0159261059015989,22.2059872627258,22.2059872627258,0.00382240331042391,104.000061035156,17.4395614490867,TRUE,0.333073394520533,0.474932471553505,0.380504678768964,0.759087164584936,0.136231423619542,0.224736045750221,-0.522890872706353,-0.0475926694927237,-0.0475926694927237,-0.826156915384771,-1.26930768402936,0.961376473592555
Ningxia,2010,TRUE,0.0623886222152857,0.822149199824179,0.2909590346473,0.077630381818915,1.82693143223472,1.77365737376084,0.374800468360451,0.0159261059015989,22.2059872627258,22.2059872627258,0.00382240331042391,104.000061035156,17.4395614490867,TRUE,0.0623886222152857,-0.0117330201397943,-0.22119260270676,0.0719548560782014,-0.134274566702004,-0.320015889698028,-0.522890872706353,-0.0475926694927237,-0.0475926694927237,-0.826156915384771,-1.26930768402936,0.961376473592555
Ningxia,2011,TRUE,-0.542307535544439,0.536168975214804,-0.0472479888370755,0.017892613162212,0.296670065670805,1.15670009369942,0.26406421694099,0.0159261059015989,-22.9562492370606,-22.9562492370606,0.00382240331042391,104.000061035156,7.30597534464366,TRUE,-0.542307535544439,-0.932553688443405,-1.32831564870936,-0.864911118722908,-0.73857133450825,-1.48388751558311,-0.522890872706353,-0.456915252377997,-0.456915252377997,-0.826156915384771,-1.26930768402936,-0.309518378913291
Ningxia,2012,TRUE,-1.07708106208045,0.283257407526816,-0.241210426603048,0.0827981677118123,1.51455998153843,0.61108323116991,0.291323387061663,0.0159261059015989,22.2059872627258,22.2059872627258,0.00382240331042391,104.000061035156,17.4395614490867,TRUE,-1.07708106208045,-1.46064627424895,-0.125417769004602,-0.119287104315623,-1.27299165361745,-1.19738536076075,-0.522890872706353,-0.0475926694927237,-0.0475926694927237,-0.826156915384771,-1.26930768402936,0.961376473592555
Ningxia,2013,TRUE,1.09256121826426,1.30935089049801,0.00774090630666664,0.00254275706730211,0.0486051414859013,2.82471826557607,0.304429644743051,0.0159261059015989,22.2059872627258,22.2059872627258,0.00382240331042391,104.000061035156,17.4395614490867,TRUE,1.09256121826426,-0.782837959142836,-1.61279529730754,-1.01678294407801,0.895217620550024,-1.05963461300314,-0.522890872706353,-0.0475926694927237,-0.0475926694927237,-0.826156915384771,-1.26930768402936,0.961376473592555
Ningxia,2014,TRUE,0.228087613715907,0.900513572077597,0.0880682127816464,0.0291777285689704,0.552980203232258,1.94271616104317,0.301833683089725,0.0159261059015989,22.2059872627258,22.2059872627258,0.00382240331042391,104.000061035156,17.4395614490867,TRUE,0.228087613715907,-0.564134505650727,-1.11916804201818,-0.707991358396536,0.0313149838642604,-1.08691895820593,-0.522890872706353,-0.0475926694927237,-0.0475926694927237,-0.826156915384771,-1.26930768402936,0.961376473592555
Ningxia,2015,TRUE,0.617042962629733,1.08446304259762,0.0573269639696356,0.0195920747812613,0.359955938531591,2.33955816351305,0.292602823384818,0.0159261059015989,22.2059872627258,22.2059872627258,0.00382240331042391,104.000061035156,17.4395614490867,TRUE,0.617042962629733,-0.647832286329345,-1.29681944176098,-0.82616585450573,0.420013435397943,-1.18393809652199,-0.522890872706353,-0.0475926694927237,-0.0475926694927237,-0.826156915384771,-1.26930768402936,0.961376473592555
Ningxia,2016,TRUE,0.827986484101981,1.18422500548824,0.156903709684088,0.0511697949161782,0.985198206350838,2.55477888152828,0.306633454249941,0.0159261059015989,11.5,11.5,0.00382240331042391,104.000061035156,15.2149451096735,TRUE,0.827986484101981,-0.376719272200835,-0.711587979526504,-0.443376208549606,0.630817632811086,-1.03647190593073,-0.522890872706353,-0.144625117359571,-0.144625117359571,-0.826156915384771,-1.26930768402936,0.682378157949781
Ningxia,2017,TRUE,1.09264389534803,1.30938999114498,0.305314132145478,0.0931146409106339,1.91706707233954,2.82480261906183,0.327890575702806,0.0159261059015989,22.2059872627258,22.2059872627258,0.00382240331042391,104.000061035156,17.4395614490867,TRUE,1.09264389534803,0.0273509419129524,0.0657779433347814,0.12713824904377,0.895300243027212,-0.813053105042603,-0.522890872706353,-0.0475926694927237,-0.0475926694927237,-0.826156915384771,-1.26930768402936,0.961376473592555
Ningxia,2018,TRUE,0.179987699582402,0.877765578608359,0.225236041205265,0.0707503375259119,1.41425683463936,1.89364094894832,0.318353309795552,0.0159261059015989,61.2624816894531,61.2624816894531,0.00382240331042391,104.000061035156,9.24493242001774,TRUE,0.179987699582402,-0.190673983933837,-0.348700806738879,-0.180695310487763,-0.0167531612192559,-0.913292665581161,-0.522890872706353,0.306391243090257,0.306391243090257,-0.826156915384771,-1.26930768402936,-0.066345770428494
Ningxia,2019,TRUE,0.487693656794249,1.02328960357174,0.223469018936158,0.0702363331571446,1.40316170391484,2.20758610633685,0.318167263140254,0.0159261059015989,36.875,36.875,0.00382240331042391,104.000061035156,13.0450569671984,TRUE,0.487693656794249,-0.195484973989523,-0.358226875341785,-0.187488039291414,0.290749562242286,-0.915248072418727,-0.522890872706353,0.0853581905034691,0.0853581905034691,-0.826156915384771,-1.26930768402936,0.410243531336604
Ningxia,2020,TRUE,0.383931900132454,0.974217337946738,0.151184933526202,0.0493090596729242,0.949290017662278,2.10172042430305,0.306606807205488,0.0159261059015989,22.2059872627258,22.2059872627258,0.00382240331042391,104.000061035156,17.4395614490867,TRUE,0.383931900132454,-0.392289520356331,-0.746073078595979,-0.465360139487227,0.187056338185897,-1.03675197445893,-0.522890872706353,-0.0475926694927237,-0.0475926694927237,-0.826156915384771,-1.26930768402936,0.961376473592555
Ningxia,2021,TRUE,0.938311994610434,1.23640148101314,0.318419422422166,0.104320290068889,1.99935517438822,2.66734140737078,0.305232493325982,0.0159261059015989,-9.0249989827474,-9.0249989827474,0.00382240331042391,104.000061035156,21.6354534662367,TRUE,0.938311994610434,0.0630321114716625,0.273452798078989,0.177517174255399,0.741070275483457,-1.05119643062313,-0.522890872706353,-0.330651015288154,-0.330651015288154,-0.826156915384771,-1.26930768402936,1.48760060701441
Ningxia,2022,TRUE,1.22220493517857,1.37066356597408,0.459721973964146,0.141569593358244,2.88659372733413,2.95699070345766,0.324732142728426,0.0159261059015989,78.8416646321615,78.8416646321615,0.00382240331042391,104.000061035156,22.2608408867839,TRUE,1.22220493517857,0.447750053173138,0.963795993791207,0.720707788583751,1.02477571033177,-0.846249194615982,-0.522890872706353,0.465718086152074,0.465718086152074,-0.826156915384771,-1.26930768402936,1.56603302426568
Ningxia,2023,TRUE,1.39232412589021,1.45111839232906,0.442286116736238,0.139279377632155,2.77711400055323,3.13055931612514,0.317553197217999,0.0159261059015989,-34.6000061035156,-34.6000061035156,0.00382240331042391,104.000061035156,32.3783909771348,TRUE,1.39232412589021,0.400278248656369,0.921351311512533,0.653681440541093,1.19478254065417,-0.921702091713893,-0.522890872706353,-0.562447064007566,-0.562447064007566,-0.826156915384771,-1.26930768402936,2.83491673406702
Ningxia,2024,TRUE,2.03017782727536,1.7527798837231,0.605058908462485,0.164263959779889,3.79916416606108,3.78134645878144,0.368345502734291,0.0159261059015989,55.7500061035156,55.7500061035156,0.00382240331042391,104.000061035156,26.9958536438163,TRUE,2.03017782727536,0.843452223326743,1.38439181859042,1.27940724498599,1.83221495217853,-0.387859538386237,-0.522890872706353,0.256429573345699,0.256429573345699,-0.826156915384771,-1.26930768402936,2.15987051451245
Qinghai,2002,TRUE,-0.589552057347696,0.513825524237848,0.134430600064115,0.0308592871203527,0.442151243873351,1.2466561372386,0.435624450881931,0.0304037593305111,42.8071263227513,42.8071263227513,0.0135156883655631,109.420608520508,1.40917340126426,TRUE,-0.589552057347696,-0.43790577154058,-1.0880036335158,-0.77584374186167,-0.650461269010761,0.319262634928277,-0.0944630038805031,0.139123315010573,0.139123315010573,0.566571232048768,-1.23484367005063,-1.04906064547592
Qinghai,2003,TRUE,-0.204076707881156,0.696129191306329,0.406479448080048,0.0932857273450391,1.33693811893891,1.6889657825781,0.435735947661734,0.0304037593305111,42.8071263227513,42.8071263227513,0.0135156883655631,109.420608520508,1.40917340126426,TRUE,-0.204076707881156,0.302789082931689,0.0689486967567398,-0.228031847590391,-0.217228211088862,0.320434499938396,-0.0944630038805031,0.139123315010573,0.139123315010573,0.566571232048768,-1.23484367005063,-1.04906064547592
Qinghai,2004,TRUE,-0.636616743483956,0.491567123320795,0.452374432768119,0.102475921666492,1.48788979629288,1.19265225693406,0.441444610022997,0.0304037593305111,42.8071263227513,42.8071263227513,0.0135156883655631,109.420608520508,1.40917340126426,TRUE,-0.636616743483956,0.427745241549743,0.239271026487432,-0.135615288274357,-0.703356941647577,0.380434274708309,-0.0944630038805031,0.139123315010573,0.139123315010573,0.566571232048768,-1.23484367005063,-1.04906064547592
Qinghai,2005,TRUE,-0.364812301647723,0.620112169173456,0.591543095452426,0.130653491493564,1.94562484534205,1.50453141194788,0.452757204335074,0.0304037593305111,42.8071263227513,42.8071263227513,0.0135156883655631,109.420608520508,1.40917340126426,TRUE,-0.364812301647723,0.806653342450858,0.761487333480321,0.144622063525881,-0.397877824354023,0.499333075834436,-0.0944630038805031,0.139123315010573,0.139123315010573,0.566571232048768,-1.23484367005063,-1.04906064547592
Qinghai,2006,TRUE,0.872673460083298,1.20535891094515,0.819305860570515,0.158472630906198,2.69475182875927,2.92447146555031,0.517001488449744,0.0304037593305111,-4.70001220703125,-4.70001220703125,0.0135156883655631,109.420608520508,1.3619034840045,TRUE,0.872673460083298,1.42677252102376,1.27706083172531,0.603257167896906,0.992923796116608,1.17456000873044,-0.0944630038805031,-0.291452009765273,-0.291452009765273,0.566571232048768,-1.23484367005063,-1.05498896087233
Qinghai,2007,TRUE,0.0827578228325406,0.831782448676325,0.729210547038515,0.150160629024922,2.39842231058161,2.01809105537874,0.485620333221625,0.0304037593305111,42.8071263227513,42.8071263227513,0.0135156883655631,109.420608520508,1.40917340126426,TRUE,0.0827578228325406,1.18147416511486,1.12301408628925,0.421836497561855,0.105143118311734,0.84473453884747,-0.0944630038805031,0.139123315010573,0.139123315010573,0.566571232048768,-1.23484367005063,-1.04906064547592
Qinghai,2008,TRUE,-1.21351575659304,0.218733060744501,0.555183510695178,0.117735590245125,1.82603573676507,0.530695537164267,0.471551133806939,0.0304037593305111,42.8071263227513,42.8071263227513,0.0135156883655631,109.420608520508,1.40917340126426,TRUE,-1.21351575659304,0.707658777552481,0.52207922534825,0.0714064879185954,-1.35172972062619,0.696862981089518,-0.0944630038805031,0.139123315010573,0.139123315010573,0.566571232048768,-1.23484367005063,-1.04906064547592
Qinghai,2009,TRUE,0.647053117821761,1.0986558083565,0.716648131608941,0.142260240735126,2.35710368516752,2.66558577103006,0.503758553975222,0.0304037593305111,42.8071263227513,42.8071263227513,0.0135156883655631,109.420608520508,1.40917340126426,TRUE,0.647053117821761,1.14727105587073,0.97659579607377,0.396540155955235,0.739350666362328,1.03537274637705,-0.0944630038805031,0.139123315010573,0.139123315010573,0.566571232048768,-1.23484367005063,-1.04906064547592
Qinghai,2010,TRUE,0.668708212165894,1.1088971976311,0.682605473058537,0.138876560467821,2.24513510200537,2.69043368183006,0.49151957015576,0.0304037593305111,42.8071263227513,42.8071263227513,0.0135156883655631,109.420608520508,1.40917340126426,TRUE,0.668708212165894,1.05458467912355,0.913885880914974,0.327990065033937,0.76368867592708,0.90673731024349,-0.0944630038805031,0.139123315010573,0.139123315010573,0.566571232048768,-1.23484367005063,-1.04906064547592
Qinghai,2011,TRUE,-0.115242449934936,0.738141763594843,0.576255640813317,0.122626539261753,1.89534338352372,1.7908977198098,0.46992734548536,0.0304037593305111,42.8071263227513,42.8071263227513,0.0135156883655631,109.420608520508,1.40917340126426,TRUE,-0.115242449934936,0.765030894600966,0.612723427414961,0.11383843938811,-0.117388007891627,0.679796472789805,-0.0944630038805031,0.139123315010573,0.139123315010573,0.566571232048768,-1.23484367005063,-1.04906064547592
Qinghai,2012,TRUE,-1.117469939601,0.264156210807062,0.155269595129113,0.0439045853079446,0.510692093833592,0.64090230215944,0.35365234414597,0.0304037593305111,42.8071263227513,42.8071263227513,0.0135156883655631,109.420608520508,1.40917340126426,TRUE,-1.117469939601,-0.381168400551554,-0.84623447155634,-0.73388124341875,-1.24378449649279,-0.542289096515302,-0.0944630038805031,0.139123315010573,0.139123315010573,0.566571232048768,-1.23484367005063,-1.04906064547592
Qinghai,2013,TRUE,0.0162683071000532,0.80033742227862,0.246512532234167,0.0699849474312173,0.810796222777571,1.94179835815924,0.352236504108895,0.0304037593305111,-19.8500061035156,-19.8500061035156,0.0135156883655631,109.420608520508,1.74721136278445,TRUE,0.0162683071000532,-0.132745462856585,-0.36288581953854,-0.550149657790175,0.0304160151120204,-0.557170005204379,-0.0944630038805031,-0.428762185545306,-0.428762185545306,0.566571232048768,-1.23484367005063,-1.00666590971113
Qinghai,2014,TRUE,-0.882003840537311,0.375515687850214,0.213492272155643,0.059773099671475,0.702190376640028,0.911085407020661,0.357171157810186,0.0304037593305111,45.4249979654948,45.4249979654948,0.0135156883655631,109.420608520508,2.62783507727798,TRUE,-0.882003840537311,-0.222648202426599,-0.552142503397156,-0.616640993279627,-0.979145789308333,-0.505305296467345,-0.0944630038805031,0.16285008466413,0.16285008466413,0.566571232048768,-1.23484367005063,-0.896223255530327
Qinghai,2015,TRUE,-0.644466781350576,0.487854588416315,-0.0172891616821189,0.00565659169724481,0.0568652102990723,1.18364481334657,0.305646272658146,0.0304037593305111,-45.4500045776367,-45.4500045776367,0.0135156883655631,109.420608520508,1.71329309768974,TRUE,-0.644466781350576,-0.850986171133422,-1.55508644480484,-1.01172591422046,-0.712179544479292,-1.04684748420396,-0.0944630038805031,-0.660784740436622,-0.660784740436622,0.566571232048768,-1.23484367005063,-1.0109197393101
Qinghai,2016,TRUE,0.194417257509837,0.88458977976153,-0.0226564045463214,0.00743776287271229,0.0745184314216862,2.14621350216885,0.304613160355561,0.0304037593305111,42.8071263227513,42.8071263227513,0.0135156883655631,109.420608520508,1.40917340126426,TRUE,0.194417257509837,-0.86559931579921,-1.522075910572,-1.00091815119592,0.230636378511182,-1.05770580819379,-0.0944630038805031,0.139123315010573,0.139123315010573,0.566571232048768,-1.23484367005063,-1.04906064547592
Qinghai,2017,TRUE,0.258116925793211,0.914715397742487,-0.0163008655820589,0.0053318481784038,0.0536146382585673,2.21930501820393,0.305726364229278,0.0304037593305111,64.0714285714286,64.0714285714286,0.0135156883655631,109.420608520508,1.10709196114658,TRUE,0.258116925793211,-0.848295382911571,-1.56110493263646,-1.0137159993196,0.30222799161227,-1.04600569747271,-0.0944630038805031,0.331849800549501,0.331849800549501,0.566571232048768,-1.23484367005063,-1.08694592550672
Qinghai,2018,TRUE,-0.678164246663388,0.471917975333429,-0.0828754156827836,0.026548308125561,0.272582790772244,1.14497901032706,0.312168350957891,0.0304037593305111,42.8071263227513,42.8071263227513,0.0135156883655631,109.420608520508,1.40917340126426,TRUE,-0.678164246663388,-1.02955484075543,-1.16789922224116,-0.879657977508747,-0.750051890822295,-0.978298460938576,-0.0944630038805031,0.139123315010573,0.139123315010573,0.566571232048768,-1.23484367005063,-1.04906064547592
Qinghai,2019,TRUE,-0.637723305672393,0.491043794539667,-0.195107272693081,0.0624956356838994,0.641720882513646,1.19138254376098,0.312193436482391,0.0304037593305111,142.984390258789,142.984390258789,0.0135156883655631,109.420608520508,4.31155328185183,TRUE,-0.637723305672393,-1.33512334288901,-0.50168560768937,-0.653661996879587,-0.704600599176761,-0.978034804459223,-0.0944630038805031,1.04706808477131,1.04706808477131,0.566571232048768,-1.23484367005063,-0.685061207148946
Qinghai,2020,TRUE,-0.635580759293871,0.492057073500849,-0.270339963691569,0.0854745632317595,0.889166240111218,1.19384098612343,0.316281187607309,0.0304037593305111,42.8071263227513,42.8071263227513,0.0135156883655631,109.420608520508,1.40917340126426,TRUE,-0.635580759293871,-1.53995592173315,-0.0758159973452044,-0.502169486370615,-0.702192606238711,-0.935071298949628,-0.0944630038805031,0.139123315010573,0.139123315010573,0.566571232048768,-1.23484367005063,-1.04906064547592
Qinghai,2021,TRUE,-0.086569886040455,0.751701939490534,-0.108874687126704,0.0383731666602954,0.358096135228398,1.82379775241809,0.283726094566378,0.0304037593305111,130.200012207031,130.200012207031,0.0135156883655631,109.420608520508,1.04188153748821,TRUE,-0.086569886040455,-1.10034185830388,-0.948748529238905,-0.827304474660859,-0.0851631132215609,-1.27723521169455,-0.0944630038805031,0.931198388088951,0.931198388088951,0.566571232048768,-1.23484367005063,-1.09512423384723
Qinghai,2022,TRUE,-0.116139798771117,0.737717378524042,-0.0414396481854527,0.0147614246964806,0.136297777307646,1.7898680663027,0.280729326860521,0.0304037593305111,-5.22500610351563,-5.22500610351563,0.0135156883655631,109.420608520508,1.30896725155977,TRUE,-0.116139798771117,-0.916739587170581,-1.38634612071629,-0.963095222139049,-0.118396531992743,-1.30873215020843,-0.0944630038805031,-0.296210229781879,-0.296210229781879,0.566571232048768,-1.23484367005063,-1.06162791223976
Qinghai,2023,TRUE,0.109061234560937,0.844222176459528,-0.119175910949724,0.0464445144693862,0.391977550059499,2.04827262919119,0.256598464450045,0.0304037593305111,42.8071263227513,42.8071263227513,0.0135156883655631,109.420608520508,1.40917340126426,TRUE,0.109061234560937,-1.12838852542313,-0.79916183772554,-0.806561387612497,0.134705339378894,-1.56235484113107,-0.0944630038805031,0.139123315010573,0.139123315010573,0.566571232048768,-1.23484367005063,-1.04906064547592
Qinghai,2024,TRUE,0.612658442710958,1.08238946237872,0.091697250093697,0.035986537977275,0.301598394780333,2.62611996194296,0.254809868489163,0.0304037593305111,77.8083368937174,77.8083368937174,0.0135156883655631,109.420608520508,1.02974665186167,TRUE,0.612658442710958,-0.554253893094094,-0.992980037657093,-0.861893866927742,0.700694730787958,-1.58115352776132,-0.0944630038805031,0.45635264255034,0.45635264255034,0.566571232048768,-1.23484367005063,-1.09664611993173
Shaanxi,2002,TRUE,0.683932723914144,1.11609735796528,0.902197531291383,0.165065523081523,3.95611075482656,2.33071070672956,0.546569334679178,0.0228051636368036,34.6264584676691,34.6264584676691,0.00836032547982516,217.534225463867,9.17068658106928,TRUE,0.683932723914144,1.65245785080674,1.39924723123847,1.37549404563864,0.41134753629868,1.4853270504521,-0.319323349868837,0.064978800573503,0.064978800573503,-0.174149685613167,-0.547453841680713,-0.0756572474877559
Shaanxi,2003,TRUE,-0.91236616205269,0.361156371331983,0.782042264938335,0.146425629061627,3.42923329730576,0.754191393304267,0.534088376433877,0.0228051636368036,34.6264584676691,34.6264584676691,0.00836032547982516,217.534225463867,9.17068658106928,TRUE,-0.91236616205269,1.32531664739964,1.05379314568221,1.05292590556376,-1.13282019828447,1.35414838963092,-0.319323349868837,0.064978800573503,0.064978800573503,-0.174149685613167,-0.547453841680713,-0.0756572474877559
Shaanxi,2004,TRUE,0.0960139646196425,0.838051703668409,0.749544484274702,0.142423765332338,3.28673144473765,1.75007678729194,0.526277677412673,0.0228051636368036,34.6264584676691,34.6264584676691,0.00836032547982516,217.534225463867,9.17068658106928,TRUE,0.0960139646196425,1.23683643844132,0.979626405589872,0.965682549667665,-0.157371258558389,1.2720555713119,-0.319323349868837,0.064978800573503,0.064978800573503,-0.174149685613167,-0.547453841680713,-0.0756572474877559
Shaanxi,2005,TRUE,-0.319704561268974,0.641445067621046,0.757592201232896,0.143771645166177,3.32202045685071,1.33950938617824,0.526941317501958,0.0228051636368036,35.8250122070313,35.8250122070313,0.00836032547982516,217.534225463867,6.17641762842602,TRUE,-0.319704561268974,1.25874758632765,1.00460672977742,0.987287404534587,-0.559513451345092,1.27903063015503,-0.319323349868837,0.0758417504702571,0.0758417504702571,-0.174149685613167,-0.547453841680713,-0.451180873547826
Shaanxi,2006,TRUE,1.31217168540962,1.4132117302187,0.858320338385464,0.152814564813883,3.7637105001969,2.95116522495969,0.561674431642583,0.0228051636368036,34.6264584676691,34.6264584676691,0.00836032547982516,217.534225463867,9.17068658106928,TRUE,1.31217168540962,1.5329954408347,1.17219961063407,1.25770158479233,1.01906977583514,1.64408620598245,-0.319323349868837,0.064978800573503,0.064978800573503,-0.174149685613167,-0.547453841680713,-0.0756572474877559
Shaanxi,2007,TRUE,1.01829296633191,1.27422705004292,0.799899782453263,0.148111376394237,3.50753800846384,2.66092792635374,0.540066402680725,0.0228051636368036,24.4159046519886,24.4159046519886,0.00836032547982516,217.534225463867,10.650601329685,TRUE,1.01829296633191,1.37393648693736,1.085035185076,1.10086609483703,0.73478840480256,1.41697926062679,-0.319323349868837,-0.0275633449099961,-0.0275633449099961,-0.174149685613167,-0.547453841680713,0.109944968428539
Shaanxi,2008,TRUE,-0.393095596983097,0.60673609087544,0.448572703770226,0.103563188748703,1.96697866726247,1.2670277311118,0.433139138713361,0.0228051636368036,27.7000122070313,27.7000122070313,0.00836032547982516,217.534225463867,4.25264984608304,TRUE,-0.393095596983097,0.417394449302785,0.259421401550708,0.157695431008277,-0.630507718367173,0.29314124940739,-0.319323349868837,0.00220177504613088,0.00220177504613088,-0.174149685613167,-0.547453841680713,-0.692448530110621
Shaanxi,2009,TRUE,0.308532383712254,0.938558486200147,0.447869266782482,0.10341975487473,1.96389411589092,1.95996191288055,0.433059687024954,0.0228051636368036,6.70001220703125,6.70001220703125,0.00836032547982516,217.534225463867,14.2892903125099,TRUE,0.308532383712254,0.415479233851341,0.256763134410442,0.155806988098671,0.0482068375314704,0.292306188037873,-0.319323349868837,-0.188129238357765,-0.188129238357765,-0.174149685613167,-0.547453841680713,0.566287969857653
Shaanxi,2010,TRUE,-0.102130740980175,0.744342711664014,0.297395978655176,0.0725059568824633,1.30407298711608,1.55438727201556,0.410167648897143,0.0228051636368036,45.3916524251302,45.3916524251302,0.00836032547982516,217.534225463867,5.02019219004866,TRUE,-0.102130740980175,0.00579255050655012,-0.316163825640436,-0.248152739638591,-0.349045050888573,0.0517039164771774,-0.319323349868837,0.162547861307458,0.162547861307458,-0.174149685613167,-0.547453841680713,-0.596187877270411
Shaanxi,2011,TRUE,-0.764410479337575,0.431129363275343,-0.0886575494493474,0.0279690828307508,0.388760856362676,0.900313772629316,0.316984114158624,0.0228051636368036,128.712524414063,128.712524414063,0.00836032547982516,217.534225463867,1.2042298910374,TRUE,-0.764410479337575,-1.04529758975068,-1.14156793376716,-0.808530731504827,-0.989696380179118,-0.927683327461793,-0.319323349868837,0.917716718609831,0.917716718609831,-0.174149685613167,-0.547453841680713,-1.07476345685161
Shaanxi,2012,TRUE,-0.993960377689467,0.322567847467237,-0.260199546813961,0.0758144789244062,1.14096768152123,0.67360820305963,0.343205612576199,0.0228051636368036,-82.3999938964844,-82.3999938964844,0.00836032547982516,217.534225463867,2.99415137514923,TRUE,-0.993960377689467,-1.51234707626946,-0.254846821620877,-0.348010067582816,-1.21174974977546,-0.652087417313053,-0.319323349868837,-0.995676593404212,-0.995676593404212,-0.174149685613167,-0.547453841680713,-0.850282016905094
Shaanxi,2013,TRUE,0.843868517720827,1.19173612902241,-0.0605156081063432,0.017635365390258,0.265359236487483,2.48866475284262,0.343149159471189,0.0228051636368036,17.75,17.75,0.00836032547982516,217.534225463867,19.9472363193012,TRUE,0.843868517720827,-0.968676823665312,-1.33308323449751,-0.884080426101119,0.566060224863661,-0.65268075658788,-0.319323349868837,-0.0879789824179357,-0.0879789824179357,-0.174149685613167,-0.547453841680713,1.27587432770528
Shaanxi,2014,TRUE,0.0989782405503954,0.839453604913526,-0.00299923760548541,0.000883496258773864,0.0131515723949692,1.75300433318966,0.339473718841529,0.0228051636368036,36.7000122070313,36.7000122070313,0.00836032547982516,217.534225463867,9.06053761491033,TRUE,0.0989782405503954,-0.812079653750405,-1.64354646062948,-1.03848854502456,-0.154503788506945,-0.691310753600174,-0.319323349868837,0.083772209362086,0.083772209362086,-0.174149685613167,-0.547453841680713,-0.0894714838950304
Shaanxi,2015,TRUE,0.150790557397177,0.863957312799268,-0.0820133345467657,0.0250462907915791,0.359626161219077,1.80417464903737,0.327447026904038,0.0228051636368036,-18.9249877929688,-18.9249877929688,0.00836032547982516,217.534225463867,8.63139093174209,TRUE,0.150790557397177,-1.02720769219647,-1.19573618440664,-0.826367752789322,-0.10438353306346,-0.817714937594854,-0.319323349868837,-0.420378391618471,-0.420378391618471,-0.174149685613167,-0.547453841680713,-0.143292540427954
Shaanxi,2016,TRUE,0.434026114323517,0.997908499933057,-0.0151022502354278,0.0045841681555759,0.0662229417685712,2.08390066380101,0.329443635636673,0.0228051636368036,-123.929158528646,-123.929158528646,0.00836032547982516,217.534225463867,12.2895770319377,TRUE,0.434026114323517,-0.845031968174784,-1.57496172379091,-1.00599686661679,0.169602255022486,-0.796729973573398,-0.319323349868837,-1.3720712596069,-1.3720712596069,-0.174149685613167,-0.547453841680713,0.315495674951064
Shaanxi,2017,TRUE,0.844943319810017,1.19224443743306,0.152537414005818,0.045592057965207,0.668872262594286,2.48972623717152,0.334570144041808,0.0228051636368036,49.52001953125,49.52001953125,0.00836032547982516,217.534225463867,7.42882732420124,TRUE,0.844943319810017,-0.388607184116601,-0.814960456634713,-0.637039212875335,0.567099926589796,-0.742848813645047,-0.319323349868837,0.199964827736558,0.199964827736558,-0.174149685613167,-0.547453841680713,-0.294111005173068
Shaanxi,2018,TRUE,0.199801935966534,0.887136367059522,0.0254830973488974,0.00830652967376157,0.111742663875352,1.8525787327409,0.306783919997212,0.0228051636368036,-74.9749908447266,-74.9749908447266,0.00836032547982516,217.534225463867,11.3984137687642,TRUE,0.199801935966534,-0.734532113674692,-1.50597501211744,-0.978128503893886,-0.0569727442196134,-1.03489046524016,-0.319323349868837,-0.928380957434304,-0.928380957434304,-0.174149685613167,-0.547453841680713,0.203731212475837
Shaanxi,2019,TRUE,0.406795106045361,0.985030081964307,0.0403730188097324,0.0131194701983683,0.177034549949807,2.05700707209838,0.307733606611292,0.0228051636368036,101.191650390625,101.191650390625,0.00836032547982516,217.534225463867,9.35874793409083,TRUE,0.406795106045361,-0.693992011079254,-1.41677654532411,-0.938155105995788,0.143260543747141,-1.02490897056753,-0.319323349868837,0.668284535626883,0.668284535626883,-0.174149685613167,-0.547453841680713,-0.052071697116246
Shaanxi,2020,TRUE,0.137951411239964,0.85788526842671,-0.0379458154950594,0.0126360025318517,0.166391331802686,1.79149459139736,0.300299207755055,0.0228051636368036,23.3375142415365,23.3375142415365,0.00836032547982516,217.534225463867,6.79246317830392,TRUE,0.137951411239964,-0.907227090003124,-1.42573667570116,-0.94467116211685,-0.116803384640043,-1.10304675989463,-0.319323349868837,-0.0373372087036337,-0.0373372087036337,-0.174149685613167,-0.547453841680713,-0.3739200588491
Shaanxi,2021,TRUE,1.02826059621335,1.27894106218892,0.201774052211252,0.0706366387634246,0.884773533857144,2.67077204837582,0.28565069876418,0.0228051636368036,350.575012207031,350.575012207031,0.00836032547982516,217.534225463867,8.21447178969201,TRUE,1.02826059621335,-0.254552859548604,-0.350807991574909,-0.504858815864686,0.744430516683047,-1.25700703719733,-0.319323349868837,2.92854110613102,2.92854110613102,-0.174149685613167,-0.547453841680713,-0.195580090568795
Shaanxi,2022,TRUE,1.01121903438288,1.27088156054097,0.404564516884939,0.141786372850587,1.77400400772411,2.65394164675564,0.285333850320908,0.0228051636368036,69.8750152587891,69.8750152587891,0.00836032547982516,217.534225463867,8.32964142320471,TRUE,1.01121903438288,0.297575388063176,0.967813578934919,0.0395513044749963,0.727945489877069,-1.26033721054258,-0.319323349868837,0.384449921291533,0.384449921291533,-0.174149685613167,-0.547453841680713,-0.181136191549464
Shaanxi,2023,TRUE,1.39841799939487,1.4540003807314,0.462542465754875,0.150453311546904,2.02823567995982,3.03634286988871,0.307432558977393,0.0228051636368036,67.8125,67.8125,0.00836032547982516,217.534225463867,15.7746726022889,TRUE,1.39841799939487,0.455429276120452,1.12843838606701,0.195198574045189,1.10249949971299,-1.02807307260858,-0.319323349868837,0.365756558464565,0.365756558464565,-0.174149685613167,-0.547453841680713,0.752575892674611
Shaanxi,2024,TRUE,1.93576661461358,1.70812979052144,0.648599726813139,0.178051556172791,2.84409152743991,3.56703325461672,0.364276359474052,0.0228051636368036,-27.375,-27.375,0.00836032547982516,217.534225463867,33.5513755218024,TRUE,1.93576661461358,0.961998801807209,1.63991803021185,0.694686831768707,1.62229964562433,-0.430627469588045,-0.319323349868837,-0.496964076696544,-0.496964076696544,-0.174149685613167,-0.547453841680713,2.98202556647072
Shandong,2002,TRUE,0.0781998176403985,0.829626821702526,0.385624034064145,0.103828943547655,1.93870694319818,1.67929822688739,0.371403214641352,0.0198907852172852,81.4679831764915,81.4679831764915,0.00674055193394728,232.187072753906,17.9640332323253,TRUE,0.0781998176403985,0.246007008822103,0.264346648494503,0.14038674315695,-0.226697379936179,-0.35572205781288,-0.405566672473371,0.489521413297968,0.489521413297968,-0.406878239140675,-0.454290570775556,1.02715264431165
Shandong,2003,TRUE,-1.33619536840437,0.160713934129284,0.258830956050316,0.0696628659044656,1.30126062507271,0.325310871779136,0.371547958427768,0.0198907852172852,81.4679831764915,81.4679831764915,0.00674055193394728,232.187072753906,17.9640332323253,TRUE,-1.33619536840437,-0.0992066583280103,-0.368854972538005,-0.249874541132653,-1.55289970995973,-0.354200756668284,-0.405566672473371,0.489521413297968,0.489521413297968,-0.406878239140675,-0.454290570775556,1.02715264431165
Shandong,2004,TRUE,0.219632076793616,0.896514677232311,0.381703274590608,0.0971001709520978,1.91899550681844,1.81469001299305,0.39310257731566,0.0198907852172852,81.4679831764915,81.4679831764915,0.00674055193394728,232.187072753906,17.9640332323253,TRUE,0.219632076793616,0.235332137787538,0.139641970375994,0.128318886997122,-0.0940839537310127,-0.127655167407211,-0.405566672473371,0.489521413297968,0.489521413297968,-0.406878239140675,-0.454290570775556,1.02715264431165
Shandong,2005,TRUE,-1.02155461872596,0.309517645066784,0.394689900534496,0.100715622255887,1.98428516633677,0.626513534705103,0.391885480816185,0.0198907852172852,81.4679831764915,81.4679831764915,0.00674055193394728,232.187072753906,17.9640332323253,TRUE,-1.02155461872596,0.270690225438879,0.20664730971379,0.16829092173941,-1.25787799363818,-0.140447221170502,-0.405566672473371,0.489521413297968,0.489521413297968,-0.406878239140675,-0.454290570775556,1.02715264431165
Shandong,2006,TRUE,0.0932329312892166,0.836736463731334,0.337535619735719,0.0907152634136367,1.69694467085392,1.69368928674763,0.372082499718542,0.0198907852172852,81.4679831764915,81.4679831764915,0.00674055193394728,232.187072753906,17.9640332323253,TRUE,0.0932329312892166,0.115078900460073,0.0213101605113,-0.00762643413349013,-0.212601637427097,-0.348582565396491,-0.405566672473371,0.489521413297968,0.489521413297968,-0.406878239140675,-0.454290570775556,1.02715264431165
Shandong,2007,TRUE,0.819823341744282,1.18036439341883,0.389476980481823,0.09921211628356,1.95807745258526,2.38924752804098,0.392569975393582,0.0198907852172852,81.4679831764915,81.4679831764915,0.00674055193394728,232.187072753906,17.9640332323253,TRUE,0.819823341744282,0.256497248376304,0.178782758539615,0.152245874907803,0.46868312996024,-0.133252975325148,-0.405566672473371,0.489521413297968,0.489521413297968,-0.406878239140675,-0.454290570775556,1.02715264431165
Shandong,2008,TRUE,-0.498716839968269,0.556784414475963,0.199371644428793,0.0574895537418668,1.00233169405268,1.12702127695105,0.346796298548411,0.0198907852172852,186.474975585938,186.474975585938,0.00674055193394728,232.187072753906,7.69289623345433,TRUE,-0.498716839968269,-0.261093784444221,-0.594463574004988,-0.43288663989927,-0.767641115533556,-0.614348217485067,-0.405566672473371,1.4412398551925,1.4412398551925,-0.406878239140675,-0.454290570775556,-0.260993033507594
Shandong,2009,TRUE,-0.366711784880541,0.619213842576549,0.280121088027945,0.0826199226015264,1.40829577599842,1.25338848829525,0.339047870304795,0.0198907852172852,81.4679831764915,81.4679831764915,0.00674055193394728,232.187072753906,17.9640332323253,TRUE,-0.366711784880541,-0.0412409976686358,-0.128721194523704,-0.184344826274096,-0.643867071787146,-0.695786551024018,-0.405566672473371,0.489521413297968,0.489521413297968,-0.406878239140675,-0.454290570775556,1.02715264431165
Shandong,2010,TRUE,-1.49465709030263,0.0857722989974477,0.078250987189193,0.0219428931448811,0.393403208241335,0.173616939393162,0.356611986726315,0.0198907852172852,35.3250122070313,35.3250122070313,0.00674055193394728,232.187072753906,1.40983095412578,TRUE,-1.49465709030263,-0.590863413104501,-1.25325160777832,-0.805688562439332,-1.70148074790053,-0.511182354343069,-0.405566672473371,0.0713100596749262,0.0713100596749262,-0.406878239140675,-0.454290570775556,-1.04897817905797
Shandong,2011,TRUE,-1.70895407495369,-0.0155756242813609,-0.257034540176359,0.0741471545088872,1.29222922759729,0.0315275706548121,0.34665462468361,0.0198907852172852,81.4679831764915,81.4679831764915,0.00674055193394728,232.187072753906,17.9640332323253,TRUE,-1.70895407495369,-1.50372985863395,-0.285747428173357,-0.255403798542205,-1.84065431638435,-0.615837252821352,-0.405566672473371,0.489521413297968,0.489521413297968,-0.406878239140675,-0.454290570775556,1.02715264431165
Shandong,2012,TRUE,-2.0416869903809,-0.172935701185658,-0.432029008865341,0.109062068516825,2.17200580140952,0.350049695561474,0.396131317460473,0.0198907852172852,81.4679831764915,81.4679831764915,0.00674055193394728,232.187072753906,17.9640332323253,TRUE,-2.0416869903809,-1.98017922963605,0.361332414556083,0.283218397274269,-1.52866854884999,-0.0958221888519397,-0.405566672473371,0.489521413297968,0.489521413297968,-0.406878239140675,-0.454290570775556,1.02715264431165
Shandong,2013,TRUE,-0.989494058846336,0.324680113023327,-0.346403462546197,0.0920355759845037,1.74152733922827,0.657204810455333,0.376379958337548,0.0198907852172852,81.4679831764915,81.4679831764915,0.00674055193394728,232.187072753906,17.9640332323253,TRUE,-0.989494058846336,-1.74705050281912,0.045779579239242,0.0196682398211669,-1.22781653017045,-0.303414970449374,-0.405566672473371,0.489521413297968,0.489521413297968,-0.406878239140675,-0.454290570775556,1.02715264431165
Shandong,2014,TRUE,0.708705341140051,1.12781312388758,-0.120504753930213,0.0294371710467316,0.605832060493489,2.28287529966557,0.409362549610869,0.0198907852172852,-69.3250122070313,-69.3250122070313,0.00674055193394728,232.187072753906,18.7059611403612,TRUE,0.708705341140051,-1.13200650493389,-1.11435978163784,-0.675634071037008,0.364493754343813,0.0432420785216441,-0.405566672473371,-0.877173045061785,-0.877173045061785,-0.406878239140675,-0.454290570775556,1.1202008850366
Shandong,2015,TRUE,0.398369849361075,0.981045507615612,-0.0436306340353779,0.010273980403552,0.219350988705377,1.98579402007986,0.424671182167077,0.0198907852172852,81.4679831764915,81.4679831764915,0.00674055193394728,232.187072753906,17.9640332323253,TRUE,0.398369849361075,-0.922704883319036,-1.46951214961343,-0.912247877001392,0.07350884690984,0.204140454933001,-0.405566672473371,0.489521413297968,0.489521413297968,-0.406878239140675,-0.454290570775556,1.02715264431165
Shandong,2016,TRUE,0.837560600987075,1.18875291270594,0.0986109120505063,0.0216682048866388,0.495761786039563,2.40622724132478,0.455094977024667,0.0198907852172852,11.9500122070313,11.9500122070313,0.00674055193394728,232.187072753906,22.3117307510933,TRUE,0.837560600987075,-0.535430384469388,-1.25834241896871,-0.743021967788563,0.485314404421667,0.523903776633038,-0.405566672473371,-0.140546485006791,-0.140546485006791,-0.406878239140675,-0.454290570775556,1.57241533216034
Shandong,2017,TRUE,1.19386051832089,1.35725858134608,0.356782334191461,0.0723120020103619,1.79370663497697,2.74730983793991,0.493392969731825,0.0198907852172852,3.48333740234375,3.48333740234375,0.00674055193394728,232.187072753906,23.469594013116,TRUE,1.19386051832089,0.167481042453448,-0.319758400958807,0.0516137674572783,0.819397682714396,0.92642730861871,-0.405566672473371,-0.217283189565715,-0.217283189565715,-0.406878239140675,-0.454290570775556,1.71762774210523
Shandong,2018,TRUE,0.331518369322757,0.949429296678112,0.303034475871478,0.0628961976023177,1.52349177049149,1.92179772008164,0.481800947312451,0.0198907852172852,80.6500244140625,80.6500244140625,0.00674055193394728,232.187072753906,14.9179468565082,TRUE,0.331518369322757,0.0211442268894126,-0.494261973676851,-0.113818829844959,0.0108258079210899,0.804591633240574,-0.405566672473371,0.482107940908649,0.482107940908649,-0.406878239140675,-0.454290570775556,0.6451303813719
Shandong,2019,TRUE,1.08388386477572,1.30524709147792,0.520301444189882,0.10287113410149,2.61579137528336,2.64203021048748,0.505779827095679,0.0198907852172852,-93.6749877929688,-93.6749877929688,0.00674055193394728,232.187072753906,27.9289122950254,TRUE,1.08388386477572,0.612686983471151,0.246595518256911,0.554915516050495,0.716278486877991,1.05661694060351,-0.405566672473371,-1.09786616552043,-1.09786616552043,-0.406878239140675,-0.454290570775556,2.27688925049455
Shandong,2020,TRUE,0.569469065992696,1.06196381968837,0.494436570576296,0.0987642541217647,2.48575692299281,2.14958570862199,0.500622998647581,0.0198907852172852,81.4679831764915,81.4679831764915,0.00674055193394728,232.187072753906,17.9640332323253,TRUE,0.569469065992696,0.542265884698342,0.170482506757437,0.4753050282183,0.233939384287862,1.00241710781737,-0.405566672473371,0.489521413297968,0.489521413297968,-0.406878239140675,-0.454290570775556,1.02715264431165
Shandong,2021,TRUE,1.30741043509689,1.41095998210292,0.679581608091153,0.128664810955216,3.41656501071961,2.85601011704523,0.528179852009183,0.0198907852172852,328.466634114583,328.466634114583,0.00674055193394728,232.187072753906,19.2563961738336,TRUE,1.30741043509689,1.04635174140558,0.724631017875455,1.04517004965515,0.925867335388634,1.29204800388911,-0.405566672473371,2.72816443912854,2.72816443912854,-0.406878239140675,-0.454290570775556,1.18923321411231
Shandong,2022,TRUE,0.696824039246188,1.12219407481532,0.870206594467156,0.165635903843131,4.37492328714577,2.27150143988065,0.525373167457284,0.0198907852172852,159.516682942708,159.516682942708,0.00674055193394728,232.187072753906,14.3842086903735,TRUE,0.696824039246188,1.56535760219968,1.40981812634173,1.63190201614841,0.353353296280292,1.26254889703935,-0.405566672473371,1.19690656193418,1.19690656193418,-0.406878239140675,-0.454290570775556,0.57819207533342
Shandong,2023,TRUE,1.94131580160285,1.71075417918544,1.031883410045,0.180790559271062,5.18774597771178,3.4628418279085,0.570761777719753,0.0198907852172852,57.0033447265625,57.0033447265625,0.00674055193394728,232.187072753906,36.4911296007526,TRUE,1.94131580160285,2.00554761314565,1.69068011124294,2.12953329599146,1.52024631968476,1.73959697249515,-0.405566672473371,0.267789059548688,0.267789059548688,-0.406878239140675,-0.454290570775556,3.3507122572497
Shandong,2024,TRUE,2.30786767732572,1.88410832805018,1.21352253641396,0.195061563149425,6.10092825978234,3.81373852892731,0.622122840000185,0.0198907852172852,196.277791341146,196.277791341146,0.00674055193394728,232.187072753906,35.9413589779956,TRUE,2.30786767732572,2.50008808723156,1.9551653379029,2.68860733886831,1.86394230822781,2.27941733210871,-0.405566672473371,1.5300865150449,1.5300865150449,-0.406878239140675,-0.454290570775556,3.28176325466368
Shanghai,2002,TRUE,0.227782046759912,0.900369059654974,0.525301558630787,0.119062802432136,0.809356742945563,2.13421760279687,0.441197038789845,0.06490358710289,23.9972178141276,23.9972178141276,0.0055760852175742,331.867309570313,15.2380829531926,TRUE,0.227782046759912,0.626300564506913,0.546676515006315,-0.551030944938559,0.218886645666316,0.377832225876445,0.926468168422723,-0.0313580634885178,-0.0313580634885178,-0.574188450634194,0.179479557486826,0.685279970390454
Shanghai,2003,TRUE,-0.82911339597908,0.40052927694013,0.48713806697299,0.111294507654381,0.750556461849701,0.949406939426259,0.437701803296322,0.06490358710289,23.9972178141276,23.9972178141276,0.0055760852175742,331.867309570313,15.2380829531926,TRUE,-0.82911339597908,0.522394585467553,0.402706320437803,-0.587030012726011,-0.941610648839969,0.341096239561643,0.926468168422723,-0.0313580634885178,-0.0313580634885178,-0.574188450634194,0.179479557486826,0.685279970390454
Shanghai,2004,TRUE,0.272008237041053,0.921285044762396,0.57312791688099,0.125047403195135,0.883045055695342,2.18379645395509,0.458328523613265,0.06490358710289,23.9972178141276,23.9972178141276,0.0055760852175742,331.867309570313,15.2380829531926,TRUE,0.272008237041053,0.756515184868026,0.657589419435622,-0.505917035338406,0.267448094691566,0.557889333099015,0.926468168422723,-0.0313580634885178,-0.0313580634885178,-0.574188450634194,0.179479557486826,0.685279970390454
Shanghai,2005,TRUE,-0.742871115022311,0.441316020104193,0.674990722111289,0.149714469892683,1.03998985609415,1.0460870555276,0.450852026925074,0.06490358710289,23.9972178141276,23.9972178141276,0.0055760852175742,331.867309570313,15.2380829531926,TRUE,-0.742871115022311,1.0338523478314,1.11474539683878,-0.409831329570539,-0.846914494731281,0.479309082775678,0.926468168422723,-0.0313580634885178,-0.0313580634885178,-0.574188450634194,0.179479557486826,0.685279970390454
Shanghai,2006,TRUE,0.530960929506079,1.04375208577802,0.675122771944338,0.149727332292101,1.04019331146379,2.47408998625189,0.450901489800974,0.06490358710289,-84.7777709960938,-84.7777709960938,0.0055760852175742,331.867309570313,19.3744089186543,TRUE,0.530960929506079,1.0342118738231,1.11498377632872,-0.409706768879554,0.551784545449632,0.479828952620076,0.926468168422723,-1.01722729459551,-1.01722729459551,-0.574188450634194,0.179479557486826,1.2040336794537
Shanghai,2007,TRUE,1.07474625817443,1.30092562398603,0.720496824809485,0.153387075793448,1.11010324231741,3.08368922373281,0.46972459777492,0.06490358710289,23.9972178141276,23.9972178141276,0.0055760852175742,331.867309570313,15.2380829531926,TRUE,1.07474625817443,1.15774971538675,1.18280998517298,-0.366906083357105,1.14887426425512,0.67766553279166,0.926468168422723,-0.0313580634885178,-0.0313580634885178,-0.574188450634194,0.179479557486826,0.685279970390454
Shanghai,2008,TRUE,-0.595693806803301,0.510920893761419,0.433044399533949,0.112249363498409,0.667211811956487,1.21107711711038,0.385787844169013,0.06490358710289,23.9972178141276,23.9972178141276,0.0055760852175742,331.867309570313,15.2380829531926,TRUE,-0.595693806803301,0.375116251360124,0.420402711419676,-0.63805578412217,-0.685310175993521,-0.204535233791754,0.926468168422723,-0.0313580634885178,-0.0313580634885178,-0.574188450634194,0.179479557486826,0.685279970390454
Shanghai,2009,TRUE,-0.196036816825192,0.699931513878607,0.472774096897658,0.122421606089011,0.728425219623349,1.65910427691109,0.386185177601665,0.06490358710289,99.4749755859375,99.4749755859375,0.0055760852175742,331.867309570313,8.97695585849921,TRUE,-0.196036816825192,0.483286466458099,0.608925390703262,-0.600579337223765,-0.24647693209367,-0.200359138770012,0.926468168422723,0.652725656804926,0.652725656804926,-0.574188450634194,0.179479557486826,-0.0999538168906239
Shanghai,2010,TRUE,-1.1413988570268,0.252839457604193,0.247203724724943,0.0655580680713306,0.380878370147796,0.599325815690805,0.377075975539688,0.06490358710289,23.9972178141276,23.9972178141276,0.0055760852175742,331.867309570313,15.2380829531926,TRUE,-1.1413988570268,-0.130863584932449,-0.444929395510872,-0.813356595434295,-1.28450779647109,-0.296099618319292,0.926468168422723,-0.0313580634885178,-0.0313580634885178,-0.574188450634194,0.179479557486826,0.685279970390454
Shanghai,2011,TRUE,-1.52821871736193,0.0698999281852473,-0.13100760323657,0.0390244157799644,0.20184955729625,0.165689453194181,0.335706763620099,0.06490358710289,23.9972178141276,23.9972178141276,0.0055760852175742,331.867309570313,15.2380829531926,TRUE,-1.52821871736193,-1.16060212845979,-0.936678896822303,-0.922962710398999,-1.70924555503012,-0.730902596759058,0.926468168422723,-0.0313580634885178,-0.0313580634885178,-0.574188450634194,0.179479557486826,0.685279970390454
Shanghai,2012,TRUE,-1.61454165888824,0.0290750380485285,-0.344691957746229,0.0937104230677996,0.531083062019049,0.0689189142382759,0.367826701088356,0.06490358710289,23.9972178141276,23.9972178141276,0.0055760852175742,331.867309570313,15.2380829531926,TRUE,-1.61454165888824,-1.74239066761678,0.0768196037688338,-0.721397360139973,-1.80403027643596,-0.393312301211655,0.926468168422723,-0.0313580634885178,-0.0313580634885178,-0.574188450634194,0.179479557486826,0.685279970390454
Shanghai,2013,TRUE,-0.378491025134404,0.613643061730169,-0.225579806736513,0.0645590083123776,0.347561385750386,1.45456777988413,0.349416468179026,0.06490358710289,-126.19585164388,-126.19585164388,0.0055760852175742,331.867309570313,11.4744567366098,TRUE,-0.378491025134404,-1.4180895062575,-0.463445019852769,-0.833754123429791,-0.446816158238305,-0.586809439090564,0.926468168422723,-1.3926151642592,-1.3926151642592,-0.574188450634194,0.179479557486826,0.213268074886456
Shanghai,2014,TRUE,-0.292002729440526,0.654546153160833,-0.230326516287645,0.0659675730297599,0.354874863730589,1.55152368569189,0.349151114266002,0.06490358710289,23.9972178141276,23.9972178141276,0.0055760852175742,331.867309570313,15.2380829531926,TRUE,-0.292002729440526,-1.43101315348424,-0.437340019691785,-0.829276621202511,-0.351849873873327,-0.589598389287337,0.926468168422723,-0.0313580634885178,-0.0313580634885178,-0.574188450634194,0.179479557486826,0.685279970390454
Shanghai,2015,TRUE,-0.482325376308783,0.564536463829779,-0.267646653311578,0.0768870279942636,0.412375748796879,1.33816643920207,0.348103783295598,0.06490358710289,23.9972178141276,23.9972178141276,0.0055760852175742,331.867309570313,15.2380829531926,TRUE,-0.482325376308783,-1.53262296974859,-0.234969216214627,-0.79407307760099,-0.560828839854575,-0.600606155793235,0.926468168422723,-0.0313580634885178,-0.0313580634885178,-0.574188450634194,0.179479557486826,0.685279970390454
Shanghai,2016,TRUE,0.466065468279202,1.01306093892743,-0.165559428078786,0.0454765804000534,0.255085173977101,2.40134027861128,0.364054259626328,0.06490358710289,23.9972178141276,23.9972178141276,0.0055760852175742,331.867309570313,15.2380829531926,TRUE,0.466065468279202,-1.25467478879231,-0.817100608109277,-0.890370475500046,0.480527726530673,-0.432961806425042,0.926468168422723,-0.0313580634885178,-0.0313580634885178,-0.574188450634194,0.179479557486826,0.685279970390454
Shanghai,2017,TRUE,0.685575142237068,1.11687411031415,0.0345991679600214,0.00911478288997791,0.053308560442387,2.6474170350256,0.379593988991934,0.06490358710289,23.9972178141276,23.9972178141276,0.0055760852175742,331.867309570313,15.2380829531926,TRUE,0.685575142237068,-0.709712208558718,-1.49099561494877,-1.01390338815257,0.721554768984268,-0.269634532377698,0.926468168422723,-0.0313580634885178,-0.0313580634885178,-0.574188450634194,0.179479557486826,0.685279970390454
Shanghai,2018,TRUE,0.261603023569837,0.916364085289739,0.0340865680149542,0.0089819418091115,0.0525187736710417,2.17213190571615,0.379501100534586,0.06490358710289,17.3319295247396,17.3319295247396,0.0055760852175742,331.867309570313,14.980931202188,TRUE,0.261603023569837,-0.711107840793455,-1.49345756532606,-1.01438691624103,0.256022913359708,-0.270610818268666,0.926468168422723,-0.0917681146670099,-0.0917681146670099,-0.574188450634194,0.179479557486826,0.653029508086559
Shanghai,2019,TRUE,0.577671465329196,1.06584299764326,0.201308386666435,0.0518968296580397,0.310165270753535,2.52645386133072,0.387901126124473,0.06490358710289,61.3499755859375,61.3499755859375,0.0055760852175742,331.867309570313,16.6240842360146,TRUE,0.577671465329196,-0.255820705655898,-0.698113808393915,-0.856649001713863,0.603073867226979,-0.182323998772265,0.926468168422723,0.307184233660949,0.307184233660949,-0.574188450634194,0.179479557486826,0.859104111000723
Shanghai,2020,TRUE,0.594594052819588,1.07384623250654,0.228234222957095,0.0579698691951574,0.351651169287886,2.54542457621854,0.393711812922566,0.06490358710289,23.9972178141276,23.9972178141276,0.0055760852175742,331.867309570313,15.2380829531926,TRUE,0.594594052819588,-0.182510972722618,-0.585561863752884,-0.831250251134309,0.621655286168242,-0.121251916193019,0.926468168422723,-0.0313580634885178,-0.0313580634885178,-0.574188450634194,0.179479557486826,0.685279970390454
Shanghai,2021,TRUE,1.48256206476195,1.4937948103874,0.509681429181843,0.117304338587519,0.78529007707056,3.54086265527281,0.434494951609634,0.06490358710289,176.800048828125,176.800048828125,0.0055760852175742,331.867309570313,23.3396014328687,TRUE,1.48256206476195,0.583772358291734,0.51408681686868,-0.565765186341925,1.5966660902613,0.307391254620262,0.926468168422723,1.35355230212473,1.35355230212473,-0.574188450634194,0.179479557486826,1.70132483616477
Shanghai,2022,TRUE,0.908206380236306,1.22216356954267,0.780626024518688,0.18243350367678,1.20274711978736,2.8969931559116,0.42789619712711,0.06490358710289,23.9972178141276,23.9972178141276,0.0055760852175742,331.867309570313,15.2380829531926,TRUE,0.908206380236306,1.32146071491113,1.7211288818578,-0.310187081968388,0.966009365837419,0.238036341392254,0.926468168422723,-0.0313580634885178,-0.0313580634885178,-0.574188450634194,0.179479557486826,0.685279970390454
Shanghai,2023,TRUE,1.3235841152186,1.41860903463056,0.877779279436307,0.193111653071967,1.35243569518706,3.36264373006711,0.454544956491664,0.06490358710289,23.9972178141276,23.9972178141276,0.0055760852175742,331.867309570313,15.2380829531926,TRUE,1.3235841152186,1.58597540239291,1.91902755718343,-0.218543826657484,1.42210437595106,0.51812289382537,0.926468168422723,-0.0313580634885178,-0.0313580634885178,-0.574188450634194,0.179479557486826,0.685279970390454
Shanghai,2024,TRUE,1.77743694187352,1.63325060567548,1.05017852783198,0.210238169856624,1.61805930104781,3.87142600585032,0.499518488268885,0.06490358710289,23.9972178141276,23.9972178141276,0.0055760852175742,331.867309570313,15.2380829531926,TRUE,1.77743694187352,2.05535888676658,2.23643414695763,-0.0559221177962721,1.92044598680342,0.990808368368619,0.926468168422723,-0.0313580634885178,-0.0313580634885178,-0.574188450634194,0.179479557486826,0.685279970390454
Shanxi,2002,TRUE,0.69912185722107,1.12328078669886,0.885821274348635,0.163793324695699,3.28891563490194,2.1278251828935,0.540816468555323,0.0269335359334946,69.8562405904134,69.8562405904134,0.0021273014297621,172.029251098633,16.4594578365755,TRUE,0.69912185722107,1.6078709711288,1.37566951510168,0.967019767931245,0.2126254039063,1.42486268071551,-0.197155088729304,0.384279759307806,0.384279759307806,-1.06970862035744,-0.836775921574526,0.838457634869042
Shanxi,2003,TRUE,-1.54875714255311,0.0601866475997426,0.696589810507623,0.129126304376457,2.58632885124208,0.114011265885741,0.539463910061866,0.0269335359334946,69.8562405904134,69.8562405904134,0.0021273014297621,172.029251098633,16.4594578365755,TRUE,-1.54875714255311,1.09265918988618,0.733183898468814,0.536877789352856,-1.75986325996014,1.41064688026439,-0.197155088729304,0.384279759307806,0.384279759307806,-1.06970862035744,-0.836775921574526,0.838457634869042
Shanxi,2004,TRUE,0.173233092420375,0.874571108048961,0.674282346452969,0.126246512319805,2.50350473149138,1.65669568105641,0.534099781501203,0.0269335359334946,69.8562405904134,69.8562405904134,0.0021273014297621,172.029251098633,16.4594578365755,TRUE,0.173233092420375,1.0319236860893,0.679812568650037,0.486170700104751,-0.248836101418635,1.3542682603515,-0.197155088729304,0.384279759307806,0.384279759307806,-1.06970862035744,-0.836775921574526,0.838457634869042
Shanxi,2005,TRUE,-0.519445598084035,0.546981119340465,0.625566176005766,0.118002562253847,2.32262922161591,1.03614360192198,0.530129315887269,0.0269335359334946,69.8562405904134,69.8562405904134,0.0021273014297621,172.029251098633,16.4594578365755,TRUE,-0.519445598084035,0.899286415088161,0.527027030901422,0.375433988991387,-0.856653899822845,1.3125374611744,-0.197155088729304,0.384279759307806,0.384279759307806,-1.06970862035744,-0.836775921574526,0.838457634869042
Shanxi,2006,TRUE,1.20968309729412,1.36474158686976,0.67931893893652,0.123624092621311,2.52220481044124,2.58522317043959,0.54950368049813,0.0269335359334946,69.8562405904134,69.8562405904134,0.0021273014297621,172.029251098633,16.4594578365755,TRUE,1.20968309729412,1.04563658420979,0.631211133581737,0.49761937683215,0.660637177829555,1.5161679159811,-0.197155088729304,0.384279759307806,0.384279759307806,-1.06970862035744,-0.836775921574526,0.838457634869042
Shanxi,2007,TRUE,1.15737068491617,1.34000136775355,0.667108774185174,0.122370037123357,2.47687038134327,2.53835789695754,0.545156959879553,0.0269335359334946,50.9000244140625,50.9000244140625,0.0021273014297621,172.029251098633,15.1369405268083,TRUE,1.15737068491617,1.01239253164519,0.607969660490737,0.469864455328584,0.614733621452461,1.47048256246079,-0.197155088729304,0.212472338586464,0.212472338586464,-1.06970862035744,-0.836775921574526,0.672595281304386
Shanxi,2008,TRUE,-0.457294612735912,0.576374315446422,0.327547039304458,0.0719377745447771,1.21613084933687,1.09182298647176,0.455319950300352,0.0269335359334946,69.8562405904134,69.8562405904134,0.0021273014297621,172.029251098633,16.4594578365755,TRUE,-0.457294612735912,0.0878834530877533,-0.326693977243503,-0.301993213192212,-0.802117105778493,0.52626831407038,-0.197155088729304,0.384279759307806,0.384279759307806,-1.06970862035744,-0.836775921574526,0.838457634869042
Shanxi,2009,TRUE,0.0359225883708723,0.809632562821911,0.348593575613838,0.0765148315987197,1.29427334188352,1.53368291923336,0.455589548235601,0.0269335359334946,69.8562405904134,69.8562405904134,0.0021273014297621,172.029251098633,16.4594578365755,TRUE,0.0359225883708723,0.145185887053247,-0.241867150576952,-0.254152338389569,-0.369324531932314,0.529101870229374,-0.197155088729304,0.384279759307806,0.384279759307806,-1.06970862035744,-0.836775921574526,0.838457634869042
Shanxi,2010,TRUE,-0.414812707271166,0.596465372270153,0.183030026299659,0.0414820075161705,0.679561817473965,1.12988137504806,0.441227503823942,0.0269335359334946,69.8562405904134,69.8562405904134,0.0021273014297621,172.029251098633,16.4594578365755,TRUE,-0.414812707271166,-0.305586354621513,-0.891132226600062,-0.630494788196414,-0.764839709193947,0.378152422635073,-0.197155088729304,0.384279759307806,0.384279759307806,-1.06970862035744,-0.836775921574526,0.838457634869042
Shanxi,2011,TRUE,-0.934383732962312,0.350743555253551,-0.193848643984085,0.0516241921702095,0.71972965028708,0.664411764577062,0.375499617204564,0.0269335359334946,69.8562405904134,69.8562405904134,0.0021273014297621,172.029251098633,16.4594578365755,TRUE,-0.934383732962312,-1.33169653253769,-0.703166612553971,-0.605902991875628,-1.22075746915887,-0.312667623059932,-0.197155088729304,0.384279759307806,0.384279759307806,-1.06970862035744,-0.836775921574526,0.838457634869042
Shanxi,2012,TRUE,-1.25346081396566,0.199841760819957,-0.351492030279974,0.086399592107594,1.30503485003935,0.378559249211553,0.406821400085152,0.0269335359334946,69.8562405904134,69.8562405904134,0.0021273014297621,172.029251098633,16.4594578365755,TRUE,-1.25346081396566,-1.76090491155685,-0.0586723910525155,-0.247563862035768,-1.50074403660397,0.0165338254229342,-0.197155088729304,0.384279759307806,0.384279759307806,-1.06970862035744,-0.836775921574526,0.838457634869042
Shanxi,2013,TRUE,0.0229564018166241,0.803500436967418,-0.205605166299002,0.0533785869828572,0.763379776078014,1.52206686386024,0.385182856872988,0.0269335359334946,69.8562405904134,69.8562405904134,0.0021273014297621,172.029251098633,16.4594578365755,TRUE,0.0229564018166241,-1.36370547375783,-0.670652325988771,-0.579179244845969,-0.380702215515099,-0.210893833968649,-0.197155088729304,0.384279759307806,0.384279759307806,-1.06970862035744,-0.836775921574526,0.838457634869042
Shanxi,2014,TRUE,0.713620594596657,1.13013770503382,-0.0133717741284924,0.0034333332920402,0.0496473027585777,2.14081420904167,0.389469154057759,0.0269335359334946,69.8562405904134,69.8562405904134,0.0021273014297621,172.029251098633,16.4594578365755,TRUE,0.713620594596657,-0.84032048066972,-1.59629020371599,-1.01614490572851,0.225347883682385,-0.165843549084349,-0.197155088729304,0.384279759307806,0.384279759307806,-1.06970862035744,-0.836775921574526,0.838457634869042
Shanxi,2015,TRUE,0.426868236838195,0.994523309892223,-0.0143044676099495,0.00367425304792509,0.0531102475563205,1.88392053778677,0.389316343304864,0.0269335359334946,69.8562405904134,69.8562405904134,0.0021273014297621,172.029251098633,16.4594578365755,TRUE,0.426868236838195,-0.842859882205706,-1.59182522586403,-1.0140248004808,-0.0262741008961288,-0.167449636496059,-0.197155088729304,0.384279759307806,0.384279759307806,-1.06970862035744,-0.836775921574526,0.838457634869042
Shanxi,2016,TRUE,0.612637594555672,1.08237960261683,0.077517781938811,0.0195076936765119,0.28781138180379,2.05034627420881,0.397370305399791,0.0269335359334946,106.899963378906,106.899963378906,0.0021273014297621,172.029251098633,11.6351830404276,TRUE,0.612637594555672,-0.592859677232031,-1.2983832809839,-0.870334636350594,0.13673643135596,-0.0828000494088787,-0.197155088729304,0.720021154478604,0.720021154478604,-1.06970862035744,-0.836775921574526,0.233425423931408
Shanxi,2017,TRUE,1.42419584896873,1.46619155330043,0.341668707983827,0.0800756488356191,1.26856239309792,2.7773993350558,0.426682409636431,0.0269335359334946,80.2249755859375,80.2249755859375,0.0021273014297621,172.029251098633,18.4919396832455,TRUE,1.42419584896873,0.126331869258801,-0.17587434712576,-0.26989325273492,0.848869716580724,0.225279066316142,-0.197155088729304,0.478255561184689,0.478255561184689,-1.06970862035744,-0.836775921574526,1.09335957087884
Shanxi,2018,TRUE,0.599899274110384,1.07635524196009,0.192372560501092,0.0511220947464,0.714249183531293,2.03893435791145,0.376300230762041,0.0269335359334946,-9.85000610351562,-9.85000610351562,0.0021273014297621,172.029251098633,10.1832555463115,TRUE,0.599899274110384,-0.280149867530315,-0.712472009152103,-0.609258276758141,0.12555869773349,-0.304252931476082,-0.197155088729304,-0.338128369638689,-0.338128369638689,-1.06970862035744,-0.836775921574526,0.0513332050993382
Shanxi,2019,TRUE,1.08307625082316,1.3048651449142,0.296593427658079,0.0756870343363986,1.10120493792735,2.47179952555598,0.391868211323805,0.0269335359334946,43.4000244140625,43.4000244140625,0.0021273014297621,172.029251098633,16.4381038038153,TRUE,1.08307625082316,0.00360748191193323,-0.257208758526862,-0.372353857703777,0.549541087044882,-0.140628728779048,-0.197155088729304,0.144496976656501,0.144496976656501,-1.06970862035744,-0.836775921574526,0.835779537497048
Shanxi,2020,TRUE,0.506621374975123,1.03224112910609,0.223693507058315,0.0589223863238883,0.830538951924724,1.9553692143042,0.379640949754992,0.0269335359334946,115.324991861979,115.324991861979,0.0021273014297621,172.029251098633,9.19866660748627,TRUE,0.506621374975123,-0.194873770530348,-0.567908816298258,-0.538062643380856,0.0437083852157438,-0.269140960498999,-0.197155088729304,0.796380402532888,0.796380402532888,-1.06970862035744,-0.836775921574526,-0.0721481569072021
Shanxi,2021,TRUE,1.37316795616076,1.44205882472377,0.469563143593978,0.121566685698918,1.74341439888711,2.7316848278681,0.386259723125904,0.0269335359334946,69.8562405904134,69.8562405904134,0.0021273014297621,172.029251098633,16.4594578365755,TRUE,1.37316795616076,0.474544151953436,0.59308110847356,0.0208235470290832,0.804093311749854,-0.199575642675586,-0.197155088729304,0.384279759307806,0.384279759307806,-1.06970862035744,-0.836775921574526,0.838457634869042
Shanxi,2022,TRUE,1.06062034826202,1.2942450277267,0.668649366923734,0.174535453708134,2.48259036086012,2.4516818906205,0.38310231687476,0.0269335359334946,69.8562405904134,69.8562405904134,0.0021273014297621,172.029251098633,16.4594578365755,TRUE,1.06062034826202,1.0165870324586,1.57475392786482,0.47336637617883,0.529836283875679,-0.232760941076005,-0.197155088729304,0.384279759307806,0.384279759307806,-1.06970862035744,-0.836775921574526,0.838457634869042
Shanxi,2023,TRUE,1.84801067952534,1.66662719172816,0.744286128452788,0.181179180961858,2.76341780852915,3.15708356365305,0.410801133166329,0.0269335359334946,81.4749755859375,81.4749755859375,0.0021273014297621,172.029251098633,25.5861464277437,TRUE,1.84801067952534,1.22251975550485,1.6978824564214,0.64529627407733,1.22076248702584,0.0583620284946889,-0.197155088729304,0.489584788173016,0.489584788173016,-1.06970862035744,-0.836775921574526,1.9830733149839
Shanxi,2024,TRUE,2.3458436817243,1.9020683996139,0.906490802764842,0.195041059439535,3.36565835619648,3.60307866760425,0.464769215963917,0.0269335359334946,90.4749755859375,90.4749755859375,0.0021273014297621,172.029251098633,30.8681290225477,TRUE,2.3458436817243,1.66414694308718,1.95478534162486,1.0140036662152,1.65760537467001,0.625582965327761,-0.197155088729304,0.571155222488971,0.571155222488971,-1.06970862035744,-0.836775921574526,2.64550854981341
Sichuan,2002,TRUE,-0.612328227904114,0.503053942034321,0.246599503925848,0.072036776387627,0.683252001735158,1.69144400151523,0.342324457439497,0.0360920280218124,29.4191929101944,29.4191929101944,0.00483292830482234,283.352813720703,0.941610075728947,TRUE,-0.612328227904114,-0.132508669041861,-0.324859171152138,-0.628235561014314,-0.214800847409038,-0.661348625349847,0.0738662661002419,0.0177833657822001,0.0177833657822001,-0.680965002077977,-0.128977156092443,-1.10769969166538
Sichuan,2003,TRUE,-0.337896772143533,0.632841387102681,0.435571159635257,0.120168638805115,1.20683481507888,2.12783496695544,0.362466583599777,0.0360920280218124,29.4191929101944,29.4191929101944,0.00483292830482234,283.352813720703,0.941610075728947,TRUE,-0.337896772143533,0.381995744580456,0.567171035661558,-0.307684488151634,0.212634987190585,-0.449648763539033,0.0738662661002419,0.0177833657822001,0.0177833657822001,-0.680965002077977,-0.128977156092443,-1.10769969166538
Sichuan,2004,TRUE,-1.32850737534526,0.164349832842427,0.394251993724263,0.109572030279124,1.09235201049383,0.552601849788083,0.359810795437434,0.0360920280218124,82.8499755859375,82.8499755859375,0.00483292830482234,283.352813720703,1.61253182169629,TRUE,-1.32850737534526,0.269497956758297,0.370783561331683,-0.377773851092535,-1.33027294502609,-0.477561903517052,0.0738662661002419,0.502046937860175,0.502046937860175,-0.680965002077977,-0.128977156092443,-1.02355662675273
Sichuan,2005,TRUE,-0.70414818724487,0.459629335711079,0.476825918470099,0.129554588687764,1.32113916730289,1.5454352264193,0.368050196677544,0.0360920280218124,29.4191929101944,29.4191929101944,0.00483292830482234,283.352813720703,0.941610075728947,TRUE,-0.70414818724487,0.49431817422615,0.741121312971425,-0.237704378406843,-0.357813392545122,-0.390963294708075,0.0738662661002419,0.0177833657822001,0.0177833657822001,-0.680965002077977,-0.128977156092443,-1.10769969166538
Sichuan,2006,TRUE,-0.0226127544230048,0.781949320147114,0.589135135923121,0.148409973439708,1.63231374963766,2.62918819739914,0.396964652892725,0.0360920280218124,-226.274963378906,-226.274963378906,0.00483292830482234,283.352813720703,4.28035248340659,TRUE,-0.0226127544230048,0.80009730207009,1.09056909901258,-0.0471951720828292,0.70370000332296,-0.0870635804286792,0.0738662661002419,-2.2996703431682,-2.2996703431682,-0.680965002077977,-0.128977156092443,-0.688974228041002
Sichuan,2007,TRUE,-0.493434548395811,0.559282579729634,0.478008951459622,0.133802316560872,1.32441699084001,1.88050442624523,0.357250131197957,0.0360920280218124,6.29166666666667,6.29166666666667,0.00483292830482234,283.352813720703,2.76239962663639,TRUE,-0.493434548395811,0.497539163597733,0.819844665503907,-0.235697609229742,-0.0296201107897356,-0.504475262182741,0.0738662661002419,-0.191830229810934,-0.191830229810934,-0.680965002077977,-0.128977156092443,-0.879346960076106
Sichuan,2008,TRUE,-1.46354728436209,0.100485124895649,0.283356087548389,0.0849739563584247,0.785093282586228,0.337866275451348,0.33346227443286,0.0360920280218124,29.4191929101944,29.4191929101944,0.00483292830482234,283.352813720703,0.941610075728947,TRUE,-1.46354728436209,-0.0324332136383473,-0.0850937694970453,-0.56588566906496,-1.54060195434063,-0.754492859623729,0.0738662661002419,0.0177833657822001,0.0177833657822001,-0.680965002077977,-0.128977156092443,-1.10769969166538
Sichuan,2009,TRUE,0.127871637147323,0.853118219683247,0.432451282228723,0.119718868160608,1.19819058648455,2.86848302874074,0.361222327668993,0.0360920280218124,29.4191929101944,29.4191929101944,0.00483292830482234,283.352813720703,0.941610075728947,TRUE,0.127871637147323,0.373501398221494,0.558835413874097,-0.312976710660404,0.938084291839782,-0.462726271171951,0.0738662661002419,0.0177833657822001,0.0177833657822001,-0.680965002077977,-0.128977156092443,-1.10769969166538
Sichuan,2010,TRUE,-0.292813563310985,0.654162683794575,0.417977060590472,0.11679456545288,1.15808693359615,2.19952465344948,0.35787372380704,0.0360920280218124,29.4191929101944,29.4191929101944,0.00483292830482234,283.352813720703,0.941610075728947,TRUE,-0.292813563310985,0.334093102365318,0.504639165938911,-0.337529214355077,0.282853537539935,-0.497921114516371,0.0738662661002419,0.0177833657822001,0.0177833657822001,-0.680965002077977,-0.128977156092443,-1.10769969166538
Sichuan,2011,TRUE,-1.08161142151286,0.281114855120259,0.232468468802351,0.0713824939539118,0.644099213992235,0.94520685695679,0.325665938419642,0.0360920280218124,-61.7249755859375,-61.7249755859375,0.00483292830482234,283.352813720703,0.221982969884653,TRUE,-1.08161142151286,-0.170982586798455,-0.336985020129249,-0.652205920232961,-0.945724541880614,-0.836434718367701,0.0738662661002419,-0.808291013061808,-0.808291013061808,-0.680965002077977,-0.128977156092443,-1.19795109675683
Sichuan,2012,TRUE,-1.13952974347415,0.253723421404438,-0.00269401073458152,0.000990597459718594,0.00746428195432349,0.85310723824758,0.271958171116937,0.0360920280218124,45.2937622070313,45.2937622070313,0.00483292830482234,283.352813720703,0.0428250393018675,TRUE,-1.13952974347415,-0.811248626622835,-1.64156154873058,-1.0419704527686,-1.03593419447864,-1.4009196603085,0.0738662661002419,0.161660644906835,0.161660644906835,-0.680965002077977,-0.128977156092443,-1.22042003217777
Sichuan,2013,TRUE,-0.238920203769959,0.679650583574849,0.137607233864909,0.0514873959071853,0.381267668809702,2.28522392263765,0.26726392244224,0.0360920280218124,126.825012207031,126.825012207031,0.00483292830482234,283.352813720703,4.96821676051958,TRUE,-0.238920203769959,-0.429256897163972,-0.705701864519465,-0.813118256626073,0.366794181483083,-1.45025763922051,0.0738662661002419,0.900609475220468,0.900609475220468,-0.680965002077977,-0.128977156092443,-0.60270633037916
Sichuan,2014,TRUE,-0.715785490915873,0.454125681231099,0.165272116661087,0.062120939522921,0.457918620037655,1.52693000743835,0.266048965019446,0.0360920280218124,209.599975585938,209.599975585938,0.00483292830482234,283.352813720703,1.42067496365064,TRUE,-0.715785490915873,-0.35393499638714,-0.508629870329172,-0.766190542373666,-0.375938867969647,-1.46302721063839,0.0738662661002419,1.65083055447655,1.65083055447655,-0.680965002077977,-0.128977156092443,-1.04761818707255
Sichuan,2015,TRUE,-0.299724157606693,0.650894441912251,0.0627028942108195,0.027950782974714,0.173730592730685,2.18853567659145,0.224333229833112,0.0360920280218124,92.3499755859375,92.3499755859375,0.00483292830482234,283.352813720703,0.0563212092809467,TRUE,-0.299724157606693,-0.63319548894282,-1.14190708591181,-0.94017787489555,0.272090064263238,-1.90147225382844,0.0738662661002419,0.588149062971461,0.588149062971461,-0.680965002077977,-0.128977156092443,-1.21872742180488
Sichuan,2016,TRUE,-0.0874094064521814,0.751304903338032,0.0924179894583536,0.0400178718101966,0.2560620572568,2.52615090723888,0.230941789949973,0.0360920280218124,-56.3125,-56.3125,0.00483292830482234,283.352813720703,2.50663243548476,TRUE,-0.0874094064521814,-0.552291569258834,-0.91826712666428,-0.889772402042727,0.602777130022623,-1.83201428040621,0.0738662661002419,-0.759235681476317,-0.759235681476317,-0.680965002077977,-0.128977156092443,-0.911423779015057
Sichuan,2017,TRUE,-0.309413508523202,0.646312036821919,0.119879756655024,0.0514059556160583,0.332150237117664,2.17312802155706,0.233202077888375,0.0360920280218124,86.5549926757813,86.5549926757813,0.00483292830482234,283.352813720703,0.535880453717773,TRUE,-0.309413508523202,-0.477522681959235,-0.707211201496848,-0.843189231119283,0.256998588017381,-1.80825796786975,0.0738662661002419,0.535626921545353,0.535626921545353,-0.680965002077977,-0.128977156092443,-1.15858391792138
Sichuan,2018,TRUE,-0.583062556759202,0.516894617388325,0.146952935627536,0.0635059216434536,0.407161757545806,1.73798121223617,0.231400366807659,0.0360920280218124,68.7000064849854,68.7000064849854,0.00483292830482234,283.352813720703,1.78118522279769,TRUE,-0.583062556759202,-0.403811785899965,-0.482961927611811,-0.797265219219915,-0.169218621653338,-1.82719449839168,0.0738662661002419,0.373800368402174,0.373800368402174,-0.680965002077977,-0.128977156092443,-1.002405107724
Sichuan,2019,TRUE,-0.312210413772152,0.644989290545063,0.0763360091618161,0.0361887225717136,0.211503795563059,2.16868048408928,0.210938667455156,0.0360920280218124,39.199951171875,39.199951171875,0.00483292830482234,283.352813720703,0.236285272511062,TRUE,-0.312210413772152,-0.596077235481071,-0.98923294048418,-0.91705213359008,0.252642317975135,-2.04225317148655,0.0738662661002419,0.106430110153828,0.106430110153828,-0.680965002077977,-0.128977156092443,-1.1961573859619
Sichuan,2020,TRUE,-0.379531741628064,0.613150873491841,0.0649593557630415,0.0309578267073812,0.179982559372344,2.06162854583264,0.209831770095003,0.0360920280218124,29.4191929101944,29.4191929101944,0.00483292830482234,283.352813720703,0.941610075728947,TRUE,-0.379531741628064,-0.627051925118769,-1.08617739443463,-0.936350257633465,0.147787180728937,-2.05388699883518,0.0738662661002419,0.0177833657822001,0.0177833657822001,-0.680965002077977,-0.128977156092443,-1.10769969166538
Sichuan,2021,TRUE,0.272046355665048,0.921303072283345,0.217229264123116,0.0974525312406705,0.601876026450585,3.09774444642936,0.22290776992405,0.0360920280218124,96.6667073567709,96.6667073567709,0.00483292830482234,283.352813720703,4.30653770532412,TRUE,0.272046355665048,-0.212473666707376,0.146172281178475,-0.678056058398731,1.16264106127788,-1.91645427029303,0.0738662661002419,0.627273250235057,0.627273250235057,-0.680965002077977,-0.128977156092443,-0.685690231299501
Sichuan,2022,TRUE,-0.047327152931379,0.770261087725239,0.263142687933788,0.115096171317517,0.729088118225876,2.58988825565065,0.228628532923006,0.0360920280218124,-57.7875061035156,-57.7875061035156,0.00483292830482234,283.352813720703,1.34840409624263,TRUE,-0.047327152931379,-0.0874673047404344,0.473162742718924,-0.600173493386222,0.66520653134185,-1.85632731414678,0.0738662661002419,-0.772604224641034,-0.772604224641034,-0.680965002077977,-0.128977156092443,-1.05668197480064
Sichuan,2023,TRUE,0.79000618647955,1.16626290352114,0.269436631883853,0.115882927348246,0.74652671698309,3.9213854171845,0.232507616134131,0.0360920280218124,99.3249816894531,99.3249816894531,0.00483292830482234,283.352813720703,5.14500269948458,TRUE,0.79000618647955,-0.070331073757839,0.48774373147676,-0.589497127779131,1.96938018657126,-1.81555697177016,0.0738662661002419,0.651366204884818,0.651366204884818,-0.680965002077977,-0.128977156092443,-0.58053487621571
Sichuan,2024,TRUE,0.964918631536373,1.24898461372622,0.473385538373634,0.172180579282043,1.31160692352212,4.19952485478762,0.274935501057989,0.0360920280218124,-80.8499755859375,-80.8499755859375,0.00483292830482234,283.352813720703,8.06285249533401,TRUE,0.964918631536373,0.484951209971513,1.53111092267408,-0.24354026700525,2.2418119554715,-1.36962701860473,0.0738662661002419,-0.981628185983213,-0.981628185983213,-0.680965002077977,-0.128977156092443,-0.214595291974709
Taiwan,2002,FALSE,,0.689226212040072,0.450215544019416,0.128130007560556,0.385390751746672,2.13188849218307,0.351374008782945,0.11682053655386,54.6962692260743,54.6962692260743,0.00503729028144927,812.18115234375,9.47605317671105,FALSE,,,,,,,,,,,,
Taiwan,2003,FALSE,,0.577789368168002,0.468666757856091,0.131932054668898,0.40118524677381,1.7871962548509,0.355233426048185,0.11682053655386,-15.4277733696832,-15.4277733696832,0.00503729028144927,812.18115234375,9.17710823906208,FALSE,,,,,,,,,,,,
Taiwan,2004,FALSE,,0.384788574710971,0.383951732090531,0.113096873398239,0.328668009424449,1.19021348872052,0.339489254259533,0.11682053655386,-64.2750027974447,-64.2750027974447,0.00503729028144927,812.18115234375,7.99025783461814,FALSE,,,,,,,,,,,,
Taiwan,2005,FALSE,,0.245891632572299,0.350387913840151,0.103147016799978,0.299936915354438,0.76058271239184,0.339697574113677,0.11682053655386,14.7433268229167,14.7433268229167,0.00503729028144927,812.18115234375,10.2386760826915,FALSE,,,,,,,,,,,,
Taiwan,2006,FALSE,,0.686842026249057,0.446681771959582,0.126543924818264,0.382365793837663,2.1245138187271,0.352985552329822,0.11682053655386,-64.5631418786868,-64.5631418786868,0.00503729028144927,812.18115234375,7.95779024125339,FALSE,,,,,,,,,,,,
Taiwan,2007,FALSE,,0.76739698840726,0.389317716871007,0.117778552811661,0.333261366841534,2.37368338571874,0.330550603294949,0.11682053655386,-19.6049346153182,-19.6049346153182,0.00503729028144927,812.18115234375,9.52482346802475,FALSE,,,,,,,,,,,,
Taiwan,2008,FALSE,,0.345270218387729,0.301252228873115,0.0930891376293641,0.257876087338654,1.06797680125308,0.323616950962158,0.11682053655386,32.5176290732164,32.5176290732164,0.00503729028144927,812.18115234375,10.1395058776601,FALSE,,,,,,,,,,,,
Taiwan,2009,FALSE,,0.570539536014682,0.33817475182671,0.103750481129143,0.289482279231611,1.76477134780598,0.325950056468432,0.11682053655386,-59.4505266613431,-59.4505266613431,0.00503729028144927,812.18115234375,8.05219569245117,FALSE,,,,,,,,,,,,
Taiwan,2010,FALSE,,0.418726028934604,0.149064404623869,0.054830210332018,0.127601198403282,1.29518754056222,0.271865461980224,0.11682053655386,115.885285760675,115.885285760675,0.00503729028144927,812.18115234375,12.4362716923688,FALSE,,,,,,,,,,,,
Taiwan,2011,FALSE,,0.103248657718783,-0.0879078592572425,0.0344132592719093,0.0752503471140221,0.319364849129135,0.255447641743715,0.11682053655386,-96.2709220488866,-96.2709220488866,0.00503729028144927,812.18115234375,9.24068320631821,FALSE,,,,,,,,,,,,
Taiwan,2012,FALSE,,0.382228912845736,-0.226630210876485,0.0973554735479323,0.193998604664856,1.18229603929819,0.232786306324015,0.11682053655386,2.5128884748979,2.5128884748979,0.00503729028144927,812.18115234375,12.0350959374242,FALSE,,,,,,,,,,,,
Taiwan,2013,FALSE,,0.515745224491244,-0.0681473868233705,0.0381745115430618,0.0583351085636825,1.59528365257143,0.178515412689691,0.11682053655386,-25.7745263558847,-25.7745263558847,0.00503729028144927,812.18115234375,8.39681272827948,FALSE,,,,,,,,,,,,
Taiwan,2014,FALSE,,0.561519684330111,-0.0753534861973268,0.0424727018512533,0.0645036296016201,1.73687148318734,0.177416276603329,0.11682053655386,4.87891324361166,4.87891324361166,0.00503729028144927,812.18115234375,8.78681401052951,FALSE,,,,,,,,,,,,
Taiwan,2015,FALSE,,0.989954056278354,0.0321292196001312,0.0146494000781018,0.0275030577224906,3.06208850374813,0.219321060445052,0.11682053655386,74.7819304821538,74.7819304821538,0.00503729028144927,812.18115234375,9.70300940800218,FALSE,,,,,,,,,,,,
Taiwan,2016,FALSE,,1.16971022082913,0.201098782675591,0.0727262092159436,0.172143347914581,3.61810348389589,0.276514869733516,0.11682053655386,66.2828719527633,66.2828719527633,0.00503729028144927,812.18115234375,9.60842364706784,FALSE,,,,,,,,,,,,
Taiwan,2017,FALSE,,0.944204391971713,0.333754607609356,0.114154821103728,0.285698574458678,2.92057736973615,0.292370137662505,0.11682053655386,72.266104968497,72.266104968497,0.00503729028144927,812.18115234375,9.82686019992724,FALSE,,,,,,,,,,,,
Taiwan,2018,FALSE,,0.804300369754916,0.390488965170714,0.130960478329967,0.334263971635398,2.48783153133967,0.298173136010424,0.11682053655386,7.44582821817109,7.44582821817109,0.00503729028144927,812.18115234375,8.81698588251231,FALSE,,,,,,,,,,,,
Taiwan,2019,FALSE,,1.33025747729886,0.515479837145114,0.148546144264995,0.441257892106542,4.11470219494356,0.347016638968116,0.11682053655386,-4.11683233365145,-4.11683233365145,0.00503729028144927,812.18115234375,9.09588671189465,FALSE,,,,,,,,,,,,
Taiwan,2020,FALSE,,1.2203903813516,0.539552348000699,0.151595427721328,0.46186429536894,3.77486544261481,0.355915977223625,0.11682053655386,73.1096273916739,73.1096273916739,0.00503729028144927,812.18115234375,9.76409232932953,FALSE,,,,,,,,,,,,
Taiwan,2021,FALSE,,1.25278860522855,0.662906714848159,0.173912382215438,0.567457344747367,3.87507840527333,0.381172810356291,0.11682053655386,100.328066457113,100.328066457113,0.00503729028144927,812.18115234375,11.1665617377539,FALSE,,,,,,,,,,,,
Taiwan,2022,FALSE,,1.01731687976468,0.730196475982662,0.188676058403366,0.625058313823107,3.14672615606763,0.387010669059872,0.11682053655386,17.796866343362,17.796866343362,0.00503729028144927,812.18115234375,9.17411349053699,FALSE,,,,,,,,,,,,
Taiwan,2023,FALSE,,1.21071058704007,0.716301304953389,0.187099444036841,0.613163854647373,3.74492426838356,0.382845234330224,0.11682053655386,21.0800759673749,21.0800759673749,0.00503729028144927,812.18115234375,12.3995811287662,FALSE,,,,,,,,,,,,
Taiwan,2024,FALSE,,1.54684645129788,0.819894177573026,0.196814504140616,0.701840790805662,4.78464703037796,0.416582193041649,0.11682053655386,118.157477429525,118.157477429525,0.00503729028144927,812.18115234375,13.3611813048431,FALSE,,,,,,,,,,,,
Tianjin,2002,TRUE,0.593662813534417,1.07340581955448,0.349899223872583,0.0855610144913669,1.5228829245837,1.84941839828435,0.408947025643189,0.0229761078953743,-196.140002441406,-196.140002441406,0.0217304700401648,191.666809082031,30.4108665725743,TRUE,0.593662813534417,0.148740715364618,-0.0742137918390475,-0.114191581211077,-0.0600682258015631,0.0388747954534644,-0.314264706577846,-2.02654569297196,-2.02654569297196,1.7468684788705,-0.711919700929497,2.58816137893769
Tianjin,2003,TRUE,-1.00156127034324,0.318973141331826,0.248406614576049,0.0608779354791984,1.08115184567905,0.549572943793503,0.408040470854876,0.0229761078953743,-41.3433377866392,-41.3433377866392,0.0217304700401648,191.666809082031,31.4748789051367,TRUE,-1.00156127034324,-0.127588532199423,-0.531666526267698,-0.384630884509443,-1.33323969517504,0.0293466293660004,-0.314264706577846,-0.623564452244114,-0.623564452244114,1.7468684788705,-0.711919700929497,2.7216035565162
Tianjin,2004,TRUE,0.711443377183015,1.12910802902714,0.494506256920939,0.114074882087557,2.15226294711341,1.94539020051157,0.433492674172905,0.0229761078953743,-41.3433377866392,-41.3433377866392,0.0217304700401648,191.666809082031,31.4748789051367,TRUE,0.711443377183015,0.542455616495704,0.454235138482134,0.271131306245491,0.033934149663843,0.296857014433144,-0.314264706577846,-0.623564452244114,-0.623564452244114,1.7468684788705,-0.711919700929497,2.7216035565162
Tianjin,2005,TRUE,-1.02903224381579,0.305981236119424,0.402199540819446,0.0923385481033907,1.75051206518933,0.527188615247049,0.435570570558578,0.0229761078953743,-41.3433377866392,-41.3433377866392,0.0217304700401648,191.666809082031,31.4748789051367,TRUE,-1.02903224381579,0.291136376777386,0.0513945766296478,0.0251689237106976,-1.35516467738578,0.318696336369853,-0.314264706577846,-0.623564452244114,-0.623564452244114,1.7468684788705,-0.711919700929497,2.7216035565162
Tianjin,2006,TRUE,0.0743539346942965,0.827807980199014,0.291843550545832,0.0727433526143382,1.27020447446884,1.4262670100504,0.401196178148528,0.0229761078953743,-143.612503051758,-143.612503051758,0.0217304700401648,191.666809082031,22.7577673161695,TRUE,0.0743539346942965,-0.00932478948739615,-0.311764158701221,-0.268887927633023,-0.474536171097622,-0.0425889651485408,-0.314264706577846,-1.55046892200033,-1.55046892200033,1.7468684788705,-0.711919700929497,1.62835461848427
Tianjin,2007,TRUE,1.15582866948767,1.33927209915653,0.367032766342163,0.085492158536208,1.5974540510234,2.3074911793538,0.429317463293099,0.0229761078953743,-34.1416829427083,-34.1416829427083,0.0217304700401648,191.666809082031,31.2156138576506,TRUE,1.15582866948767,0.195389421428453,-0.0754899026902751,-0.0685371900133051,0.388604494281632,0.252974280343782,-0.314264706577846,-0.558293106309331,-0.558293106309331,1.7468684788705,-0.711919700929497,2.68908805697944
Tianjin,2008,TRUE,0.136863859576891,0.857370930333291,0.261716467993594,0.064760139378832,1.13908094959061,1.47720232537092,0.404132033228978,0.0229761078953743,-41.3433377866392,-41.3433377866392,0.0217304700401648,191.666809082031,31.4748789051367,TRUE,0.136863859576891,-0.0913504080093943,-0.459717447766533,-0.349165174146957,-0.424646093761444,-0.0117322368229346,-0.314264706577846,-0.623564452244114,-0.623564452244114,1.7468684788705,-0.711919700929497,2.7216035565162
Tianjin,2009,TRUE,-0.64247251381744,0.488797741551553,0.270823614937903,0.0672327287687265,1.17871841554342,0.842171264396987,0.402815146577656,0.0229761078953743,-41.3433377866392,-41.3433377866392,0.0217304700401648,191.666809082031,31.4748789051367,TRUE,-0.64247251381744,-0.0665547989495923,-0.413892825280461,-0.324898082269764,-1.04664575241677,-0.0255731153819784,-0.314264706577846,-0.623564452244114,-0.623564452244114,1.7468684788705,-0.711919700929497,2.7216035565162
Tianjin,2010,TRUE,-1.75309797844413,-0.0364526933239358,0.056020055498442,0.0126628949488219,0.243818734459026,0.062805958820202,0.442395326857339,0.0229761078953743,-41.3433377866392,-41.3433377866392,0.0217304700401648,191.666809082031,31.4748789051367,TRUE,-1.75309797844413,-0.651390545763043,-1.42523827719616,-0.897268084021223,-1.81001778857054,0.390426597308706,-0.314264706577846,-0.623564452244114,-0.623564452244114,1.7468684788705,-0.711919700929497,2.7216035565162
Tianjin,2011,TRUE,-1.34653241068455,0.15582521500126,-0.280072825295542,0.0676979571490477,1.21897419080248,0.268478160160857,0.413709419146752,0.0229761078953743,-41.3433377866392,-41.3433377866392,0.0217304700401648,191.666809082031,31.4748789051367,TRUE,-1.34653241068455,-1.56645513524547,-0.405270724504184,-0.300252445286758,-1.60856616377509,0.0889289972080517,-0.314264706577846,-0.623564452244114,-0.623564452244114,1.7468684788705,-0.711919700929497,2.7216035565162
Tianjin,2012,TRUE,-2.13315445002297,-0.216193599085655,-0.507136719567422,0.107638599461377,2.20723510647128,0.372489521163833,0.471147638584236,0.0229761078953743,-41.3433377866392,-41.3433377866392,0.0217304700401648,191.666809082031,31.4748789051367,TRUE,-2.13315445002297,-2.18467153038994,0.334951191554356,0.304786697925002,-1.5066892084323,0.692622123783401,-0.314264706577846,-0.623564452244114,-0.623564452244114,1.7468684788705,-0.711919700929497,2.7216035565162
Tianjin,2013,TRUE,-1.22289790620129,0.214295941014443,-0.435281549181239,0.096532455734875,1.8944964532869,0.36921996207759,0.450917306379041,0.0229761078953743,-41.3433377866392,-41.3433377866392,0.0217304700401648,191.666809082031,31.4748789051367,TRUE,-1.22289790620129,-1.98903477118132,0.129120475939773,0.113319926577656,-1.50989167325737,0.479995189658036,-0.314264706577846,-0.623564452244114,-0.623564452244114,1.7468684788705,-0.711919700929497,2.7216035565162
Tianjin,2014,TRUE,1.31872268968239,1.41630991043583,-0.137441601072018,0.0273868733360668,0.598193574376838,2.4402230343037,0.50185210770671,0.0229761078953743,-41.3433377866392,-41.3433377866392,0.0217304700401648,191.666809082031,31.4748789051367,TRUE,1.31872268968239,-1.17811967769831,-1.15235805137048,-0.680310551733733,0.518612573484728,1.01533541723006,-0.314264706577846,-0.623564452244114,-0.623564452244114,1.7468684788705,-0.711919700929497,2.7216035565162
Tianjin,2015,TRUE,0.869324342980553,1.20377500595585,-0.0517768519265147,0.0099290436326636,0.225350839064169,2.07403724001946,0.521468671526271,0.0229761078953743,-54.375,-54.375,0.0217304700401648,191.666809082031,32.0564438741385,TRUE,0.869324342980553,-0.944884215153669,-1.47590487999241,-0.908574611912257,0.159941237471804,1.22151145926049,-0.314264706577846,-0.74167537964441,-0.74167537964441,1.7468684788705,-0.711919700929497,2.79454001927326
Tianjin,2016,TRUE,0.716807305057709,1.13164480270878,0.0140367916651999,0.00263270646741352,0.0610929915942198,1.94976092017196,0.533169642682962,0.0229761078953743,-41.3433377866392,-41.3433377866392,0.0217304700401648,191.666809082031,31.4748789051367,TRUE,0.716807305057709,-0.765696442376922,-1.61112826058895,-1.00913755609362,0.0382151782684458,1.34449221894854,-0.314264706577846,-0.623564452244114,-0.623564452244114,1.7468684788705,-0.711919700929497,2.7216035565162
Tianjin,2017,TRUE,1.57976852392708,1.53976686539188,0.34102582931519,0.059825853279205,1.48426283018913,2.65293248652808,0.570030865625326,0.0229761078953743,-25.2749837239583,-25.2749837239583,0.0217304700401648,191.666809082031,35.322239255039,TRUE,1.57976852392708,0.12458153315048,-0.55116481815395,-0.137835811649387,0.726957038515165,1.7319148644518,-0.314264706577846,-0.477930827840178,-0.477930827840178,1.7468684788705,-0.711919700929497,3.2041168952327
Tianjin,2018,TRUE,0.473730629193236,1.01668603958622,0.305036715098771,0.0540723568225912,1.3276257079215,1.75169337880991,0.56412690887431,0.0229761078953743,62.5625,62.5625,0.0217304700401648,191.666809082031,23.2279678908791,TRUE,0.473730629193236,0.0265956313114287,-0.657794654946435,-0.233733148829646,-0.155787840936548,1.66986248634726,-0.314264706577846,0.318173805113591,0.318173805113591,1.7468684788705,-0.711919700929497,1.68732441297605
Tianjin,2019,TRUE,1.39690899625592,1.45328672470585,0.584746565137582,0.0999282955758894,2.54502010436375,2.50393202430089,0.585166155159229,0.0229761078953743,-36.4750061035156,-36.4750061035156,0.0217304700401648,191.666809082031,35.2937689287813,TRUE,1.39690899625592,0.788148742746856,0.192055745084598,0.511587495643829,0.581014198329271,1.89099135306562,-0.314264706577846,-0.579440904490056,-0.579440904490056,1.7468684788705,-0.711919700929497,3.20054631412576
Tianjin,2020,TRUE,0.902921486709983,1.21966417374149,0.559293883187469,0.0964560881622007,2.43424119408871,2.10141339049384,0.579843008195563,0.0229761078953743,1.29998779296875,1.29998779296875,0.0217304700401648,191.666809082031,30.7238363498524,TRUE,0.902921486709983,0.718849899210257,0.127705151906482,0.443765753534982,0.186755604983601,1.83504346218065,-0.314264706577846,-0.237071720221303,-0.237071720221303,1.7468684788705,-0.711919700929497,2.62741221026563
Tianjin,2021,TRUE,1.35309014185098,1.43256338181034,0.703527825219367,0.117339699075587,3.06199739495916,2.46822685955638,0.599565049818452,0.0229761078953743,-41.3433377866392,-41.3433377866392,0.0217304700401648,191.666809082031,31.4748789051367,TRUE,1.35309014185098,1.11154900263385,0.514742154557688,0.828094494962024,0.546041735329971,2.04232810795087,-0.314264706577846,-0.623564452244114,-0.623564452244114,1.7468684788705,-0.711919700929497,2.7216035565162
Tianjin,2022,TRUE,0.512617089770548,1.0350766951038,0.872924293790533,0.148458012182136,3.79926964900037,1.78337945322009,0.587994060380913,0.0229761078953743,-41.3433377866392,-41.3433377866392,0.0217304700401648,191.666809082031,31.4748789051367,TRUE,0.512617089770548,1.57275695683584,1.09145940342198,1.27947182439634,-0.124751992962384,1.92071349559818,-0.314264706577846,-0.623564452244114,-0.623564452244114,1.7468684788705,-0.711919700929497,2.7216035565162
Tianjin,2023,TRUE,2.16406965667755,1.81610162796513,1.11075506891515,0.17420716993202,4.83439176893306,3.12904188027126,0.637605828364355,0.0229761078953743,54.066650390625,54.066650390625,0.0217304700401648,191.666809082031,46.1054376776345,TRUE,2.16406965667755,2.22028784202319,1.56866982826858,1.91320062074338,1.19329624393398,2.44214824100238,-0.314264706577846,0.241172678166951,0.241172678166951,1.7468684788705,-0.711919700929497,4.55648230936948
Tianjin,2024,TRUE,2.37601135269791,1.91633565964237,1.2340973445347,0.183258148457465,5.37122018295863,3.30173953007072,0.673420175267752,0.0229761078953743,-41.3433377866392,-41.3433377866392,0.0217304700401648,191.666809082031,31.4748789051367,TRUE,2.37601135269791,2.55610616860897,1.73641206470831,2.24186099628191,1.36244998432125,2.81856790146727,-0.314264706577846,-0.623564452244114,-0.623564452244114,1.7468684788705,-0.711919700929497,2.7216035565162
Tibet,2002,TRUE,-0.781307616466812,0.423138164704846,0.249270281621361,0.0616776856396121,0.8019844330657,1.25052863302211,0.404149862363299,0.03108168579638,-0.503635848302902,-0.503635848302902,0.0182189183365156,123.939453125,1.08894349290515,TRUE,-0.781307616466812,-0.125237065758358,-0.516844716656319,-0.555544465591336,-0.646668240285846,-0.0115448472076616,-0.074401562817628,-0.253418649528086,-0.253418649528086,1.24232983474515,-1.14253239249861,-1.08922199980374
Tibet,2003,TRUE,-0.548840326140216,0.533079408830212,0.443032971450246,0.110359243338105,1.42538269755575,1.57544537463709,0.401446184342654,0.03108168579638,-0.503635848302902,-0.503635848302902,0.0182189183365156,123.939453125,1.08894349290515,TRUE,-0.548840326140216,0.402311675549144,0.385373020216908,-0.173883766633609,-0.328419079266914,-0.0399613241374992,-0.074401562817628,-0.253418649528086,-0.253418649528086,1.24232983474515,-1.14253239249861,-1.08922199980374
Tibet,2004,TRUE,-0.467348196536768,0.57161965293269,0.491326736552357,0.11981029415036,1.58075961442728,1.68934594611456,0.410087246706655,0.03108168579638,-0.503635848302902,-0.503635848302902,0.0182189183365156,123.939453125,1.08894349290515,TRUE,-0.467348196536768,0.533798882994077,0.560529816302144,-0.0787579601099186,-0.216855848846378,0.0508588650421818,-0.074401562817628,-0.253418649528086,-0.253418649528086,1.24232983474515,-1.14253239249861,-1.08922199980374
Tibet,2005,TRUE,-0.336258386849089,0.633616232102917,0.576610577957958,0.136399365714455,1.85514576569432,1.87256859977396,0.422736993634606,0.03108168579638,-0.503635848302902,-0.503635848302902,0.0182189183365156,123.939453125,1.08894349290515,TRUE,-0.336258386849089,0.765997265598726,0.867975906997988,0.0892284079024528,-0.0373930870418065,0.183811546168263,-0.074401562817628,-0.253418649528086,-0.253418649528086,1.24232983474515,-1.14253239249861,-1.08922199980374
Tibet,2006,TRUE,0.668687237978478,1.10888727826457,0.709844599877096,0.151751743607353,2.28380340927251,3.27716903822907,0.467767014073835,0.03108168579638,-8.7249755859375,-8.7249755859375,0.0182189183365156,123.939453125,1.44993617398208,TRUE,0.668687237978478,1.12874739373149,1.15250229220406,0.35166381265202,1.33838370083102,0.657090733701183,-0.074401562817628,-0.327931788756739,-0.327931788756739,1.24232983474515,-1.14253239249861,-1.04394841793011
Tibet,2007,TRUE,0.416834944211865,0.9897782437263,0.663045331835775,0.147743462856426,2.13323478069841,2.92515810996496,0.448781502082505,0.03108168579638,-0.503635848302902,-0.503635848302902,0.0182189183365156,123.939453125,1.08894349290515,TRUE,0.416834944211865,1.00132918452355,1.07821662512965,0.259481765803197,0.993596349977005,0.457547237995255,-0.074401562817628,-0.253418649528086,-0.253418649528086,1.24232983474515,-1.14253239249861,-1.08922199980374
Tibet,2008,TRUE,-0.639918712369725,0.490005516236828,0.576535112091468,0.131688635417719,1.8549029671956,1.44814620732771,0.437801720902252,0.03108168579638,-0.503635848302902,-0.503635848302902,0.0182189183365156,123.939453125,1.08894349290515,TRUE,-0.639918712369725,0.765791798163723,0.780671707455645,0.0890797603203118,-0.453105954412996,0.342146403938508,-0.074401562817628,-0.253418649528086,-0.253418649528086,1.24232983474515,-1.14253239249861,-1.08922199980374
Tibet,2009,TRUE,1.05676155921824,1.29242008251529,0.726233692041419,0.150301662890242,2.33653250598782,3.81957585935441,0.483184070007098,0.03108168579638,-0.503635848302902,-0.503635848302902,0.0182189183365156,123.939453125,1.08894349290515,TRUE,1.05676155921824,1.17336921927539,1.12562787394945,0.38394594279917,1.86965985144144,0.819128672726584,-0.074401562817628,-0.253418649528086,-0.253418649528086,1.24232983474515,-1.14253239249861,-1.08922199980374
Tibet,2010,TRUE,0.899502120918663,1.21804704589228,0.799239188432644,0.158642514660526,2.57141518535564,3.5997762298723,0.503798865104295,0.03108168579638,293.525024414063,293.525024414063,0.0182189183365156,123.939453125,1.54161544998071,TRUE,0.899502120918663,1.37213791805704,1.28020929581742,0.52774725359351,1.65437070589829,1.0357964285835,-0.074401562817628,2.41147529702076,2.41147529702076,1.24232983474515,-1.14253239249861,-1.03245054158631
Tibet,2011,TRUE,-0.320812013813495,0.640921317761944,0.708951780838662,0.143496934846048,2.28093091694927,1.89415780997831,0.494053605813441,0.03108168579638,-0.503635848302902,-0.503635848302902,0.0182189183365156,123.939453125,1.08894349290515,TRUE,-0.320812013813495,1.12631655650294,0.999515509712988,0.349905197830185,-0.0162469066374201,0.933370794429118,-0.074401562817628,-0.253418649528086,-0.253418649528086,1.24232983474515,-1.14253239249861,-1.08922199980374
Tibet,2012,TRUE,-0.593006525122759,0.512191795533703,0.285551967365376,0.0903888889487881,0.918714542177866,1.51371480840231,0.315914899150007,0.03108168579638,-0.503635848302902,-0.503635848302902,0.0182189183365156,123.939453125,1.08894349290515,TRUE,-0.593006525122759,-0.0264545929114308,0.01526144627597,-0.484079244125561,-0.388882879364731,-0.938921101854083,-0.074401562817628,-0.253418649528086,-0.253418649528086,1.24232983474515,-1.14253239249861,-1.08922199980374
Tibet,2013,TRUE,-0.385612572839008,0.610275053208874,0.228688179382233,0.0724950933476235,0.735765044664558,1.80358684636524,0.315453320800131,0.03108168579638,-0.503635848302902,-0.503635848302902,0.0182189183365156,123.939453125,1.08894349290515,TRUE,-0.385612572839008,-0.181275006495573,-0.316365160073453,-0.596085704637626,-0.104959273501827,-0.943772430462892,-0.074401562817628,-0.253418649528086,-0.253418649528086,1.24232983474515,-1.14253239249861,-1.08922199980374
Tibet,2014,TRUE,-0.382968670607914,0.611525439446972,0.242324445928854,0.077139284042066,0.779637396492428,1.8072821967815,0.314138832033635,0.03108168579638,-93.43212890625,-93.43212890625,0.0182189183365156,123.939453125,1.45083138066064,TRUE,-0.382968670607914,-0.144148172329736,-0.230294142299152,-0.569225905024225,-0.101339754963631,-0.957588106524331,-0.074401562817628,-1.09566504275742,-1.09566504275742,1.24232983474515,-1.14253239249861,-1.04383614636623
Tibet,2015,TRUE,-0.399031466839821,0.603928827470349,0.0738052182963937,0.0261559331334581,0.23745564761159,1.78483141927398,0.28217390647013,0.03108168579638,-58.0049926757813,-58.0049926757813,0.0182189183365156,123.939453125,1.88426585986635,TRUE,-0.399031466839821,-0.602967703077001,-1.17517112753995,-0.901163731975437,-0.123329822543644,-1.29354917988566,-0.074401562817628,-0.774575388436323,-0.774575388436323,1.24232983474515,-1.14253239249861,-0.989477339637424
Tibet,2016,TRUE,0.820629506327244,1.18074565452914,0.145526942397872,0.0481561091558522,0.46820800953731,3.48953692308769,0.302198298302899,0.03108168579638,-66.9041493733724,-66.9041493733724,0.0182189183365156,123.939453125,2.03143067597409,TRUE,0.820629506327244,-0.407694271914618,-0.767440768033569,-0.759891109391608,1.54639360776192,-1.08308674160532,-0.074401562817628,-0.855231841421684,-0.855231841421684,1.24232983474515,-1.14253239249861,-0.971020792731557
Tibet,2017,TRUE,0.550651207182276,1.05306425017695,0.121826062245025,0.0412218350397968,0.391954487421057,3.11219149465473,0.295537697745407,0.03108168579638,32.8843841552734,32.8843841552734,0.0182189183365156,123.939453125,1.13188853744597,TRUE,0.550651207182276,-0.472223565472404,-0.895954016081089,-0.806575507162083,1.17679164322103,-1.15309167585991,-0.074401562817628,0.0491897163209712,0.0491897163209712,1.24232983474515,-1.14253239249861,-1.08383608454284
Tibet,2018,TRUE,0.00986178851180901,0.797307573979901,0.0431004368833185,0.0150701328681454,0.138668272904098,2.35633661473845,0.285999050309785,0.03108168579638,24.2749938964844,24.2749938964844,0.0182189183365156,123.939453125,1.25117063534356,TRUE,0.00986178851180901,-0.686566195650028,-1.38062481677366,-0.961643942824118,0.436447577877459,-1.2533457566811,-0.074401562817628,-0.0288404728573591,-0.0288404728573591,1.24232983474515,-1.14253239249861,-1.06887642439374
Tibet,2019,TRUE,-0.248376427752054,0.675178431695507,-0.0645826959184172,0.0230034635762154,0.207783761606453,1.99540015924383,0.280752051552762,0.03108168579638,-8.7954795143821,-8.7954795143821,0.0182189183365156,123.939453125,1.23296428297032,TRUE,-0.248376427752054,-0.979750096120095,-1.23359600307727,-0.919329635535303,0.0829178595521839,-1.30849330679295,-0.074401562817628,-0.328570792763873,-0.328570792763873,1.24232983474515,-1.14253239249861,-1.07115975817859
Tibet,2020,TRUE,-0.335383975862372,0.634029769128369,-0.168538213840551,0.0600353480484711,0.54224283375318,1.87379075351541,0.280731634477203,0.03108168579638,51.3562393188477,51.3562393188477,0.0182189183365156,123.939453125,3.71423797191762,TRUE,-0.335383975862372,-1.26278499143571,-0.547282241146356,-0.714565056421994,-0.0361960129824049,-1.30870789645642,-0.074401562817628,0.216607188355879,0.216607188355879,1.24232983474515,-1.14253239249861,-0.75997298516063
Tibet,2021,TRUE,0.396472183430405,0.980148040479229,-0.0501872056296843,0.018356739061075,0.161468737437431,2.89669732361476,0.273399351936669,0.03108168579638,-90.7249755859375,-90.7249755859375,0.0182189183365156,123.939453125,2.75169979994099,TRUE,0.396472183430405,-0.940556158478993,-1.31971398027694,-0.947684902951796,0.965719604282493,-1.38577241229934,-0.074401562817628,-1.071129079191,-1.071129079191,1.24232983474515,-1.14253239249861,-0.880688869497878
Tibet,2022,TRUE,0.26307346493952,0.917059504216717,0.0229583457112342,0.00847819354948498,0.0738645447407104,2.71024753583266,0.270792894467817,0.03108168579638,22.691660563151,22.691660563151,0.0182189183365156,123.939453125,1.23918823768494,TRUE,0.26307346493952,-0.741406138543667,-1.50279355694673,-1.00131847769973,0.783095932018399,-1.41316707171021,-0.074401562817628,-0.043190827042574,-0.043190827042574,1.24232983474515,-1.14253239249861,-1.0703791863329
Tibet,2023,TRUE,0.422381744721574,0.992401503747509,-0.0252557130796856,0.00976665339212721,0.0812559307276282,2.93291080646464,0.258591270373575,0.03108168579638,-29.875,-29.875,0.0182189183365156,123.939453125,1.30829189070583,TRUE,0.422381744721574,-0.872676333290334,-1.47891446641966,-0.996793278155996,1.00118995424742,-1.54140984578797,-0.074401562817628,-0.519622530673198,-0.519622530673198,1.24232983474515,-1.14253239249861,-1.06171261203152
Tibet,2024,TRUE,0.713966363772527,1.13030123037677,0.172323750598049,0.0713522258686563,0.554422149837572,3.34045512891094,0.241511387346569,0.03108168579638,-74.817866734096,-74.817866734096,0.0182189183365156,123.939453125,1.87873001737357,TRUE,0.713966363772527,-0.334735837813883,-0.337545980062944,-0.707108561025109,1.40037110463042,-1.72092460246209,-0.074401562817628,-0.926956881662566,-0.926956881662566,1.24232983474515,-1.14253239249861,-0.990171612489685
Xinjiang,2002,TRUE,0.698286857704174,1.12288588862265,0.753959093775043,0.147387079371444,1.44359946183754,2.11503512447175,0.511550331949331,0.052227720618248,14.6977085489215,14.6977085489215,0.0112249258649716,41.6846771240234,14.2200133627943,TRUE,0.698286857704174,1.24885589217271,1.07161175222745,-0.162730987768843,0.200097808861879,1.11726669874601,0.551359419604978,-0.115643064564975,-0.115643064564975,0.237435196585999,-1.66551088453758,0.55759966170263
Xinjiang,2003,TRUE,-1.16757259387988,0.240461057232272,0.607505031994397,0.120600835668535,1.16318503814264,0.452925437274577,0.503732025260664,0.052227720618248,14.6977085489215,14.6977085489215,0.0112249258649716,41.6846771240234,14.2200133627943,TRUE,-1.16757259387988,0.850112171077687,0.575180961687622,-0.334408021603338,-1.42790390887895,1.03509392153199,0.551359419604978,-0.115643064564975,-0.115643064564975,0.237435196585999,-1.66551088453758,0.55759966170263
Xinjiang,2004,TRUE,0.880801561440544,1.20920295100058,0.699802586010495,0.131719207231789,1.3399064284762,2.27761942677737,0.53128363032055,0.052227720618248,20.9000015258789,20.9000015258789,0.0112249258649716,41.6846771240234,22.4589995789833,TRUE,0.880801561440544,1.10140646560856,0.781238296410608,-0.226214570967634,0.3593457366431,1.32466965635913,0.551359419604978,-0.0594293165777286,-0.0594293165777286,0.237435196585999,-1.66551088453758,1.59088492361305
Xinjiang,2005,TRUE,-0.559090430637174,0.5282318053707,0.743252192224758,0.140162567057202,1.42309904285785,0.994962029127076,0.530278667000602,0.052227720618248,14.6977085489215,14.6977085489215,0.0112249258649716,41.6846771240234,14.2200133627943,TRUE,-0.559090430637174,1.21970470501101,0.937719505176988,-0.175281879682402,-0.896990390107327,1.31410718672385,0.551359419604978,-0.115643064564975,-0.115643064564975,0.237435196585999,-1.66551088453758,0.55759966170263
Xinjiang,2006,TRUE,1.00203843049411,1.26653975825156,0.855068513325307,0.152852774628029,1.63719286080916,2.38561736538325,0.559406602468382,0.052227720618248,14.6977085489215,14.6977085489215,0.0112249258649716,41.6846771240234,14.2200133627943,TRUE,1.00203843049411,1.52414184668325,1.1729077550254,-0.04420805279476,0.465127461469775,1.62025063276796,0.551359419604978,-0.115643064564975,-0.115643064564975,0.237435196585999,-1.66551088453758,0.55759966170263
Xinjiang,2007,TRUE,1.53997889264185,1.52094907145346,0.903522236006611,0.156338471478564,1.72996681706788,2.86481533097064,0.577926998685345,0.052227720618248,14.6977085489215,14.6977085489215,0.0112249258649716,41.6846771240234,14.2200133627943,TRUE,1.53997889264185,1.6560645632535,1.23750834860939,0.0125905862257402,0.934491858490846,1.81490562045959,0.551359419604978,-0.115643064564975,-0.115643064564975,0.237435196585999,-1.66551088453758,0.55759966170263
Xinjiang,2008,TRUE,0.551186177026236,1.05331725458945,0.693125503403796,0.137982981586505,1.32712187167828,1.98399767353163,0.50232680540336,0.052227720618248,-10.0875029563904,-10.0875029563904,0.0112249258649716,41.6846771240234,13.9886574153263,TRUE,0.551186177026236,1.08322708067186,0.8973251389393,-0.234041610536553,0.0717493629908768,1.02032463415697,0.551359419604978,-0.340280894242875,-0.340280894242875,0.237435196585999,-1.66551088453758,0.528584357574037
Xinjiang,2009,TRUE,0.384231905412082,0.974359220074069,0.588203310966476,0.122338733326825,1.12622818687776,1.83527462157118,0.48079892195312,0.052227720618248,14.6977085489215,14.6977085489215,0.0112249258649716,41.6846771240234,14.2200133627943,TRUE,0.384231905412082,0.797560265226562,0.607389505668298,-0.357033971158346,-0.0739217596337451,0.794060042463449,0.551359419604978,-0.115643064564975,-0.115643064564975,0.237435196585999,-1.66551088453758,0.55759966170263
Xinjiang,2010,TRUE,-0.167644686638676,0.713359063671481,0.392591936247728,0.0865799536212297,0.751692648272609,1.34366233587293,0.453444382709236,0.052227720618248,17.678126335144,17.678126335144,0.0112249258649716,41.6846771240234,6.41176485768111,TRUE,-0.167644686638676,0.26497819481126,-0.0553297421245732,-0.586334409723863,-0.555445723872757,0.506555529198687,0.551359419604978,-0.0886304008688449,-0.0886304008688449,0.237435196585999,-1.66551088453758,-0.421665006299146
Xinjiang,2011,TRUE,-0.583170635417506,0.516843503521335,-0.0170620509556428,0.00498396246709562,0.0326685728453588,0.973511355765209,0.342339073945427,0.052227720618248,8.42499987284343,8.42499987284343,0.0112249258649716,41.6846771240234,5.48142999441756,TRUE,-0.583170635417506,-0.850367827230395,-1.56755231587533,-1.02653972761881,-0.918000876568486,-0.661195001434431,0.551359419604978,-0.172495016903324,-0.172495016903324,0.237435196585999,-1.66551088453758,-0.538342140794503
Xinjiang,2012,TRUE,-1.4671187262252,0.0987960753902311,-0.191872545651006,0.0481129066597496,0.367376832417164,0.186089407416641,0.398796412380386,0.052227720618248,-2.61249923706055,-2.61249923706055,0.0112249258649716,41.6846771240234,4.58692374673115,TRUE,-1.4671187262252,-1.32631630072301,-0.768241442048611,-0.821622589455777,-1.68926422601687,-0.0678112320259974,0.551359419604978,-0.272532083142973,-0.272532083142973,0.237435196585999,-1.66551088453758,-0.650525860753278
Xinjiang,2013,TRUE,1.22960811186368,1.37416476588095,-0.0523099388395136,0.0124036697898988,0.100157422572328,2.58833669217693,0.421729534287613,0.052227720618248,31.754997253418,31.754997253418,0.0112249258649716,41.6846771240234,17.2685010472877,TRUE,1.22960811186368,-0.946335626311351,-1.43004250999562,-0.985221291194029,0.66368680733094,0.173222842530858,0.551359419604978,0.0389536518659605,0.0389536518659605,0.237435196585999,-1.66551088453758,0.939923082673164
Xinjiang,2014,TRUE,-0.858327028046866,0.386713212536227,-0.105977926935449,0.0244197472046551,0.202915091221541,0.728401733336137,0.433984537379843,0.052227720618248,14.6977085489215,14.6977085489215,0.0112249258649716,41.6846771240234,14.2200133627943,TRUE,-0.858327028046866,-1.09245498289914,-1.20734794795267,-0.922310362701139,-1.15808063148661,0.302026646085235,0.551359419604978,-0.115643064564975,-0.115643064564975,0.237435196585999,-1.66551088453758,0.55759966170263
Xinjiang,2015,TRUE,1.46027818387512,1.48325604777182,-0.0263831615447996,0.00577831833958154,0.0505156289274886,2.79381785042344,0.456588924221684,0.052227720618248,20.0875015258789,20.0875015258789,0.0112249258649716,41.6846771240234,27.3300322804539,TRUE,1.46027818387512,-0.875745985240279,-1.55283047887116,-1.01561329376963,0.864951309406493,0.539605615289219,0.551359419604978,-0.0667933141201412,-0.0667933141201412,0.237435196585999,-1.66551088453758,2.2017812364171
Xinjiang,2016,TRUE,1.21056314313717,1.36515778879966,0.0918770006724635,0.0194388805518463,0.175916160201643,2.57137141272576,0.472645533406178,0.052227720618248,0.375,0.375,0.0112249258649716,41.6846771240234,9.36208333741616,TRUE,1.21056314313717,-0.553764494481485,-1.29965859805546,-0.938839813408858,0.647069670507056,0.708365453176183,0.551359419604978,-0.245455237555682,-0.245455237555682,0.237435196585999,-1.66551088453758,-0.0516533904207187
Xinjiang,2017,TRUE,1.01893077027092,1.27452868800009,0.236539517130159,0.0494031937208989,0.452900326359473,2.40066508055742,0.478793979325462,0.052227720618248,14.6977085489215,14.6977085489215,0.0112249258649716,41.6846771240234,14.2200133627943,TRUE,1.01893077027092,-0.159898531230101,-0.744328487589823,-0.769262872827388,0.47986638414156,0.772987486674835,0.551359419604978,-0.115643064564975,-0.115643064564975,0.237435196585999,-1.66551088453758,0.55759966170263
Xinjiang,2018,TRUE,-0.413508185180902,0.597082322643649,-0.0456967524119841,0.010157259700555,0.0874952072789063,1.12464685627274,0.449892527701023,0.052227720618248,14.6977085489215,14.6977085489215,0.0112249258649716,41.6846771240234,14.2200133627943,TRUE,-0.413508185180902,-0.928330208555455,-1.47167534022365,-0.992973430098672,-0.769966810987174,0.469224454592793,0.551359419604978,-0.115643064564975,-0.115643064564975,0.237435196585999,-1.66551088453758,0.55759966170263
Xinjiang,2019,TRUE,0.871031549954486,1.20458239893759,0.0879889215741907,0.0195657277510779,0.168471686170903,2.26891628961384,0.44970942401743,0.052227720618248,1.20000457763672,1.20000457763672,0.0112249258649716,41.6846771240234,25.1417280668292,TRUE,0.871031549954486,-0.564350388165193,-1.29730773258545,-0.94339751483953,0.350821195596803,0.467299979281437,0.551359419604978,-0.237977906254518,-0.237977906254518,0.237435196585999,-1.66551088453758,1.92733697432186
Xinjiang,2020,TRUE,0.523524642958143,1.04023522715415,-0.013810362134649,0.00318225066570593,0.0264425902014643,1.95935674803304,0.433980964588325,0.052227720618248,14.6977085489215,14.6977085489215,0.0112249258649716,41.6846771240234,14.2200133627943,TRUE,0.523524642958143,-0.841514604011034,-1.60094353055287,-1.03035143679883,0.0476140912050085,0.301989094961554,0.551359419604978,-0.115643064564975,-0.115643064564975,0.237435196585999,-1.66551088453758,0.55759966170263
Xinjiang,2021,TRUE,1.21850619272304,1.36891431193198,0.159219418253256,0.0362365060753668,0.30485614989222,2.57844709018441,0.439389542474383,0.052227720618248,14.6977085489215,14.6977085489215,0.0112249258649716,41.6846771240234,14.2200133627943,TRUE,1.21850619272304,-0.370414399255592,-0.98834736642772,-0.8598993841647,0.654000148769467,0.358834890780737,0.551359419604978,-0.115643064564975,-0.115643064564975,0.237435196585999,-1.66551088453758,0.55759966170263
Xinjiang,2022,TRUE,1.82824161956503,1.65727776865805,0.473372203963137,0.104682264171159,0.906361982410054,3.12160009065345,0.45219904986881,0.052227720618248,14.6977085489215,14.6977085489215,0.0112249258649716,41.6846771240234,14.2200133627943,TRUE,1.82824161956503,0.484914904986895,0.280161282170222,-0.491641803830082,1.18600716645962,0.493466702918443,0.551359419604978,-0.115643064564975,-0.115643064564975,0.237435196585999,-1.66551088453758,0.55759966170263
Xinjiang,2023,TRUE,2.16696559879514,1.81747121195639,0.689095377921997,0.138250304203298,1.31940542257023,3.42333579035278,0.498440406256667,0.052227720618248,7.16666666666667,7.16666666666667,0.0112249258649716,41.6846771240234,29.2169048064974,TRUE,2.16696559879514,1.0722544438494,0.902279442329339,-0.238765822212791,1.48155098116574,0.979477399076145,0.551359419604978,-0.183899770919105,-0.183899770919105,0.237435196585999,-1.66551088453758,2.43842170662853
Xinjiang,2024,TRUE,1.84257601103019,1.66405696253623,0.816614338329813,0.156608580345844,1.56356495872901,3.13436918260947,0.521436524439757,0.052227720618248,66.7874984741211,66.7874984741211,0.0112249258649716,41.6846771240234,19.7525099972441,TRUE,1.84257601103019,1.41944443752359,1.24251428971867,-0.0892849774052065,1.19851422528884,1.22117358362023,0.551359419604978,0.356466578504514,0.356466578504514,0.237435196585999,-1.66551088453758,1.25145289606212
Yunnan,2002,TRUE,-0.397852098730046,0.604486588508852,0.416358402797131,0.122713767511777,1.60330155427555,1.7753039351967,0.339292331446976,0.0259688142687082,136.650024414063,136.650024414063,0.0255717391345999,353.563262939453,2.01440218386478,TRUE,-0.397852098730046,0.329686057426797,0.614340032923262,-0.0649571958017416,-0.132661794171651,-0.693217190192594,-0.225703475308939,0.989657309985708,0.989657309985708,2.29878081398231,0.317423121714707,-0.973156406199939
Yunnan,2003,TRUE,-0.0760446574476202,0.75667965796686,0.572627578462863,0.157499703185406,2.20505862353856,2.22227655668193,0.363573750858931,0.0259688142687082,-59.1396992693044,-59.1396992693044,0.0255717391345999,353.563262939453,7.71660559859955,TRUE,-0.0760446574476202,0.755152936527317,1.25902951375002,0.303454198229882,0.30513855147711,-0.438012099469945,-0.225703475308939,-0.784859667286862,-0.784859667286862,2.29878081398231,0.317423121714707,-0.258019544181241
Yunnan,2004,TRUE,-1.20118700807805,0.224563721687563,0.457268306187213,0.130590325376247,1.76083629177559,0.659516466358307,0.350154810373407,0.0259688142687082,107.999969482422,107.999969482422,0.0255717391345999,353.563262939453,1.2516026529759,TRUE,-1.20118700807805,0.441069565054135,0.760316672677605,0.0314896848670239,-1.22555231150314,-0.579049238440655,-0.225703475308939,0.729990929546827,0.729990929546827,2.29878081398231,0.317423121714707,-1.06882224327962
Yunnan,2005,TRUE,0.251215438335999,0.91145146277643,0.534353630883343,0.142386976381761,2.05767435260695,2.6768226117296,0.375282658893368,0.0259688142687082,-40.6749877929688,-40.6749877929688,0.0255717391345999,353.563262939453,8.53809537226522,TRUE,0.251215438335999,0.650946224242943,0.978944594133939,0.213221698296396,0.750356917093999,-0.314947920786865,-0.225703475308939,-0.617506941215363,-0.617506941215363,2.29878081398231,0.317423121714707,-0.154993121552815
Yunnan,2006,TRUE,0.285536510677099,0.927682999641664,0.628503390720919,0.157331176396268,2.42022367374028,2.72449267061747,0.399477970683901,0.0259688142687082,-28.425048828125,-28.425048828125,0.0255717391345999,353.563262939453,8.59681819687033,TRUE,0.285536510677099,0.907283434159774,1.25590619836146,0.435183861478846,0.79704874396442,-0.0606478473107,-0.225703475308939,-0.506481069914668,-0.506481069914668,2.29878081398231,0.317423121714707,-0.147628449782521
Yunnan,2007,TRUE,-0.663765798346746,0.478727463752993,0.42406807626997,0.126216296984169,1.63298975410272,1.40596460937855,0.33598519874431,0.0259688142687082,132.549987792969,132.549987792969,0.0255717391345999,353.563262939453,2.68134591555359,TRUE,-0.663765798346746,0.35067682990255,0.679252586327672,-0.0467813044939542,-0.494421948445909,-0.727976159060789,-0.225703475308939,0.952497113553046,0.952497113553046,2.29878081398231,0.317423121714707,-0.889512240474371
Yunnan,2008,TRUE,-1.20528254849666,0.222626809150942,0.219767332077023,0.0701163427649713,0.84627403393553,0.65382798870841,0.313432394518463,0.0259688142687082,60.6749877929688,60.6749877929688,0.0255717391345999,353.563262939453,0.229201469016852,TRUE,-1.20528254849666,-0.205563386118172,-0.360450663264588,-0.528429215217058,-1.23112405653098,-0.965012979308358,-0.225703475308939,0.301066561724235,0.301066561724235,2.29878081398231,0.317423121714707,-1.19704579499146
Yunnan,2009,TRUE,0.51940779904233,1.03828823950983,0.354477337428486,0.102755575416844,1.36501163957887,3.04932687095217,0.34497139059413,0.0259688142687082,-201.025024414063,-201.025024414063,0.0255717391345999,353.563262939453,13.8359301184743,TRUE,0.51940779904233,0.161205334049012,0.244453863390749,-0.210844505051964,1.11521705752358,-0.633528554191556,-0.225703475308939,-2.07082051118892,-2.07082051118892,2.29878081398231,0.317423121714707,0.509430197002861
Yunnan,2010,TRUE,0.65365521796339,1.10177815345026,0.427911860602237,0.116273074744149,1.64779129372056,3.23578906251508,0.368023174362445,0.0259688142687082,-18.2583211263021,-18.2583211263021,0.0255717391345999,353.563262939453,13.9182437012709,TRUE,0.65365521796339,0.361142124269261,0.494974352624067,-0.0377194153646728,1.29785287903186,-0.391247307444702,-0.225703475308939,-0.414336137224696,-0.414336137224696,2.29878081398231,0.317423121714707,0.519753483111976
Yunnan,2011,TRUE,-1.04689342111099,0.297534112007387,0.226087093353302,0.0638899675092095,0.870609997876303,0.873821669402073,0.353869476175132,0.0259688142687082,-168.133321126302,-168.133321126302,0.0255717391345999,353.563262939453,6.6019438064618,TRUE,-1.04689342111099,-0.188356863491916,-0.475844386427041,-0.513530102504508,-1.01564484187977,-0.540006972959799,-0.225703475308939,-1.77271045312512,-1.77271045312512,2.29878081398231,0.317423121714707,-0.397813879504617
Yunnan,2012,TRUE,0.0448171399575621,0.813839081794985,0.108412776674513,0.0344775737905013,0.417472956418914,2.39014686511336,0.314444332229611,0.0259688142687082,-209.700012207031,-209.700012207031,0.0255717391345999,353.563262939453,16.2921228399197,TRUE,0.0448171399575621,-0.508743299616118,-1.02094574619184,-0.790952433969828,0.469564011835811,-0.954377206703893,-0.225703475308939,-2.14944523585092,-2.14944523585092,2.29878081398231,0.317423121714707,0.817471462382611
Yunnan,2013,TRUE,-0.274485790640512,0.662830475837954,0.185501677649351,0.0604574114373271,0.714324788686543,1.94665286954698,0.306830334344781,0.0259688142687082,-92.4916720920139,-92.4916720920139,0.0255717391345999,353.563262939453,6.62146788496415,TRUE,-0.274485790640512,-0.298856903458173,-0.539460119309805,-0.6092119893075,0.0351709076073288,-1.03440263635416,-0.225703475308939,-1.08714132378046,-1.08714132378046,2.29878081398231,0.317423121714707,-0.395365284247931
Yunnan,2014,TRUE,0.0538269255756604,0.818100098640688,0.240703344345106,0.0774473642777934,0.92689385758805,2.40266095577793,0.310796043983801,0.0259688142687082,-0.574951171875,-0.574951171875,0.0255717391345999,353.563262939453,6.88508252822349,TRUE,0.0538269255756604,-0.148561870863716,-0.224584475924571,-0.479071653610371,0.48182130222694,-0.992721823917493,-0.225703475308939,-0.254065007518882,-0.254065007518882,2.29878081398231,0.317423121714707,-0.362304283955392
Yunnan,2015,TRUE,0.120267036709302,0.849521760017641,0.151384251458304,0.0536313770603892,0.582946336678601,2.49494257153806,0.28226806723207,0.0259688142687082,29.8749694824219,29.8749694824219,0.0255717391345999,353.563262939453,10.1294045438018,TRUE,0.120267036709302,-0.391746846613035,-0.665967354873683,-0.689645308868234,0.572209217134489,-1.29255952168711,-0.225703475308939,0.0219142427763817,0.0219142427763817,2.29878081398231,0.317423121714707,0.0445795286429995
Yunnan,2016,TRUE,-0.205428244025159,0.695490006477602,0.11937526294163,0.0425940211919762,0.45968699882256,2.04256995748315,0.28026295616371,0.0259688142687082,-39.5625305175781,-39.5625305175781,0.0255717391345999,353.563262939453,7.44081213147932,TRUE,-0.205428244025159,-0.478896243730769,-0.870523221683432,-0.765107894696389,0.129119691567613,-1.31363384783865,-0.225703475308939,-0.607424316425189,-0.607424316425189,2.29878081398231,0.317423121714707,-0.292607941033582
Yunnan,2017,TRUE,-0.559205502046467,0.52817738440729,0.0525728975023584,0.0185981750853383,0.20244627636198,1.55119304025126,0.282677721126541,0.0259688142687082,83.5083211263021,83.5083211263021,0.0255717391345999,353.563262939453,3.44958510822794,TRUE,-0.559205502046467,-0.660775963892446,-1.31523943439737,-0.922597383402309,-0.352173734175361,-1.28825393487072,-0.225703475308939,0.50801377471101,0.50801377471101,2.29878081398231,0.317423121714707,-0.793164192961853
Yunnan,2018,TRUE,-0.757077978224072,0.43459713843561,0.00858453341894024,0.00296751835760582,0.0330570865889876,1.2763591860544,0.289283245609513,0.0259688142687082,0.899993896484375,0.899993896484375,0.0255717391345999,353.563262939453,3.093561618683,TRUE,-0.757077978224072,-0.780541054503425,-1.6049231751289,-1.02630186935805,-0.621367753181607,-1.21882786688239,-0.225703475308939,-0.240697017539076,-0.240697017539076,2.29878081398231,0.317423121714707,-0.83781456801866
Yunnan,2019,TRUE,0.733710833236114,1.13963902381159,0.000326463154381389,0.000114236212477947,0.00125713538940732,3.34698185557314,0.285779042652006,0.0259688142687082,-173.224975585938,-173.224975585938,0.0255717391345999,353.563262939453,12.2727110426344,TRUE,0.733710833236114,-0.803024921637723,-1.65780319543519,-1.04577063000913,1.4067638970551,-1.25565810396651,-0.225703475308939,-1.81885806042059,-1.81885806042059,2.29878081398231,0.317423121714707,0.313380441630198
Yunnan,2020,TRUE,0.156322311295605,0.866573456794985,0.0873743806566678,0.0307709842194519,0.336458876221976,2.54502134080451,0.283950555606324,0.0259688142687082,-489.099975585938,-489.099975585938,0.0255717391345999,353.563262939453,16.8957379165704,TRUE,0.156322311295605,-0.566023570385194,-1.0896401555824,-0.840551369729897,0.621260325503641,-1.27487605801036,-0.225703475308939,-4.68175372037085,-4.68175372037085,2.29878081398231,0.317423121714707,0.893173320136003
Yunnan,2021,TRUE,0.632094647724188,1.09158146765924,0.236914668764391,0.0802461050547667,0.912304529244014,3.20584263069198,0.295235100323811,0.0259688142687082,10.860009765625,10.860009765625,0.0255717391345999,353.563262939453,11.0150841163796,TRUE,0.632094647724188,-0.15887712317361,-0.172715273514603,-0.488003621455459,1.26852097463124,-1.15627206664023,-0.225703475308939,-0.150425593068009,-0.150425593068009,2.29878081398231,0.317423121714707,0.1556562588506
Yunnan,2022,TRUE,-0.353569446050224,0.625429276497133,0.135790382112781,0.0470746569952793,0.52289789093838,1.83681007463133,0.288457507245136,0.0259688142687082,-146.987518310547,-146.987518310547,0.0255717391345999,353.563262939453,5.55891156583874,TRUE,-0.353569446050224,-0.434203555655469,-0.787483374864101,-0.726408535649568,-0.0724178154363859,-1.22750662781555,-0.225703475308939,-1.58105797316504,-1.58105797316504,2.29878081398231,0.317423121714707,-0.52862485717266
Yunnan,2023,TRUE,1.36679144541848,1.4390431680987,0.159658602305794,0.0529408424244736,0.61480898070182,4.22629558340669,0.301579262803696,0.0259688142687082,-138.791666666667,-138.791666666667,0.0255717391345999,353.563262939453,23.0633090780871,TRUE,1.36679144541848,-0.369218653086279,-0.678765067722293,-0.670138166033163,2.26803332492306,-1.08959299266315,-0.225703475308939,-1.5067758422561,-1.5067758422561,2.29878081398231,0.317423121714707,1.66667387175202
Yunnan,2024,TRUE,1.04492754173737,1.28682339575983,0.335074560982796,0.10462096745113,1.29029595851264,3.77924453879285,0.320274768190529,0.0259688142687082,-117.141642252604,-117.141642252604,0.0255717391345999,353.563262939453,17.7521198657824,TRUE,1.04492754173737,0.108378289271536,0.279025267000682,-0.256587396367465,1.83015616545806,-0.893097554426807,-0.225703475308939,-1.31055340954431,-1.31055340954431,2.29878081398231,0.317423121714707,1.00057571449226
Zhejiang,2002,TRUE,-0.0383862540416234,0.774489525825747,0.472113473074759,0.116539791285385,1.86402681150779,2.19314922513778,0.405109248838996,0.0253276117146015,101.558200799851,101.558200799851,0.00238162562647969,485.56640625,6.19540890086609,TRUE,-0.0383862540416234,0.481487816436488,0.49991742358558,0.0946656160977905,0.276608938689011,-0.00146140404421131,-0.244678169315153,0.671606721857912,0.671606721857912,-1.03316739977771,1.15670332147034,-0.448799099698188
Zhejiang,2003,TRUE,-0.634125055553454,0.492745522529848,0.495294434683651,0.121228113155124,1.95555127844174,1.39532482350134,0.408564005322651,0.0253276117146015,52.375,52.375,0.00238162562647969,485.56640625,2.37826521545747,TRUE,-0.634125055553454,0.544601551747802,0.586806326632742,0.150699285120464,-0.504843396451367,0.0348491355860107,-0.244678169315153,0.225840605158725,0.225840605158725,-1.03316739977771,1.15670332147034,-0.927522841822807
Zhejiang,2004,TRUE,-0.310280934890036,0.645901803047426,0.543293067387146,0.130027495424368,2.14506236714745,1.82902284877029,0.417829371867858,0.0253276117146015,101.558200799851,101.558200799851,0.00238162562647969,485.56640625,6.19540890086609,TRUE,-0.310280934890036,0.675285215819414,0.749885717107659,0.266722923131115,-0.0800452404949495,0.132230951271133,-0.244678169315153,0.671606721857912,0.671606721857912,-1.03316739977771,1.15670332147034,-0.448799099698188
Zhejiang,2005,TRUE,-0.971951685947378,0.332976464302309,0.623156820024749,0.150757766113689,2.46038523902945,0.942901163053338,0.413349730557041,0.0253276117146015,101.558200799851,101.558200799851,0.00238162562647969,485.56640625,6.19540890086609,TRUE,-0.971951685947378,0.892726572652707,1.13408085773825,0.459771820657782,-0.947982920893935,0.0851485609159332,-0.244678169315153,0.671606721857912,0.671606721857912,-1.03316739977771,1.15670332147034,-0.448799099698188
Zhejiang,2006,TRUE,0.20374467664494,0.889001015693911,0.674323763166169,0.157046348563474,2.66240564157661,2.51741543778407,0.429378823089048,0.0253276117146015,-68.5,-68.5,0.00238162562647969,485.56640625,7.86171683515347,TRUE,0.20374467664494,1.03203644946463,1.25062746993018,0.583453987310816,0.594220920172426,0.253619190430224,-0.244678169315153,-0.869695644612506,-0.869695644612506,-1.03316739977771,1.15670332147034,-0.239820545161903
Zhejiang,2007,TRUE,0.665643395111901,1.10744774726129,0.687326703752796,0.157994340616279,2.71374463371352,3.13599872922379,0.435032483487562,0.0253276117146015,101.558200799851,101.558200799851,0.00238162562647969,485.56640625,6.19540890086609,TRUE,0.665643395111901,1.0674389562415,1.26819665392698,0.614885059129385,1.20011033215693,0.313040877871092,-0.244678169315153,0.671606721857912,0.671606721857912,-1.03316739977771,1.15670332147034,-0.448799099698188
Zhejiang,2008,TRUE,-0.837058982469963,0.396771554023989,0.448393004281175,0.120097554075502,1.77037222985645,1.12355196196702,0.373357315836161,0.0253276117146015,101.558200799851,101.558200799851,0.00238162562647969,485.56640625,6.19540890086609,TRUE,-0.837058982469963,0.416905189789789,0.565853618822211,0.0373278352124308,-0.771039237087681,-0.335183860920778,-0.244678169315153,0.671606721857912,0.671606721857912,-1.03316739977771,1.15670332147034,-0.448799099698188
Zhejiang,2009,TRUE,-0.291027256939811,0.655007485420473,0.494239125932959,0.131388807329682,1.95138464495659,1.85480772974657,0.376165318780016,0.0253276117146015,101.558200799851,101.558200799851,0.00238162562647969,485.56640625,6.19540890086609,TRUE,-0.291027256939811,0.541728311271991,0.775114978545795,0.148148363279923,-0.0547894882154991,-0.305670897371243,-0.244678169315153,0.671606721857912,0.671606721857912,-1.03316739977771,1.15670332147034,-0.448799099698188
Zhejiang,2010,TRUE,-1.09525346558128,0.274663094551332,0.273303917476136,0.0790181441604926,1.07907496591388,0.777773143344908,0.345874887824538,0.0253276117146015,272.375,272.375,0.00238162562647969,485.56640625,2.64634209621824,TRUE,-1.09525346558128,-0.0598017935941126,-0.195473134014106,-0.38590240454403,-1.10972236673387,-0.624032523966057,-0.244678169315153,2.2197845551043,2.2197845551043,-1.03316739977771,1.15670332147034,-0.893902213910511
Zhejiang,2011,TRUE,-1.60473788705091,0.0337115564653949,-0.0711721011570071,0.023519418906336,0.281005970712888,0.0954621999070183,0.302609947296928,0.0253276117146015,101.558200799851,101.558200799851,0.00238162562647969,485.56640625,6.19540890086609,TRUE,-1.60473788705091,-0.997690765929402,-1.22403377721029,-0.874501086758943,-1.77803168260304,-1.07876018568679,-0.244678169315153,0.671606721857912,0.671606721857912,-1.03316739977771,1.15670332147034,-0.448799099698188
Zhejiang,2012,TRUE,-1.52247217217267,0.0726176538775043,-0.281400339944027,0.0895062851553796,1.11104174809265,0.20563396407843,0.314391709426356,0.0253276117146015,101.558200799851,101.558200799851,0.00238162562647969,485.56640625,6.19540890086609,TRUE,-1.52247217217267,-1.57006949816793,-0.00109589384811959,-0.36633150561033,-1.67012074104535,-0.954930288344258,-0.244678169315153,0.671606721857912,0.671606721857912,-1.03316739977771,1.15670332147034,-0.448799099698188
Zhejiang,2013,TRUE,-0.292801789469784,0.654168252022036,-0.119427749088816,0.0410184624034567,0.471531822402209,1.85243124302065,0.291156084579981,0.0253276117146015,-70.1500244140625,-70.1500244140625,0.00238162562647969,485.56640625,5.75011099783808,TRUE,-0.292801789469784,-1.12907419351231,-0.899723131293818,-0.757856184346926,-0.0571172073195915,-1.19914376064222,-0.244678169315153,-0.884650445511062,-0.884650445511062,-1.03316739977771,1.15670332147034,-0.504645747366363
Zhejiang,2014,TRUE,-0.327050267298295,0.637971047432192,-0.115546430860228,0.0396278775100978,0.456207368315012,1.80656504921029,0.291578651495491,0.0253276117146015,101.558200799851,101.558200799851,0.00238162562647969,485.56640625,6.19540890086609,TRUE,-0.327050267298295,-1.11850670733676,-0.925494910479413,-0.767238215371426,-0.102042186028678,-1.19470245405385,-0.244678169315153,0.671606721857912,0.671606721857912,-1.03316739977771,1.15670332147034,-0.448799099698188
Zhejiang,2015,TRUE,-0.306163212814798,0.647849206001528,-0.131828103746671,0.0455589893812722,0.520491648530255,1.83453737819567,0.289356953560655,0.0253276117146015,488.324951171875,488.324951171875,0.00238162562647969,485.56640625,3.09905307498804,TRUE,-0.306163212814798,-1.16283606736582,-0.815573318350109,-0.727881700096213,-0.0746438741193103,-1.21805317393553,-0.244678169315153,4.17702136705976,4.17702136705976,-1.03316739977771,1.15670332147034,-0.837125861821376
Zhejiang,2016,TRUE,0.542418243019077,1.04917061713434,-0.0221509933471737,0.00698908777722417,0.0874578842915674,2.97097333053307,0.316936831432546,0.0253276117146015,317.300048828125,317.300048828125,0.00238162562647969,485.56640625,4.87619327693348,TRUE,0.542418243019077,-0.864223256031519,-1.53039122849485,-0.992996280206294,1.03847140146012,-0.928180283269591,-0.244678169315153,2.6269574156127,2.6269574156127,-1.03316739977771,1.15670332147034,-0.614247375216975
Zhejiang,2017,TRUE,0.58670896175586,1.07011711981989,0.157214845929831,0.0464431776295918,0.62072511100285,3.03028827876969,0.338510097615844,0.0253276117146015,-54.2667236328125,-54.2667236328125,0.00238162562647969,485.56640625,9.67926108070696,TRUE,0.58670896175586,-0.375872155890869,-0.799186613444126,-0.666516156549926,1.09656915419012,-0.701438705271819,-0.244678169315153,-0.740694029611339,-0.740694029611339,-1.03316739977771,1.15670332147034,-0.0118748207097492
Zhejiang,2018,TRUE,0.260586180002809,0.91588318732477,0.206965787070131,0.0596954504211233,0.817154769278201,2.5935386285004,0.346702781552169,0.0253276117146015,-112.931304931641,-112.931304931641,0.00238162562647969,485.56640625,7.18823005615716,TRUE,0.260586180002809,-0.240417562436334,-0.553581580826767,-0.546256789554857,0.668781995293214,-0.615331109510659,-0.244678169315153,-1.27239351577902,-1.27239351577902,-1.03316739977771,1.15670332147034,-0.324285301452065
Zhejiang,2019,TRUE,0.634903652058582,1.092909935982,0.329620293208531,0.0897699823411487,1.30142666794952,3.09483149780334,0.367183199341501,0.0253276117146015,128.106231689453,128.106231689453,0.00238162562647969,485.56640625,7.31138105815899,TRUE,0.634903652058582,0.0935282058957912,0.00379121924793081,-0.249772885346889,1.15978788894914,-0.400075699961131,-0.244678169315153,0.912221656291048,0.912221656291048,-1.03316739977771,1.15670332147034,-0.308840426073107
Zhejiang,2020,TRUE,0.759596826517104,1.15188134101129,0.361645834786584,0.0960327170894736,1.42787183750962,3.26182289914914,0.376586069567977,0.0253276117146015,-68,-68,0.00238162562647969,485.56640625,12.7730572068846,TRUE,0.759596826517104,0.180722671270489,0.119858794699526,-0.172359850144405,1.32335247817751,-0.301248678834861,-0.244678169315153,-0.865163953817175,-0.865163953817175,-1.03316739977771,1.15670332147034,0.376130918910677
Zhejiang,2021,TRUE,1.49520105561876,1.49977219489313,0.610261644635944,0.142925982631905,2.40947173192854,4.24695766363804,0.426977400048826,0.0253276117146015,262.633341471354,262.633341471354,0.00238162562647969,485.56640625,10.7923090351331,TRUE,1.49520105561876,0.857617473210955,0.988934023851396,0.428601241890743,2.2882714008863,0.22837950512,-0.244678169315153,2.13149218653325,2.13149218653325,-1.03316739977771,1.15670332147034,0.127717116566249
Zhejiang,2022,TRUE,0.864479765095577,1.20148384955622,0.824905463627402,0.190406206447779,3.25694136866382,3.40228406686371,0.433234545772878,0.0253276117146015,-52.79501953125,-52.79501953125,0.00238162562647969,485.56640625,9.93047066082002,TRUE,0.864479765095577,1.44201830207217,1.86888737996018,0.947444287060947,1.46093125777106,0.294144006571892,-0.244678169315153,-0.727355413750336,-0.727355413750336,-1.03316739977771,1.15670332147034,0.0196304094205662
Zhejiang,2023,TRUE,1.29937735790758,1.40716088202692,0.884559767586771,0.195957600824965,3.49247207969797,3.98470695232601,0.451403652556904,0.0253276117146015,64.343310546875,64.343310546875,0.00238162562647969,485.56640625,9.48341959770983,TRUE,1.29937735790758,1.60443632483565,1.97177164883456,1.09164233976621,2.03140230747846,0.485106835659383,-0.244678169315153,0.334313970640594,0.334313970640594,-1.03316739977771,1.15670332147034,-0.0364361092884328
Zhejiang,2024,TRUE,1.82553835213051,1.65599930670954,1.04412003925863,0.210362390242961,4.12245754169031,4.6893514698814,0.496343494696324,0.0253276117146015,263,263,0.00238162562647969,485.56640625,13.2174738413152,TRUE,1.82553835213051,2.03886371928145,2.23873632957324,1.4773358930742,2.72158689265544,0.95743822187997,-0.244678169315153,2.13481535269184,2.13481535269184,-1.03316739977771,1.15670332147034,0.431867043047243
