province,year,effort_status,mainland,observed,effort_record,n_visits,n_observers,n_birding_days,effort_pc1,log_effort_record_z,log_effort_visits_z,log_effort_observers_z,log_effort_days_z,effort_pc1_z,in_scope,log_effort_record,log_n_visits,log_n_observers,log_n_birding_days
Anhui,2002,observed,TRUE,TRUE,1,7,4,3,-1.18781477393782,-1.82555947970323,-0.911539564332537,-0.822273718271565,-1.32266316448085,-1.29403357633055,TRUE,0.693147180559945,2.07944154167984,1.6094379124341,1.38629436111989
Anhui,2003,structural_zero,TRUE,FALSE,0,0,0,0,,-2.14752752023567,-1.88010705610098,-1.81385487990754,-2.1577102454236,-2.127344660973,TRUE,0,0,0,0
Anhui,2004,observed,TRUE,TRUE,10,2,1,2,-1.17372751432415,-1.03370110062705,-1.36839267147747,-1.38680411816374,-1.49595109060814,-1.42354403479581,TRUE,2.39789527279837,1.09861228866811,0.693147180559945,1.09861228866811
Anhui,2005,observed,TRUE,TRUE,38,3,1,3,-1.20667131971496,-0.445796924402774,-1.23439539492202,-1.38680411816374,-1.32266316448085,-1.1969714450696,TRUE,3.66356164612965,1.38629436111989,0.693147180559945,1.38629436111989
Anhui,2006,observed,TRUE,TRUE,40,4,2,4,-1.16025923547313,-0.422566999258132,-1.13045903245707,-1.13699543663922,-1.18825060652627,-1.05970592735049,TRUE,3.71357206670431,1.6094379124341,1.09861228866811,1.6094379124341
Anhui,2007,observed,TRUE,TRUE,43,1,1,1,-1.2222416033284,-0.389765019562165,-1.5572512255115,-1.38680411816374,-1.74018670495223,-1.38299648272591,TRUE,3.78418963391826,0.693147180559945,0.693147180559945,0.693147180559945
Anhui,2008,observed,TRUE,TRUE,57,4,2,4,-1.17859989806352,-0.261444857758165,-1.13045903245707,-1.13699543663922,-1.18825060652627,-1.02032824617507,TRUE,4.06044301054642,1.6094379124341,1.09861228866811,1.6094379124341
Anhui,2009,observed,TRUE,TRUE,74,9,8,6,-1.1380649534996,-0.142046971624864,-0.807603201867589,-0.460135993370887,-0.985573479006369,-0.666546716515093,TRUE,4.31748811353631,2.30258509299405,2.19722457733622,1.94591014905531
Anhui,2010,observed,TRUE,TRUE,74,5,4,4,-1.16494777127229,-0.142046971624864,-1.04553684088799,-0.822273718271565,-1.18825060652627,-0.883201944111653,TRUE,4.31748811353631,1.79175946922806,1.6094379124341,1.6094379124341
Anhui,2011,observed,TRUE,TRUE,58,12,10,11,-0.72750049861076,-0.253504464480852,-0.685398517354234,-0.336501971967897,-0.66090400966539,-0.540329437710774,TRUE,4.07753744390572,2.56494935746154,2.39789527279837,2.484906649788
Anhui,2012,observed,TRUE,TRUE,91,14,7,14,-1.00174039258209,-0.047149059952013,-0.618744647833561,-0.532702594676143,-0.526491451710814,-0.488624550855515,TRUE,4.52178857704904,2.70805020110221,2.07944154167984,2.70805020110221
Anhui,2013,observed,TRUE,TRUE,146,36,10,34,-0.761961519681996,0.170536877106902,-0.19820466282368,-0.336501971967897,-0.0161138401090443,-0.131374670788018,TRUE,4.99043258677874,3.61091791264422,2.39789527279837,3.55534806148941
Anhui,2014,observed,TRUE,TRUE,60,30,15,27,-0.713850028940693,-0.238019640747959,-0.280615891407685,-0.105651832932342,-0.15052639806362,-0.227461556741391,TRUE,4.11087386417331,3.43398720448515,2.77258872223978,3.3322045101752
Anhui,2015,observed,TRUE,TRUE,216,15,14,13,-0.88846392163208,0.351443921566635,-0.588683733743057,-0.145414275003236,-0.568049938534995,-0.289794777049081,TRUE,5.37989735354046,2.77258872223978,2.70805020110221,2.63905732961526
Anhui,2016,observed,TRUE,TRUE,108,21,15,15,-0.911703990885333,0.0316115247751418,-0.440353556908843,-0.105651832932342,-0.487616083538102,-0.295277505606391,TRUE,4.69134788222914,3.09104245335832,2.77258872223978,2.77258872223978
Anhui,2017,observed,TRUE,TRUE,89,34,20,29,-0.808536387562816,-0.0573582993859422,-0.224088127336696,0.0618876213106921,-0.10896791123944,-0.111643766747466,TRUE,4.49980967033027,3.55534806148941,3.04452243772342,3.40119738166216
Anhui,2018,observed,TRUE,TRUE,68,72,32,60,-0.548608277394665,-0.180777870342307,0.118313893059393,0.340357471300431,0.31851220536143,0.140920230148615,TRUE,4.23410650459726,4.29045944114839,3.49650756146648,4.11087386417331
Anhui,2019,observed,TRUE,TRUE,66,194,49,131,0.986771610960237,-0.194440669888957,0.575963890913184,0.596358205108215,0.783490127766672,0.455722004069591,TRUE,4.20469261939097,5.27299955856375,3.91202300542815,4.88280192258637
Anhui,2020,observed,TRUE,TRUE,216,163,25,120,-0.0920941137421527,0.351443921566635,0.495321507455289,0.193471482255424,0.731078029440525,0.444591363327758,TRUE,5.37989735354046,5.0998664278242,3.25809653802148,4.79579054559674
Anhui,2021,observed,TRUE,TRUE,1553,218,52,162,1.42441982276721,1.26590384668204,0.630028277682901,0.632257913421566,0.910556751492629,0.871021509970333,TRUE,7.34858753092759,5.3890717298165,3.97029191355212,5.09375020080676
Anhui,2022,observed,TRUE,TRUE,1749,392,54,235,1.14689913666978,1.32107900053509,0.902388953571059,0.655079189668082,1.13347878881803,1.02456193818881,TRUE,7.46737106691756,5.97380961186926,4.00733318523247,5.46383180502561
Anhui,2023,observed,TRUE,TRUE,3380,877,226,320,2.04021069488621,1.62697925632568,1.27680215712316,1.52847861341483,1.31877007352496,1.48628347402424,TRUE,8.12592680270789,6.77764659363512,5.4249500174814,5.77144112313002
Anhui,2024,observed,TRUE,TRUE,3745,3083,665,364,4.23043314840892,1.67459861393079,1.86198155291901,2.19161579643356,1.39614685819397,1.85688281810309,TRUE,8.22844388300403,8.03398273468322,6.50128967054039,5.89989735358249
Beijing,2002,observed,TRUE,TRUE,9,85,43,47,-0.627702009984304,-1.07797284073512,0.19464998886627,0.517599551519703,0.174143071277359,-0.0483852691200507,TRUE,2.30258509299405,4.45434729625351,3.78418963391826,3.87120101090789
Beijing,2003,observed,TRUE,TRUE,193,21,11,21,-0.916149753385914,0.299401525780657,-0.440353556908843,-0.282893913151614,-0.295792567520163,-0.226282816006319,TRUE,5.26785815906333,3.09104245335832,2.484906649788,3.09104245335832
Beijing,2004,observed,TRUE,TRUE,189,63,35,54,-0.682616177274929,0.289724057092157,0.0570279274359031,0.393965530116714,0.256143530905788,0.236954176164379,TRUE,5.24702407216049,4.15888308335967,3.58351893845611,4.00733318523247
Beijing,2005,observed,TRUE,TRUE,364,46,29,44,-0.68752047030386,0.592984803194621,-0.0867756588095274,0.281636486740565,0.135267703104646,0.209259792719341,TRUE,5.89989735358249,3.85014760171006,3.40119738166216,3.80666248977032
Beijing,2006,observed,TRUE,TRUE,525,57,35,53,-0.701956618157588,0.762715515278248,0.011176263658324,0.393965530116714,0.245090759494157,0.337087858980496,TRUE,6.26530121273771,4.06044301054642,3.58351893845611,3.98898404656427
Beijing,2007,observed,TRUE,TRUE,557,101,55,71,-0.492710476771114,0.790147940114262,0.274124369727526,0.666180463273765,0.418378685621445,0.535189576166517,TRUE,6.32435896238131,4.62497281328427,4.02535169073515,4.27666611901606
Beijing,2008,observed,TRUE,TRUE,406,87,52,74,-0.424323584082761,0.643576391749637,0.205358104270117,0.632257913421566,0.442968187186511,0.478045793798144,TRUE,6.0088131854426,4.47733681447821,3.97029191355212,4.31748811353631
Beijing,2009,observed,TRUE,TRUE,496,173,72,127,-0.183729225565183,0.73637307293527,0.522890648281833,0.829514413022651,0.764954537876022,0.726582137180805,TRUE,6.20859002609663,5.15905529921453,4.29045944114839,4.85203026391962
Beijing,2010,observed,TRUE,TRUE,448,220,68,157,0.0222380709200787,0.689194964972646,0.634262693261281,0.794795142490208,0.891790151381969,0.769996923509039,TRUE,6.10702288774226,5.39816270151775,4.23410650459726,5.06259503302697
Beijing,2011,observed,TRUE,TRUE,250,183,75,137,-0.0506018425940554,0.419054737848874,0.548918788213223,0.854327324028588,0.810266053297776,0.674931306019857,TRUE,5.52545293913178,5.21493575760899,4.33073334028633,4.92725368515721
Beijing,2012,observed,TRUE,TRUE,204,331,103,197,0.322951637634345,0.325019639709977,0.823823255726181,1.04757300574303,1.02772574211076,0.837147243649924,TRUE,5.32300997913841,5.80513496891649,4.64439089914137,5.28826703069454
Beijing,2013,observed,TRUE,TRUE,227,386,107,218,1.44369244005155,0.374412729331079,0.895222927523807,1.07082497338504,1.08844637411211,0.891196550154247,TRUE,5.42934562895444,5.95842469302978,4.68213122712422,5.3890717298165
Beijing,2014,observed,TRUE,TRUE,101,545,114,257,0.819957732804926,0.000780192717897409,1.05554260297913,1.10951686085786,1.18716572178149,0.880437071893659,TRUE,4.62497281328427,6.30261897574491,4.74493212836325,5.55295958492162
Beijing,2015,observed,TRUE,TRUE,404,591,148,254,2.95579332617782,0.641288201430794,1.09321865953424,1.26909653591269,1.18012050531321,1.08835638448128,TRUE,6.00388706710654,6.38350663488401,5.00394630594546,5.54126354515843
Beijing,2016,observed,TRUE,TRUE,263,727,170,279,1.04706194957048,0.442510291644865,1.18953987953458,1.35394468707765,1.23645678130508,1.1039724617278,TRUE,5.57594910314632,6.59030104819669,5.14166355650266,5.63478960316925
Beijing,2017,observed,TRUE,TRUE,273,1279,249,328,2.71253178989147,0.459780001683976,1.45238761225877,1.58793936674419,1.3335981242089,1.26890603141573,TRUE,5.61312810638807,7.15461535691366,5.52146091786225,5.79605775076537
Beijing,2018,observed,TRUE,TRUE,817,2246,306,348,2.50149737718438,0.96782140593668,1.71450015692901,1.71447901740732,1.36914584983981,1.50816593940907,TRUE,6.70686233660275,7.71735127218533,5.7268477475872,5.85507192220243
Beijing,2019,observed,TRUE,TRUE,909,2527,390,362,4.24599748302934,1.01732904775718,1.76938446615312,1.86348981917732,1.39283718425599,1.58171306640294,TRUE,6.8134445995109,7.83518375526675,5.96870755998537,5.89440283426485
Beijing,2020,observed,TRUE,TRUE,3360,3446,250,363,3.59405035541155,1.6242233793874,1.91381235447835,1.59039886708102,1.39449429435554,1.69631399272327,TRUE,8.11999382772511,8.14525956651687,5.52545293913178,5.89715386763674
Beijing,2021,observed,TRUE,TRUE,8662,5363,365,365,6.28918470642953,2.06402405175083,2.11978402316424,1.82278122281321,1.39779490064826,1.92346989970968,TRUE,9.06681636189014,8.58746524440157,5.90263333340137,5.90263333340137
Beijing,2022,observed,TRUE,TRUE,17469,7814,430,365,8.10827163730194,2.38983670810081,2.29507428173184,1.92349867696089,1.39779490064826,2.078047446528,TRUE,9.7682404031281,8.96380024285558,6.06610809010375,5.90263333340137
Beijing,2023,observed,TRUE,TRUE,25923,11436,1001,365,10.1315619714114,2.57316812145537,2.47244833546985,2.4432718676966,1.39779490064826,2.31125605943004,TRUE,10.1629244595476,9.34460899278122,6.90975328164481,5.90263333340137
Beijing,2024,observed,TRUE,TRUE,29854,25948,2306,365,19.9572679742102,2.63874793372926,2.85405432838212,2.95707179752566,1.39779490064826,2.56979178003353,TRUE,10.3041076089811,10.163888352206,7.74370325817375,5.90263333340137
Chongqing,2002,observed,TRUE,TRUE,,14,9,7,-1.10630767450295,,-0.618744647833561,-0.395222956527764,-0.905139624009476,,TRUE,,2.70805020110221,2.30258509299405,2.07944154167984
Chongqing,2003,observed,TRUE,TRUE,,3,2,2,-1.20547581002118,,-1.23439539492202,-1.13699543663922,-1.49595109060814,,TRUE,,1.38629436111989,1.09861228866811,1.09861228866811
Chongqing,2004,observed,TRUE,TRUE,,1,1,1,-1.23152207196124,,-1.5572512255115,-1.38680411816374,-1.74018670495223,,TRUE,,0.693147180559945,0.693147180559945,0.693147180559945
Chongqing,2005,observed,TRUE,TRUE,12,1,1,1,-1.23605962494811,-0.956104195077362,-1.5572512255115,-1.38680411816374,-1.74018670495223,-1.52140777296185,TRUE,2.56494935746154,0.693147180559945,0.693147180559945,0.693147180559945
Chongqing,2006,observed,TRUE,TRUE,5,7,3,5,-1.17710150354535,-1.31525220902864,-0.911539564332537,-0.959753356419943,-1.07842755013676,-1.14104257536614,TRUE,1.79175946922806,2.07944154167984,1.38629436111989,1.79175946922806
Chongqing,2007,observed,TRUE,TRUE,8,9,7,7,-1.10781678113336,-1.12691297888649,-0.807603201867589,-0.532702594676143,-0.905139624009476,-0.905284621968903,TRUE,2.19722457733622,2.30258509299405,2.07944154167984,2.07944154167984
Chongqing,2008,observed,TRUE,TRUE,18,17,5,17,-1.0663561065952,-0.779830622408393,-0.533822456264481,-0.709944674895415,-0.416668395321304,-0.662901523267517,TRUE,2.94443897916644,2.89037175789616,1.79175946922806,2.89037175789616
Chongqing,2009,observed,TRUE,TRUE,10,5,2,5,-1.18659985873607,-1.03370110062705,-1.04553684088799,-1.13699543663922,-1.07842755013676,-1.15653196073126,TRUE,2.39789527279837,1.79175946922806,1.09861228866811,1.79175946922806
Chongqing,2010,observed,TRUE,TRUE,10,19,7,17,-0.968249001864711,-1.03370110062705,-0.484747371278109,-0.532702594676143,-0.416668395321304,-0.663813770618175,TRUE,2.39789527279837,2.99573227355399,2.07944154167984,2.89037175789616
Chongqing,2011,observed,TRUE,TRUE,20,7,6,7,-1.15346319970473,-0.733341686227089,-0.911539564332537,-0.614971821957637,-0.905139624009476,-0.859612460956991,TRUE,3.04452243772342,2.07944154167984,1.94591014905531,2.07944154167984
Chongqing,2012,observed,TRUE,TRUE,93,2,1,2,-1.18954546623056,-0.037159391165236,-1.36839267147747,-1.38680411816374,-1.49595109060814,-1.17999276773917,TRUE,4.54329478227,1.09861228866811,0.693147180559945,1.09861228866811
Chongqing,2013,observed,TRUE,TRUE,37,7,5,7,-1.16014206129026,-0.457862581875951,-0.911539564332537,-0.709944674895415,-0.905139624009476,-0.817869968135934,TRUE,3.63758615972639,2.07944154167984,1.79175946922806,2.07944154167984
Chongqing,2014,observed,TRUE,TRUE,4,11,5,11,-1.05569789663611,-1.39994088126756,-0.722681010298509,-0.709944674895415,-0.66090400966539,-0.931282423247132,TRUE,1.6094379124341,2.484906649788,1.79175946922806,2.484906649788
Chongqing,2015,observed,TRUE,TRUE,2,33,20,32,-0.776390171261555,-1.63722024956108,-0.237590014895983,0.0618876213106921,-0.051556953176077,-0.486088248967638,TRUE,1.09861228866811,3.52636052461616,3.04452243772342,3.49650756146648
Chongqing,2016,observed,TRUE,TRUE,5,37,22,32,-0.722560319940946,-1.31525220902864,-0.185783059874764,0.117935699221879,-0.051556953176077,-0.378169382989422,TRUE,1.79175946922806,3.63758615972639,3.13549421592915,3.49650756146648
Chongqing,2017,observed,TRUE,TRUE,3,95,33,76,-0.511688146806111,-1.50359143917079,0.245886481469931,0.358750001791693,0.458820658425693,-0.105096529008658,TRUE,1.38629436111989,4.56434819146784,3.52636052461616,4.34380542185368
Chongqing,2018,observed,TRUE,TRUE,16,73,28,62,-0.387978868767614,-0.831495118489132,0.1246511677658,0.260749604598592,0.337944830624552,-0.032632377010965,TRUE,2.83321334405622,4.30406509320417,3.36729582998647,4.14313472639153
Chongqing,2019,observed,TRUE,TRUE,13,101,35,80,-0.343871852752281,-0.921680916369237,0.274124369727526,0.393965530116714,0.489326373838243,0.0624670279719339,TRUE,2.63905732961526,4.62497281328427,3.58351893845611,4.39444915467244
Chongqing,2020,observed,TRUE,TRUE,16,87,27,69,-0.145487837389408,-0.831495118489132,0.205358104270117,0.239129701529964,0.401409700362331,0.000530736172599725,TRUE,2.83321334405622,4.47733681447821,3.3322045101752,4.24849524204936
Chongqing,2021,observed,TRUE,TRUE,148,206,48,145,0.0661590687993873,0.176814022571016,0.6037800656918,0.583911235992271,0.844210759768023,0.566927098253288,TRUE,5.00394630594546,5.33271879326537,3.89182029811063,4.98360662170834
Chongqing,2022,observed,TRUE,TRUE,397,438,91,241,0.879919463547327,0.633189585655009,0.95394632653368,0.972037222709481,1.1486015699119,0.959934387807085,TRUE,5.98645200528444,6.08449941307517,4.52178857704904,5.48893772615669
Chongqing,2023,observed,TRUE,TRUE,1980,734,147,290,1.31950013124021,1.3786706983493,1.19399716240719,1.2649476716407,1.25966788606432,1.31621539696116,TRUE,7.59135704669855,6.59987049921284,4.99721227376412,5.67332326717149
Chongqing,2024,observed,TRUE,TRUE,3071,2467,424,358,3.03316487836624,1.58246015576333,1.75819619791388,1.91486156331985,1.38616277645287,1.72883068176981,TRUE,8.03008409426756,7.81116338502528,6.05208916892442,5.88332238848828
Fujian,2002,observed,TRUE,TRUE,6,4,1,4,-1.04778092541398,-1.24364895690168,-1.13045903245707,-1.38680411816374,-1.18825060652627,-1.32766848917103,TRUE,1.94591014905531,1.6094379124341,0.693147180559945,1.6094379124341
Fujian,2003,observed,TRUE,TRUE,35,25,2,25,-0.869898139862999,-0.482976897821609,-0.362542686764753,-1.13699543663922,-0.195166012533061,-0.599435842109404,TRUE,3.58351893845611,3.25809653802148,1.09861228866811,3.25809653802148
Fujian,2004,observed,TRUE,TRUE,26,21,2,21,-0.881284378157691,-0.616605708211903,-0.440353556908843,-1.13699543663922,-0.295792567520163,-0.680228155978752,TRUE,3.29583686600433,3.09104245335832,1.09861228866811,3.09104245335832
Fujian,2005,observed,TRUE,TRUE,23,10,1,10,-1.04869503830629,-0.671316127963757,-0.763209387498323,-1.38680411816374,-0.713316107991538,-0.960611263011864,TRUE,3.17805383034795,2.39789527279837,0.693147180559945,2.39789527279837
Fujian,2006,observed,TRUE,TRUE,86,4,1,4,-1.16019525112599,-0.073105627616017,-1.13045903245707,-1.38680411816374,-1.18825060652627,-1.04159184201676,TRUE,4.46590811865458,1.6094379124341,0.693147180559945,1.6094379124341
Fujian,2007,observed,TRUE,TRUE,96,50,5,50,-0.923043797195549,-0.0225665147517844,-0.0487314608619545,-0.709944674895415,0.210660866415886,-0.17775093433648,TRUE,4.57471097850338,3.93182563272433,1.79175946922806,3.93182563272433
Fujian,2008,observed,TRUE,TRUE,80,33,6,31,-0.961371127299584,-0.106298437537314,-0.237590014895983,-0.614971821957637,-0.0700925430667273,-0.299223971296287,TRUE,4.39444915467244,3.52636052461616,1.94591014905531,3.46573590279973
Fujian,2009,observed,TRUE,TRUE,98,8,6,8,-1.1138569441437,-0.0130865592778697,-0.856678286853961,-0.614971821957637,-0.834191935792678,-0.649647399261276,TRUE,4.59511985013459,2.19722457733622,1.94591014905531,2.19722457733622
Fujian,2010,observed,TRUE,TRUE,81,22,9,18,-0.83526366743545,-0.100598958725691,-0.419648703555217,-0.395222956527764,-0.384100510344872,-0.37226549596604,TRUE,4.40671924726425,3.13549421592915,2.30258509299405,2.94443897916644
Fujian,2011,observed,TRUE,TRUE,102,14,8,9,-0.954875540167445,0.00531195252064722,-0.618744647833561,-0.460135993370887,-0.7707270660549,-0.521563138347821,TRUE,4.63472898822964,2.70805020110221,2.19722457733622,2.30258509299405
Fujian,2012,observed,TRUE,TRUE,188,37,18,34,-0.619211029878576,0.287272855122088,-0.185783059874764,0.000225800540987319,-0.0161138401090443,-0.00874905736697017,TRUE,5.24174701505964,3.63758615972639,2.94443897916644,3.55534806148941
Fujian,2013,observed,TRUE,TRUE,335,79,25,69,0.0993093284685874,0.554530475902676,0.160964289900851,0.193471482255424,0.401409700362331,0.314860569091337,TRUE,5.8171111599632,4.38202663467388,3.25809653802148,4.24849524204936
Fujian,2014,observed,TRUE,TRUE,34,81,26,58,-0.436450834070165,-0.49606231793357,0.172465676865808,0.216723449897442,0.298431707875279,0.0399645979764812,TRUE,3.55534806148941,4.40671924726425,3.29583686600433,4.07753744390572
Fujian,2015,observed,TRUE,TRUE,378,137,39,91,-0.115327150150951,0.610468113529283,0.414921511657771,0.458878566959837,0.56603043895369,0.513324694059436,TRUE,5.93753620508243,4.92725368515721,3.68887945411394,4.52178857704904
Fujian,2016,observed,TRUE,TRUE,279,136,45,100,-0.139610230590543,0.469841803663754,0.411533987594021,0.54498646096568,0.62224978606209,0.516260461456272,TRUE,5.63478960316925,4.91998092582813,3.8286413964891,4.61512051684126
Fujian,2017,observed,TRUE,TRUE,426,225,62,128,1.92825489552961,0.665858922586032,0.644683318167957,0.738747064579021,0.769642181310115,0.719376340792301,TRUE,6.05678401322863,5.42053499927229,4.14313472639153,4.85981240436167
Fujian,2018,observed,TRUE,TRUE,807,384,94,196,0.621471303533471,0.96210790591385,0.892809541265959,0.991806962176967,1.02467581589211,0.995831043009625,TRUE,6.6945620585211,5.95324333428779,4.55387689160054,5.28320372873799
Fujian,2019,observed,TRUE,TRUE,514,420,114,187,0.988228461250831,0.752898591488756,0.934445606278452,1.10951686085786,0.996508438734423,0.980235934694124,TRUE,6.24416690066374,6.04263283368238,4.74493212836325,5.23644196282995
Fujian,2020,observed,TRUE,TRUE,1251,327,75,188,0.669333993254692,1.16552968495312,0.818177338044769,0.854327324028588,0.999703985440013,0.981475612626485,TRUE,7.13249755166004,5.79301360838414,4.33073334028633,5.24174701505964
Fujian,2021,observed,TRUE,TRUE,2498,646,111,276,1.58551405809151,1.48656927885344,1.13459861879734,1.09323122501757,1.22996811021714,1.27218327149629,TRUE,7.82364593083495,6.4723462945009,4.71849887129509,5.62401750618734
Fujian,2022,observed,TRUE,TRUE,5468,1019,138,314,3.32778014849893,1.85036939075186,1.34662822396091,1.22629432800826,1.30740446952188,1.47548669629668,TRUE,8.60685106334677,6.92755790627832,4.93447393313069,5.75257263882563
Fujian,2023,observed,TRUE,TRUE,11034,2937,477,361,4.19298512712752,2.17643855149034,1.8393918569147,1.98726707062075,1.39117550281243,1.91699184394596,TRUE,9.30882731869084,7.98548435673382,6.16961073249146,5.89164421182577
Fujian,2024,observed,TRUE,TRUE,10706,7816,1177,365,7.74714610982688,2.16242253494842,2.29519346865821,2.54296987046383,1.39779490064826,2.18937283652214,TRUE,9.27865301215827,8.96405612822033,7.07157336421153,5.90263333340137
Gansu,2002,observed,TRUE,TRUE,,4,2,4,-1.19222525373366,,-1.13045903245707,-1.13699543663922,-1.18825060652627,,TRUE,,1.6094379124341,1.09861228866811,1.6094379124341
Gansu,2003,structural_zero,TRUE,FALSE,0,0,0,0,,-2.14752752023567,-1.88010705610098,-1.81385487990754,-2.1577102454236,-2.127344660973,TRUE,0,0,0,0
Gansu,2004,observed,TRUE,TRUE,1,3,3,3,-1.19126066411241,-1.82555947970323,-1.23439539492202,-0.959753356419943,-1.32266316448085,-1.41914232378484,TRUE,0.693147180559945,1.38629436111989,1.38629436111989,1.38629436111989
Gansu,2005,observed,TRUE,TRUE,4,1,1,1,-1.22925329546781,-1.39994088126756,-1.5572512255115,-1.38680411816374,-1.74018670495223,-1.62987988833997,TRUE,1.6094379124341,0.693147180559945,0.693147180559945,0.693147180559945
Gansu,2006,observed,TRUE,TRUE,3,4,2,4,-1.17633112157008,-1.50359143917079,-1.13045903245707,-1.13699543663922,-1.18825060652627,-1.32390447474707,TRUE,1.38629436111989,1.6094379124341,1.09861228866811,1.6094379124341
Gansu,2007,observed,TRUE,TRUE,17,16,7,16,-0.934767931078221,-0.804944938354051,-0.560445845485463,-0.532702594676143,-0.451098288399574,-0.63776346672543,TRUE,2.89037175789616,2.83321334405622,2.07944154167984,2.83321334405622
Gansu,2008,observed,TRUE,TRUE,21,1,1,1,-1.23605962494811,-0.711733060094606,-1.5572512255115,-1.38680411816374,-1.74018670495223,-1.46168433239532,TRUE,3.09104245335832,0.693147180559945,0.693147180559945,0.693147180559945
Gansu,2009,observed,TRUE,TRUE,76,18,8,18,-0.695999104097344,-0.129822537293056,-0.508638890464244,-0.460135993370887,-0.384100510344872,-0.421170223893799,TRUE,4.34380542185368,2.94443897916644,2.19722457733622,2.94443897916644
Gansu,2010,observed,TRUE,TRUE,65,4,3,4,-1.09473184886305,-0.201425789420017,-1.13045903245707,-0.959753356419943,-1.18825060652627,-0.957914628584351,TRUE,4.18965474202643,1.6094379124341,1.38629436111989,1.6094379124341
Gansu,2011,observed,TRUE,TRUE,92,28,5,28,-0.873721773319237,-0.0421273710927679,-0.311679566931156,-0.709944674895415,-0.129388820795285,-0.345191578964313,TRUE,4.53259949315326,3.36729582998647,1.79175946922806,3.36729582998647
Gansu,2012,observed,TRUE,TRUE,117,26,12,22,-0.950058254493736,0.0684635760515895,-0.344963902230452,-0.233579279488376,-0.26901664198906,-0.236256960451474,TRUE,4.77068462446567,3.29583686600433,2.56494935746154,3.13549421592915
Gansu,2013,observed,TRUE,TRUE,97,30,13,25,-0.728836367555565,-0.0178023530352454,-0.280615891407685,-0.187921060213836,-0.195166012533061,-0.207739250556468,TRUE,4.58496747867057,3.43398720448515,2.63905732961526,3.25809653802148
Gansu,2014,observed,TRUE,TRUE,21,36,14,26,-0.694210975179475,-0.711733060094606,-0.19820466282368,-0.145414275003236,-0.172432780977218,-0.337322575498855,TRUE,3.09104245335832,3.61091791264422,2.70805020110221,3.29583686600433
Gansu,2015,observed,TRUE,TRUE,217,41,9,27,-0.613917540935273,0.353579565307583,-0.139165935767616,-0.395222956527764,-0.15052639806362,-0.122293587672918,TRUE,5.38449506278909,3.73766961828337,2.30258509299405,3.3322045101752
Gansu,2016,observed,TRUE,TRUE,175,49,19,42,-0.552062001497141,0.254171061502718,-0.0579551782236803,0.0318278052160364,0.107883026494655,0.059701505838774,TRUE,5.17048399503815,3.91202300542815,2.99573227355399,3.76120011569356
Gansu,2017,observed,TRUE,TRUE,163,73,20,62,-0.521155248215574,0.221369081806751,0.1246511677658,0.0618876213106921,0.337944830624552,0.171114805120717,TRUE,5.0998664278242,4.30406509320417,3.04452243772342,4.14313472639153
Gansu,2018,observed,TRUE,TRUE,138,98,24,72,-0.398314283428406,0.144543987615034,0.260219381748694,0.169307443364415,0.426687219296649,0.241987854195599,TRUE,4.93447393313069,4.59511985013459,3.2188758248682,4.29045944114839
Gansu,2019,observed,TRUE,TRUE,164,225,40,162,0.217986853574854,0.22419280901565,0.644683318167957,0.474091784746634,0.910556751492629,0.577822375576066,TRUE,5.10594547390058,5.42053499927229,3.71357206670431,5.09375020080676
Gansu,2020,observed,TRUE,TRUE,235,163,34,106,-0.147428637887222,0.390431616584031,0.495321507455289,0.376609339678343,0.657010918709494,0.483647898291276,TRUE,5.46383180502561,5.0998664278242,3.55534806148941,4.67282883446191
Gansu,2021,observed,TRUE,TRUE,780,192,43,141,0.113998493469075,0.946320929209901,0.571161966881152,0.517599551519703,0.827477485387007,0.72375633427166,TRUE,6.66057514983969,5.26269018890489,3.78418963391826,4.95582705760126
Gansu,2022,observed,TRUE,TRUE,1059,364,45,208,0.461870864836022,1.08820252487873,0.867961916703301,0.54498646096568,1.06029362708719,0.90903004822137,TRUE,6.96602418710611,5.89989735358249,3.8286413964891,5.34233425196481
Gansu,2023,observed,TRUE,TRUE,2369,932,158,302,1.51752236041097,1.46195036537618,1.30510245343414,1.30911735668989,1.28400894087755,1.38528512108595,TRUE,7.77064523412918,6.83840520084734,5.06890420222023,5.71373280550937
Gansu,2024,observed,TRUE,TRUE,2153,1692,372,348,2.49801528160976,1.41756101501418,1.5826399754683,1.83445336653398,1.36914584983981,1.61442788111856,TRUE,7.67508185771633,7.43425738213314,5.92157841964382,5.85507192220243
Guangdong,2002,observed,TRUE,TRUE,41,16,5,16,-0.908337569746287,-0.411373645694648,-0.560445845485463,-0.709944674895415,-0.451098288399574,-0.589321205333124,TRUE,3.73766961828337,2.83321334405622,1.79175946922806,2.83321334405622
Guangdong,2003,observed,TRUE,TRUE,366,8,5,8,-1.14304581673022,0.595523070141411,-0.856678286853961,-0.709944674895415,-0.834191935792678,-0.526488985054042,TRUE,5.90536184805457,2.19722457733622,1.79175946922806,2.19722457733622
Guangdong,2004,observed,TRUE,TRUE,136,2,2,2,-1.1784433220439,0.137811961151534,-1.36839267147747,-1.13699543663922,-1.49595109060814,-1.06993735129145,TRUE,4.91998092582813,1.09861228866811,1.09861228866811,1.09861228866811
Guangdong,2005,observed,TRUE,TRUE,170,7,4,7,-1.16892464214538,0.240783918940785,-0.911539564332537,-0.822273718271565,-0.905139624009476,-0.677382242216989,TRUE,5.14166355650266,2.07944154167984,1.6094379124341,2.07944154167984
Guangdong,2006,observed,TRUE,TRUE,174,13,8,13,-1.10146004569445,0.251524321034539,-0.650880320391125,-0.460135993370887,-0.568049938534995,-0.415961134933243,TRUE,5.16478597392351,2.63905732961526,2.19722457733622,2.63905732961526
Guangdong,2007,observed,TRUE,TRUE,450,19,7,16,-1.00427806396878,0.69125942035049,-0.484747371278109,-0.532702594676143,-0.451098288399574,-0.251445955701444,TRUE,6.11146733950268,2.99573227355399,2.07944154167984,2.83321334405622
Guangdong,2008,observed,TRUE,TRUE,483,19,11,15,-0.905183281681316,0.724061400046458,-0.484747371278109,-0.282893913151614,-0.487616083538102,-0.185900960244513,TRUE,6.18208490671663,2.99573227355399,2.484906649788,2.77258872223978
Guangdong,2009,observed,TRUE,TRUE,604,50,16,43,-0.702248763967052,0.827711957949684,-0.0487314608619545,-0.0683007599521075,0.121730972951211,0.179119520798918,TRUE,6.40522845803084,3.93182563272433,2.83321334405622,3.78418963391826
Guangdong,2010,observed,TRUE,TRUE,442,41,19,40,-0.653863258372333,0.682945968993907,-0.139165935767616,0.0318278052160364,0.0791938358040524,0.134666981894679,TRUE,6.09356977004514,3.73766961828337,2.99573227355399,3.71357206670431
Guangdong,2011,observed,TRUE,TRUE,601,16,11,16,-0.980180741086425,0.825402914112446,-0.560445845485463,-0.282893913151614,-0.451098288399574,-0.172019184181632,TRUE,6.40025744530882,2.83321334405622,2.484906649788,2.83321334405622
Guangdong,2012,observed,TRUE,TRUE,387,32,18,31,-0.874382923171351,0.621369566313098,-0.251495002874815,0.000225800540987319,-0.0700925430667273,0.0405431359258973,TRUE,5.96100533962327,3.49650756146648,2.94443897916644,3.46573590279973
Guangdong,2013,observed,TRUE,TRUE,494,96,28,86,-0.315948573807988,0.734500079690239,0.250713286381524,0.260749604598592,0.532370334020176,0.436469608167427,TRUE,6.20455776256869,4.57471097850338,3.36729582998647,4.46590811865458
Guangdong,2014,observed,TRUE,TRUE,20,170,35,129,-0.0316984904980835,-0.733341686227089,0.514789878782773,0.393965530116714,0.774293626364264,0.250348993305248,TRUE,3.04452243772342,5.14166355650266,3.58351893845611,4.86753445045558
Guangdong,2015,observed,TRUE,TRUE,534,185,49,145,0.129360665802706,0.770596034658158,0.553954323805304,0.596358205108215,0.844210759768023,0.701805856199492,TRUE,6.28226674689601,5.2257466737132,3.91202300542815,4.98360662170834
Guangdong,2016,observed,TRUE,TRUE,489,320,77,205,0.783688097147285,0.729784285932863,0.808129251808633,0.870330925523753,1.05158466852102,0.890423606638039,TRUE,6.19440539110467,5.77144112313002,4.35670882668959,5.32787616878958
Guangdong,2017,observed,TRUE,TRUE,509,410,107,222,0.879259012501442,0.748366831686006,0.923248372217529,1.07082497338504,1.09934909965392,0.993150270254179,TRUE,6.23441072571837,6.01859321449623,4.68213122712422,5.40717177146012
Guangdong,2018,observed,TRUE,TRUE,940,854,161,299,4.46165018697347,1.03288917641523,1.26443790242668,1.32063365490957,1.27801526812926,1.27083039387483,TRUE,6.84694313958538,6.75110146893676,5.08759633523238,5.7037824746562
Guangdong,2019,observed,TRUE,TRUE,1043,1292,218,327,2.32028531317025,1.08113772412345,1.45709435466017,1.50637385629098,1.33176445721818,1.39958535961542,TRUE,6.95081476844258,7.16472037877186,5.3890717298165,5.79301360838414
Guangdong,2020,observed,TRUE,TRUE,3330,1183,166,317,1.91094714077842,1.62005866204911,1.41607449012372,1.33936166268447,1.31311407759087,1.47012904962565,TRUE,8.11102783819368,7.07665381544395,5.11799381241676,5.76205138278018
Guangdong,2021,observed,TRUE,TRUE,8479,1966,229,332,3.1045749316689,2.05410664647605,1.65251081500325,1.53656762260166,1.34087747734524,1.70125525184171,TRUE,9.04546572878595,7.58426481838906,5.4380793089232,5.80814248998044
Guangdong,2022,observed,TRUE,TRUE,16096,3150,290,352,4.52310285493735,2.35181622014229,1.87199234013978,1.68150237005949,1.37601041577035,1.88232543661096,TRUE,9.68638819820623,8.05547514175727,5.67332326717149,5.8664680569333
Guangdong,2023,observed,TRUE,TRUE,27868,7082,835,364,8.50768936916743,2.60677285864602,2.24926577536364,2.33168023196824,1.39614685819397,2.22808393501637,TRUE,10.2352702389568,8.86545282575362,6.7286286130847,5.89989735358249
Guangdong,2024,observed,TRUE,TRUE,27404,630,384,14,0.884338435518999,2.59897411603526,1.122935223655,1.85396224761799,-0.526491451710814,1.27612265887372,TRUE,10.2184807574802,6.44730586254121,5.95324333428779,2.70805020110221
Guangxi,2002,observed,TRUE,TRUE,5,14,9,9,-1.11176836468316,-1.31525220902864,-0.618744647833561,-0.395222956527764,-0.7707270660549,-0.826818182680992,TRUE,1.79175946922806,2.70805020110221,2.30258509299405,2.30258509299405
Guangxi,2003,observed,TRUE,TRUE,9,11,5,11,-1.06644503375552,-1.07797284073512,-0.722681010298509,-0.709944674895415,-0.66090400966539,-0.852594573577731,TRUE,2.30258509299405,2.484906649788,1.79175946922806,2.484906649788
Guangxi,2004,observed,TRUE,TRUE,16,12,7,10,-1.11587174414931,-0.831495118489132,-0.685398517354234,-0.532702594676143,-0.713316107991538,-0.748455307633994,TRUE,2.83321334405622,2.56494935746154,2.07944154167984,2.39789527279837
Guangxi,2005,observed,TRUE,TRUE,34,30,3,30,-0.917961747748713,-0.49606231793357,-0.280615891407685,-0.959753356419943,-0.089216661720651,-0.504208680569629,TRUE,3.55534806148941,3.43398720448515,1.38629436111989,3.43398720448515
Guangxi,2006,observed,TRUE,TRUE,56,10,4,10,-0.941747322922066,-0.269523351733804,-0.763209387498323,-0.822273718271565,-0.713316107991538,-0.710342292807946,TRUE,4.04305126783455,2.39789527279837,1.6094379124341,2.39789527279837
Guangxi,2007,observed,TRUE,TRUE,92,14,7,14,-1.02765658470853,-0.0421273710927679,-0.618744647833561,-0.532702594676143,-0.526491451710814,-0.487397267869945,TRUE,4.53259949315326,2.70805020110221,2.07944154167984,2.70805020110221
Guangxi,2008,observed,TRUE,TRUE,167,16,9,16,-1.02344166656414,0.232562435370234,-0.560445845485463,-0.395222956527764,-0.451098288399574,-0.347166305527238,TRUE,5.12396397940326,2.83321334405622,2.30258509299405,2.83321334405622
Guangxi,2009,observed,TRUE,TRUE,218,9,6,9,-1.0515121368102,0.355705434901101,-0.807603201867589,-0.614971821957637,-0.7707270660549,-0.529158029600193,TRUE,5.3890717298165,2.30258509299405,1.94591014905531,2.30258509299405
Guangxi,2010,observed,TRUE,TRUE,97,33,14,32,-0.880758440278483,-0.0178023530352454,-0.237590014895983,-0.145414275003236,-0.051556953176077,-0.146150877892799,TRUE,4.58496747867057,3.52636052461616,2.70805020110221,3.49650756146648
Guangxi,2011,observed,TRUE,TRUE,64,29,15,25,-0.806178940593254,-0.208517556109254,-0.29588881724408,-0.105651832932342,-0.195166012533061,-0.236354264352003,TRUE,4.17438726989564,3.40119738166216,2.77258872223978,3.25809653802148
Guangxi,2012,observed,TRUE,TRUE,53,28,16,24,-0.833905396662537,-0.294637667679462,-0.311679566931156,-0.0683007599521075,-0.21879096762895,-0.257965075184552,TRUE,3.98898404656427,3.36729582998647,2.83321334405622,3.2188758248682
Guangxi,2013,observed,TRUE,TRUE,80,46,17,43,-0.544777702495713,-0.106298437537314,-0.0867756588095274,-0.0330852316270863,0.121730972951211,-0.0500414308745319,TRUE,4.39444915467244,3.85014760171006,2.89037175789616,3.78418963391826
Guangxi,2014,observed,TRUE,TRUE,86,144,30,107,-0.171399405412497,-0.073105627616017,0.437968456712753,0.301838428271497,0.662614299965531,0.33607185047372,TRUE,4.46590811865458,4.97673374242057,3.43398720448515,4.68213122712422
Guangxi,2015,observed,TRUE,TRUE,332,141,40,105,1.9072065094495,0.550364513490193,0.42823048867145,0.474091784746634,0.651354922775406,0.529179837599397,TRUE,5.80814248998044,4.95582705760126,3.71357206670431,4.66343909411207
Guangxi,2016,observed,TRUE,TRUE,119,86,30,74,-0.21233097123779,0.0762705110043516,0.200034817692352,0.301838428271497,0.442968187186511,0.248938219335038,TRUE,4.78749174278205,4.46590811865458,3.43398720448515,4.31748811353631
Guangxi,2017,observed,TRUE,TRUE,165,147,53,98,0.0050378160775377,0.22699947432459,0.44750699835528,0.643774211641243,0.610202201639384,0.490113847977821,TRUE,5.11198778835654,4.99721227376412,3.98898404656427,4.59511985013459
Guangxi,2018,observed,TRUE,TRUE,388,257,78,137,0.430124237262608,0.622565195532824,0.706364373489778,0.878179490467392,0.810266053297776,0.774044780707636,TRUE,5.96357934361845,5.55295958492162,4.36944785246702,4.92725368515721
Guangxi,2019,observed,TRUE,TRUE,257,343,89,176,0.590773029203368,0.431831621453043,0.84036165004523,0.958495930008893,0.960190862690739,0.82570935062233,TRUE,5.55295958492162,5.8406416573734,4.49980967033027,5.17614973257383
Guangxi,2020,observed,TRUE,TRUE,687,264,70,157,0.623847323992766,0.887428472375779,0.718833483451405,0.812399312008673,0.891790151381969,0.846257491237333,TRUE,6.53378883793334,5.57972982598622,4.26267987704132,5.06259503302697
Guangxi,2021,observed,TRUE,TRUE,1644,705,102,290,1.34921343307148,1.29233777060442,1.17524696573528,1.04162026362637,1.25966788606432,1.22984134504674,TRUE,7.40549566319947,6.55961523749324,4.63472898822964,5.67332326717149
Guangxi,2022,observed,TRUE,TRUE,2623,714,98,304,1.47955142900648,1.50924124393652,1.18114717489233,1.01721691456876,1.28797184425876,1.28545600276244,TRUE,7.87245515006398,6.57228254269401,4.59511985013459,5.72031177660741
Guangxi,2023,observed,TRUE,TRUE,4122,1735,309,359,3.06850371670496,1.71914081939391,1.59432250548113,1.72047035165128,1.38783832451877,1.66561365070735,TRUE,8.3243363327069,7.4593388952203,5.73657229747919,5.88610403145016
Guangxi,2024,observed,TRUE,TRUE,4808,3963,719,361,4.82176034923736,1.79063139676098,1.97890514708056,2.23964821524029,1.39117550281243,1.92874701620756,TRUE,8.47824444127766,8.28500889544988,6.5792512120101,5.89164421182577
Guizhou,2002,observed,TRUE,TRUE,,3,2,3,-1.12295563102882,,-1.23439539492202,-1.13699543663922,-1.32266316448085,,TRUE,,1.38629436111989,1.09861228866811,1.38629436111989
Guizhou,2003,structural_zero,TRUE,FALSE,0,0,0,0,,-2.14752752023567,-1.88010705610098,-1.81385487990754,-2.1577102454236,-2.127344660973,TRUE,0,0,0,0
Guizhou,2004,observed,TRUE,TRUE,75,12,2,12,-1.13821047132678,-0.13589454134351,-0.685398517354234,-1.13699543663922,-0.612689553004436,-0.714329179405682,TRUE,4.33073334028633,2.56494935746154,1.09861228866811,2.56494935746154
Guizhou,2005,structural_zero,TRUE,FALSE,0,0,0,0,,-2.14752752023567,-1.88010705610098,-1.81385487990754,-2.1577102454236,-2.127344660973,TRUE,0,0,0,0
Guizhou,2006,observed,TRUE,TRUE,77,9,2,9,-0.863209292316815,-0.123828883870333,-0.807603201867589,-1.13699543663922,-0.7707270660549,-0.786976352272449,TRUE,4.35670882668959,2.30258509299405,1.09861228866811,2.30258509299405
Guizhou,2007,observed,TRUE,TRUE,67,7,5,7,-0.886711798099712,-0.18755903742425,-0.911539564332537,-0.709944674895415,-0.905139624009476,-0.751808738469325,TRUE,4.21950770517611,2.07944154167984,1.79175946922806,2.07944154167984
Guizhou,2008,observed,TRUE,TRUE,48,43,5,24,-0.864865104965898,-0.339770393567687,-0.117497726319363,-0.709944674895415,-0.21879096762895,-0.388867705378472,TRUE,3.89182029811063,3.78418963391826,1.79175946922806,3.2188758248682
Guizhou,2009,observed,TRUE,TRUE,26,2,2,2,-1.18303166186888,-0.616605708211903,-1.36839267147747,-1.13699543663922,-1.49595109060814,-1.25431435981888,TRUE,3.29583686600433,1.09861228866811,1.09861228866811,1.09861228866811
Guizhou,2010,observed,TRUE,TRUE,23,6,2,6,-1.20367492538236,-0.671316127963757,-0.973736150980604,-1.13699543663922,-0.985573479006369,-1.02355035567954,TRUE,3.17805383034795,1.94591014905531,1.09861228866811,1.94591014905531
Guizhou,2011,observed,TRUE,TRUE,20,1,1,1,-1.17480265962534,-0.733341686227089,-1.5572512255115,-1.38680411816374,-1.74018670495223,-1.46696540414972,TRUE,3.04452243772342,0.693147180559945,0.693147180559945,0.693147180559945
Guizhou,2012,observed,TRUE,TRUE,28,23,7,21,-0.714594466660859,-0.583412898290606,-0.399825179709029,-0.532702594676143,-0.295792567520163,-0.498276477277777,TRUE,3.36729582998647,3.17805383034795,2.07944154167984,3.09104245335832
Guizhou,2013,observed,TRUE,TRUE,17,3,3,3,-1.16170308615011,-0.804944938354051,-1.23439539492202,-0.959753356419943,-1.32266316448085,-1.16970774180807,TRUE,2.89037175789616,1.38629436111989,1.38629436111989,1.38629436111989
Guizhou,2014,observed,TRUE,TRUE,39,35,16,30,-0.681643853705568,-0.434036759670237,-0.210966625675001,-0.0683007599521075,-0.089216661720651,-0.229911628157111,TRUE,3.68887945411394,3.58351893845611,2.83321334405622,3.43398720448515
Guizhou,2015,observed,TRUE,TRUE,95,52,15,38,-0.531033259055009,-0.0273800468988742,-0.0308145401925032,-0.105651832932342,0.0490696018110247,-0.0544651851788311,TRUE,4.56434819146784,3.97029191355212,2.77258872223978,3.66356164612965
Guizhou,2016,observed,TRUE,TRUE,51,47,12,32,-0.603071658468903,-0.31216811401248,-0.0769693491195485,-0.233579279488376,-0.051556953176077,-0.198025425312969,TRUE,3.95124371858143,3.87120101090789,2.56494935746154,3.49650756146648
Guizhou,2017,observed,TRUE,TRUE,62,44,18,32,-0.620545437398828,-0.223034415552501,-0.107030263210052,0.000225800540987319,-0.051556953176077,-0.121460035016588,TRUE,4.14313472639153,3.80666248977032,2.94443897916644,3.49650756146648
Guizhou,2018,observed,TRUE,TRUE,150,179,33,115,-0.0527465120929986,0.183007470265563,0.538681397968908,0.358750001791693,0.705658260147464,0.452979910880712,TRUE,5.01727983681492,5.19295685089021,3.52636052461616,4.75359019110636
Guizhou,2019,observed,TRUE,TRUE,64,198,25,148,0.0946059361901992,-0.208517556109254,0.585421728664716,0.193471482255424,0.856462554499256,0.365845380655094,TRUE,4.17438726989564,5.29330482472449,3.25809653802148,5.00394630594546
Guizhou,2020,observed,TRUE,TRUE,183,215,17,115,-0.155589671783708,0.274818980580428,0.623603589537988,-0.0330852316270863,0.705658260147464,0.393033092040908,TRUE,5.21493575760899,5.37527840768417,2.89037175789616,4.75359019110636
Guizhou,2021,observed,TRUE,TRUE,395,201,37,154,0.107788474069911,0.630849521787013,0.592391172992748,0.427276562284788,0.880242977176674,0.642225796056535,TRUE,5.98141421125448,5.30826769740121,3.63758615972639,5.04342511691925
Guizhou,2022,observed,TRUE,TRUE,643,324,44,204,0.671835824365298,0.856729503381978,0.813897529933584,0.531445168265093,1.04865347470138,0.83094988949255,TRUE,6.46769872610435,5.78382518232974,3.80666248977032,5.32300997913841
Guizhou,2023,observed,TRUE,TRUE,1465,517,146,240,1.06144169981597,1.23882588362981,1.03102207288617,1.2607706792606,1.14610732559732,1.20608750945833,TRUE,7.2902928824466,6.24997524225948,4.99043258677874,5.48479693349066
Guizhou,2024,observed,TRUE,TRUE,1465,1306,343,347,2.40024405464152,1.23882588362981,1.46211052243257,1.78458790224293,1.36741741496293,1.5239704936561,TRUE,7.2902928824466,7.17548971362422,5.8406416573734,5.85220247977447
Hainan,2002,observed,TRUE,TRUE,,2,2,2,-1.22613841524416,,-1.36839267147747,-1.13699543663922,-1.49595109060814,,TRUE,,1.09861228866811,1.09861228866811,1.09861228866811
Hainan,2003,observed,TRUE,TRUE,1,5,1,5,-1.0932113171294,-1.82555947970323,-1.04553684088799,-1.38680411816374,-1.07842755013676,-1.41735238337144,TRUE,0.693147180559945,1.79175946922806,0.693147180559945,1.79175946922806
Hainan,2004,observed,TRUE,TRUE,10,9,3,9,-1.07336041651727,-1.03370110062705,-0.807603201867589,-0.959753356419943,-0.7707270660549,-0.961600732338265,TRUE,2.39789527279837,2.30258509299405,1.38629436111989,2.30258509299405
Hainan,2005,observed,TRUE,TRUE,28,9,2,9,-0.952816777747385,-0.583412898290606,-0.807603201867589,-1.13699543663922,-0.7707270660549,-0.899297058940596,TRUE,3.36729582998647,2.30258509299405,1.09861228866811,2.30258509299405
Hainan,2006,observed,TRUE,TRUE,25,19,6,13,-1.06796784159493,-0.634136154544921,-0.484747371278109,-0.614971821957637,-0.568049938534995,-0.628801946217625,TRUE,3.25809653802148,2.99573227355399,1.94591014905531,2.63905732961526
Hainan,2007,observed,TRUE,TRUE,10,19,3,19,-1.02627044948174,-1.03370110062705,-0.484747371278109,-0.959753356419943,-0.353203525583526,-0.761881695434394,TRUE,2.39789527279837,2.99573227355399,1.38629436111989,2.99573227355399
Hainan,2008,observed,TRUE,TRUE,15,4,2,4,-1.17404964836712,-0.859655358105904,-1.13045903245707,-1.13699543663922,-1.18825060652627,-1.16652877540827,TRUE,2.77258872223978,1.6094379124341,1.09861228866811,1.6094379124341
Hainan,2009,observed,TRUE,TRUE,19,22,9,21,-0.887672136316782,-0.756004800202678,-0.419648703555217,-0.395222956527764,-0.295792567520163,-0.508831132109891,TRUE,2.99573227355399,3.13549421592915,2.30258509299405,3.09104245335832
Hainan,2010,observed,TRUE,TRUE,28,23,7,17,-0.940705511198756,-0.583412898290606,-0.399825179709029,-0.532702594676143,-0.416668395321304,-0.530598246754233,TRUE,3.36729582998647,3.17805383034795,2.07944154167984,2.89037175789616
Hainan,2011,observed,TRUE,TRUE,29,1,1,1,-1.18841531858596,-0.567665570060531,-1.5572512255115,-1.38680411816374,-1.74018670495223,-1.42647474768218,TRUE,3.40119738166216,0.693147180559945,0.693147180559945,0.693147180559945
Hainan,2012,observed,TRUE,TRUE,31,25,9,23,-0.830523578263524,-0.537687317573463,-0.362542686764753,-0.395222956527764,-0.243380469194016,-0.425881843195336,TRUE,3.46573590279973,3.25809653802148,2.30258509299405,3.17805383034795
Hainan,2013,observed,TRUE,TRUE,16,31,6,30,-0.871230727569967,-0.831495118489132,-0.265827903153577,-0.614971821957637,-0.089216661720651,-0.489276460422094,TRUE,2.83321334405622,3.46573590279973,1.94591014905531,3.43398720448515
Hainan,2014,observed,TRUE,TRUE,15,28,10,16,-0.888981409371608,-0.859655358105904,-0.311679566931156,-0.336501971967897,-0.451098288399574,-0.530419142012131,TRUE,2.77258872223978,3.36729582998647,2.39789527279837,2.83321334405622
Hainan,2015,observed,TRUE,TRUE,69,29,11,25,-0.549799392261235,-0.174094277401128,-0.29588881724408,-0.282893913151614,-0.195166012533061,-0.275686506553679,TRUE,4.24849524204936,3.40119738166216,2.484906649788,3.25809653802148
Hainan,2016,observed,TRUE,TRUE,29,53,21,38,-0.622859685835688,-0.567665570060531,-0.0221080716409722,0.0905487897759031,0.0490696018110247,-0.131281750324877,TRUE,3.40119738166216,3.98898404656427,3.09104245335832,3.66356164612965
Hainan,2017,observed,TRUE,TRUE,55,102,34,68,-0.332801655914645,-0.277744835304354,0.278668625339757,0.376609339678343,0.392742512826401,0.190580830895883,TRUE,4.02535169073515,4.63472898822964,3.55534806148941,4.23410650459726
Hainan,2018,observed,TRUE,TRUE,140,162,50,89,-0.200972753844057,0.151179838976912,0.492472675909594,0.608558683316221,0.552791243576021,0.459012598490614,TRUE,4.94875989037817,5.09375020080676,3.93182563272433,4.49980967033027
Hainan,2019,observed,TRUE,TRUE,57,114,30,79,-0.218621209601729,-0.261444857758165,0.329999320088691,0.301838428271497,0.481843555359223,0.212251088326529,TRUE,4.06044301054642,4.74493212836325,3.43398720448515,4.38202663467388
Hainan,2020,observed,TRUE,TRUE,331,124,43,85,-0.267182135084386,0.548967514857031,0.368837014830749,0.517599551519703,0.525406566966029,0.490677844078477,TRUE,5.80513496891649,4.8283137373023,3.78418963391826,4.45434729625351
Hainan,2021,observed,TRUE,TRUE,1352,449,119,214,0.806765710552339,1.20156669102508,0.965473591023337,1.13573801022817,1.07734266539198,1.12703142591965,TRUE,7.21007962817079,6.10924758276437,4.78749174278205,5.37063802812766
Hainan,2022,observed,TRUE,TRUE,2210,710,116,240,1.01497234205066,1.42969302039425,1.17853408245273,1.12013960704828,1.14610732559732,1.25509291800914,TRUE,7.70120018085745,6.56667242980324,4.76217393479776,5.48479693349066
Hainan,2023,observed,TRUE,TRUE,3698,1165,263,297,1.90662129177256,1.6687337731753,1.40893895899963,1.62150975653183,1.27398609497063,1.54562039805772,TRUE,8.21581779183245,7.06133436691044,5.57594910314632,5.69709348650541
Hainan,2024,observed,TRUE,TRUE,4039,2594,580,343,3.68279756848121,1.70969454488196,1.78156842372409,2.10749362334583,1.36045364790878,1.81131859983575,TRUE,8.3039999709552,7.86134179559999,6.36475075685191,5.8406416573734
Hebei,2002,observed,TRUE,TRUE,7,61,9,47,-0.380137949014055,-1.18162339863835,0.0422399391817952,-0.395222956527764,0.174143071277359,-0.361188965662019,TRUE,2.07944154167984,4.12713438504509,2.30258509299405,3.87120101090789
Hebei,2003,observed,TRUE,TRUE,18,13,2,13,-1.04156738569168,-0.779830622408393,-0.650880320391125,-1.13699543663922,-0.568049938534995,-0.850351877187898,TRUE,2.94443897916644,2.63905732961526,1.09861228866811,2.63905732961526
Hebei,2004,observed,TRUE,TRUE,23,37,11,34,-0.484383416848806,-0.671316127963757,-0.185783059874764,-0.282893913151614,-0.0161138401090443,-0.319291118682585,TRUE,3.17805383034795,3.63758615972639,2.484906649788,3.55534806148941
Hebei,2005,observed,TRUE,TRUE,32,88,13,56,-0.389815306563616,-0.523393829952458,0.210621239429743,-0.187921060213836,0.277658644470589,-0.070863423938804,TRUE,3.49650756146648,4.48863636973214,2.63905732961526,4.04305126783455
Hebei,2006,observed,TRUE,TRUE,27,32,5,28,-0.835866768169684,-0.599712875836796,-0.251495002874815,-0.709944674895415,-0.129388820795285,-0.465045219940349,TRUE,3.3322045101752,3.49650756146648,1.79175946922806,3.36729582998647
Hebei,2007,observed,TRUE,TRUE,28,92,15,56,-0.332127256384228,-0.583412898290606,0.231098493215824,-0.105651832932342,0.277658644470589,-0.0577841551222292,TRUE,3.36729582998647,4.53259949315326,2.77258872223978,4.04305126783455
Hebei,2008,observed,TRUE,TRUE,49,104,16,40,-0.434534217065263,-0.330386201767011,0.287626257286812,-0.0683007599521075,0.0791938358040524,-0.0235318343995347,TRUE,3.91202300542815,4.65396035015752,2.83321334405622,3.71357206670431
Hebei,2009,observed,TRUE,TRUE,28,86,14,49,-0.404945805518259,-0.583412898290606,0.200034817692352,-0.145414275003236,0.198732572842425,-0.0980739834997022,TRUE,3.36729582998647,4.46590811865458,2.70805020110221,3.91202300542815
Hebei,2010,observed,TRUE,TRUE,26,241,20,88,-0.0665971385248397,-0.616605708211903,0.676544111693811,0.0618876213106921,0.546060903822332,0.172522025153638,TRUE,3.29583686600433,5.48893772615669,3.04452243772342,4.48863636973214
Hebei,2011,observed,TRUE,TRUE,15,166,23,66,-0.227403147425365,-0.859655358105904,0.503764926072843,0.144156848592186,0.375024790191463,0.0424146699845805,TRUE,2.77258872223978,5.11799381241676,3.17805383034795,4.20469261939097
Hebei,2012,observed,TRUE,TRUE,17,128,19,67,-0.316599754466004,-0.804944938354051,0.383508542900298,0.0318278052160364,0.383948792543175,-0.00489286623069767,TRUE,2.89037175789616,4.85981240436167,2.99573227355399,4.21950770517611
Hebei,2013,observed,TRUE,TRUE,33,162,31,85,-0.133505516263408,-0.509527077956691,0.492472675909594,0.321398928811458,0.525406566966029,0.212860994816969,TRUE,3.52636052461616,5.09375020080676,3.46573590279973,4.45434729625351
Hebei,2014,observed,TRUE,TRUE,8,148,26,83,-0.166453488871982,-1.12691297888649,0.450643592738262,0.216723449897442,0.51123275675184,0.0185758084802256,TRUE,2.19722457733622,5.00394630594546,3.29583686600433,4.43081679884331
Hebei,2015,observed,TRUE,TRUE,76,116,23,73,-0.263645034098107,-0.129822537293056,0.338030251892783,0.144156848592186,0.434882708185692,0.191576786968529,TRUE,4.34380542185368,4.76217393479776,3.17805383034795,4.30406509320417
Hebei,2016,observed,TRUE,TRUE,100,145,35,95,-0.0763952662616128,-0.00379621568347336,0.441169723648873,0.393965530116714,0.591666611748733,0.359730008088427,TRUE,4.61512051684126,4.98360662170834,3.58351893845611,4.56434819146784
Hebei,2017,observed,TRUE,TRUE,46,302,74,127,0.250361436944595,-0.359127431697677,0.781249727026776,0.846166886632744,0.764954537876022,0.533811579253818,TRUE,3.85014760171006,5.71373280550937,4.31748811353631,4.85203026391962
Hebei,2018,observed,TRUE,TRUE,87,342,79,161,0.531572814462247,-0.067796979029723,0.839005659260142,0.885929328703637,0.906849914309617,0.669420927350125,TRUE,4.47733681447821,5.83773044716594,4.38202663467388,5.08759633523238
Hebei,2019,observed,TRUE,TRUE,161,506,109,160,0.735667071046115,0.215669602995127,1.02102440601602,1.08212995141188,0.903120124428171,0.840208528347011,TRUE,5.08759633523238,6.22851100359118,4.70048036579242,5.08140436498446
Hebei,2020,observed,TRUE,TRUE,391,270,93,143,0.349579919194868,0.626133728029637,0.729261885593297,0.985287282118813,0.83590222609282,0.816870870185145,TRUE,5.97126183979046,5.6021188208797,4.54329478227,4.969813299576
Hebei,2021,observed,TRUE,TRUE,568,497,107,225,0.76888341371688,0.799215696836544,1.01268180976021,1.07082497338504,1.10739856208375,1.03212729449886,TRUE,6.34388043412633,6.21060007702465,4.68213122712422,5.42053499927229
Hebei,2022,observed,TRUE,TRUE,630,345,88,211,0.481590226524566,0.84725698368282,0.843061846046152,0.951612014636451,1.06887846324678,0.955182752636465,TRUE,6.44730586254121,5.84643877505773,4.48863636973214,5.35658627467201
Hebei,2023,observed,TRUE,TRUE,2569,1394,341,355,2.55186838035789,1.49958240860724,1.49246090148324,1.78099544882145,1.38110798476508,1.59867109671813,TRUE,7.85166117788927,7.24064969425547,5.83481073706261,5.87493073085203
Hebei,2024,observed,TRUE,TRUE,2996,2602,831,351,4.09047239074231,1.57097905483937,1.78300215323076,2.32872529097443,1.37430159436533,1.84110604662479,TRUE,8.00536706731666,7.86441990499457,6.72383244082121,5.8636311755981
Heilongjiang,2002,observed,TRUE,TRUE,,2,2,2,-1.22160086225729,,-1.36839267147747,-1.13699543663922,-1.49595109060814,,TRUE,,1.09861228866811,1.09861228866811,1.09861228866811
Heilongjiang,2003,structural_zero,TRUE,FALSE,0,0,0,0,,-2.14752752023567,-1.88010705610098,-1.81385487990754,-2.1577102454236,-2.127344660973,TRUE,0,0,0,0
Heilongjiang,2004,observed,TRUE,TRUE,7,1,1,1,-1.19522164806627,-1.18162339863835,-1.5572512255115,-1.38680411816374,-1.74018670495223,-1.57652386820542,TRUE,2.07944154167984,0.693147180559945,0.693147180559945,0.693147180559945
Heilongjiang,2005,observed,TRUE,TRUE,18,4,2,4,-1.09200671894199,-0.779830622408393,-1.13045903245707,-1.13699543663922,-1.18825060652627,-1.14701989250151,TRUE,2.94443897916644,1.6094379124341,1.09861228866811,1.6094379124341
Heilongjiang,2006,observed,TRUE,TRUE,8,1,1,1,-1.23605962494811,-1.12691297888649,-1.5572512255115,-1.38680411816374,-1.74018670495223,-1.56315283523685,TRUE,2.19722457733622,0.693147180559945,0.693147180559945,0.693147180559945
Heilongjiang,2007,observed,TRUE,TRUE,1,1,1,1,-1.23605962494811,-1.82555947970323,-1.5572512255115,-1.38680411816374,-1.74018670495223,-1.73389956754422,TRUE,0.693147180559945,0.693147180559945,0.693147180559945,0.693147180559945
Heilongjiang,2008,observed,TRUE,TRUE,6,1,1,1,-1.23605640987713,-1.24364895690168,-1.5572512255115,-1.38680411816374,-1.74018670495223,-1.5916826951381,TRUE,1.94591014905531,0.693147180559945,0.693147180559945,0.693147180559945
Heilongjiang,2009,observed,TRUE,TRUE,5,9,3,9,-1.10706194947111,-1.31525220902864,-0.807603201867589,-0.959753356419943,-0.7707270660549,-1.03041082682938,TRUE,1.79175946922806,2.30258509299405,1.38629436111989,2.30258509299405
Heilongjiang,2010,observed,TRUE,TRUE,6,3,3,3,-1.1548459698317,-1.24364895690168,-1.23439539492202,-0.959753356419943,-1.32266316448085,-1.27692545137872,TRUE,1.94591014905531,1.38629436111989,1.38629436111989,1.38629436111989
Heilongjiang,2011,observed,TRUE,TRUE,20,5,4,4,-1.1400752842047,-0.733341686227089,-1.04553684088799,-0.822273718271565,-1.18825060652627,-1.02771227978344,TRUE,3.04452243772342,1.79175946922806,1.6094379124341,1.6094379124341
Heilongjiang,2012,observed,TRUE,TRUE,32,14,6,13,-1.025406246525,-0.523393829952458,-0.618744647833561,-0.614971821957637,-0.568049938534995,-0.638291224162911,TRUE,3.49650756146648,2.70805020110221,1.94591014905531,2.63905732961526
Heilongjiang,2013,observed,TRUE,TRUE,28,17,8,12,-0.963604995210653,-0.583412898290606,-0.533822456264481,-0.460135993370887,-0.612689553004436,-0.600020054758115,TRUE,3.36729582998647,2.89037175789616,2.19722457733622,2.56494935746154
Heilongjiang,2014,observed,TRUE,TRUE,1,1,1,1,-1.21790941300063,-1.82555947970323,-1.5572512255115,-1.38680411816374,-1.74018670495223,-1.73389956754422,TRUE,0.693147180559945,0.693147180559945,0.693147180559945,0.693147180559945
Heilongjiang,2015,observed,TRUE,TRUE,10,81,10,43,-0.678141937051291,-1.03370110062705,0.172465676865808,-0.336501971967897,0.121730972951211,-0.28770849221841,TRUE,2.39789527279837,4.40671924726425,2.39789527279837,3.78418963391826
Heilongjiang,2016,observed,TRUE,TRUE,47,50,10,30,-0.641932006849941,-0.349348087431315,-0.0487314608619545,-0.336501971967897,-0.089216661720651,-0.237204026946921,TRUE,3.87120101090789,3.93182563272433,2.39789527279837,3.43398720448515
Heilongjiang,2017,observed,TRUE,TRUE,55,26,13,26,-0.689109889724528,-0.277744835304354,-0.344963902230452,-0.187921060213836,-0.172432780977218,-0.282743554274937,TRUE,4.02535169073515,3.29583686600433,2.63905732961526,3.29583686600433
Heilongjiang,2018,observed,TRUE,TRUE,80,32,17,29,-0.84802583549792,-0.106298437537314,-0.251495002874815,-0.0330852316270863,-0.10896791123944,-0.156664754286936,TRUE,4.39444915467244,3.49650756146648,2.89037175789616,3.40119738166216
Heilongjiang,2019,observed,TRUE,TRUE,37,68,28,55,-0.57147958190849,-0.457862581875951,0.0920656810682913,0.260749604598592,0.266997142407754,0.0308216463344477,TRUE,3.63758615972639,4.23410650459726,3.36729582998647,4.02535169073515
Heilongjiang,2020,observed,TRUE,TRUE,41,8,7,8,-1.07967471741401,-0.411373645694648,-0.856678286853961,-0.532702594676143,-0.834191935792678,-0.72482580932761,TRUE,3.73766961828337,2.19722457733622,2.07944154167984,2.19722457733622
Heilongjiang,2021,observed,TRUE,TRUE,136,40,11,36,-0.892705213251399,0.137811961151534,-0.150390153723672,-0.282893913151614,0.0173591677143171,-0.102937367104211,TRUE,4.91998092582813,3.71357206670431,2.484906649788,3.61091791264422
Heilongjiang,2022,observed,TRUE,TRUE,476,55,21,53,-0.703119891459034,0.717294346194912,-0.00516865921216394,0.0905487897759031,0.245090759494157,0.23979432421794,TRUE,6.16751649088834,4.02535169073515,3.09104245335832,3.98898404656427
Heilongjiang,2023,observed,TRUE,TRUE,1231,228,81,145,-0.00321444379063919,1.15804962483671,0.650825594065261,0.901142546490435,0.844210759768023,0.905026805570732,TRUE,7.11639414409347,5.43372200355424,4.40671924726425,4.98360662170834
Heilongjiang,2024,observed,TRUE,TRUE,1291,1089,213,334,1.35898943164919,1.18013786040303,1.37754456989097,1.49214449364955,1.34448442908879,1.40164774256162,TRUE,7.16394668434255,6.99393297522319,5.36597601502185,5.81413053182507
Henan,2002,observed,TRUE,TRUE,3,1,1,1,-1.18841531858596,-1.50359143917079,-1.5572512255115,-1.38680411816374,-1.74018670495223,-1.65521171787482,TRUE,1.38629436111989,0.693147180559945,0.693147180559945,0.693147180559945
Henan,2003,observed,TRUE,TRUE,4,1,1,1,-1.21790941300063,-1.39994088126756,-1.5572512255115,-1.38680411816374,-1.74018670495223,-1.62987988833997,TRUE,1.6094379124341,0.693147180559945,0.693147180559945,0.693147180559945
Henan,2004,observed,TRUE,TRUE,39,2,2,2,-1.2284071917376,-0.434036759670237,-1.36839267147747,-1.13699543663922,-1.49595109060814,-1.20969515490218,TRUE,3.68887945411394,1.09861228866811,1.09861228866811,1.09861228866811
Henan,2005,observed,TRUE,TRUE,44,1,1,1,-1.21337186001375,-0.379326339918384,-1.5572512255115,-1.38680411816374,-1.74018670495223,-1.3804453063632,TRUE,3.80666248977032,0.693147180559945,0.693147180559945,0.693147180559945
Henan,2006,observed,TRUE,TRUE,116,1,1,1,-1.2224469659875,0.064510346271815,-1.5572512255115,-1.38680411816374,-1.74018670495223,-1.27197319098509,TRUE,4.76217393479776,0.693147180559945,0.693147180559945,0.693147180559945
Henan,2007,observed,TRUE,TRUE,104,4,3,4,-1.20605425755574,0.014244952741019,-1.13045903245707,-0.959753356419943,-1.18825060652627,-0.905205462453479,TRUE,4.65396035015752,1.6094379124341,1.38629436111989,1.6094379124341
Henan,2008,observed,TRUE,TRUE,97,12,3,12,-0.950736571487983,-0.0178023530352454,-0.685398517354234,-0.959753356419943,-0.612689553004436,-0.637722696813568,TRUE,4.58496747867057,2.56494935746154,1.38629436111989,2.56494935746154
Henan,2009,observed,TRUE,TRUE,98,9,4,9,-1.05965938138947,-0.0130865592778697,-0.807603201867589,-0.822273718271565,-0.7707270660549,-0.675132119589244,TRUE,4.59511985013459,2.30258509299405,1.6094379124341,2.30258509299405
Henan,2010,observed,TRUE,TRUE,168,19,9,17,-0.954704941718717,0.235319130080944,-0.484747371278109,-0.395222956527764,-0.416668395321304,-0.316635686491293,TRUE,5.12989871492307,2.99573227355399,2.30258509299405,2.89037175789616
Henan,2011,observed,TRUE,TRUE,111,27,11,23,-0.788958131935555,0.0442232052280869,-0.328024489801644,-0.282893913151614,-0.243380469194016,-0.243989438106842,TRUE,4.71849887129509,3.3322045101752,2.484906649788,3.17805383034795
Henan,2012,observed,TRUE,TRUE,88,39,15,36,-0.740005659414876,-0.0625483164569952,-0.161891540688629,-0.105651832932342,0.0173591677143171,-0.107297105943604,TRUE,4.48863636973214,3.68887945411394,2.77258872223978,3.61091791264422
Henan,2013,observed,TRUE,TRUE,68,18,11,16,-0.849388878345278,-0.180777870342307,-0.508638890464244,-0.282893913151614,-0.451098288399574,-0.403793326513207,TRUE,4.23410650459726,2.94443897916644,2.484906649788,2.83321334405622
Henan,2014,observed,TRUE,TRUE,13,47,22,36,-0.699471689743708,-0.921680916369237,-0.0769693491195485,0.117935699221879,0.0173591677143171,-0.233869763539679,TRUE,2.63905732961526,3.87120101090789,3.13549421592915,3.61091791264422
Henan,2015,observed,TRUE,TRUE,44,58,26,48,-0.535874818688237,-0.379326339918384,0.019138551662172,0.216723449897442,0.186563287410861,-0.00324623437084609,TRUE,3.80666248977032,4.07753744390572,3.29583686600433,3.89182029811063
Henan,2016,observed,TRUE,TRUE,44,112,32,86,-0.318590368451631,-0.379326339918384,0.321827487578477,0.340357471300431,0.532370334020176,0.205098880698114,TRUE,3.80666248977032,4.72738781871234,3.49650756146648,4.46590811865458
Henan,2017,observed,TRUE,TRUE,59,130,38,94,-0.117160923443199,-0.24569752952809,0.39067456894755,0.443280163779952,0.585359128552453,0.298432853508923,TRUE,4.0943445622221,4.87519732320115,3.66356164612965,4.55387689160054
Henan,2018,observed,TRUE,TRUE,44,198,56,118,-0.0114060783551186,-0.379326339918384,0.585421728664716,0.677085243809316,0.721038478017656,0.418163449991726,TRUE,3.80666248977032,5.29330482472449,4.04305126783455,4.77912349311153
Henan,2019,observed,TRUE,TRUE,123,275,79,176,0.429166207291661,0.0915014392975259,0.737777342247251,0.885929328703637,0.960190862690739,0.695001104339441,TRUE,4.82028156560504,5.62040086571715,4.38202663467388,5.17614973257383
Henan,2020,observed,TRUE,TRUE,217,201,41,142,0.176528082766391,0.353579565307583,0.592391172992748,0.488938383054493,0.831704584427626,0.578093361396331,TRUE,5.38449506278909,5.30826769740121,3.73766961828337,4.96284463025991
Henan,2021,observed,TRUE,TRUE,501,558,81,274,2.07459043273288,0.741022778381315,1.06650269702353,0.901142546490435,1.22560316980311,1.01848616172305,TRUE,6.21860011969173,6.3261494731551,4.40671924726425,5.61677109766657
Henan,2022,observed,TRUE,TRUE,475,524,73,274,0.879737609392303,0.716319525909742,1.03727428093072,0.837896909896905,1.22560316980311,0.987438292505131,TRUE,6.16541785423142,6.26339826259162,4.30406509320417,5.61677109766657
Henan,2023,observed,TRUE,TRUE,957,1057,229,330,2.06723787739583,1.04120591130083,1.36366547958002,1.53656762260166,1.3372487968457,1.37393890956239,TRUE,6.86484777797086,6.96413561241825,5.4380793089232,5.80211837537706
Henan,2024,observed,TRUE,TRUE,6436,5004,652,365,5.22036199334855,1.9260677496898,2.0875180800127,2.17947082059181,1.39779490064826,1.9770361901309,TRUE,8.76981787205262,8.51819269174932,6.48157712927643,5.90263333340137
Hong Kong,2002,no_data,FALSE,FALSE,,,,,,,,,,,TRUE,,,,
Hong Kong,2003,no_data,FALSE,FALSE,,,,,,,,,,,TRUE,,,,
Hong Kong,2004,no_data,FALSE,FALSE,,,,,,,,,,,TRUE,,,,
Hong Kong,2005,no_data,FALSE,FALSE,,,,,,,,,,,TRUE,,,,
Hong Kong,2006,no_data,FALSE,FALSE,,,,,,,,,,,TRUE,,,,
Hong Kong,2007,observed,FALSE,TRUE,5,1,1,1,-1.22015246892619,-1.31525220902864,-1.5572512255115,-1.38680411816374,-1.74018670495223,-1.60918227655584,TRUE,1.79175946922806,0.693147180559945,0.693147180559945,0.693147180559945
Hong Kong,2008,no_data,FALSE,FALSE,,,,,,,,,,,TRUE,,,,
Hong Kong,2009,observed,FALSE,TRUE,24,2,1,2,-1.21454649549493,-0.652354242299453,-1.36839267147747,-1.38680411816374,-1.49595109060814,-1.3303442121974,TRUE,3.2188758248682,1.09861228866811,0.693147180559945,1.09861228866811
Hong Kong,2010,observed,FALSE,TRUE,67,1,1,1,-1.22017497442308,-0.18755903742425,-1.5572512255115,-1.38680411816374,-1.74018670495223,-1.33357805629325,TRUE,4.21950770517611,0.693147180559945,0.693147180559945,0.693147180559945
Hong Kong,2011,no_data,FALSE,FALSE,,,,,,,,,,,TRUE,,,,
Hong Kong,2012,observed,FALSE,TRUE,14,3,3,3,-1.02215530888578,-0.889633610592972,-1.23439539492202,-0.959753356419943,-1.32266316448085,-1.1904053535922,TRUE,2.70805020110221,1.38629436111989,1.38629436111989,1.38629436111989
Hong Kong,2013,observed,FALSE,TRUE,25,3,3,3,-1.1866760907124,-0.634136154544921,-1.23439539492202,-0.959753356419943,-1.32266316448085,-1.12796267953307,TRUE,3.25809653802148,1.38629436111989,1.38629436111989,1.38629436111989
Hong Kong,2014,observed,FALSE,TRUE,9,2,2,2,-1.16119409080843,-1.07797284073512,-1.36839267147747,-1.13699543663922,-1.49595109060814,-1.36707085424098,TRUE,2.30258509299405,1.09861228866811,1.09861228866811,1.09861228866811
Hong Kong,2015,observed,FALSE,TRUE,12,2,2,2,-1.2284071917376,-0.956104195077362,-1.36839267147747,-1.13699543663922,-1.49595109060814,-1.33728658853227,TRUE,2.56494935746154,1.09861228866811,1.09861228866811,1.09861228866811
Hong Kong,2016,observed,FALSE,TRUE,30,13,9,11,-0.916296578888006,-0.552434641767357,-0.650880320391125,-0.395222956527764,-0.66090400966539,-0.619788547647839,TRUE,3.43398720448515,2.63905732961526,2.30258509299405,2.484906649788
Hong Kong,2017,observed,FALSE,TRUE,26,3,3,3,-0.841563322743565,-0.616605708211903,-1.23439539492202,-0.959753356419943,-1.32266316448085,-1.12367830048909,TRUE,3.29583686600433,1.38629436111989,1.38629436111989,1.38629436111989
Hong Kong,2018,observed,FALSE,TRUE,61,12,6,11,-0.905415023355768,-0.230466601234915,-0.685398517354234,-0.614971821957637,-0.66090400966539,-0.609712799370672,TRUE,4.12713438504509,2.56494935746154,1.94591014905531,2.484906649788
Hong Kong,2019,observed,FALSE,TRUE,104,27,16,24,-0.741183753189381,0.014244952741019,-0.328024489801644,-0.0683007599521075,-0.21879096762895,-0.186934132923906,TRUE,4.65396035015752,3.3322045101752,2.83321334405622,3.2188758248682
Hong Kong,2020,observed,FALSE,TRUE,29,5,5,4,-0.96824968486073,-0.567665570060531,-1.04553684088799,-0.709944674895415,-1.18825060652627,-0.956962616927484,TRUE,3.40119738166216,1.79175946922806,1.79175946922806,1.6094379124341
Hong Kong,2021,observed,FALSE,TRUE,18,6,4,6,-1.06064918211485,-0.779830622408393,-0.973736150980604,-0.822273718271565,-0.985573479006369,-0.965291713624685,TRUE,2.94443897916644,1.94591014905531,1.6094379124341,1.94591014905531
Hong Kong,2022,observed,FALSE,TRUE,301,16,6,14,-0.948222922155274,0.504975510798004,-0.560445845485463,-0.614971821957637,-0.526491451710814,-0.359944954669549,TRUE,5.71042701737487,2.83321334405622,1.94591014905531,2.70805020110221
Hong Kong,2023,observed,FALSE,TRUE,670,127,63,87,-0.197258422676814,0.875806778860664,0.379883758025383,0.748449690555259,0.539254513422586,0.639458652212245,TRUE,6.50876913697168,4.85203026391962,4.15888308335967,4.47733681447821
Hong Kong,2024,observed,FALSE,TRUE,1131,763,276,269,1.66583714841023,1.11872821608019,1.21202168308614,1.65112489269656,1.21455039839148,1.3495669489181,TRUE,7.03174125876313,6.63856778916652,5.62401750618734,5.59842195899838
Hubei,2002,observed,TRUE,TRUE,12,15,8,6,-1.09955549416009,-0.956104195077362,-0.588683733743057,-0.460135993370887,-0.985573479006369,-0.805778430066174,TRUE,2.56494935746154,2.77258872223978,2.19722457733622,1.94591014905531
Hubei,2003,observed,TRUE,TRUE,12,2,1,2,-1.21910304419287,-0.956104195077362,-1.36839267147747,-1.38680411816374,-1.49595109060814,-1.40457962569295,TRUE,2.56494935746154,1.09861228866811,0.693147180559945,1.09861228866811
Hubei,2004,structural_zero,TRUE,FALSE,0,0,0,0,,-2.14752752023567,-1.88010705610098,-1.81385487990754,-2.1577102454236,-2.127344660973,TRUE,0,0,0,0
Hubei,2005,observed,TRUE,TRUE,55,3,2,3,-1.16594811401836,-0.277744835304354,-1.23439539492202,-1.13699543663922,-1.32266316448085,-1.08860707206535,TRUE,4.02535169073515,1.38629436111989,1.09861228866811,1.38629436111989
Hubei,2006,observed,TRUE,TRUE,80,7,3,7,-1.17328394039937,-0.106298437537314,-0.911539564332537,-0.959753356419943,-0.905139624009476,-0.799241972596834,TRUE,4.39444915467244,2.07944154167984,1.38629436111989,2.07944154167984
Hubei,2007,observed,TRUE,TRUE,161,13,5,7,-1.14922435333836,0.215669602995127,-0.650880320391125,-0.709944674895415,-0.905139624009476,-0.582153529744683,TRUE,5.08759633523238,2.63905732961526,1.79175946922806,2.07944154167984
Hubei,2008,observed,TRUE,TRUE,309,9,6,8,-1.07885796751706,0.517120037733193,-0.807603201867589,-0.614971821957637,-0.834191935792678,-0.506679153949502,TRUE,5.73657229747919,2.30258509299405,1.94591014905531,2.19722457733622
Hubei,2009,observed,TRUE,TRUE,290,5,3,5,-1.14571855157565,0.487740755922805,-1.04553684088799,-0.959753356419943,-1.07842755013676,-0.736951785639778,TRUE,5.67332326717149,1.79175946922806,1.38629436111989,1.79175946922806
Hubei,2010,observed,TRUE,TRUE,409,13,8,13,-1.01020034870303,0.646987680242418,-0.650880320391125,-0.460135993370887,-0.568049938534995,-0.319311289477633,TRUE,6.01615715969835,2.63905732961526,2.19722457733622,2.63905732961526
Hubei,2011,observed,TRUE,TRUE,398,24,10,22,-0.853443481874589,0.634355211600188,-0.38081100881316,-0.336501971967897,-0.26901664198906,-0.135459238385583,TRUE,5.98896141688986,3.2188758248682,2.39789527279837,3.13549421592915
Hubei,2012,observed,TRUE,TRUE,278,25,13,23,-0.502395845225518,0.468179899581821,-0.362542686764753,-0.187921060213836,-0.243380469194016,-0.124208823303925,TRUE,5.63121178182137,3.25809653802148,2.63905732961526,3.17805383034795
Hubei,2013,observed,TRUE,TRUE,192,39,12,36,-0.552747055049231,0.297000994880279,-0.161891540688629,-0.233579279488376,0.0173591677143171,-0.0538854043588444,TRUE,5.26269018890489,3.68887945411394,2.56494935746154,3.61091791264422
Hubei,2014,observed,TRUE,TRUE,36,20,14,20,-0.899755251181246,-0.470250027858985,-0.462021766357096,-0.145414275003236,-0.323814324190909,-0.390752883725718,TRUE,3.61091791264422,3.04452243772342,2.70805020110221,3.04452243772342
Hubei,2015,observed,TRUE,TRUE,726,89,20,81,0.167763926696903,0.913039999450463,0.215825567379428,0.0618876213106921,0.496717376275427,0.40748422385534,TRUE,6.58892647753352,4.49980967033027,3.04452243772342,4.40671924726425
Hubei,2016,observed,TRUE,TRUE,897,146,55,73,-0.291160922347211,1.01116300550509,0.444349138763277,0.666180463273765,0.434882708185692,0.640055123729202,TRUE,6.8001700683022,4.99043258677874,4.02535169073515,4.30406509320417
Hubei,2017,observed,TRUE,TRUE,937,157,51,111,0.341371814539439,1.03140593397748,0.477961143795196,0.620522243999225,0.684520682879129,0.708624721420003,TRUE,6.84374994900623,5.06259503302697,3.95124371858143,4.71849887129509
Hubei,2018,observed,TRUE,TRUE,563,159,49,125,0.042351739401933,0.795115920041794,0.483820120490332,0.596358205108215,0.755468371095926,0.66493649429242,TRUE,6.33505425149806,5.07517381523383,3.91202300542815,4.83628190695148
Hubei,2019,observed,TRUE,TRUE,634,185,69,137,0.306612317461039,0.850192233231552,0.553954323805304,0.803660101422144,0.810266053297776,0.768024822565999,TRUE,6.45362499889269,5.2257466737132,4.24849524204936,4.92725368515721
Hubei,2020,observed,TRUE,TRUE,889,229,68,133,0.366365714881209,1.00700636304355,0.652855150678172,0.794795142490208,0.792548330662838,0.826203994090006,TRUE,6.79122146272619,5.4380793089232,4.23410650459726,4.89783979995091
Hubei,2021,observed,TRUE,TRUE,3176,895,111,294,1.36874779230823,1.59807137957419,1.28625466314576,1.09323122501757,1.2678913467726,1.35094613249535,TRUE,8.06369263426952,6.79794041297493,4.71849887129509,5.68697535633982
Hubei,2022,observed,TRUE,TRUE,5478,1714,108,338,2.32504423746164,1.85121795089907,1.58865368290405,1.07650339161089,1.35163417642784,1.51319480139536,TRUE,8.60867788153842,7.44716835960004,4.69134788222914,5.82600010738045
Hubei,2023,observed,TRUE,TRUE,11963,3238,423,361,4.34384595787156,2.21398427047168,1.88482221558302,1.91341019865297,1.39117550281243,1.91866579845791,TRUE,9.38965741974984,8.08301991917133,6.04973345523196,5.89164421182577
Hubei,2024,observed,TRUE,TRUE,12557,9287,1064,365,8.66033875803104,2.23649205868243,2.37550480391576,2.48083991691298,1.39779490064826,2.21264754914725,TRUE,9.43811319167405,9.13647852337773,6.97073007814353,5.90263333340137
Hunan,2002,observed,TRUE,TRUE,23,29,2,29,-0.864347389624989,-0.671316127963757,-0.29588881724408,-1.13699543663922,-0.10896791123944,-0.604233113012633,TRUE,3.17805383034795,3.40119738166216,1.09861228866811,3.40119738166216
Hunan,2003,observed,TRUE,TRUE,74,9,2,8,-1.08017863324037,-0.142046971624864,-0.807603201867589,-1.13699543663922,-0.834191935792678,-0.808399070485594,TRUE,4.31748811353631,2.30258509299405,1.09861228866811,2.19722457733622
Hunan,2004,observed,TRUE,TRUE,49,8,2,8,-0.934135916106674,-0.330386201767011,-0.856678286853961,-1.13699543663922,-0.834191935792678,-0.867816141194544,TRUE,3.91202300542815,2.19722457733622,1.09861228866811,2.19722457733622
Hunan,2005,observed,TRUE,TRUE,21,4,2,4,-1.1369933838507,-0.711733060094606,-1.13045903245707,-1.13699543663922,-1.18825060652627,-1.13037708926757,TRUE,3.09104245335832,1.6094379124341,1.09861228866811,1.6094379124341
Hunan,2006,observed,TRUE,TRUE,43,5,2,5,-1.06271729671587,-0.389765019562165,-1.04553684088799,-1.13699543663922,-1.07842755013676,-0.999156261392459,TRUE,3.78418963391826,1.79175946922806,1.09861228866811,1.79175946922806
Hunan,2007,observed,TRUE,TRUE,44,5,4,5,-1.16203791690261,-0.379326339918384,-1.04553684088799,-0.822273718271565,-1.07842755013676,-0.911825884562657,TRUE,3.80666248977032,1.79175946922806,1.6094379124341,1.79175946922806
Hunan,2008,observed,TRUE,TRUE,24,11,3,11,-1.0754890842628,-0.652354242299453,-0.722681010298509,-0.959753356419943,-0.66090400966539,-0.815867931534151,TRUE,3.2188758248682,2.484906649788,1.38629436111989,2.484906649788
Hunan,2009,observed,TRUE,TRUE,97,37,8,33,-0.81031308015047,-0.0178023530352454,-0.185783059874764,-0.460135993370887,-0.0335747479281997,-0.211988819640543,TRUE,4.58496747867057,3.63758615972639,2.19722457733622,3.52636052461616
Hunan,2010,observed,TRUE,TRUE,70,69,14,47,-0.561230667551549,-0.167505490398722,0.0987677032527844,-0.145414275003236,0.174143071277359,-0.0306283885902346,TRUE,4.26267987704132,4.24849524204936,2.70805020110221,3.87120101090789
Hunan,2011,observed,TRUE,TRUE,127,12,7,11,-1.04432462057558,0.10624876349142,-0.685398517354234,-0.532702594676143,-0.66090400966539,-0.505259211532656,TRUE,4.85203026391962,2.56494935746154,2.07944154167984,2.484906649788
Hunan,2012,observed,TRUE,TRUE,90,36,15,30,-0.695546849848414,-0.0522256317433715,-0.19820466282368,-0.105651832932342,-0.089216661720651,-0.143178458658965,TRUE,4.51085950651685,3.61091791264422,2.77258872223978,3.43398720448515
Hunan,2013,observed,TRUE,TRUE,47,26,8,25,-0.911613572354802,-0.349348087431315,-0.344963902230452,-0.460135993370887,-0.195166012533061,-0.379650716591068,TRUE,3.87120101090789,3.29583686600433,2.19722457733622,3.25809653802148
Hunan,2014,observed,TRUE,TRUE,11,25,11,24,-0.455577373680842,-0.993284168496198,-0.362542686764753,-0.282893913151614,-0.21879096762895,-0.50039394894699,TRUE,2.484906649788,3.25809653802148,2.484906649788,3.2188758248682
Hunan,2015,observed,TRUE,TRUE,128,76,20,55,-0.0759968842441235,0.109863580920602,0.14316151762205,0.0618876213106921,0.266997142407754,0.129941697194977,TRUE,4.85981240436167,4.34380542185368,3.04452243772342,4.02535169073515
Hunan,2016,observed,TRUE,TRUE,133,84,20,73,-0.26767254065029,0.127527370643484,0.189202178158446,0.0618876213106921,0.434882708185692,0.191710514012562,TRUE,4.89783979995091,4.44265125649032,3.04452243772342,4.30406509320417
Hunan,2017,observed,TRUE,TRUE,131,97,28,77,-0.362638695374126,0.120542251112424,0.255490584729249,0.260749604598592,0.466593142282399,0.270135140620713,TRUE,4.88280192258637,4.58496747867057,3.36729582998647,4.35670882668959
Hunan,2018,observed,TRUE,TRUE,238,148,28,105,0.0362605729502557,0.396299084437697,0.450643592738262,0.260749604598592,0.651354922775406,0.440171309064828,TRUE,5.47646355193151,5.00394630594546,3.36729582998647,4.66343909411207
Hunan,2019,observed,TRUE,TRUE,313,183,57,121,0.0725850075421682,0.523075269244699,0.548918788213223,0.687800366342392,0.736035745832805,0.635645885461365,TRUE,5.74939298590825,5.21493575760899,4.06044301054642,4.80402104473326
Hunan,2020,observed,TRUE,TRUE,2080,134,33,95,-0.244621399439138,1.4015459110107,0.404684121413456,0.358750001791693,0.591666611748733,0.683751119044796,TRUE,7.64060382639363,4.90527477843843,3.52636052461616,4.56434819146784
Hunan,2021,observed,TRUE,TRUE,4042,554,52,272,0.739137716452125,1.7100393438799,1.06315774544374,0.632257913421566,1.22120636822826,1.18079050816989,TRUE,8.30474226964077,6.31896811374643,3.97029191355212,5.60947179518496
Hunan,2022,observed,TRUE,TRUE,8115,1374,93,348,1.70371146074829,2.03372755066189,1.4857346834334,0.985287282118813,1.36914584983981,1.50983423085044,TRUE,9.00159270094571,7.22620901010067,4.54329478227,5.85507192220243
Hunan,2023,observed,TRUE,TRUE,8567,2106,239,353,2.95248934028846,2.05890210779136,1.68453596851754,1.56278877197197,1.37771440316211,1.7280771448206,TRUE,9.05578961212758,7.65302041380419,5.48063892334199,5.86929691313377
Hunan,2024,observed,TRUE,TRUE,7811,6196,758,365,5.93855295365492,2.01599454398069,2.18702221447209,2.27214805042986,1.39779490064826,2.05112383354272,TRUE,8.96341629199657,8.73182058296211,6.63200177739563,5.90263333340137
Inner Mongolia,2002,structural_zero,TRUE,FALSE,0,0,0,0,,-2.14752752023567,-1.88010705610098,-1.81385487990754,-2.1577102454236,-2.127344660973,TRUE,0,0,0,0
Inner Mongolia,2003,observed,TRUE,TRUE,,5,1,5,-1.12505036829467,,-1.04553684088799,-1.38680411816374,-1.07842755013676,,TRUE,,1.79175946922806,0.693147180559945,1.79175946922806
Inner Mongolia,2004,observed,TRUE,TRUE,2,10,3,9,-0.95082747534926,-1.63722024956108,-0.763209387498323,-0.959753356419943,-0.7707270660549,-1.09698809260173,TRUE,1.09861228866811,2.39789527279837,1.38629436111989,2.30258509299405
Inner Mongolia,2005,observed,TRUE,TRUE,2,3,2,3,-0.954469425166787,-1.63722024956108,-1.23439539492202,-1.13699543663922,-1.32266316448085,-1.42085805216069,TRUE,1.09861228866811,1.38629436111989,1.09861228866811,1.38629436111989
Inner Mongolia,2006,observed,TRUE,TRUE,4,5,3,5,-1.16184696546021,-1.39994088126756,-1.04553684088799,-0.959753356419943,-1.07842755013676,-1.19829449731168,TRUE,1.6094379124341,1.79175946922806,1.38629436111989,1.79175946922806
Inner Mongolia,2007,observed,TRUE,TRUE,11,10,6,9,-1.02364960411158,-0.993284168496198,-0.763209387498323,-0.614971821957637,-0.7707270660549,-0.846735730733451,TRUE,2.484906649788,2.39789527279837,1.94591014905531,2.30258509299405
Inner Mongolia,2008,observed,TRUE,TRUE,84,3,3,3,-1.06642717013533,-0.0839084795210239,-1.23439539492202,-0.959753356419943,-1.32266316448085,-0.993488982999017,TRUE,4.44265125649032,1.38629436111989,1.38629436111989,1.38629436111989
Inner Mongolia,2009,observed,TRUE,TRUE,17,14,4,14,-0.944061925407746,-0.804944938354051,-0.618744647833561,-0.822273718271565,-0.526491451710814,-0.751831357799839,TRUE,2.89037175789616,2.70805020110221,1.6094379124341,2.70805020110221
Inner Mongolia,2010,observed,TRUE,TRUE,13,9,5,7,-0.938923278967453,-0.921680916369237,-0.807603201867589,-0.709944674895415,-0.905139624009476,-0.90287180189558,TRUE,2.63905732961526,2.30258509299405,1.79175946922806,2.07944154167984
Inner Mongolia,2011,observed,TRUE,TRUE,18,10,7,10,-1.03910572698828,-0.779830622408393,-0.763209387498323,-0.532702594676143,-0.713316107991538,-0.757055407713076,TRUE,2.94443897916644,2.39789527279837,2.07944154167984,2.39789527279837
Inner Mongolia,2012,observed,TRUE,TRUE,19,12,8,10,-0.94512995930287,-0.756004800202678,-0.685398517354234,-0.460135993370887,-0.713316107991538,-0.710457873537262,TRUE,2.99573227355399,2.56494935746154,2.19722457733622,2.39789527279837
Inner Mongolia,2013,observed,TRUE,TRUE,32,44,19,37,-0.627897576471956,-0.523393829952458,-0.107030263210052,0.0318278052160364,0.0334230301265028,-0.163630571310956,TRUE,3.49650756146648,3.80666248977032,2.99573227355399,3.63758615972639
Inner Mongolia,2014,observed,TRUE,TRUE,27,58,25,44,-0.492469809896421,-0.599712875836796,0.019138551662172,0.193471482255424,0.135267703104646,-0.0770877573393173,TRUE,3.3322045101752,4.07753744390572,3.25809653802148,3.80666248977032
Inner Mongolia,2015,observed,TRUE,TRUE,60,97,28,68,-0.334553275646027,-0.238019640747959,0.255490584729249,0.260749604598592,0.392742512826401,0.162756485681239,TRUE,4.11087386417331,4.58496747867057,3.36729582998647,4.23410650459726
Inner Mongolia,2016,observed,TRUE,TRUE,70,91,26,51,-0.444677332067722,-0.167505490398722,0.226062957623743,0.216723449897442,0.222357527938313,0.11454203625481,TRUE,4.26267987704132,4.52178857704904,3.29583686600433,3.95124371858143
Inner Mongolia,2017,observed,TRUE,TRUE,88,84,41,56,-0.396249516056542,-0.0625483164569952,0.189202178158446,0.488938383054493,0.277658644470589,0.218253736219071,TRUE,4.48863636973214,4.44265125649032,3.73766961828337,4.04305126783455
Inner Mongolia,2018,observed,TRUE,TRUE,241,173,56,80,-0.124246940747678,0.402093359514017,0.522890648281833,0.677085243809316,0.489326373838243,0.530122250566855,TRUE,5.48893772615669,5.15905529921453,4.04305126783455,4.39444915467244
Inner Mongolia,2019,observed,TRUE,TRUE,127,141,50,95,0.0361370256496956,0.10624876349142,0.42823048867145,0.608558683316221,0.591666611748733,0.440901540552816,TRUE,4.85203026391962,4.95582705760126,3.93182563272433,4.56434819146784
Inner Mongolia,2020,observed,TRUE,TRUE,299,141,44,93,-0.163940838217891,0.501889109440019,0.42823048867145,0.531445168265093,0.578984898263048,0.513430888194879,TRUE,5.7037824746562,4.95582705760126,3.80666248977032,4.54329478227
Inner Mongolia,2021,observed,TRUE,TRUE,670,167,69,105,0.0320500467369987,0.875806778860664,0.506545725411344,0.803660101422144,0.651354922775406,0.71885963809323,TRUE,6.50876913697168,5.12396397940326,4.24849524204936,4.66343909411207
Inner Mongolia,2022,observed,TRUE,TRUE,698,131,51,84,-0.192218531888127,0.894796353815632,0.394216658304145,0.620522243999225,0.518361350497751,0.607962000961177,TRUE,6.54965074223381,4.88280192258637,3.95124371858143,4.44265125649032
Inner Mongolia,2023,observed,TRUE,TRUE,1828,648,201,239,1.15614076427208,1.34158841398746,1.13603622026483,1.45659016739673,1.14360271017468,1.31192984737597,TRUE,7.51152464839087,6.47543271670409,5.30826769740121,5.48063892334199
Inner Mongolia,2024,observed,TRUE,TRUE,2611,2259,515,362,3.06644509498639,1.50711212624975,1.71718717240135,2.03439658376745,1.39283718425599,1.73321352609874,TRUE,7.86787149039632,7.72312009226633,6.24610676548156,5.89440283426485
Jiangsu,2002,observed,TRUE,TRUE,10,7,4,3,-1.17427829523437,-1.03370110062705,-0.911539564332537,-0.822273718271565,-1.32266316448085,-1.10050619085105,TRUE,2.39789527279837,2.07944154167984,1.6094379124341,1.38629436111989
Jiangsu,2003,observed,TRUE,TRUE,65,2,1,2,-1.19182693943353,-0.201425789420017,-1.36839267147747,-1.38680411816374,-1.49595109060814,-1.22013889413802,TRUE,4.18965474202643,1.09861228866811,0.693147180559945,1.09861228866811
Jiangsu,2004,observed,TRUE,TRUE,45,5,4,5,-1.12566131275048,-0.369117100484454,-1.04553684088799,-0.822273718271565,-1.07842755013676,-0.909330782575245,TRUE,3.8286413964891,1.79175946922806,1.6094379124341,1.79175946922806
Jiangsu,2005,observed,TRUE,TRUE,132,7,5,7,-1.11921520744173,0.124047940925599,-0.911539564332537,-0.709944674895415,-0.905139624009476,-0.675653095729813,TRUE,4.89034912822175,2.07944154167984,1.79175946922806,2.07944154167984
Jiangsu,2006,observed,TRUE,TRUE,157,5,4,5,-1.17116380971447,0.204056455733481,-1.04553684088799,-0.822273718271565,-1.07842755013676,-0.769249193882256,TRUE,5.06259503302697,1.79175946922806,1.6094379124341,1.79175946922806
Jiangsu,2007,observed,TRUE,TRUE,249,11,9,11,-1.08850390092345,0.417200437201097,-0.722681010298509,-0.395222956527764,-0.66090400966539,-0.402400315363335,TRUE,5.52146091786225,2.484906649788,2.30258509299405,2.484906649788
Jiangsu,2008,observed,TRUE,TRUE,278,17,9,14,-0.876869340623723,0.468179899581821,-0.533822456264481,-0.395222956527764,-0.526491451710814,-0.302479265337868,TRUE,5.63121178182137,2.89037175789616,2.30258509299405,2.70805020110221
Jiangsu,2009,observed,TRUE,TRUE,246,21,14,17,-0.780231324223081,0.411592702749914,-0.440353556908843,-0.145414275003236,-0.416668395321304,-0.194151428100965,TRUE,5.50938833662798,3.09104245335832,2.70805020110221,2.89037175789616
Jiangsu,2010,observed,TRUE,TRUE,165,52,17,49,-0.644713476566123,0.22699947432459,-0.0308145401925032,-0.0330852316270863,0.198732572842425,0.0672714869446937,TRUE,5.11198778835654,3.97029191355212,2.89037175789616,3.91202300542815
Jiangsu,2011,observed,TRUE,TRUE,214,87,21,84,1.43608611062053,0.347142949214122,0.205358104270117,0.0905487897759031,0.518361350497751,0.279833694027362,TRUE,5.37063802812766,4.47733681447821,3.09104245335832,4.44265125649032
Jiangsu,2012,observed,TRUE,TRUE,227,105,29,89,-0.204423081275757,0.374412729331079,0.292041290396977,0.281636486740565,0.552791243576021,0.370826720108177,TRUE,5.42934562895444,4.66343909411207,3.40119738166216,4.49980967033027
Jiangsu,2013,observed,TRUE,TRUE,265,111,41,95,0.653902998575756,0.44601598145804,0.317687171377316,0.488938383054493,0.591666611748733,0.461560237662041,TRUE,5.5834963087817,4.71849887129509,3.73766961828337,4.56434819146784
Jiangsu,2014,observed,TRUE,TRUE,85,171,56,116,0.0169118358292274,-0.0784756492215456,0.51750581945575,0.677085243809316,0.710828756626485,0.470432865065824,TRUE,4.45434729625351,5.14749447681345,4.04305126783455,4.76217393479776
Jiangsu,2015,observed,TRUE,TRUE,419,259,65,159,0.366658093862592,0.658181033805902,0.709961167468635,0.767408233044232,0.899367095830598,0.77771629844076,TRUE,6.04025471127741,5.56068163101553,4.18965474202643,5.07517381523383
Jiangsu,2016,observed,TRUE,TRUE,351,247,83,136,0.299147513306694,0.576139102035159,0.687951600360756,0.915989144798293,0.805885240233484,0.766689109776126,TRUE,5.8636311755981,5.51342874616498,4.43081679884331,4.91998092582813
Jiangsu,2017,observed,TRUE,TRUE,409,312,108,169,0.4156873527356,0.646987680242418,0.796373864327897,1.07650339161089,0.935884890969126,0.891582228250587,TRUE,6.01615715969835,5.74620319054015,4.69134788222914,5.13579843705026
Jiangsu,2018,observed,TRUE,TRUE,505,320,112,174,0.440199964571931,0.744709319124168,0.808129251808633,1.09870774122091,0.953345798788281,0.929322262744796,TRUE,6.22653666928747,5.77144112313002,4.72738781871234,5.16478597392351
Jiangsu,2019,observed,TRUE,TRUE,580,727,173,295,1.2032378132792,0.80890999712614,1.18953987953458,1.36465980961072,1.26992978912844,1.20535623860714,TRUE,6.36475075685191,6.59030104819669,5.15905529921453,5.69035945432406
Jiangsu,2020,observed,TRUE,TRUE,955,729,121,313,1.86870553460949,1.04023516550258,1.19081774729278,1.14592177954489,1.30548917652096,1.21282506864801,TRUE,6.8627579130514,6.59304453414244,4.80402104473326,5.74939298590825
Jiangsu,2021,observed,TRUE,TRUE,2547,1247,195,333,1.75089897364894,1.4955890126555,1.44059502021668,1.43801275947987,1.34268365303523,1.48087954602184,TRUE,7.84306401669205,7.12929754892937,5.27811465923052,5.8111409929767
Jiangsu,2022,observed,TRUE,TRUE,5928,2128,203,347,2.65168335139342,1.88788244564956,1.68937416835738,1.46266020680382,1.36741741496293,1.65787455961166,TRUE,8.68761084370737,7.66340766489348,5.31811999384422,5.85220247977447
Jiangsu,2023,observed,TRUE,TRUE,14424,5256,687,365,5.2589693245546,2.300874269585,2.11039876484383,2.21163866398673,1.39779490064826,2.08354472176967,TRUE,9.5767180913763,8.56731580081945,6.53378883793334,5.90263333340137
Jiangsu,2024,observed,TRUE,TRUE,19199,14810,1741,365,12.456273057688,2.43369735263467,2.59286076793438,2.78399949184625,1.39779490064826,2.40180290377236,TRUE,9.86266555801587,9.60312542692697,7.46278915741245,5.90263333340137
Jiangxi,2002,observed,TRUE,TRUE,7,4,2,4,-1.20356913620084,-1.18162339863835,-1.13045903245707,-1.13699543663922,-1.18825060652627,-1.24521662507767,TRUE,2.07944154167984,1.6094379124341,1.09861228866811,1.6094379124341
Jiangxi,2003,observed,TRUE,TRUE,15,2,2,2,-1.22613841524416,-0.859655358105904,-1.36839267147747,-1.13699543663922,-1.49595109060814,-1.31371483410643,TRUE,2.77258872223978,1.09861228866811,1.09861228866811,1.09861228866811
Jiangxi,2004,observed,TRUE,TRUE,18,4,2,4,-1.01247134566161,-0.779830622408393,-1.13045903245707,-1.13699543663922,-1.18825060652627,-1.14701989250151,TRUE,2.94443897916644,1.6094379124341,1.09861228866811,1.6094379124341
Jiangxi,2005,observed,TRUE,TRUE,25,5,3,5,-0.96780747282261,-0.634136154544921,-1.04553684088799,-0.959753356419943,-1.07842755013676,-1.01113453226417,TRUE,3.25809653802148,1.79175946922806,1.38629436111989,1.79175946922806
Jiangxi,2006,observed,TRUE,TRUE,46,8,2,8,-0.920344775596327,-0.359127431697677,-0.856678286853961,-1.13699543663922,-0.834191935792678,-0.874840396075115,TRUE,3.85014760171006,2.19722457733622,1.09861228866811,2.19722457733622
Jiangxi,2007,observed,TRUE,TRUE,52,10,6,9,-1.01147826106777,-0.303320195154266,-0.763209387498323,-0.614971821957637,-0.7707270660549,-0.678110977413681,TRUE,3.97029191355212,2.39789527279837,1.94591014905531,2.30258509299405
Jiangxi,2008,observed,TRUE,TRUE,58,22,9,18,-0.920693026054592,-0.253504464480852,-0.419648703555217,-0.395222956527764,-0.384100510344872,-0.409635060443896,TRUE,4.07753744390572,3.13549421592915,2.30258509299405,2.94443897916644
Jiangxi,2009,observed,TRUE,TRUE,68,33,8,15,-0.717310435911587,-0.180777870342307,-0.237590014895983,-0.460135993370887,-0.487616083538102,-0.387361389522959,TRUE,4.23410650459726,3.52636052461616,2.19722457733622,2.77258872223978
Jiangxi,2010,observed,TRUE,TRUE,65,27,15,23,-0.71174463328389,-0.201425789420017,-0.328024489801644,-0.105651832932342,-0.243380469194016,-0.256280013358446,TRUE,4.18965474202643,3.3322045101752,2.77258872223978,3.17805383034795
Jiangxi,2011,observed,TRUE,TRUE,79,12,8,12,-0.897446274044664,-0.112068719137796,-0.685398517354234,-0.460135993370887,-0.612689553004436,-0.526174988761404,TRUE,4.38202663467388,2.56494935746154,2.19722457733622,2.56494935746154
Jiangxi,2012,observed,TRUE,TRUE,89,40,20,36,-0.463710225737083,-0.0573582993859422,-0.150390153723672,0.0618876213106921,0.0173591677143171,-0.0577596255474949,TRUE,4.49980967033027,3.71357206670431,3.04452243772342,3.61091791264422
Jiangxi,2013,observed,TRUE,TRUE,114,48,24,38,0.202960044481005,0.0565014979512129,-0.0673652458602316,0.169307443364415,0.0490696018110247,0.0301322366317666,TRUE,4.74493212836325,3.89182029811063,3.2188758248682,3.66356164612965
Jiangxi,2014,observed,TRUE,TRUE,44,77,31,57,-0.304612001161302,-0.379326339918384,0.149171697858755,0.321398928811458,0.28813471967609,0.0875838098873429,TRUE,3.80666248977032,4.35670882668959,3.46573590279973,4.06044301054642
Jiangxi,2015,observed,TRUE,TRUE,199,97,31,68,-0.207523397973421,0.313549879297871,0.255490584729249,0.321398928811458,0.392742512826401,0.313895736049829,TRUE,5.29831736654804,4.58496747867057,3.46573590279973,4.23410650459726
Jiangxi,2016,observed,TRUE,TRUE,202,116,44,78,-0.159433399104974,0.320465665043385,0.338030251892783,0.531445168265093,0.474266610910594,0.41648381449685,TRUE,5.31320597904179,4.76217393479776,3.80666248977032,4.36944785246702
Jiangxi,2017,observed,TRUE,TRUE,202,155,69,89,0.0263238253243956,0.320465665043385,0.472027528448235,0.803660101422144,0.552791243576021,0.547364129183906,TRUE,5.31320597904179,5.04985600724954,4.24849524204936,4.49980967033027
Jiangxi,2018,observed,TRUE,TRUE,269,251,96,116,1.05555276590845,0.452948971288647,0.695404279445373,1.00464292679116,0.710828756626485,0.737078597252575,TRUE,5.59842195899838,5.52942908751142,4.57471097850338,4.76217393479776
Jiangxi,2019,observed,TRUE,TRUE,263,312,118,132,0.623660720246896,0.442510291644865,0.796373864327897,1.1305822979978,0.788036256072359,0.816642158975857,TRUE,5.57594910314632,5.74620319054015,4.77912349311153,4.89034912822175
Jiangxi,2020,observed,TRUE,TRUE,753,201,64,138,1.32042235166409,0.929978467400142,0.592391172992748,0.758001882147603,0.814615235667004,0.786873448822691,TRUE,6.62539236800796,5.30826769740121,4.17438726989564,4.93447393313069
Jiangxi,2021,observed,TRUE,TRUE,1856,400,112,192,0.838538438461098,1.34864554781631,0.911775316660125,1.09870774122091,1.01231929765337,1.12096597793,TRUE,7.52671756135271,5.99396142730657,4.72738781871234,5.26269018890489
Jiangxi,2022,observed,TRUE,TRUE,2579,423,121,187,0.785586244678077,1.50138630095359,0.937752951575937,1.14592177954489,0.996508438734423,1.17387261717197,TRUE,7.85554467791566,6.04973345523196,4.80402104473326,5.23644196282995
Jiangxi,2023,observed,TRUE,TRUE,5423,1864,482,336,4.14556691058517,1.84653156917808,1.62770860162379,1.99367820044012,1.34806991075432,1.76881752114152,TRUE,8.59858882962023,7.53101633207792,6.18001665365257,5.82008293035236
Jiangxi,2024,observed,TRUE,TRUE,5326,4111,1082,355,5.6970805942682,1.83814948618837,1.99597882947447,2.49116592425785,1.38110798476508,2.01007934424374,TRUE,8.580543506917,8.321664807135,6.98749024700099,5.87493073085203
Jilin,2002,observed,TRUE,TRUE,,2,1,2,-1.06662524088016,,-1.36839267147747,-1.38680411816374,-1.49595109060814,,TRUE,,1.09861228866811,0.693147180559945,1.09861228866811
Jilin,2003,observed,TRUE,TRUE,,3,2,3,-1.0910911864445,,-1.23439539492202,-1.13699543663922,-1.32266316448085,,TRUE,,1.38629436111989,1.09861228866811,1.38629436111989
Jilin,2004,observed,TRUE,TRUE,5,3,2,2,-1.08023602133923,-1.31525220902864,-1.23439539492202,-1.13699543663922,-1.49595109060814,-1.38850678196485,TRUE,1.79175946922806,1.38629436111989,1.09861228866811,1.09861228866811
Jilin,2005,observed,TRUE,TRUE,10,4,1,4,-0.938067064319325,-1.03370110062705,-1.13045903245707,-1.38680411816374,-1.18825060652627,-1.27635797609764,TRUE,2.39789527279837,1.6094379124341,0.693147180559945,1.6094379124341
Jilin,2006,observed,TRUE,TRUE,10,1,1,1,-1.20883430702688,-1.03370110062705,-1.5572512255115,-1.38680411816374,-1.74018670495223,-1.54037218206472,TRUE,2.39789527279837,0.693147180559945,0.693147180559945,0.693147180559945
Jilin,2007,observed,TRUE,TRUE,32,12,7,8,-0.843711687053303,-0.523393829952458,-0.685398517354234,-0.532702594676143,-0.834191935792678,-0.70547821255473,TRUE,3.49650756146648,2.56494935746154,2.07944154167984,2.19722457733622
Jilin,2008,observed,TRUE,TRUE,26,1,1,1,-1.23152207196124,-0.616605708211903,-1.5572512255115,-1.38680411816374,-1.74018670495223,-1.43843554424847,TRUE,3.29583686600433,0.693147180559945,0.693147180559945,0.693147180559945
Jilin,2009,observed,TRUE,TRUE,60,3,3,3,-1.15722901671087,-0.238019640747959,-1.23439539492202,-0.959753356419943,-1.32266316448085,-1.03115320540739,TRUE,4.11087386417331,1.38629436111989,1.38629436111989,1.38629436111989
Jilin,2010,observed,TRUE,TRUE,24,5,2,3,-0.97471859778177,-0.652354242299453,-1.04553684088799,-1.13699543663922,-1.32266316448085,-1.12863987888113,TRUE,3.2188758248682,1.79175946922806,1.09861228866811,1.38629436111989
Jilin,2011,observed,TRUE,TRUE,15,10,5,10,-0.972168082784776,-0.859655358105904,-0.763209387498323,-0.709944674895415,-0.713316107991538,-0.824309460314665,TRUE,2.77258872223978,2.39789527279837,1.79175946922806,2.39789527279837
Jilin,2012,observed,TRUE,TRUE,7,4,2,4,-1.19221255702414,-1.18162339863835,-1.13045903245707,-1.13699543663922,-1.18825060652627,-1.24521662507767,TRUE,2.07944154167984,1.6094379124341,1.09861228866811,1.6094379124341
Jilin,2013,observed,TRUE,TRUE,5,5,4,4,-1.00350913237158,-1.31525220902864,-1.04553684088799,-0.822273718271565,-1.18825060652627,-1.16992915218956,TRUE,1.79175946922806,1.79175946922806,1.6094379124341,1.6094379124341
Jilin,2014,observed,TRUE,TRUE,4,16,10,14,-0.832497383851368,-1.39994088126756,-0.560445845485463,-0.336501971967897,-0.526491451710814,-0.750486045532797,TRUE,1.6094379124341,2.83321334405622,2.39789527279837,2.70805020110221
Jilin,2015,observed,TRUE,TRUE,14,12,7,11,-0.940619818733295,-0.889633610592972,-0.685398517354234,-0.532702594676143,-0.66090400966539,-0.748649339356424,TRUE,2.70805020110221,2.56494935746154,2.07944154167984,2.484906649788
Jilin,2016,observed,TRUE,TRUE,8,15,8,8,-0.934581493241917,-1.12691297888649,-0.588683733743057,-0.460135993370887,-0.834191935792678,-0.807044602295492,TRUE,2.19722457733622,2.77258872223978,2.19722457733622,2.19722457733622
Jilin,2017,observed,TRUE,TRUE,37,25,18,20,-0.730704902346144,-0.457862581875951,-0.362542686764753,0.000225800540987319,-0.323814324190909,-0.321355376399589,TRUE,3.63758615972639,3.25809653802148,2.94443897916644,3.04452243772342
Jilin,2018,observed,TRUE,TRUE,92,60,29,31,-0.658760876752223,-0.0421273710927679,0.0346660730259302,0.281636486740565,-0.0700925430667273,0.0322571917053686,TRUE,4.53259949315326,4.11087386417331,3.40119738166216,3.46573590279973
Jilin,2019,observed,TRUE,TRUE,46,56,28,39,-0.595496246312106,-0.359127431697677,0.0030754941592647,0.260749604598592,0.0643200148878488,-0.0235194059610254,TRUE,3.85014760171006,4.04305126783455,3.36729582998647,3.68887945411394
Jilin,2020,observed,TRUE,TRUE,140,4,4,3,-1.14336747296961,0.151179838976912,-1.13045903245707,-0.822273718271565,-1.32266316448085,-0.870646473408272,TRUE,4.94875989037817,1.6094379124341,1.6094379124341,1.38629436111989
Jilin,2021,observed,TRUE,TRUE,519,136,27,109,-0.286379879086963,0.75738656548807,0.411533987594021,0.239129701529964,0.673667071377162,0.517893011215082,TRUE,6.25382881157547,4.91998092582813,3.3322045101752,4.70048036579242
Jilin,2022,observed,TRUE,TRUE,318,45,18,36,-0.775731128656464,0.530413521318017,-0.0967928729657371,0.000225800540987319,0.0173591677143171,0.0839006505044257,TRUE,5.76519110278484,3.8286413964891,2.94443897916644,3.61091791264422
Jilin,2023,observed,TRUE,TRUE,1378,504,126,236,0.694665791837436,1.21040813224542,1.01918336604718,1.17066823916574,1.13602576572606,1.16894530998265,TRUE,7.2291138777933,6.22455842927536,4.84418708645859,5.46806014113513
Jilin,2024,observed,TRUE,TRUE,1060,1184,298,315,1.68352981181941,1.08864052745281,1.41646772147313,1.69821129964105,1.30931369185334,1.43600970558059,TRUE,6.96696713861398,7.07749805356923,5.70044357339069,5.75574221358691
Liaoning,2002,observed,TRUE,TRUE,,3,2,3,-1.11824032410857,,-1.23439539492202,-1.13699543663922,-1.32266316448085,,TRUE,,1.38629436111989,1.09861228866811,1.38629436111989
Liaoning,2003,structural_zero,TRUE,FALSE,0,0,0,0,,-2.14752752023567,-1.88010705610098,-1.81385487990754,-2.1577102454236,-2.127344660973,TRUE,0,0,0,0
Liaoning,2004,observed,TRUE,TRUE,31,8,2,8,-1.11058312439962,-0.537687317573463,-0.856678286853961,-1.13699543663922,-0.834191935792678,-0.918479800264251,TRUE,3.46573590279973,2.19722457733622,1.09861228866811,2.19722457733622
Liaoning,2005,structural_zero,TRUE,FALSE,0,0,0,0,,-2.14752752023567,-1.88010705610098,-1.81385487990754,-2.1577102454236,-2.127344660973,TRUE,0,0,0,0
Liaoning,2006,observed,TRUE,TRUE,31,1,1,1,-1.23605962494811,-0.537687317573463,-1.5572512255115,-1.38680411816374,-1.74018670495223,-1.41914816886662,TRUE,3.46573590279973,0.693147180559945,0.693147180559945,0.693147180559945
Liaoning,2007,observed,TRUE,TRUE,30,8,4,8,-1.14047181840863,-0.552434641767357,-0.856678286853961,-0.822273718271565,-0.834191935792678,-0.837304793639749,TRUE,3.43398720448515,2.19722457733622,1.6094379124341,2.19722457733622
Liaoning,2008,observed,TRUE,TRUE,35,44,6,43,-0.762570733475486,-0.482976897821609,-0.107030263210052,-0.614971821957637,0.121730972951211,-0.304373366037987,TRUE,3.58351893845611,3.80666248977032,1.94591014905531,3.78418963391826
Liaoning,2009,observed,TRUE,TRUE,31,60,10,53,-0.709534302796856,-0.537687317573463,0.0346660730259302,-0.336501971967897,0.245090759494157,-0.171090088625115,TRUE,3.46573590279973,4.11087386417331,2.39789527279837,3.98898404656427
Liaoning,2010,observed,TRUE,TRUE,26,48,5,42,-0.831277784860644,-0.616605708211903,-0.0673652458602316,-0.709944674895415,0.107883026494655,-0.355497718481452,TRUE,3.29583686600433,3.89182029811063,1.79175946922806,3.76120011569356
Liaoning,2011,observed,TRUE,TRUE,13,73,8,62,-0.533042063764157,-0.921680916369237,0.1246511677658,-0.460135993370887,0.337944830624552,-0.248864401432855,TRUE,2.63905732961526,4.30406509320417,2.19722457733622,4.14313472639153
Liaoning,2012,observed,TRUE,TRUE,17,112,9,107,-0.265178013402977,-0.804944938354051,0.321827487578477,-0.395222956527764,0.662614299965531,-0.0622434247985457,TRUE,2.89037175789616,4.72738781871234,2.30258509299405,4.68213122712422
Liaoning,2013,observed,TRUE,TRUE,7,153,9,123,-0.203650117603556,-1.18162339863835,0.46601734821153,-0.395222956527764,0.745830419222098,-0.0927157751031488,TRUE,2.07944154167984,5.03695260241363,2.30258509299405,4.82028156560504
Liaoning,2014,observed,TRUE,TRUE,6,152,11,138,-0.112843489741877,-1.24364895690168,0.462982923761554,-0.282893913151614,0.814615235667004,-0.0600505663099548,TRUE,1.94591014905531,5.03043792139244,2.484906649788,4.93447393313069
Liaoning,2015,observed,TRUE,TRUE,54,291,18,194,0.158891813765894,-0.286114461658938,0.764025554238353,0.000225800540987319,1.01852924070835,0.386883766328761,TRUE,4.00733318523247,5.67675380226828,2.94443897916644,5.27299955856375
Liaoning,2016,observed,TRUE,TRUE,32,194,16,151,-0.160483672794714,-0.523393829952458,0.575963890913184,-0.0683007599521075,0.868470111069252,0.219005663355953,TRUE,3.49650756146648,5.27299955856375,2.83321334405622,5.02388052084628
Liaoning,2017,observed,TRUE,TRUE,154,171,26,133,-0.149669077528448,0.195151997200752,0.51750581945575,0.216723449897442,0.792548330662838,0.435146543025322,TRUE,5.04342511691925,5.14749447681345,3.29583686600433,4.89783979995091
Liaoning,2018,observed,TRUE,TRUE,128,258,25,194,0.0852121735253651,0.109863580920602,0.708166242296693,0.193471482255424,1.01852924070835,0.520477232120839,TRUE,4.85981240436167,5.55682806169954,3.25809653802148,5.27299955856375
Liaoning,2019,observed,TRUE,TRUE,118,193,31,153,-0.0676961819696415,0.0723834448448589,0.573569116971004,0.321398928811458,0.876344198897068,0.471040370878492,TRUE,4.77912349311153,5.26785815906333,3.46573590279973,5.03695260241363
Liaoning,2020,observed,TRUE,TRUE,306,196,24,152,-0.00879856255119285,0.512602967821351,0.580716814865669,0.169307443364415,0.872420021231347,0.538558891958407,TRUE,5.7268477475872,5.28320372873799,3.2188758248682,5.03043792139244
Liaoning,2021,observed,TRUE,TRUE,675,462,50,255,0.568194376588859,0.879255211145827,0.978738830537033,0.608558683316221,1.1824780783474,0.937980552618525,TRUE,6.51619307604296,6.13772705408623,3.93182563272433,5.54517744447956
Liaoning,2022,observed,TRUE,TRUE,1383,874,37,358,0.992467548454922,1.21208928390103,1.27520791995112,0.427276562284788,1.38616277645287,1.10583156466739,TRUE,7.23273313617762,6.77422388635761,3.63758615972639,5.88332238848828
Liaoning,2023,observed,TRUE,TRUE,2432,727,168,276,1.1602753489554,1.47413661782515,1.18953987953458,1.34669632093079,1.22996811021714,1.35241068468555,TRUE,7.79688034278352,6.59030104819669,5.12989871492307,5.62401750618734
Liaoning,2024,observed,TRUE,TRUE,2563,2609,414,362,2.78177223547047,1.49849670099476,1.78425305654925,1.9001917270319,1.39283718425599,1.71325157060377,TRUE,7.84932381804056,7.86710550031674,6.0282785202307,5.89440283426485
Macao,2002,no_data,FALSE,FALSE,,,,,,,,,,,FALSE,,,,
Macao,2003,no_data,FALSE,FALSE,,,,,,,,,,,FALSE,,,,
Macao,2004,no_data,FALSE,FALSE,,,,,,,,,,,FALSE,,,,
Macao,2005,no_data,FALSE,FALSE,,,,,,,,,,,FALSE,,,,
Macao,2006,no_data,FALSE,FALSE,,,,,,,,,,,FALSE,,,,
Macao,2007,no_data,FALSE,FALSE,,,,,,,,,,,FALSE,,,,
Macao,2008,no_data,FALSE,FALSE,,,,,,,,,,,FALSE,,,,
Macao,2009,no_data,FALSE,FALSE,,,,,,,,,,,FALSE,,,,
Macao,2010,no_data,FALSE,FALSE,,,,,,,,,,,FALSE,,,,
Macao,2011,no_data,FALSE,FALSE,,,,,,,,,,,FALSE,,,,
Macao,2012,no_data,FALSE,FALSE,,,,,,,,,,,FALSE,,,,
Macao,2013,no_data,FALSE,FALSE,,,,,,,,,,,FALSE,,,,
Macao,2014,no_data,FALSE,FALSE,,,,,,,,,,,FALSE,,,,
Macao,2015,no_data,FALSE,FALSE,,,,,,,,,,,FALSE,,,,
Macao,2016,no_data,FALSE,FALSE,,,,,,,,,,,FALSE,,,,
Macao,2017,no_data,FALSE,FALSE,,,,,,,,,,,FALSE,,,,
Macao,2018,no_data,FALSE,FALSE,,,,,,,,,,,FALSE,,,,
Macao,2019,no_data,FALSE,FALSE,,,,,,,,,,,FALSE,,,,
Macao,2020,no_data,FALSE,FALSE,,,,,,,,,,,FALSE,,,,
Macao,2021,no_data,FALSE,FALSE,,,,,,,,,,,FALSE,,,,
Macao,2022,no_data,FALSE,FALSE,,,,,,,,,,,FALSE,,,,
Macao,2023,observed,FALSE,TRUE,81,11,7,11,-1.02990940773042,,,,,,FALSE,4.40671924726425,2.484906649788,2.07944154167984,2.484906649788
Macao,2024,observed,FALSE,TRUE,108,52,36,46,-0.757261539340226,,,,,,FALSE,4.69134788222914,3.97029191355212,3.61091791264422,3.85014760171006
Ningxia,2002,observed,TRUE,TRUE,,1,1,1,-1.23152207196124,,-1.5572512255115,-1.38680411816374,-1.74018670495223,,TRUE,,0.693147180559945,0.693147180559945,0.693147180559945
Ningxia,2003,structural_zero,TRUE,FALSE,0,0,0,0,,-2.14752752023567,-1.88010705610098,-1.81385487990754,-2.1577102454236,-2.127344660973,TRUE,0,0,0,0
Ningxia,2004,structural_zero,TRUE,FALSE,0,0,0,0,,-2.14752752023567,-1.88010705610098,-1.81385487990754,-2.1577102454236,-2.127344660973,TRUE,0,0,0,0
Ningxia,2005,structural_zero,TRUE,FALSE,0,0,0,0,,-2.14752752023567,-1.88010705610098,-1.81385487990754,-2.1577102454236,-2.127344660973,TRUE,0,0,0,0
Ningxia,2006,structural_zero,TRUE,FALSE,0,0,0,0,,-2.14752752023567,-1.88010705610098,-1.81385487990754,-2.1577102454236,-2.127344660973,TRUE,0,0,0,0
Ningxia,2007,observed,TRUE,TRUE,,6,3,4,-1.05638249613214,,-0.973736150980604,-0.959753356419943,-1.18825060652627,,TRUE,,1.94591014905531,1.38629436111989,1.6094379124341
Ningxia,2008,structural_zero,TRUE,FALSE,0,0,0,0,,-2.14752752023567,-1.88010705610098,-1.81385487990754,-2.1577102454236,-2.127344660973,TRUE,0,0,0,0
Ningxia,2009,structural_zero,TRUE,FALSE,0,0,0,0,,-2.14752752023567,-1.88010705610098,-1.81385487990754,-2.1577102454236,-2.127344660973,TRUE,0,0,0,0
Ningxia,2010,structural_zero,TRUE,FALSE,0,0,0,0,,-2.14752752023567,-1.88010705610098,-1.81385487990754,-2.1577102454236,-2.127344660973,TRUE,0,0,0,0
Ningxia,2011,observed,TRUE,TRUE,9,4,2,4,-1.15800315568922,-1.07797284073512,-1.13045903245707,-1.13699543663922,-1.18825060652627,-1.21988479554282,TRUE,2.30258509299405,1.6094379124341,1.09861228866811,1.6094379124341
Ningxia,2012,observed,TRUE,TRUE,6,3,3,2,-1.19417051848209,-1.24364895690168,-1.23439539492202,-0.959753356419943,-1.49595109060814,-1.32326203085228,TRUE,1.94591014905531,1.38629436111989,1.38629436111989,1.09861228866811
Ningxia,2013,observed,TRUE,TRUE,5,6,2,6,-1.15364949272103,-1.31525220902864,-0.973736150980604,-1.13699543663922,-0.985573479006369,-1.18092605501835,TRUE,1.79175946922806,1.94591014905531,1.09861228866811,1.94591014905531
Ningxia,2014,observed,TRUE,TRUE,6,8,2,8,-1.12861906596136,-1.24364895690168,-0.856678286853961,-1.13699543663922,-0.834191935792678,-1.09101432653573,TRUE,1.94591014905531,2.19722457733622,1.09861228866811,2.19722457733622
Ningxia,2015,observed,TRUE,TRUE,2,12,7,12,-1.1142591792343,-1.63722024956108,-0.685398517354234,-0.532702594676143,-0.612689553004436,-0.918464492790123,TRUE,1.09861228866811,2.56494935746154,2.07944154167984,2.56494935746154
Ningxia,2016,observed,TRUE,TRUE,6,2,2,2,-1.2215590663345,-1.24364895690168,-1.36839267147747,-1.13699543663922,-1.49595109060814,-1.40756151070852,TRUE,1.94591014905531,1.09861228866811,1.09861228866811,1.09861228866811
Ningxia,2017,observed,TRUE,TRUE,7,9,3,9,-1.07970966445461,-1.18162339863835,-0.807603201867589,-0.959753356419943,-0.7707270660549,-0.997752418478967,TRUE,2.07944154167984,2.30258509299405,1.38629436111989,2.30258509299405
Ningxia,2018,observed,TRUE,TRUE,37,34,20,16,-0.901541857131266,-0.457862581875951,-0.224088127336696,0.0618876213106921,-0.451098288399574,-0.301010050619749,TRUE,3.63758615972639,3.55534806148941,3.04452243772342,2.83321334405622
Ningxia,2019,observed,TRUE,TRUE,25,55,28,29,-0.70839007977231,-0.634136154544921,-0.00516865921216394,0.260749604598592,-0.10896791123944,-0.139316140052339,TRUE,3.25809653802148,4.02535169073515,3.36729582998647,3.40119738166216
Ningxia,2020,observed,TRUE,TRUE,105,48,21,40,-0.675547073367825,0.0186478453781755,-0.0673652458602316,0.0905487897759031,0.0791938358040524,0.00772017972714786,TRUE,4.66343909411207,3.89182029811063,3.09104245335832,3.71357206670431
Ningxia,2021,observed,TRUE,TRUE,266,78,34,53,-0.528158620227989,0.447758954217594,0.155105313205716,0.376609339678343,0.245090759494157,0.294701896007688,TRUE,5.58724865840025,4.36944785246702,3.55534806148941,3.98898404656427
Ningxia,2022,observed,TRUE,TRUE,283,46,16,32,-0.749336862337496,0.476430590666161,-0.0867756588095274,-0.0683007599521075,-0.051556953176077,0.0365526028396791,TRUE,5.64897423816121,3.85014760171006,2.83321334405622,3.49650756146648
Ningxia,2023,observed,TRUE,TRUE,578,135,63,93,-0.183081598715385,0.807308265554868,0.408121646282978,0.748449690555259,0.578984898263048,0.641044887535119,TRUE,6.361302477573,4.91265488573605,4.15888308335967,4.54329478227
Ningxia,2024,observed,TRUE,TRUE,668,521,139,259,0.869104163216531,0.874420205605978,1.03460503290534,1.23071086316594,1.19181716683564,1.12213066699617,TRUE,6.50578406012823,6.25766758788264,4.9416424226093,5.56068163101553
Qinghai,2002,observed,TRUE,TRUE,1,68,7,33,-0.530833024618274,-1.82555947970323,0.0920656810682913,-0.532702594676143,-0.0335747479281997,-0.597549299295807,TRUE,0.693147180559945,4.23410650459726,2.07944154167984,3.52636052461616
Qinghai,2003,observed,TRUE,TRUE,,1,1,1,-1.23152207196124,,-1.5572512255115,-1.38680411816374,-1.74018670495223,,TRUE,,0.693147180559945,0.693147180559945,0.693147180559945
Qinghai,2004,observed,TRUE,TRUE,2,102,10,72,-0.304592819621213,-1.63722024956108,0.278668625339757,-0.336501971967897,0.426687219296649,-0.324690165142807,TRUE,1.09861228866811,4.63472898822964,2.39789527279837,4.29045944114839
Qinghai,2005,observed,TRUE,TRUE,40,39,6,36,-0.635705744754659,-0.422566999258132,-0.161891540688629,-0.614971821957637,0.0173591677143171,-0.332484149104756,TRUE,3.71357206670431,3.68887945411394,1.94591014905531,3.61091791264422
Qinghai,2006,observed,TRUE,TRUE,30,22,6,22,-0.898492349609161,-0.552434641767357,-0.419648703555217,-0.614971821957637,-0.26901664198906,-0.511115092989389,TRUE,3.43398720448515,3.13549421592915,1.94591014905531,3.13549421592915
Qinghai,2007,observed,TRUE,TRUE,79,93,17,50,-0.431137032906698,-0.112068719137796,0.236080171779953,-0.0330852316270863,0.210660866415886,0.0604025888583948,TRUE,4.38202663467388,4.54329478227,2.89037175789616,3.93182563272433
Qinghai,2008,observed,TRUE,TRUE,24,27,8,27,-0.814116742136785,-0.652354242299453,-0.328024489801644,-0.460135993370887,-0.15052639806362,-0.437146820104895,TRUE,3.2188758248682,3.3322045101752,2.19722457733622,3.3322045101752
Qinghai,2009,observed,TRUE,TRUE,24,24,6,22,-0.702996738971503,-0.652354242299453,-0.38081100881316,-0.614971821957637,-0.26901664198906,-0.524940209193331,TRUE,3.2188758248682,3.2188758248682,1.94591014905531,3.13549421592915
Qinghai,2010,observed,TRUE,TRUE,19,68,13,37,-0.65719659369319,-0.756004800202678,0.0920656810682913,-0.187921060213836,0.0334230301265028,-0.225362288976642,TRUE,2.99573227355399,4.23410650459726,2.63905732961526,3.63758615972639
Qinghai,2011,observed,TRUE,TRUE,17,26,8,23,-0.796860815875385,-0.804944938354051,-0.344963902230452,-0.460135993370887,-0.243380469194016,-0.503889350050844,TRUE,2.89037175789616,3.29583686600433,2.19722457733622,3.17805383034795
Qinghai,2012,observed,TRUE,TRUE,19,65,14,55,-0.516951527083489,-0.756004800202678,0.0713608277146651,-0.145414275003236,0.266997142407754,-0.157103252123982,TRUE,2.99573227355399,4.18965474202643,2.70805020110221,4.02535169073515
Qinghai,2013,observed,TRUE,TRUE,38,103,21,64,-0.427070500041435,-0.445796924402774,0.283168974414207,0.0905487897759031,0.356770085892889,0.0640597817017016,TRUE,3.66356164612965,4.64439089914137,3.09104245335832,4.17438726989564
Qinghai,2014,observed,TRUE,TRUE,21,136,29,80,-0.218029720073401,-0.711733060094606,0.411533987594021,0.281636486740565,0.489326373838243,0.121003727787469,TRUE,3.09104245335832,4.91998092582813,3.40119738166216,4.39444915467244
Qinghai,2015,observed,TRUE,TRUE,89,71,16,58,-0.4267525324076,-0.0573582993859422,0.11188920491448,-0.0683007599521075,0.298431707875279,0.0538777761979317,TRUE,4.49980967033027,4.27666611901606,2.83321334405622,4.07753744390572
Qinghai,2016,observed,TRUE,TRUE,85,228,20,136,-0.0912812545871559,-0.0784756492215456,0.650825594065261,0.0618876213106921,0.805885240233484,0.366499233701731,TRUE,4.45434729625351,5.43372200355424,3.04452243772342,4.91998092582813
Qinghai,2017,observed,TRUE,TRUE,102,346,47,183,0.256207522124468,0.00531195252064722,0.844406096634915,0.571207610335987,0.983553979425064,0.62449292054793,TRUE,4.63472898822964,5.84932477994686,3.87120101090789,5.21493575760899
Qinghai,2018,observed,TRUE,TRUE,331,487,54,210,0.534883559976108,0.548967514857031,1.00323356479437,0.655079189668082,1.06603042417608,0.845335468462794,TRUE,5.80513496891649,6.19031540585315,4.00733318523247,5.35185813347607
Qinghai,2019,observed,TRUE,TRUE,114,302,54,164,0.341367228585675,0.0565014979512129,0.781249727026776,0.655079189668082,0.917902685721248,0.62481273499923,TRUE,4.74493212836325,5.71373280550937,4.00733318523247,5.10594547390058
Qinghai,2020,observed,TRUE,TRUE,627,413,69,185,0.905243824202651,0.84504330977714,0.92663589628128,0.803660101422144,0.990066033566184,0.916511448100493,TRUE,6.4425401664682,6.02586597382531,4.24849524204936,5.2257466737132
Qinghai,2021,observed,TRUE,TRUE,1260,541,87,192,0.665450627678045,1.16885681040652,1.05211771618278,0.944650313263504,1.01231929765337,1.0738117719703,TRUE,7.13966033596492,6.29526600143965,4.47733681447821,5.26269018890489
Qinghai,2022,observed,TRUE,TRUE,1924,748,102,170,0.892011131680977,1.36535074064316,1.2027857723055,1.04162026362637,0.93941779928605,1.1695642705493,TRUE,7.56268124672188,6.61873898351722,4.63472898822964,5.14166355650266
Qinghai,2023,observed,TRUE,TRUE,3215,1157,213,242,1.56732041408887,1.6037387629154,1.40573218209414,1.49214449364955,1.1510855286537,1.4611496707528,TRUE,8.07589363029886,7.05444965813294,5.36597601502185,5.49306144334055
Qinghai,2024,observed,TRUE,TRUE,2904,1837,402,275,2.44691475746395,1.55649663609425,1.62091608175969,1.88211402869066,1.22778959376915,1.63386551938922,TRUE,7.97418866928601,7.51643330291563,5.99893656194668,5.62040086571715
Shaanxi,2002,observed,TRUE,TRUE,3,15,5,10,-1.02760592766275,-1.50359143917079,-0.588683733743057,-0.709944674895415,-0.713316107991538,-0.934074752617678,TRUE,1.38629436111989,2.77258872223978,1.79175946922806,2.39789527279837
Shaanxi,2003,observed,TRUE,TRUE,6,3,2,3,-1.18866127237177,-1.24364895690168,-1.23439539492202,-1.13699543663922,-1.32266316448085,-1.32467062107355,TRUE,1.94591014905531,1.38629436111989,1.09861228866811,1.38629436111989
Shaanxi,2004,observed,TRUE,TRUE,19,11,6,9,-1.12119191731875,-0.756004800202678,-0.722681010298509,-0.614971821957637,-0.7707270660549,-0.777689395973797,TRUE,2.99573227355399,2.484906649788,1.94591014905531,2.30258509299405
Shaanxi,2005,observed,TRUE,TRUE,5,3,1,3,-1.18392007123297,-1.31525220902864,-1.23439539492202,-1.38680411816374,-1.32266316448085,-1.40946323965197,TRUE,1.79175946922806,1.38629436111989,0.693147180559945,1.38629436111989
Shaanxi,2006,observed,TRUE,TRUE,19,27,10,23,-0.688522023367573,-0.756004800202678,-0.328024489801644,-0.336501971967897,-0.243380469194016,-0.454003178227428,TRUE,2.99573227355399,3.3322045101752,2.39789527279837,3.17805383034795
Shaanxi,2007,observed,TRUE,TRUE,27,67,18,42,-0.496482518301388,-0.599712875836796,0.0852658156934975,0.000225800540987319,0.107883026494655,-0.118427070621985,TRUE,3.3322045101752,4.21950770517611,2.94443897916644,3.76120011569356
Shaanxi,2008,observed,TRUE,TRUE,89,23,14,22,-0.883856818783739,-0.0573582993859422,-0.399825179709029,-0.145414275003236,-0.26901664198906,-0.25822373913961,TRUE,4.49980967033027,3.17805383034795,2.70805020110221,3.13549421592915
Shaanxi,2009,observed,TRUE,TRUE,95,31,13,27,-0.764252260598375,-0.0273800468988742,-0.265827903153577,-0.187921060213836,-0.15052639806362,-0.194109382793218,TRUE,4.56434819146784,3.46573590279973,2.63905732961526,3.3322045101752
Shaanxi,2010,observed,TRUE,TRUE,85,37,18,26,-0.779607601552955,-0.0784756492215456,-0.185783059874764,0.000225800540987319,-0.172432780977218,-0.139935830195759,TRUE,4.45434729625351,3.63758615972639,2.94443897916644,3.29583686600433
Shaanxi,2011,observed,TRUE,TRUE,116,56,24,49,-0.600339465414796,0.064510346271815,0.0030754941592647,0.169307443364415,0.198732572842425,0.0913250773943021,TRUE,4.76217393479776,4.04305126783455,3.2188758248682,3.91202300542815
Shaanxi,2012,observed,TRUE,TRUE,94,45,27,42,-0.679692134924483,-0.032243983440284,-0.0967928729657371,0.239129701529964,0.107883026494655,0.0349504336743343,TRUE,4.55387689160054,3.8286413964891,3.3322045101752,3.76120011569356
Shaanxi,2013,observed,TRUE,TRUE,124,79,29,62,-0.449496332054655,0.0952323966686563,0.160964289900851,0.281636486740565,0.337944830624552,0.209389200679104,TRUE,4.8283137373023,4.38202663467388,3.40119738166216,4.14313472639153
Shaanxi,2014,observed,TRUE,TRUE,59,69,36,56,-0.396705139462741,-0.24569752952809,0.0987677032527844,0.410846148153104,0.277658644470589,0.127785937848781,TRUE,4.0943445622221,4.24849524204936,3.61091791264422,4.04305126783455
Shaanxi,2015,observed,TRUE,TRUE,107,43,22,38,-0.601067031475767,0.0273303728529795,-0.117497726319363,0.117935699221879,0.0490696018110247,-0.00451160176416989,TRUE,4.68213122712422,3.78418963391826,3.13549421592915,3.66356164612965
Shaanxi,2016,observed,TRUE,TRUE,54,56,32,49,-0.622983024963562,-0.286114461658938,0.0030754941592647,0.340357471300431,0.198732572842425,0.0517107803852556,TRUE,4.00733318523247,4.04305126783455,3.49650756146648,3.91202300542815
Shaanxi,2017,observed,TRUE,TRUE,127,249,61,181,0.0712116392425043,0.10624876349142,0.691692845420228,0.728889190015297,0.976970753884169,0.648217176517343,TRUE,4.85203026391962,5.52146091786225,4.12713438504509,5.2040066870768
Shaanxi,2018,observed,TRUE,TRUE,354,307,70,213,0.496505629022548,0.580081148569387,0.78887317880101,0.812399312008673,1.07453445918087,0.839114827646822,TRUE,5.87211778947542,5.73009978297357,4.26267987704132,5.36597601502185
Shaanxi,2019,observed,TRUE,TRUE,330,310,58,213,0.814282732973065,0.547566302043633,0.793388068810627,0.698332315389304,1.07453445918087,0.801672797997671,TRUE,5.80211837537706,5.73979291217923,4.07753744390572,5.36597601502185
Shaanxi,2020,observed,TRUE,TRUE,367,140,38,103,-0.0503677587156374,0.59678702111287,0.424938725813981,0.443280163779952,0.639881068409688,0.528259294759693,TRUE,5.90808293816893,4.94875989037817,3.66356164612965,4.64439089914137
Shaanxi,2021,observed,TRUE,TRUE,751,148,64,94,0.0785150976332239,0.928744730432088,0.450643592738262,0.758001882147603,0.585359128552453,0.686601069943163,TRUE,6.62273632394984,5.00394630594546,4.17438726989564,4.55387689160054
Shaanxi,2022,observed,TRUE,TRUE,941,144,40,118,0.174823235296826,1.03338253991929,0.437968456712753,0.474091784746634,0.721038478017656,0.668517377459048,TRUE,6.84800527457636,4.97673374242057,3.71357206670431,4.77912349311153
Shaanxi,2023,observed,TRUE,TRUE,2591,798,223,290,1.92043558908519,1.50354176512489,1.23288555180599,1.52028198676137,1.25966788606432,1.42612367669321,TRUE,7.86018505747217,6.68336094576628,5.41164605185504,5.67332326717149
Shaanxi,2024,observed,TRUE,TRUE,3377,2663,584,356,3.79725786533526,1.62656691569016,1.79379159819178,2.11172076868426,1.38279763283312,1.80145037391586,TRUE,8.12503909736775,7.88758403166028,6.37161184723186,5.87773578177964
Shandong,2002,structural_zero,TRUE,FALSE,0,0,0,0,,-2.14752752023567,-1.88010705610098,-1.81385487990754,-2.1577102454236,-2.127344660973,TRUE,0,0,0,0
Shandong,2003,observed,TRUE,TRUE,30,2,1,2,-1.19409571592696,-0.552434641767357,-1.36839267147747,-1.38680411816374,-1.49595109060814,-1.30592421544029,TRUE,3.43398720448515,1.09861228866811,0.693147180559945,1.09861228866811
Shandong,2004,observed,TRUE,TRUE,16,1,1,1,-1.23605962494811,-0.831495118489132,-1.5572512255115,-1.38680411816374,-1.74018670495223,-1.49095375563205,TRUE,2.83321334405622,0.693147180559945,0.693147180559945,0.693147180559945
Shandong,2005,observed,TRUE,TRUE,13,1,1,1,-1.22925329546781,-0.921680916369237,-1.5572512255115,-1.38680411816374,-1.74018670495223,-1.5129948454687,TRUE,2.63905732961526,0.693147180559945,0.693147180559945,0.693147180559945
Shandong,2006,observed,TRUE,TRUE,10,8,2,8,-1.08097475959921,-1.03370110062705,-0.856678286853961,-1.13699543663922,-0.834191935792678,-1.03970381346235,TRUE,2.39789527279837,2.19722457733622,1.09861228866811,2.19722457733622
Shandong,2007,observed,TRUE,TRUE,38,2,2,2,-1.1784781971015,-0.445796924402774,-1.36839267147747,-1.13699543663922,-1.49595109060814,-1.21256929754389,TRUE,3.66356164612965,1.09861228866811,1.09861228866811,1.09861228866811
Shandong,2008,observed,TRUE,TRUE,37,5,4,5,-1.18933941508101,-0.457862581875951,-1.04553684088799,-0.822273718271565,-1.07842755013676,-0.931019864159319,TRUE,3.63758615972639,1.79175946922806,1.6094379124341,1.79175946922806
Shandong,2009,observed,TRUE,TRUE,28,7,5,7,-1.15546484449859,-0.583412898290606,-0.911539564332537,-0.709944674895415,-0.905139624009476,-0.848554021148291,TRUE,3.36729582998647,2.07944154167984,1.79175946922806,2.07944154167984
Shandong,2010,observed,TRUE,TRUE,50,13,5,13,-0.987554197519837,-0.321187847814544,-0.650880320391125,-0.709944674895415,-0.568049938534995,-0.623222999346798,TRUE,3.93182563272433,2.63905732961526,1.79175946922806,2.63905732961526
Shandong,2011,observed,TRUE,TRUE,43,25,3,25,-0.898825317660351,-0.389765019562165,-0.362542686764753,-0.959753356419943,-0.195166012533061,-0.528910019242436,TRUE,3.78418963391826,3.25809653802148,1.38629436111989,3.25809653802148
Shandong,2012,observed,TRUE,TRUE,40,17,6,15,-1.07982062844314,-0.422566999258132,-0.533822456264481,-0.614971821957637,-0.487616083538102,-0.568975094022413,TRUE,3.71357206670431,2.89037175789616,1.94591014905531,2.77258872223978
Shandong,2013,observed,TRUE,TRUE,38,18,9,14,-0.97106197475712,-0.445796924402774,-0.508638890464244,-0.395222956527764,-0.526491451710814,-0.51898191743391,TRUE,3.66356164612965,2.94443897916644,2.30258509299405,2.70805020110221
Shandong,2014,observed,TRUE,TRUE,3,22,17,21,-0.816222639494491,-1.50359143917079,-0.419648703555217,-0.0330852316270863,-0.295792567520163,-0.593986617434449,TRUE,1.38629436111989,3.13549421592915,2.89037175789616,3.09104245335832
Shandong,2015,observed,TRUE,TRUE,20,13,10,13,-1.04051663900306,-0.733341686227089,-0.650880320391125,-0.336501971967897,-0.568049938534995,-0.623354579577256,TRUE,3.04452243772342,2.63905732961526,2.39789527279837,2.63905732961526
Shandong,2016,observed,TRUE,TRUE,21,61,22,58,-0.285200284272316,-0.711733060094606,0.0422399391817952,0.117935699221879,0.298431707875279,-0.0748812826698501,TRUE,3.09104245335832,4.12713438504509,3.13549421592915,4.07753744390572
Shandong,2017,observed,TRUE,TRUE,22,131,34,107,-0.329577926767543,-0.691085141016896,0.394216658304145,0.376609339678343,0.662614299965531,0.1932460625323,TRUE,3.13549421592915,4.88280192258637,3.55534806148941,4.68213122712422
Shandong,2018,observed,TRUE,TRUE,35,130,32,95,-0.1468780029693,-0.482976897821609,0.39067456894755,0.340357471300431,0.591666611748733,0.21440407475065,TRUE,3.58351893845611,4.87519732320115,3.49650756146648,4.56434819146784
Shandong,2019,observed,TRUE,TRUE,41,114,50,85,-0.0782777758909012,-0.411373645694648,0.329999320088691,0.608558683316221,0.525406566966029,0.269881398513324,TRUE,3.73766961828337,4.74493212836325,3.93182563272433,4.45434729625351
Shandong,2020,observed,TRUE,TRUE,65,133,55,94,-0.0723535031924298,-0.201425789420017,0.401221038503614,0.666180463273765,0.585359128552453,0.372174278487989,TRUE,4.18965474202643,4.89783979995091,4.02535169073515,4.55387689160054
Shandong,2021,observed,TRUE,TRUE,150,369,117,201,1.28984897899067,0.183007470265563,0.874299191409708,1.1253830771331,1.03977332653346,0.840391577974629,TRUE,5.01727983681492,5.91350300563827,4.77068462446567,5.30826769740121
Shandong,2022,observed,TRUE,TRUE,145,476,67,257,0.718760908471782,0.167366204758954,0.992614229054514,0.785800763535494,1.18716572178149,0.816781221315088,TRUE,4.98360662170834,6.16751649088834,4.21950770517611,5.55295958492162
Shandong,2023,observed,TRUE,TRUE,937,1307,279,335,2.0238797872114,1.03140593397748,1.46246676146005,1.65776162490974,1.34627983769459,1.43355861353739,TRUE,6.84374994900623,7.17625453201714,5.63478960316925,5.8171111599632
Shandong,2024,observed,TRUE,TRUE,5513,4343,773,364,4.85944407238712,1.85417576301094,2.02154379345832,2.28420526529198,1.39614685819397,1.96924083555695,TRUE,8.61504559158374,8.37655086161377,6.65157187358973,5.89989735358249
Shanghai,2002,observed,TRUE,TRUE,13,15,6,14,-1.02265907007814,-0.921680916369237,-0.588683733743057,-0.614971821957637,-0.526491451710814,-0.71631800153165,TRUE,2.63905732961526,2.77258872223978,1.94591014905531,2.70805020110221
Shanghai,2003,observed,TRUE,TRUE,124,13,6,13,-1.09218079076927,0.0952323966686563,-0.650880320391125,-0.614971821957637,-0.568049938534995,-0.495867739926985,TRUE,4.8283137373023,2.63905732961526,1.94591014905531,2.63905732961526
Shanghai,2004,observed,TRUE,TRUE,119,50,10,49,-0.894631501351652,0.0762705110043516,-0.0487314608619545,-0.336501971967897,0.198732572842425,-0.0561877393241399,TRUE,4.78749174278205,3.93182563272433,2.39789527279837,3.91202300542815
Shanghai,2005,observed,TRUE,TRUE,191,141,5,138,-0.452298087395747,0.294587993633567,0.42823048867145,-0.709944674895415,0.814615235667004,0.191370467565578,TRUE,5.25749537202778,4.95582705760126,1.79175946922806,4.93447393313069
Shanghai,2006,observed,TRUE,TRUE,222,152,20,143,-0.306547782909634,0.364112934931389,0.462982923761554,0.0618876213106921,0.83590222609282,0.431449478819023,TRUE,5.40717177146012,5.03043792139244,3.04452243772342,4.969813299576
Shanghai,2007,observed,TRUE,TRUE,385,45,16,43,1.0760879991637,0.618969035412721,-0.0967928729657371,-0.0683007599521075,0.121730972951211,0.114992388728044,TRUE,5.95583736946483,3.8286413964891,2.83321334405622,3.78418963391826
Shanghai,2008,observed,TRUE,TRUE,304,41,19,40,-0.682506826932371,0.50956699822015,-0.139165935767616,0.0318278052160364,0.0791938358040524,0.0922937750213518,TRUE,5.72031177660741,3.73766961828337,2.99573227355399,3.71357206670431
Shanghai,2009,observed,TRUE,TRUE,280,39,22,37,-0.708201246213592,0.471497782941379,-0.161891540688629,0.117935699221879,0.0334230301265028,0.0877469194552011,TRUE,5.63835466933375,3.68887945411394,3.13549421592915,3.63758615972639
Shanghai,2010,observed,TRUE,TRUE,183,54,21,51,-0.687711828444831,0.274818980580428,-0.0135613638544146,0.0905487897759031,0.222357527938313,0.12328660430946,TRUE,5.21493575760899,4.00733318523247,3.09104245335832,3.95124371858143
Shanghai,2011,observed,TRUE,TRUE,136,48,30,43,-0.741180283118339,0.137811961151534,-0.0673652458602316,0.301838428271497,0.121730972951211,0.105134591109301,TRUE,4.91998092582813,3.89182029811063,3.43398720448515,3.78418963391826
Shanghai,2012,observed,TRUE,TRUE,129,116,49,93,-0.337633646028275,0.113450484423187,0.338030251892783,0.596358205108215,0.578984898263048,0.411377500502598,TRUE,4.86753445045558,4.76217393479776,3.91202300542815,4.54329478227
Shanghai,2013,observed,TRUE,TRUE,138,116,46,90,-0.329300831999413,0.144543987615034,0.338030251892783,0.558236520375013,0.559447213412795,0.403483180207231,TRUE,4.93447393313069,4.76217393479776,3.85014760171006,4.51085950651685
Shanghai,2014,observed,TRUE,TRUE,56,136,46,107,-0.194865131151078,-0.269523351733804,0.411533987594021,0.558236520375013,0.662614299965531,0.349924840977095,TRUE,4.04305126783455,4.91998092582813,3.85014760171006,4.68213122712422
Shanghai,2015,observed,TRUE,TRUE,105,309,91,171,0.296579712030484,0.0186478453781755,0.791887962825704,0.972037222709481,0.942930107437403,0.710537394624867,TRUE,4.66343909411207,5.73657229747919,4.52178857704904,5.14749447681345
Shanghai,2016,observed,TRUE,TRUE,400,609,124,243,0.815088951337072,0.63667772491577,1.10716992725932,1.16088860500039,1.15355928630418,1.05478424658695,TRUE,5.99396142730657,6.41345895716736,4.8283137373023,5.4971682252932
Shanghai,2017,observed,TRUE,TRUE,380,856,179,277,1.19034375450323,0.612912864938032,1.26552617980427,1.38554669175269,1.23213877613838,1.17370550187361,TRUE,5.9427993751267,6.75343791859778,5.19295685089021,5.62762111369064
Shanghai,2018,observed,TRUE,TRUE,824,1324,239,333,1.67363127328657,0.971779447983759,1.46848150709531,1.56278877197197,1.34268365303523,1.39408169494666,TRUE,6.71538338633468,7.18916773842032,5.48063892334199,5.8111409929767
Shanghai,2019,observed,TRUE,TRUE,659,1821,260,352,2.05009592165474,0.868128890080533,1.61684364046659,1.61446849113525,1.37601041577035,1.43205574615548,TRUE,6.49223983502047,7.5076900778199,5.56452040732269,5.8664680569333
Shanghai,2020,observed,TRUE,TRUE,2018,1853,186,348,2.74441527978248,1.38749649607772,1.62495322517625,1.40905214798754,1.36914584983981,1.50402937150769,TRUE,7.61035761831284,7.5251007461258,5.23110861685459,5.85507192220243
Shanghai,2021,observed,TRUE,TRUE,6033,2336,259,350,2.64376928380335,1.89603657596901,1.73279239653657,1.6121034056352,1.37258791144195,1.71335117212994,TRUE,8.70516541971901,7.75662333453886,5.56068163101553,5.86078622346587
Shanghai,2022,observed,TRUE,TRUE,9405,2676,261,359,3.48180161069192,2.10224636369537,1.7960590329538,1.61682453230919,1.38783832451877,1.78635685920496,TRUE,9.14910306250499,7.89245204352035,5.5683445037611,5.88610403145016
Shanghai,2023,observed,TRUE,TRUE,18693,5792,732,365,5.70592225763832,2.4212915982285,2.15562148132268,2.25067308232065,1.39779490064826,2.13582602334848,TRUE,9.83595789574253,8.66440557109663,6.59714570188665,5.90263333340137
Shanghai,2024,observed,TRUE,TRUE,22830,6130,1021,153,5.79863344172624,2.51415321869411,2.18203487847514,2.45544823271636,0.876344198897068,2.08145452566507,TRUE,10.0358745405795,8.72111314776269,6.92951677076365,5.03695260241363
Shanxi,2002,observed,TRUE,TRUE,,1,1,1,-1.23605962494811,,-1.5572512255115,-1.38680411816374,-1.74018670495223,,TRUE,,0.693147180559945,0.693147180559945,0.693147180559945
Shanxi,2003,structural_zero,TRUE,FALSE,0,0,0,0,,-2.14752752023567,-1.88010705610098,-1.81385487990754,-2.1577102454236,-2.127344660973,TRUE,0,0,0,0
Shanxi,2004,structural_zero,TRUE,FALSE,0,0,0,0,,-2.14752752023567,-1.88010705610098,-1.81385487990754,-2.1577102454236,-2.127344660973,TRUE,0,0,0,0
Shanxi,2005,observed,TRUE,TRUE,4,1,1,1,-1.23379084845468,-1.39994088126756,-1.5572512255115,-1.38680411816374,-1.74018670495223,-1.62987988833997,TRUE,1.6094379124341,0.693147180559945,0.693147180559945,0.693147180559945
Shanxi,2006,structural_zero,TRUE,FALSE,0,0,0,0,,-2.14752752023567,-1.88010705610098,-1.81385487990754,-2.1577102454236,-2.127344660973,TRUE,0,0,0,0
Shanxi,2007,observed,TRUE,TRUE,5,5,2,5,-1.20248129419012,-1.31525220902864,-1.04553684088799,-1.13699543663922,-1.07842755013676,-1.22534205522238,TRUE,1.79175946922806,1.79175946922806,1.09861228866811,1.79175946922806
Shanxi,2008,observed,TRUE,TRUE,4,3,3,3,-1.19806538605723,-1.39994088126756,-1.23439539492202,-0.959753356419943,-1.32266316448085,-1.31512264458059,TRUE,1.6094379124341,1.38629436111989,1.38629436111989,1.38629436111989
Shanxi,2009,observed,TRUE,TRUE,3,1,1,1,-1.23605962494811,-1.50359143917079,-1.5572512255115,-1.38680411816374,-1.74018670495223,-1.65521171787482,TRUE,1.38629436111989,0.693147180559945,0.693147180559945,0.693147180559945
Shanxi,2010,observed,TRUE,TRUE,4,2,2,2,-1.21478890640276,-1.39994088126756,-1.36839267147747,-1.13699543663922,-1.49595109060814,-1.44575870391038,TRUE,1.6094379124341,1.09861228866811,1.09861228866811,1.09861228866811
Shanxi,2011,observed,TRUE,TRUE,11,5,4,5,-1.17340156641463,-0.993284168496198,-1.04553684088799,-0.822273718271565,-1.07842755013676,-1.0618750050859,TRUE,2.484906649788,1.79175946922806,1.6094379124341,1.79175946922806
Shanxi,2012,observed,TRUE,TRUE,6,19,12,15,-1.07111197324061,-1.24364895690168,-0.484747371278109,-0.233579279488376,-0.487616083538102,-0.65351811578095,TRUE,1.94591014905531,2.99573227355399,2.56494935746154,2.77258872223978
Shanxi,2013,observed,TRUE,TRUE,20,21,15,17,-0.948635696162478,-0.733341686227089,-0.440353556908843,-0.105651832932342,-0.416668395321304,-0.463258201950608,TRUE,3.04452243772342,3.09104245335832,2.77258872223978,2.89037175789616
Shanxi,2014,observed,TRUE,TRUE,7,19,18,15,-0.984238853918805,-1.18162339863835,-0.484747371278109,0.000225800540987319,-0.487616083538102,-0.575377274601395,TRUE,2.07944154167984,2.99573227355399,2.94443897916644,2.77258872223978
Shanxi,2015,observed,TRUE,TRUE,34,6,4,6,-1.02730417132923,-0.49606231793357,-0.973736150980604,-0.822273718271565,-0.985573479006369,-0.895939744259869,TRUE,3.55534806148941,1.94591014905531,1.6094379124341,1.94591014905531
Shanxi,2016,observed,TRUE,TRUE,34,26,13,22,-0.919475965616484,-0.49606231793357,-0.344963902230452,-0.187921060213836,-0.26901664198906,-0.361925757754483,TRUE,3.55534806148941,3.29583686600433,2.63905732961526,3.13549421592915
Shanxi,2017,observed,TRUE,TRUE,26,22,17,15,-1.01382633802763,-0.616605708211903,-0.419648703555217,-0.0330852316270863,-0.487616083538102,-0.428503374559274,TRUE,3.29583686600433,3.13549421592915,2.89037175789616,2.77258872223978
Shanxi,2018,observed,TRUE,TRUE,65,42,21,38,-0.727185037446208,-0.201425789420017,-0.12820584172321,0.0905487897759031,0.0490696018110247,-0.0707173994275625,TRUE,4.18965474202643,3.76120011569356,3.09104245335832,3.66356164612965
Shanxi,2019,observed,TRUE,TRUE,73,80,37,48,-0.537100234346318,-0.148281987326543,0.166750482393056,0.427276562284788,0.186563287410861,0.150206999444759,TRUE,4.30406509320417,4.39444915467244,3.63758615972639,3.89182029811063
Shanxi,2020,observed,TRUE,TRUE,232,97,23,84,-0.430635319654846,0.384489083141043,0.255490584729249,0.144156848592186,0.518361350497751,0.317077890287856,TRUE,5.4510384535657,4.58496747867057,3.17805383034795,4.44265125649032
Shanxi,2021,observed,TRUE,TRUE,413,145,36,100,-0.231795675892892,0.651497440864723,0.441169723648873,0.410846148153104,0.62224978606209,0.532606563622894,TRUE,6.02586597382531,4.98360662170834,3.61091791264422,4.61512051684126
Shanxi,2022,observed,TRUE,TRUE,402,74,19,64,-0.464251371635815,0.63898868339095,0.130903375810348,0.0318278052160364,0.356770085892889,0.271821498018091,TRUE,5.99893656194668,4.31748811353631,2.99573227355399,4.17438726989564
Shanxi,2023,observed,TRUE,TRUE,1404,391,134,199,0.616929072824101,1.21908442190949,0.901202245908209,1.20830461153342,1.03377965378517,1.1216788168641,TRUE,7.24779258176785,5.97126183979046,4.90527477843843,5.29831736654804
Shanxi,2024,observed,TRUE,TRUE,2463,2228,405,363,2.63119422686705,1.48001766536915,1.71075389674169,1.8866834242923,1.39449429435554,1.68548913126881,TRUE,7.80954132465341,7.70930833338587,6.00635315960173,5.89715386763674
Sichuan,2002,observed,TRUE,TRUE,4,209,21,103,0.102385306250739,-1.39994088126756,0.610482087876293,0.0905487897759031,0.639881068409688,-0.00413608919319595,TRUE,1.6094379124341,5.34710753071747,3.09104245335832,4.64439089914137
Sichuan,2003,observed,TRUE,TRUE,7,23,9,21,-0.803103986486184,-1.18162339863835,-0.399825179709029,-0.395222956527764,-0.295792567520163,-0.607442975738729,TRUE,2.07944154167984,3.17805383034795,2.30258509299405,3.09104245335832
Sichuan,2004,observed,TRUE,TRUE,50,57,9,33,-0.373840014543458,-0.321187847814544,0.011176263658324,-0.395222956527764,-0.0335747479281997,-0.214918710024416,TRUE,3.93182563272433,4.06044301054642,2.30258509299405,3.52636052461616
Sichuan,2005,observed,TRUE,TRUE,149,50,10,49,-0.392584364116423,0.179921068907578,-0.0487314608619545,-0.336501971967897,0.198732572842425,-0.0308559097892864,TRUE,5.01063529409626,3.93182563272433,2.39789527279837,3.91202300542815
Sichuan,2006,observed,TRUE,TRUE,183,128,15,89,-0.054223156727307,0.274818980580428,0.383508542900298,-0.105651832932342,0.552791243576021,0.267111458660186,TRUE,5.21493575760899,4.85981240436167,2.77258872223978,4.49980967033027
Sichuan,2007,observed,TRUE,TRUE,185,133,23,88,0.105604564177749,0.279840669439673,0.401221038503614,0.144156848592186,0.546060903822332,0.338664059109538,TRUE,5.2257466737132,4.89783979995091,3.17805383034795,4.48863636973214
Sichuan,2008,observed,TRUE,TRUE,154,54,17,51,-0.360147595591226,0.195151997200752,-0.0135613638544146,-0.0330852316270863,0.222357527938313,0.0705119533959858,TRUE,5.04342511691925,4.00733318523247,2.89037175789616,3.95124371858143
Sichuan,2009,observed,TRUE,TRUE,205,55,19,48,-0.510385078534326,0.327279993053089,-0.00516865921216394,0.0318278052160364,0.186563287410861,0.113007998409387,TRUE,5.32787616878958,4.02535169073515,2.99573227355399,3.89182029811063
Sichuan,2010,observed,TRUE,TRUE,122,182,33,93,-0.0263138450326755,0.0877402714164565,0.546380457649439,0.358750001791693,0.578984898263048,0.397925230055499,TRUE,4.81218435537242,5.20948615284142,3.52636052461616,4.54329478227
Sichuan,2011,observed,TRUE,TRUE,87,143,32,87,0.0463574385998656,-0.067796979029723,0.43474503550396,0.340357471300431,0.539254513422586,0.313880142563241,TRUE,4.47733681447821,4.969813299576,3.49650756146648,4.47733681447821
Sichuan,2012,observed,TRUE,TRUE,119,170,46,104,0.183389263057781,0.0762705110043516,0.514789878782773,0.558236520375013,0.645645314706416,0.458066284473875,TRUE,4.78749174278205,5.14166355650266,3.85014760171006,4.65396035015752
Sichuan,2013,observed,TRUE,TRUE,78,293,50,147,0.485212264869222,-0.117911584798961,0.767204969352757,0.608558683316221,0.852406248657066,0.548310269584222,TRUE,4.36944785246702,5.68357976733868,3.93182563272433,4.99721227376412
Sichuan,2014,observed,TRUE,TRUE,3,350,63,150,0.895147660632135,-1.50359143917079,0.849744636516292,0.748449690555259,0.864494128704184,0.27308760549354,TRUE,1.38629436111989,5.86078622346587,4.15888308335967,5.01727983681492
Sichuan,2015,observed,TRUE,TRUE,67,449,79,220,1.0219636766605,-0.18755903742425,0.965473591023337,0.885929328703637,1.09392240401959,0.724674340363717,TRUE,4.21950770517611,6.10924758276437,4.38202663467388,5.39816270151775
Sichuan,2016,observed,TRUE,TRUE,29,581,99,229,1.52911065108647,-0.567665570060531,1.08528350159451,1.02340896685202,1.11796653737964,0.707925008367316,TRUE,3.40119738166216,6.36647044773144,4.60517018598809,5.4380793089232
Sichuan,2017,observed,TRUE,TRUE,31,692,125,256,1.42407896879873,-0.537687317573463,1.16659028686907,1.16579782632282,1.18482646004038,0.793666564732194,TRUE,3.46573590279973,6.5410299991899,4.83628190695148,5.54907608489522
Sichuan,2018,observed,TRUE,TRUE,333,888,158,289,1.90902197818396,0.551757323215619,1.2826014482952,1.30911735668989,1.25759435857341,1.14963574717085,TRUE,5.8111409929767,6.79009723551391,5.06890420222023,5.66988092298052
Sichuan,2019,observed,TRUE,TRUE,530,1017,204,281,2.13220469333347,0.767110076868326,1.34571402836673,1.46567294638261,1.24074405307851,1.25715120662514,TRUE,6.27476202124194,6.92559519711047,5.32300997913841,5.64190707093811
Sichuan,2020,observed,TRUE,TRUE,1170,947,157,285,1.82477929992397,1.13446186620265,1.31253135900818,1.30523025221119,1.249228124899,1.2969273192118,TRUE,7.06561336359772,6.85435450225502,5.06259503302697,5.65599181081985
Sichuan,2021,observed,TRUE,TRUE,3016,1535,209,337,2.67904087106607,1.57406853543657,1.53730980382785,1.48051954469047,1.3498546798861,1.53981126326503,TRUE,8.01201823915906,7.33693691370762,5.34710753071747,5.82304589548302
Sichuan,2022,observed,TRUE,TRUE,4234,2032,201,349,3.31740757127814,1.73159052128367,1.66788303282186,1.45659016739673,1.37086933925966,1.61310250368271,TRUE,8.35113860708615,7.61726781362835,5.30826769740121,5.85793315448346
Sichuan,2023,observed,TRUE,TRUE,10766,4401,615,365,5.54529413485586,2.16501824829949,2.02772165336474,2.14353337121341,1.39779490064826,2.00944167780273,TRUE,9.28424117981572,8.38981426208641,6.42324696353352,5.90263333340137
Sichuan,2024,observed,TRUE,TRUE,11179,10072,1546,362,10.7302275208928,2.18250235543731,2.41329622241976,2.71085789841697,1.39283718425599,2.27039829052593,TRUE,9.32188174670909,9.21761385594268,7.34407285057307,5.89440283426485
Taiwan,2002,no_data,FALSE,FALSE,,,,,,,,,,,FALSE,,,,
Taiwan,2003,no_data,FALSE,FALSE,,,,,,,,,,,FALSE,,,,
Taiwan,2004,observed,FALSE,TRUE,2,1,1,1,-1.23605882118037,,,,,,FALSE,1.09861228866811,0.693147180559945,0.693147180559945,0.693147180559945
Taiwan,2005,no_data,FALSE,FALSE,,,,,,,,,,,FALSE,,,,
Taiwan,2006,no_data,FALSE,FALSE,,,,,,,,,,,FALSE,,,,
Taiwan,2007,no_data,FALSE,FALSE,,,,,,,,,,,FALSE,,,,
Taiwan,2008,no_data,FALSE,FALSE,,,,,,,,,,,FALSE,,,,
Taiwan,2009,no_data,FALSE,FALSE,,,,,,,,,,,FALSE,,,,
Taiwan,2010,no_data,FALSE,FALSE,,,,,,,,,,,FALSE,,,,
Taiwan,2011,observed,FALSE,TRUE,5,1,1,1,-1.23378682961595,,,,,,FALSE,1.79175946922806,0.693147180559945,0.693147180559945,0.693147180559945
Taiwan,2012,no_data,FALSE,FALSE,,,,,,,,,,,FALSE,,,,
Taiwan,2013,observed,FALSE,TRUE,45,2,1,2,-1.2236277368958,,,,,,FALSE,3.8286413964891,1.09861228866811,0.693147180559945,1.09861228866811
Taiwan,2014,observed,FALSE,TRUE,4,1,1,1,-1.23379011166758,,,,,,FALSE,1.6094379124341,0.693147180559945,0.693147180559945,0.693147180559945
Taiwan,2015,observed,FALSE,TRUE,13,3,1,3,-1.21120710159193,,,,,,FALSE,2.63905732961526,1.38629436111989,0.693147180559945,1.38629436111989
Taiwan,2016,observed,FALSE,TRUE,20,5,4,4,-0.93032684022935,,,,,,FALSE,3.04452243772342,1.79175946922806,1.6094379124341,1.6094379124341
Taiwan,2017,observed,FALSE,TRUE,58,22,7,20,-0.673836985779466,,,,,,FALSE,4.07753744390572,3.13549421592915,2.07944154167984,3.04452243772342
Taiwan,2018,observed,FALSE,TRUE,144,17,5,17,-0.933210712921732,,,,,,FALSE,4.97673374242057,2.89037175789616,1.79175946922806,2.89037175789616
Taiwan,2019,observed,FALSE,TRUE,68,24,3,23,-0.140900315124344,,,,,,FALSE,4.23410650459726,3.2188758248682,1.38629436111989,3.17805383034795
Taiwan,2020,no_data,FALSE,FALSE,,,,,,,,,,,FALSE,,,,
Taiwan,2021,no_data,FALSE,FALSE,,,,,,,,,,,FALSE,,,,
Taiwan,2022,observed,FALSE,TRUE,287,1,1,1,-1.22925168793231,,,,,,FALSE,5.66296048013595,0.693147180559945,0.693147180559945,0.693147180559945
Taiwan,2023,observed,FALSE,TRUE,535,57,5,57,-0.536151769255071,,,,,,FALSE,6.2841341610708,4.06044301054642,1.79175946922806,4.06044301054642
Taiwan,2024,observed,FALSE,TRUE,473,301,40,211,0.757644574768755,,,,,,FALSE,6.16120732169508,5.71042701737487,3.71357206670431,5.35658627467201
Tianjin,2002,observed,TRUE,TRUE,2,1,1,1,-1.21564063650719,-1.63722024956108,-1.5572512255115,-1.38680411816374,-1.74018670495223,-1.68787012622524,TRUE,1.09861228866811,0.693147180559945,0.693147180559945,0.693147180559945
Tianjin,2003,observed,TRUE,TRUE,31,1,1,1,-1.23378682961595,-0.537687317573463,-1.5572512255115,-1.38680411816374,-1.74018670495223,-1.41914816886662,TRUE,3.46573590279973,0.693147180559945,0.693147180559945,0.693147180559945
Tianjin,2004,structural_zero,TRUE,FALSE,0,0,0,0,,-2.14752752023567,-1.88010705610098,-1.81385487990754,-2.1577102454236,-2.127344660973,TRUE,0,0,0,0
Tianjin,2005,observed,TRUE,TRUE,20,1,1,1,-1.21334533567814,-0.733341686227089,-1.5572512255115,-1.38680411816374,-1.74018670495223,-1.46696540414972,TRUE,3.04452243772342,0.693147180559945,0.693147180559945,0.693147180559945
Tianjin,2006,structural_zero,TRUE,FALSE,0,0,0,0,,-2.14752752023567,-1.88010705610098,-1.81385487990754,-2.1577102454236,-2.127344660973,TRUE,0,0,0,0
Tianjin,2007,structural_zero,TRUE,FALSE,0,0,0,0,,-2.14752752023567,-1.88010705610098,-1.81385487990754,-2.1577102454236,-2.127344660973,TRUE,0,0,0,0
Tianjin,2008,observed,TRUE,TRUE,24,1,1,1,-1.23605962494811,-0.652354242299453,-1.5572512255115,-1.38680411816374,-1.74018670495223,-1.44717235946631,TRUE,3.2188758248682,0.693147180559945,0.693147180559945,0.693147180559945
Tianjin,2009,observed,TRUE,TRUE,11,2,2,2,-1.21706330927042,-0.993284168496198,-1.36839267147747,-1.13699543663922,-1.49595109060814,-1.34637324245685,TRUE,2.484906649788,1.09861228866811,1.09861228866811,1.09861228866811
Tianjin,2010,observed,TRUE,TRUE,37,1,1,1,-1.23605962494811,-0.457862581875951,-1.5572512255115,-1.38680411816374,-1.74018670495223,-1.39963928595986,TRUE,3.63758615972639,0.693147180559945,0.693147180559945,0.693147180559945
Tianjin,2011,observed,TRUE,TRUE,34,1,1,1,-1.23379084845468,-0.49606231793357,-1.5572512255115,-1.38680411816374,-1.74018670495223,-1.40897516626444,TRUE,3.55534806148941,0.693147180559945,0.693147180559945,0.693147180559945
Tianjin,2012,observed,TRUE,TRUE,22,11,4,11,-1.10287192394627,-0.691085141016896,-0.722681010298509,-0.822273718271565,-0.66090400966539,-0.788299595340775,TRUE,3.13549421592915,2.484906649788,1.6094379124341,2.484906649788
Tianjin,2013,observed,TRUE,TRUE,39,16,6,15,-1.01102330378854,-0.434036759670237,-0.560445845485463,-0.614971821957637,-0.487616083538102,-0.579041094271837,TRUE,3.68887945411394,2.83321334405622,1.94591014905531,2.77258872223978
Tianjin,2014,observed,TRUE,TRUE,10,77,11,70,-0.608398060691819,-1.03370110062705,0.149171697858755,-0.282893913151614,0.409953944915632,-0.202552411744676,TRUE,2.39789527279837,4.35670882668959,2.484906649788,4.26267987704132
Tianjin,2015,observed,TRUE,TRUE,189,76,10,70,-0.642303210022208,0.289724057092157,0.14316151762205,-0.336501971967897,0.409953944915632,0.104807595073488,TRUE,5.24702407216049,4.34380542185368,2.39789527279837,4.26267987704132
Tianjin,2016,observed,TRUE,TRUE,103,63,19,53,-0.597591391936458,0.00979992651996124,0.0570279274359031,0.0318278052160364,0.245090759494157,0.0680341937056441,TRUE,4.64439089914137,4.15888308335967,2.99573227355399,3.98898404656427
Tianjin,2017,observed,TRUE,TRUE,55,87,29,65,-0.434890030672799,-0.277744835304354,0.205358104270117,0.281636486740565,0.365966587295297,0.137838387812781,TRUE,4.02535169073515,4.47733681447821,3.40119738166216,4.18965474202643
Tianjin,2018,observed,TRUE,TRUE,146,123,51,77,-0.226541496155079,0.170536877106902,0.365095769771275,0.620522243999225,0.466593142282399,0.40916876546357,TRUE,4.99043258677874,4.82028156560504,3.95124371858143,4.35670882668959
Tianjin,2019,observed,TRUE,TRUE,100,208,55,139,0.00931536678138924,-0.00379621568347336,0.608258778138411,0.666180463273765,0.818933240833705,0.539410808076489,TRUE,4.61512051684126,5.34233425196481,4.02535169073515,4.9416424226093
Tianjin,2020,observed,TRUE,TRUE,203,186,34,114,-0.0941421187275731,0.322748233250339,0.556451823117192,0.376609339678343,0.700442996908266,0.495396186366367,TRUE,5.31811999384422,5.23110861685459,3.55534806148941,4.74493212836325
Tianjin,2021,observed,TRUE,TRUE,554,424,55,189,0.336532829397465,0.787643881783712,0.938850201802355,0.666180463273765,1.00288266902383,0.872208372477981,TRUE,6.31896811374643,6.05208916892442,4.02535169073515,5.24702407216049
Tianjin,2022,observed,TRUE,TRUE,1003,380,36,224,0.27687554640689,1.06299081891376,0.887944927798339,0.410846148153104,1.10472734200197,0.884066669477307,TRUE,6.91174730025167,5.9427993751267,3.61091791264422,5.41610040220442
Tianjin,2023,observed,TRUE,TRUE,3515,1660,200,343,1.94009784186531,1.64516563856193,1.5737517867593,1.45353257295161,1.36045364790878,1.56269289879054,TRUE,8.16507925880507,7.4151751096133,5.30330490805908,5.8406416573734
Tianjin,2024,observed,TRUE,TRUE,3648,3706,429,363,3.57902422722797,1.66241220452054,1.94768342326175,1.9220675403913,1.39449429435554,1.80423153919828,TRUE,8.20220843643645,8.21797820315073,6.06378520868761,5.89715386763674
Tibet,2002,observed,TRUE,TRUE,,11,4,11,-1.10113640925296,,-0.722681010298509,-0.822273718271565,-0.66090400966539,,TRUE,,2.484906649788,1.6094379124341,2.484906649788
Tibet,2003,observed,TRUE,TRUE,11,1,1,1,-1.20656553053345,-0.993284168496198,-1.5572512255115,-1.38680411816374,-1.74018670495223,-1.53049442688644,TRUE,2.484906649788,0.693147180559945,0.693147180559945,0.693147180559945
Tibet,2004,observed,TRUE,TRUE,5,60,10,58,-0.644577669595196,-1.31525220902864,0.0346660730259302,-0.336501971967897,0.298431707875279,-0.346861015092805,TRUE,1.79175946922806,4.11087386417331,2.39789527279837,4.07753744390572
Tibet,2005,observed,TRUE,TRUE,31,15,1,15,-1.01167947347557,-0.537687317573463,-0.588683733743057,-1.38680411816374,-0.487616083538102,-0.819991058155002,TRUE,3.46573590279973,2.77258872223978,0.693147180559945,2.77258872223978
Tibet,2006,observed,TRUE,TRUE,8,14,9,13,-1.06541167748847,-1.12691297888649,-0.618744647833561,-0.395222956527764,-0.568049938534995,-0.726593593225147,TRUE,2.19722457733622,2.70805020110221,2.30258509299405,2.63905732961526
Tibet,2007,observed,TRUE,TRUE,9,110,15,60,-0.472715732935118,-1.07797284073512,0.313509721799828,-0.105651832932342,0.31851220536143,-0.14524706409273,TRUE,2.30258509299405,4.70953020131233,2.77258872223978,4.11087386417331
Tibet,2008,observed,TRUE,TRUE,12,11,5,11,-1.11221416161958,-0.956104195077362,-0.722681010298509,-0.709944674895415,-0.66090400966539,-0.82281030786902,TRUE,2.56494935746154,2.484906649788,1.79175946922806,2.484906649788
Tibet,2009,observed,TRUE,TRUE,23,38,8,26,-0.775778504689249,-0.671316127963757,-0.173684132730725,-0.460135993370887,-0.172432780977218,-0.405534847056808,TRUE,3.17805383034795,3.66356164612965,2.19722457733622,3.29583686600433
Tibet,2010,observed,TRUE,TRUE,31,33,13,32,-0.69468812182592,-0.537687317573463,-0.237590014895983,-0.187921060213836,-0.051556953176077,-0.284659328769691,TRUE,3.46573590279973,3.52636052461616,2.63905732961526,3.49650756146648
Tibet,2011,observed,TRUE,TRUE,30,29,11,29,-0.848731810265241,-0.552434641767357,-0.29588881724408,-0.282893913151614,-0.10896791123944,-0.345102484793783,TRUE,3.43398720448515,3.40119738166216,2.484906649788,3.40119738166216
Tibet,2012,observed,TRUE,TRUE,36,15,5,15,-0.981434610265606,-0.470250027858985,-0.588683733743057,-0.709944674895415,-0.487616083538102,-0.621178379191459,TRUE,3.61091791264422,2.77258872223978,1.79175946922806,2.77258872223978
Tibet,2013,observed,TRUE,TRUE,49,40,14,31,-0.480393963637443,-0.330386201767011,-0.150390153723672,-0.145414275003236,-0.0700925430667273,-0.203713589031649,TRUE,3.91202300542815,3.71357206670431,2.70805020110221,3.46573590279973
Tibet,2014,observed,TRUE,TRUE,12,32,18,31,-0.720527930133821,-0.956104195077362,-0.251495002874815,0.000225800540987319,-0.0700925430667273,-0.344985868718309,TRUE,2.56494935746154,3.49650756146648,2.94443897916644,3.46573590279973
Tibet,2015,observed,TRUE,TRUE,34,63,22,49,-0.514458484934321,-0.49606231793357,0.0570279274359031,0.117935699221879,0.198732572842425,-0.0447971661698193,TRUE,3.55534806148941,4.15888308335967,3.13549421592915,3.91202300542815
Tibet,2016,observed,TRUE,TRUE,56,72,26,44,-0.640602168153734,-0.269523351733804,0.118313893059393,0.216723449897442,0.135267703104646,0.0369278936810699,TRUE,4.04305126783455,4.29045944114839,3.29583686600433,3.80666248977032
Tibet,2017,observed,TRUE,TRUE,14,71,23,59,-0.434571862901086,-0.889633610592972,0.11188920491448,0.144156848592186,0.308555629231935,-0.0895887949053485,TRUE,2.70805020110221,4.27666611901606,3.17805383034795,4.0943445622221
Tibet,2018,observed,TRUE,TRUE,140,170,36,91,-0.0913637230446466,0.151179838976912,0.514789878782773,0.410846148153104,0.56603043895369,0.415381355077586,TRUE,4.94875989037817,5.14166355650266,3.61091791264422,4.52178857704904
Tibet,2019,observed,TRUE,TRUE,46,121,29,88,0.0284145930144946,-0.359127431697677,0.35752190361541,0.281636486740565,0.546060903822332,0.207615471159615,TRUE,3.85014760171006,4.80402104473326,3.40119738166216,4.48863636973214
Tibet,2020,observed,TRUE,TRUE,239,271,44,112,0.380994343154402,0.398238551536793,0.730977476872458,0.531445168265093,0.689875021612375,0.600339732552005,TRUE,5.48063892334199,5.605802066296,3.80666248977032,4.72738781871234
Tibet,2021,observed,TRUE,TRUE,1170,635,82,235,1.39325617680322,1.13446186620265,1.12661150560997,0.908610565395925,1.13347878881803,1.10841688758767,TRUE,7.06561336359772,6.45519856334012,4.4188406077966,5.46383180502561
Tibet,2022,observed,TRUE,TRUE,678,225,39,109,0.807339785109261,0.881312048582207,0.644683318167957,0.458878566959837,0.673667071377162,0.670978417623222,TRUE,6.5206211275587,5.42053499927229,3.68887945411394,4.70048036579242
Tibet,2023,observed,TRUE,TRUE,4453,1172,163,277,2.08877297431828,1.75501034408412,1.41172689168381,1.32819330823424,1.23213877613838,1.47726372109453,TRUE,8.40155784781731,7.06731984865348,5.0998664278242,5.62762111369064
Tibet,2024,observed,TRUE,TRUE,3202,2040,322,324,3.29759723119877,1.60185730776784,1.66971232336443,1.74577992049642,1.32622972479021,1.64786016176283,TRUE,8.07184314960916,7.62119516280985,5.77765232322266,5.78382518232974
Xinjiang,2002,observed,TRUE,TRUE,,5,2,5,-1.17969195557954,,-1.04553684088799,-1.13699543663922,-1.07842755013676,,TRUE,,1.79175946922806,1.09861228866811,1.79175946922806
Xinjiang,2003,observed,TRUE,TRUE,1,5,2,5,-1.15934914739578,-1.82555947970323,-1.04553684088799,-1.13699543663922,-1.07842755013676,-1.35005934621077,TRUE,0.693147180559945,1.79175946922806,1.09861228866811,1.79175946922806
Xinjiang,2004,observed,TRUE,TRUE,21,5,3,5,-1.19137915000346,-0.711733060094606,-1.04553684088799,-0.959753356419943,-1.07842755013676,-1.03009894136703,TRUE,3.09104245335832,1.79175946922806,1.38629436111989,1.79175946922806
Xinjiang,2005,observed,TRUE,TRUE,65,11,6,10,-1.16827132606184,-0.201425789420017,-0.722681010298509,-0.614971821957637,-0.713316107991538,-0.626800760942397,TRUE,4.18965474202643,2.484906649788,1.94591014905531,2.39789527279837
Xinjiang,2006,observed,TRUE,TRUE,117,16,3,16,-1.0659359730851,0.0684635760515895,-0.560445845485463,-0.959753356419943,-0.451098288399574,-0.539343723630773,TRUE,4.77068462446567,2.83321334405622,1.38629436111989,2.83321334405622
Xinjiang,2007,observed,TRUE,TRUE,136,36,8,36,-0.834180603453491,0.137811961151534,-0.19820466282368,-0.460135993370887,0.0173591677143171,-0.163726282469007,TRUE,4.91998092582813,3.61091791264422,2.19722457733622,3.61091791264422
Xinjiang,2008,observed,TRUE,TRUE,121,27,3,14,-0.828218277515153,0.0839483997844824,-0.328024489801644,-0.959753356419943,-0.526491451710814,-0.492314862067718,TRUE,4.80402104473326,3.3322045101752,1.38629436111989,2.70805020110221
Xinjiang,2009,structural_zero,TRUE,FALSE,0,0,0,0,,-2.14752752023567,-1.88010705610098,-1.81385487990754,-2.1577102454236,-2.127344660973,TRUE,0,0,0,0
Xinjiang,2010,observed,TRUE,TRUE,66,23,5,21,-0.880332803251483,-0.194440669888957,-0.399825179709029,-0.709944674895415,-0.295792567520163,-0.450958210914095,TRUE,4.20469261939097,3.17805383034795,1.79175946922806,3.09104245335832
Xinjiang,2011,observed,TRUE,TRUE,77,73,13,48,-0.478817255919469,-0.123828883870333,0.1246511677658,-0.187921060213836,0.186563287410861,-0.0210222832502746,TRUE,4.35670882668959,4.30406509320417,2.63905732961526,3.89182029811063
Xinjiang,2012,observed,TRUE,TRUE,111,62,17,50,-0.555913649278411,0.0442232052280869,0.0496926182664122,-0.0330852316270863,0.210660866415886,0.0477534617729957,TRUE,4.71849887129509,4.14313472639153,2.89037175789616,3.93182563272433
Xinjiang,2013,observed,TRUE,TRUE,31,44,8,32,-0.737393994049052,-0.537687317573463,-0.107030263210052,-0.460135993370887,-0.051556953176077,-0.322371566688232,TRUE,3.46573590279973,3.80666248977032,2.19722457733622,3.49650756146648
Xinjiang,2014,observed,TRUE,TRUE,21,57,11,45,-0.576743817238168,-0.711733060094606,0.011176263658324,-0.282893913151614,0.148506898482315,-0.231419582165708,TRUE,3.09104245335832,4.06044301054642,2.484906649788,3.8286413964891
Xinjiang,2015,observed,TRUE,TRUE,303,49,11,46,-0.517725345213412,0.508041539721373,-0.0579551782236803,-0.282893913151614,0.161461357791674,0.0512940083820621,TRUE,5.71702770140622,3.91202300542815,2.484906649788,3.85014760171006
Xinjiang,2016,observed,TRUE,TRUE,214,97,17,56,-0.415206426877956,0.347142949214122,0.255490584729249,-0.0330852316270863,0.277658644470589,0.195842404087375,TRUE,5.37063802812766,4.58496747867057,2.89037175789616,4.04305126783455
Xinjiang,2017,observed,TRUE,TRUE,77,132,29,69,-0.28324631621376,-0.123828883870333,0.397732014656129,0.281636486740565,0.401409700362331,0.237411656784085,TRUE,4.35670882668959,4.89034912822175,3.40119738166216,4.24849524204936
Xinjiang,2018,observed,TRUE,TRUE,530,315,57,118,0.563047166721201,0.767110076868326,0.800816974384676,0.687800366342392,0.721038478017656,0.759994461427217,TRUE,6.27476202124194,5.75574221358691,4.06044301054642,4.77912349311153
Xinjiang,2019,observed,TRUE,TRUE,243,344,45,207,0.704097631499402,0.405916440316924,0.8417137047122,0.54498646096568,1.05740460888106,0.734348747023127,TRUE,5.4971682252932,5.84354441703136,3.8286413964891,5.33753807970132
Xinjiang,2020,observed,TRUE,TRUE,307,87,14,77,-0.449793461911177,0.514113543771827,0.205358104270117,-0.145414275003236,0.466593142282399,0.243234751873834,TRUE,5.73009978297357,4.47733681447821,2.70805020110221,4.35670882668959
Xinjiang,2021,observed,TRUE,TRUE,1878,496,80,182,0.663521467886104,1.35411618776302,1.01174556320234,0.893582893165771,0.980271360176891,1.08574906913763,TRUE,7.53849499941347,6.20859002609663,4.39444915467244,5.20948615284142
Xinjiang,2022,observed,TRUE,TRUE,2314,553,63,180,0.720984801574998,1.4510437412634,1.0623177406972,0.748449690555259,0.973651962341057,1.08236811623786,TRUE,7.74716496652034,6.31716468674728,4.15888308335967,5.19849703126583
Xinjiang,2023,observed,TRUE,TRUE,5750,1610,204,305,2.1641065292337,1.87372359229963,1.55951527189335,1.46567294638261,1.28994356170272,1.59908415324853,TRUE,8.65712903171376,7.38461038317697,5.32300997913841,5.72358510195238
Xinjiang,2024,observed,TRUE,TRUE,1820,4084,472,357,4.18341181904349,1.33955223891147,1.99291034755743,1.98078852495117,1.38448255460668,1.75080461652491,TRUE,7.50714107972761,8.3150770072941,6.15909538849193,5.8805329864007
Yunnan,2002,observed,TRUE,TRUE,2,92,16,58,-0.0927111602394916,-1.63722024956108,0.231098493215824,-0.0683007599521075,0.298431707875279,-0.299714730157772,TRUE,1.09861228866811,4.53259949315326,2.83321334405622,4.07753744390572
Yunnan,2003,observed,TRUE,TRUE,41,73,13,55,-0.23355504607732,-0.411373645694648,0.1246511677658,-0.187921060213836,0.266997142407754,-0.0697894766555596,TRUE,3.73766961828337,4.30406509320417,2.63905732961526,4.02535169073515
Yunnan,2004,observed,TRUE,TRUE,51,22,11,20,-0.832894508542081,-0.31216811401248,-0.419648703555217,-0.282893913151614,-0.323814324190909,-0.377592929117217,TRUE,3.95124371858143,3.13549421592915,2.484906649788,3.04452243772342
Yunnan,2005,observed,TRUE,TRUE,112,43,12,37,-0.445043518753726,0.0483521363737273,-0.117497726319363,-0.233579279488376,0.0334230301265028,-0.0982483014399064,TRUE,4.72738781871234,3.78418963391826,2.56494935746154,3.63758615972639
Yunnan,2006,observed,TRUE,TRUE,169,57,18,48,-0.431316149929181,0.238059561011418,0.011176263658324,0.000225800540987319,0.186563287410861,0.0871488234140526,TRUE,5.13579843705026,4.06044301054642,2.94443897916644,3.89182029811063
Yunnan,2007,observed,TRUE,TRUE,159,92,15,83,0.0268752857780081,0.209899321394645,0.231098493215824,-0.105651832932342,0.51123275675184,0.198555436605199,TRUE,5.07517381523383,4.53259949315326,2.77258872223978,4.43081679884331
Yunnan,2008,observed,TRUE,TRUE,355,150,22,108,0.224085167634461,0.581387764607888,0.45685411815665,0.117935699221879,0.668166036420122,0.453124817827157,TRUE,5.87493073085203,5.01727983681492,3.13549421592915,4.69134788222914
Yunnan,2009,observed,TRUE,TRUE,250,84,15,70,-0.0840464159904208,0.419054737848874,0.189202178158446,-0.105651832932342,0.409953944915632,0.211161414753419,TRUE,5.52545293913178,4.44265125649032,2.77258872223978,4.26267987704132
Yunnan,2010,observed,TRUE,TRUE,228,80,17,62,-0.1843160891539,0.376445562752395,0.166750482393056,-0.0330852316270863,0.337944830624552,0.194915969765886,TRUE,5.43372200355424,4.39444915467244,2.89037175789616,4.14313472639153
Yunnan,2011,observed,TRUE,TRUE,149,88,17,77,0.0018287465072359,0.179921068907578,0.210621239429743,-0.0330852316270863,0.466593142282399,0.193254077606415,TRUE,5.01063529409626,4.48863636973214,2.89037175789616,4.35670882668959
Yunnan,2012,observed,TRUE,TRUE,167,168,28,142,0.492177145651549,0.232562435370234,0.509310021392511,0.260749604598592,0.831704584427626,0.464383651535605,TRUE,5.12396397940326,5.12989871492307,3.36729582998647,4.96284463025991
Yunnan,2013,observed,TRUE,TRUE,145,226,47,147,0.808163341882287,0.167366204758954,0.64673975641217,0.571207610335987,0.852406248657066,0.575106805296764,TRUE,4.98360662170834,5.4249500174814,3.87120101090789,4.99721227376412
Yunnan,2014,observed,TRUE,TRUE,104,322,49,162,0.930053766095912,0.014244952741019,0.811022320151271,0.596358205108215,0.910556751492629,0.60482487998464,TRUE,4.65396035015752,5.77765232322266,3.91202300542815,5.09375020080676
Yunnan,2015,observed,TRUE,TRUE,536,399,67,193,1.1021367691513,0.772329251950461,0.91061231354476,0.785800763535494,1.01543227172024,0.896341098373072,TRUE,6.28599809450887,5.99146454710798,4.21950770517611,5.26785815906333
Yunnan,2016,observed,TRUE,TRUE,515,583,93,257,1.54716719421666,0.753799661985485,1.08688138482783,0.985287282118813,1.18716572178149,1.039556798266,TRUE,6.24610676548156,6.36990098282823,4.54329478227,5.55295958492162
Yunnan,2017,observed,TRUE,TRUE,497,719,107,275,1.76097432921777,0.737306744999179,1.18439305914787,1.07082497338504,1.22778959376915,1.09603174308055,TRUE,6.21060007702465,6.5792512120101,4.68213122712422,5.62040086571715
Yunnan,2018,observed,TRUE,TRUE,1268,1053,139,319,2.29949095858011,1.17179438032609,1.36190114979731,1.23071086316594,1.31689063630197,1.31753808884979,TRUE,7.14598446771439,6.96034772910131,4.9416424226093,5.76832099579377
Yunnan,2019,observed,TRUE,TRUE,984,1218,169,334,2.53255083665068,1.05411620787954,1.42964381235326,1.35033116342767,1.34448442908879,1.34685967954477,TRUE,6.89264164117209,7.10578612948127,5.13579843705026,5.81413053182507
Yunnan,2020,observed,TRUE,TRUE,2119,845,113,247,1.90777086577564,1.41017056541117,1.25950894102697,1.10413600555312,1.16335395969347,1.27271221789448,TRUE,7.65917136766606,6.74051935960622,4.7361984483945,5.51342874616498
Yunnan,2021,observed,TRUE,TRUE,3871,661,93,262,1.76248411456164,1.68996552164378,1.14527400981815,0.985287282118813,1.19872767254829,1.28737349019233,TRUE,8.26152644839647,6.49526555593701,4.54329478227,5.57215403217777
Yunnan,2022,observed,TRUE,TRUE,6804,586,74,229,1.50792537731066,1.95189174143449,1.0892679784645,0.846166886632744,1.11796653737964,1.27703768987495,TRUE,8.82541291508557,6.3750248198281,4.31748811353631,5.4380793089232
Yunnan,2023,observed,TRUE,TRUE,16429,1802,251,329,3.1589793096176,2.3613273628146,1.61196091017624,1.59284858806662,1.33542622619262,1.77898016339465,TRUE,9.70686421103131,7.49720722320332,5.52942908751142,5.79909265446053
Yunnan,2024,observed,TRUE,TRUE,16889,5,5,5,-1.13730703840042,2.37415355465827,-1.04553684088799,-0.709944674895415,-1.07842755013676,-0.208626136435193,TRUE,9.73447700980185,1.79175946922806,1.79175946922806,1.79175946922806
Zhejiang,2002,observed,TRUE,TRUE,13,16,6,15,-1.05358803316606,-0.921680916369237,-0.560445845485463,-0.614971821957637,-0.487616083538102,-0.698219600408773,TRUE,2.63905732961526,2.83321334405622,1.94591014905531,2.77258872223978
Zhejiang,2003,observed,TRUE,TRUE,93,8,1,8,-1.17181419550383,-0.037159391165236,-0.856678286853961,-1.38680411816374,-0.834191935792678,-0.863445583566389,TRUE,4.54329478227,2.19722457733622,0.693147180559945,2.19722457733622
Zhejiang,2004,observed,TRUE,TRUE,104,20,9,18,-1.00108347298069,0.014244952741019,-0.462021766357096,-0.395222956527764,-0.384100510344872,-0.355757375517814,TRUE,4.65396035015752,3.04452243772342,2.30258509299405,2.94443897916644
Zhejiang,2005,observed,TRUE,TRUE,172,68,6,59,-0.608884801170311,0.246185162303704,0.0920656810682913,-0.614971821957637,0.308555629231935,-0.0218993303608554,TRUE,5.15329159449778,4.23410650459726,1.94591014905531,4.0943445622221
Zhejiang,2006,observed,TRUE,TRUE,231,77,9,66,-0.564064760620267,0.382491223306718,0.149171697858755,-0.395222956527764,0.375024790191463,0.103961041347998,TRUE,5.44673737166631,4.35670882668959,2.30258509299405,4.20469261939097
Zhejiang,2007,observed,TRUE,TRUE,260,89,8,78,-0.448314533627783,0.437201643058572,0.215825567379428,-0.460135993370887,0.474266610910594,0.1445659259359,TRUE,5.56452040732269,4.49980967033027,2.19722457733622,4.36944785246702
Zhejiang,2008,observed,TRUE,TRUE,241,116,8,98,-0.305230253727441,0.402093359514017,0.338030251892783,-0.460135993370887,0.610202201639384,0.205671586563052,TRUE,5.48893772615669,4.76217393479776,2.19722457733622,4.59511985013459
Zhejiang,2009,observed,TRUE,TRUE,296,114,16,102,-0.292483532529108,0.497220711396719,0.329999320088691,-0.0683007599521075,0.63406112804965,0.33866124579395,TRUE,5.6937321388027,4.74493212836325,2.83321334405622,4.63472898822964
Zhejiang,2010,observed,TRUE,TRUE,393,225,17,164,0.0943591283905999,0.62849760944387,0.644683318167957,-0.0330852316270863,0.917902685721248,0.541974833988058,TRUE,5.97635090929793,5.42053499927229,2.89037175789616,5.10594547390058
Zhejiang,2011,observed,TRUE,TRUE,334,173,18,129,0.0194362989525415,0.553145969079151,0.522890648281833,0.000225800540987319,0.774293626364264,0.460906966709839,TRUE,5.81413053182507,5.15905529921453,2.94443897916644,4.86753445045558
Zhejiang,2012,observed,TRUE,TRUE,333,182,26,140,0.0330427447435097,0.551757323215619,0.546380457649439,0.216723449897442,0.823220512607135,0.538378225465999,TRUE,5.8111409929767,5.20948615284142,3.29583686600433,4.94875989037817
Zhejiang,2013,observed,TRUE,TRUE,451,214,28,154,0.118096387250515,0.69228821743861,0.621442181920699,0.260749604598592,0.880242977176674,0.620307530998068,TRUE,6.11368217983223,5.37063802812766,3.36729582998647,5.04342511691925
Zhejiang,2014,observed,TRUE,TRUE,27,198,40,140,0.0722064477262436,-0.599712875836796,0.585421728664716,0.474091784746634,0.823220512607135,0.336942843476609,TRUE,3.3322045101752,5.29330482472449,3.71357206670431,4.94875989037817
Zhejiang,2015,observed,TRUE,TRUE,190,326,58,174,0.466350766024429,0.292162391801034,0.816755100281085,0.698332315389304,0.953345798788281,0.713222066966765,TRUE,5.25227342804663,5.78996017089725,4.07753744390572,5.16478597392351
Zhejiang,2016,observed,TRUE,TRUE,91,337,76,182,0.549787207476065,-0.047149059952013,0.832165851981991,0.86238108598201,0.980271360176891,0.685890563589086,TRUE,4.52178857704904,5.82304589548302,4.34380542185368,5.20948615284142
Zhejiang,2017,observed,TRUE,TRUE,49,367,85,201,0.515205771018146,-0.330386201767011,0.871774618802703,0.930486378755324,1.03977332653346,0.66173034011177,TRUE,3.91202300542815,5.90808293816893,4.45434729625351,5.30826769740121
Zhejiang,2018,observed,TRUE,TRUE,105,587,103,264,1.18416975006277,0.0186478453781755,1.09006079994224,1.04757300574303,1.20329102120136,0.881845907192893,TRUE,4.66343909411207,6.37672694789863,4.64439089914137,5.57972982598622
Zhejiang,2019,observed,TRUE,TRUE,110,824,150,299,1.4680210923837,0.0400572428156037,1.247801044413,1.27731137783117,1.27801526812926,1.01197718506682,TRUE,4.70953020131233,6.71538338633468,5.01727983681492,5.7037824746562
Zhejiang,2020,observed,TRUE,TRUE,251,1131,124,324,2.07329385331832,0.420901665512382,1.39515500693493,1.16088860500039,1.32622972479021,1.1267828208105,TRUE,5.52942908751142,7.03174125876313,4.8283137373023,5.78382518232974
Zhejiang,2021,observed,TRUE,TRUE,817,2297,194,361,2.73604590233549,0.96782140593668,1.72495380044432,1.43486132541593,1.39117550281243,1.44158539567725,TRUE,6.70686233660275,7.7397944584087,5.27299955856375,5.89164421182577
Zhejiang,2022,observed,TRUE,TRUE,2136,4073,257,365,4.19084133581411,1.413880488267,1.99165440671489,1.60734582202365,1.39779490064826,1.67158987337936,TRUE,7.66715825531915,8.31238059678675,5.55295958492162,5.90263333340137
Zhejiang,2023,observed,TRUE,TRUE,6219,8683,778,365,8.08004208001485,1.91013873875459,2.34418512599855,2.28817246519517,1.39779490064826,2.07244354891171,TRUE,8.73552518573323,9.06923753099818,6.65801104587075,5.90263333340137
Zhejiang,2024,observed,TRUE,TRUE,20702,14966,1824,361,12.4448697894764,2.46870607354195,2.59774106450442,2.81267673629461,1.39117550281243,2.41764527448426,TRUE,9.93803389628871,9.61360305652915,7.50933526601659,5.89164421182577
