species,year,n_cells,baseline,annual_temp,temp_native_anom
Abroscopus albogularis,2002,562,17.4008522033691,17.9545860290527,0.553733825683594
Accipiter gularis,2002,697,2.65403866767883,3.64507389068604,0.991035223007202
Accipiter soloensis,2002,942,14.6539878845215,15.328010559082,0.674022674560547
Accipiter trivirgatus,2002,174,20.6737785339356,21.2326622009277,0.558883666992188
Accipiter virgatus,2002,846,15.1853485107422,15.754189491272,0.568840980529785
Acridotheres cristatellus,2002,1081,16.3418083190918,17.0137805938721,0.671972274780273
Acridotheres tristis,2002,284,13.0754556655884,13.8461532592773,0.770697593688965
Acrocephalus agricola,2002,581,6.84485864639282,7.96727466583252,1.1224160194397
Acrocephalus bistrigiceps,2002,1280,6.68613195419312,7.68011808395386,0.993986129760742
Acrocephalus concinens,2002,766,13.3816928863525,14.2777824401855,0.896089553833008
Acrocephalus orientalis,2002,1446,7.09092283248901,8.0799560546875,0.989033222198486
Acrocephalus tangorum,2002,171,4.11876344680786,5.0256929397583,0.906929492950439
Aegithalos bonvaloti,2002,106,7.6470046043396,8.18225479125977,0.535250186920166
Aegithalos caudatus,2002,754,2.25801730155945,3.29231476783752,1.03429746627808
Aegithalos concinnus,2002,953,15.9409122467041,16.6235904693604,0.68267822265625
Aegithalos fuliginosus,2002,138,9.91040992736816,10.6136093139648,0.70319938659668
Aerodramus brevirostris,2002,603,13.6866846084595,14.2482891082764,0.561604499816895
Aethopyga christinae,2002,23,24.3484706878662,25.0178184509277,0.669347763061523
Aethopyga gouldiae,2002,956,11.0757522583008,11.6141023635864,0.538350105285645
Agropsar sturninus,2002,1131,4.8556547164917,5.86539363861084,1.00973892211914
Aix galericulata,2002,422,3.75636386871338,4.66652011871338,0.91015625
Alauda gulgula,2002,1994,9.42479801177979,10.0370016098022,0.612203598022461
Alaudala cheleensis,2002,2390,5.02381753921509,6.00930547714233,0.985487937927246
Alcedo hercules,2002,141,19.7236499786377,20.2788982391357,0.555248260498047
Alcippe morrisonia,2002,975,16.4001846313477,17.0430088043213,0.642824172973633
Amaurornis phoenicurus,2002,1130,16.0147972106934,16.6808338165283,0.666036605834961
Anastomus oscitans,2002,315,16.1227264404297,16.6564464569092,0.533720016479492
Anser anser,2002,936,2.59998202323914,3.75334882736206,1.15336680412292
Anser fabalis,2002,359,-0.232263207435608,0.794507324695587,1.0267705321312
Anser indicus,2002,441,0.791138470172882,1.51485157012939,0.723713099956513
Anthus godlewskii,2002,157,1.22606432437897,2.454585313797,1.22852098941803
Anthus gustavi,2002,66,2.94458818435669,3.63182163238525,0.687233448028565
Anthus richardi,2002,2788,8.37556171417236,9.31915187835693,0.94359016418457
Anthus roseatus,2002,1911,3.55629634857178,4.22324275970459,0.666946411132813
Anthus trivialis,2002,126,1.94549369812012,3.33834218978882,1.3928484916687
Aquila fasciata,2002,300,19.3407211303711,19.9579544067383,0.617233276367188
Aquila heliaca,2002,183,0.794729292392731,2.11473989486694,1.32001060247421
Ardea intermedia,2002,806,16.9554290771484,17.5900478363037,0.634618759155273
Ardea purpurea,2002,1542,13.773362159729,14.5469884872437,0.773626327514648
Ardenna pacifica,2002,90,21.6581630706787,22.3565540313721,0.698390960693359
Artamus fuscus,2002,275,20.3747119903564,20.9406681060791,0.565956115722656
Asio flammeus,2002,498,0.647581040859222,1.86840760707855,1.22082656621933
Athene noctua,2002,3280,3.76510715484619,4.64775085449219,0.882643699645996
Aviceda jerdoni,2002,64,20.8588600158691,21.3932228088379,0.53436279296875
Aviceda leuphotes,2002,784,15.98646068573,16.5656852722168,0.579224586486816
Aythya fuligula,2002,613,0.912497222423553,2.00570797920227,1.09321075677872
Aythya nyroca,2002,348,3.64787364006043,4.9411678314209,1.29329419136047
Bombycilla japonica,2002,93,-2.70986938476563,-1.54825794696808,1.16161143779755
Branta canadensis,2002,19,7.6150541305542,8.67730045318604,1.06224632263184
Bubo nipalensis,2002,362,11.4124135971069,11.9313497543335,0.518936157226563
Bucanetes mongolicus,2002,731,5.15714693069458,6.34167909622192,1.18453216552734
Butastur indicus,2002,481,4.17492294311523,5.10851192474365,0.933588981628418
Cacomantis merulinus,2002,411,19.2106418609619,19.7815933227539,0.570951461791992
Calandrella brachydactyla,2002,400,5.59619903564453,6.85524845123291,1.25904941558838
Calliope obscura,2002,74,8.60147857666016,9.34766864776611,0.746190071105957
Caprimulgus macrurus,2002,78,21.0046348571777,21.5715408325195,0.566905975341797
Carpodacus roborowskii,2002,101,-4.03297138214111,-3.65562272071838,0.37734866142273
Carpodacus vinaceus,2002,535,13.1980676651001,13.8672151565552,0.669147491455078
Cecropis daurica,2002,2623,9.16229629516602,9.94800281524658,0.785706520080566
Centropus bengalensis,2002,607,18.6197357177734,19.2231502532959,0.603414535522461
Cephalopyrus flammiceps,2002,98,11.278489112854,11.8654909133911,0.587001800537109
Certhia familiaris,2002,1518,4.10910701751709,5.16514253616333,1.05603551864624
Certhia himalayana,2002,210,9.42436599731445,10.0641460418701,0.639780044555664
Certhia tianquanensis,2002,46,8.03892517089844,8.62850284576416,0.589577674865723
Ceryle rudis,2002,762,17.6190166473389,18.239221572876,0.620204925537109
Cettia brunnifrons,2002,409,9.04499340057373,9.53040504455566,0.485411643981934
Cettia castaneocoronata,2002,502,12.0057926177979,12.4890937805176,0.483301162719727
Chalcophaps indica,2002,288,20.4205284118652,20.9932136535645,0.572685241699219
Charadrius atrifrons,2002,1360,-0.0825315490365028,0.586652874946594,0.669184423983097
Charadrius dealbatus,2002,82,22.3581027984619,23.0277671813965,0.66966438293457
Charadrius placidus,2002,860,6.81603288650513,7.7667760848999,0.950743198394775
Charadrius veredus,2002,147,1.37415206432343,2.61161804199219,1.23746597766876
Chlidonias leucopterus,2002,1115,3.61852622032166,4.71240663528442,1.09388041496277
Chlidonias niger,2002,65,2.81934809684753,4.22961711883545,1.41026902198792
Chloris ambigua,2002,297,13.6298961639404,14.1922798156738,0.562383651733398
Chloris sinica,2002,2177,10.1043548583984,10.9257755279541,0.821420669555664
Chrysolophus pictus,2002,410,12.3430995941162,12.9433631896973,0.600263595581055
Ciconia boyciana,2002,141,3.75946140289307,4.66603469848633,0.906573295593262
Ciconia nigra,2002,2186,5.71650981903076,6.77940130233765,1.06289148330688
Circaetus gallicus,2002,228,6.13989019393921,7.46112203598023,1.32123184204102
Circus macrourus,2002,154,2.22476196289063,3.56965160369873,1.34488964080811
Circus spilonotus,2002,631,1.43180251121521,2.46295833587647,1.03115582466125
Cisticola exilis,2002,521,18.3237705230713,18.8983612060547,0.574590682983398
Cisticola juncidis,2002,1233,15.9261827468872,16.6376190185547,0.711436271667481
Clamator coromandus,2002,1069,16.5760765075684,17.2713184356689,0.695241928100586
Clanga clanga,2002,567,1.82915771007538,2.81813597679138,0.988978266716003
Columba oenas,2002,147,1.89062237739563,3.17054390907288,1.27992153167725
Copsychus saularis,2002,1011,16.2842559814453,16.9198760986328,0.6356201171875
Coracias garrulus,2002,83,1.71752464771271,3.12779593467712,1.41027128696442
Coturnicops exquisitus,2002,412,0.116188421845436,1.12559401988983,1.0094055980444
Crex crex,2002,149,1.68861591815948,3.06533169746399,1.3767157793045
Crossoptilon mantchuricum,2002,64,7.99328136444092,9.11262321472168,1.11934185028076
Curruca curruca,2002,961,4.71596050262451,5.76389169692993,1.04793119430542
Cyanistes cyanus,2002,658,0.813704073429108,1.92123866081238,1.10753458738327
Cyanoderma pyrrhops,2002,3,11.5056676864624,11.8817110061646,0.376043319702148
Cygnus cygnus,2002,538,1.97667515277863,3.19544792175293,1.2187727689743
Cygnus olor,2002,250,2.81658434867859,3.68142199516296,0.864837646484375
Cyornis glaucicomans,2002,344,15.2155599594116,15.8140916824341,0.598531723022461
Cyornis hainanus,2002,199,21.3823966979981,21.9432468414307,0.560850143432617
Cyornis rubeculoides,2002,42,16.7205429077148,17.076587677002,0.356044769287109
Delichon dasypus,2002,1040,7.09097099304199,7.6234302520752,0.532459259033203
Dendrocitta formosae,2002,933,17.1049575805664,17.7259464263916,0.620988845825195
Dendrocopos hyperythrus,2002,413,8.27587223052979,8.78043556213379,0.504563331604004
Dendrocygna javanica,2002,684,18.0148448944092,18.6509265899658,0.636081695556641
Dicaeum cruentatum,2002,519,18.7793598175049,19.3337726593018,0.554412841796875
Dicaeum ignipectus,2002,1035,15.6106557846069,16.2052154541016,0.594559669494629
Dicaeum minullum,2002,835,14.767373085022,15.3072681427002,0.539895057678223
Dicrurus annectens,2002,164,19.7741985321045,20.3043231964111,0.530124664306641
Dicrurus hottentottus,2002,1277,14.8924055099487,15.5908517837524,0.698446273803711
Dicrurus remifer,2002,201,17.4981899261475,18.0317573547363,0.533567428588867
Egretta eulophotes,2002,19,9.63973045349121,10.4988889694214,0.859158515930176
Egretta garzetta,2002,1670,12.7392654418945,13.4056949615479,0.66642951965332
Elachura formosa,2002,245,15.8722858428955,16.406530380249,0.534244537353516
Elanus caeruleus,2002,97,20.0274238586426,20.5632419586182,0.535818099975586
Emberiza buchanani,2002,164,0.845942556858063,2.22293877601624,1.37699621915817
Emberiza citrinella,2002,45,1.24440145492554,2.63986849784851,1.39546704292297
Emberiza elegans,2002,1059,8.75524711608887,9.53565788269043,0.780410766601563
Emberiza godlewskii,2002,2040,4.47789907455444,5.29928064346314,0.821381568908691
Emberiza hortulana,2002,93,3.53125858306885,4.90991544723511,1.37865686416626
Emberiza leucocephalos,2002,716,0.0190331656485796,1.03572463989258,1.016691474244
Emberiza pallasi,2002,141,-2.66091752052307,-1.48578095436096,1.17513656616211
Emberiza pusilla,2002,208,2.53732514381409,3.59115266799927,1.05382752418518
Emberiza rustica,2002,3,-4.41251945495605,-3.05989265441895,1.35262680053711
Emberiza siemsseni,2002,79,10.0293006896973,10.8027973175049,0.773496627807617
Emberiza yessoensis,2002,46,2.82388091087341,3.6618435382843,0.837962627410889
Enicurus leschenaulti,2002,1155,14.9616861343384,15.5954008102417,0.63371467590332
Enicurus maculatus,2002,490,17.4008846282959,17.9539737701416,0.553089141845703
Enicurus schistaceus,2002,598,17.1719207763672,17.7161235809326,0.54420280456543
Erpornis zantholeuca,2002,529,17.9002780914307,18.4521980285645,0.551919937133789
Erythrogenys hypoleucos,2002,50,19.9029903411865,20.3602447509766,0.457254409790039
Eudynamys scolopaceus,2002,1083,16.3084487915039,16.9822998046875,0.673851013183594
Eumyias thalassinus,2002,737,14.3080358505249,14.8904829025269,0.582447052001953
Falco cherrug,2002,2075,2.70873928070068,3.58665442466736,0.877915143966675
Falco severus,2002,359,17.7754745483398,18.322151184082,0.546676635742188
Ficedula albicilla,2002,89,-2.38578534126282,-1.21865379810333,1.16713154315948
Ficedula elisae,2002,152,7.47436904907227,8.5298433303833,1.05547428131104
Ficedula erithacus,2002,610,7.43311548233032,7.90236330032349,0.469247817993164
Ficedula hyperythra,2002,472,16.0033531188965,16.5312938690186,0.52794075012207
Ficedula mugimaki,2002,678,2.3159077167511,3.30829858779907,0.992390871047974
Ficedula strophiata,2002,621,13.0205202102661,13.6250791549683,0.604558944702148
Ficedula superciliaris,2002,331,5.17182588577271,5.5981936454773,0.42636775970459
Ficedula tricolor,2002,560,11.7169189453125,12.2504386901855,0.533519744873047
Fringilla coelebs,2002,6,-3.64196300506592,-2.29036068916321,1.35160231590271
Fringilla montifringilla,2002,23,-2.54210829734802,-1.1758953332901,1.36621296405792
Galerida cristata,2002,1619,6.56866264343262,7.5945143699646,1.02585172653198
Gallicrex cinerea,2002,1658,13.8156538009644,14.5701684951782,0.754514694213867
Garrulax canorus,2002,757,17.0413055419922,17.6889572143555,0.647651672363281
Garrulax maesi,2002,302,17.0664443969727,17.5870819091797,0.520637512207031
Garrulax monileger,2002,463,19.1697063446045,19.712646484375,0.542940139770508
Gavia arctica,2002,163,2.2326762676239,3.6053683757782,1.3726921081543
Gelochelidon nilotica,2002,554,7.68231201171875,8.74095439910889,1.05864238739014
Geokichla citrina,2002,505,17.6489105224609,18.2496013641357,0.600690841674805
Glaucidium cuculoides,2002,1012,16.7492389678955,17.3915214538574,0.642282485961914
Gorsachius melanolophus,2002,105,21.6351413726807,22.2198925018311,0.584751129150391
Gracupica nigricollis,2002,510,17.9595203399658,18.5192775726318,0.559757232666016
Grandala coelicolor,2002,621,0.189435198903084,0.567386329174042,0.377951130270958
Grus japonensis,2002,76,2.61315250396729,3.41434216499329,0.801189661026001
Grus monacha,2002,21,-0.20156466960907,0.798234581947327,0.999799251556396
Grus nigricollis,2002,407,-2.81143999099731,-2.27617835998535,0.535261631011963
Gypaetus barbatus,2002,1655,0.90612781047821,1.62012040615082,0.713992595672607
Gyps himalayensis,2002,1392,1.23260295391083,1.88965928554535,0.657056331634522
Halcyon coromanda,2002,131,9.25574684143066,9.9284725189209,0.672725677490234
Halcyon pileata,2002,1245,13.7531538009644,14.5339097976685,0.780755996704102
Halcyon smyrnensis,2002,182,21.6887283325195,22.2852439880371,0.596515655517578
Haliaeetus leucoryphus,2002,34,14.0554161071777,14.3100299835205,0.254613876342773
Harpactes wardi,2002,78,8.85727214813232,9.26137065887451,0.404098510742188
Helopsaltes certhiola,2002,1617,4.47727870941162,5.57181406021118,1.09453535079956
Helopsaltes pryeri,2002,166,6.73794746398926,7.72233867645264,0.984391212463379
Hemiprocne coronata,2002,103,16.7578430175781,17.2670459747314,0.50920295715332
Hemitesia pallidipes,2002,155,16.8176536560059,17.3167324066162,0.499078750610352
Hemixos castanonotus,2002,373,19.1924209594727,19.7374706268311,0.545049667358398
Heterophasia desgodinsi,2002,283,15.513069152832,16.0577030181885,0.544633865356445
Heteroxenicus stellatus,2002,104,10.5467109680176,11.0729827880859,0.526271820068359
Hieraaetus pennatus,2002,137,-1.33781504631042,-0.0481289848685265,1.2896860614419
Hierococcyx nisicolor,2002,639,17.0438480377197,17.6172618865967,0.573413848876953
Hirundapus caudacutus,2002,1023,3.56975531578064,4.33622121810913,0.766465902328491
Hirundo rustica,2002,4116,6.53853988647461,7.37440061569214,0.835860729217529
Histrionicus histrionicus,2002,83,2.51139283180237,3.25184655189514,0.740453720092773
Hydrocoloeus minutus,2002,48,8.87618541717529,10.2990970611572,1.42291164398193
Hydrophasianus chirurgus,2002,865,17.0730152130127,17.6851253509522,0.612110137939453
Hydroprogne caspia,2002,298,13.7203493118286,14.6502866744995,0.929937362670898
Hypothymis azurea,2002,513,17.3541965484619,17.9043464660645,0.550149917602539
Hypsipetes leucocephalus,2002,1126,15.1517972946167,15.7542562484741,0.602458953857422
Ianthocincla lunulata,2002,135,10.4669580459595,11.2076959609985,0.740737915039063
Ibidorhyncha struthersii,2002,1706,2.63580417633057,3.31499266624451,0.67918848991394
Ictinaetus malaiensis,2002,101,17.802188873291,18.3107471466064,0.50855827331543
Iduna caligata,2002,61,2.13780975341797,3.51837658882141,1.38056683540344
Indicator xanthonotus,2002,48,12.2993488311768,12.6747999191284,0.37545108795166
Ixobrychus cinnamomeus,2002,1390,15.337140083313,16.0843048095703,0.747164726257324
Ixobrychus eurhythmus,2002,1430,9.70042896270752,10.5871744155884,0.886745452880859
Ixobrychus minutus,2002,183,3.59522795677185,4.93891048431397,1.34368252754211
Ixos mcclellandii,2002,697,17.6051921844482,18.1789073944092,0.573715209960938
Ketupa flavipes,2002,920,17.0898551940918,17.7745018005371,0.684646606445313
Lalage melaschistos,2002,1331,14.7237720489502,15.4371671676636,0.713395118713379
Lanius borealis,2002,248,1.18080830574036,2.49670648574829,1.31589818000793
Lanius collurioides,2002,302,18.6856880187988,19.2367401123047,0.551052093505859
Lanius isabellinus,2002,1437,4.29488563537598,5.31704664230347,1.02216100692749
Lanius schach,2002,1339,14.2475595474243,14.8929471969605,0.645387649536133
Lanius sphenocercus,2002,817,3.8520245552063,4.88053321838379,1.02850866317749
Lanius tephronotus,2002,638,4.51975870132446,5.03410530090332,0.514346599578857
Larus crassirostris,2002,78,15.5089054107666,16.2662906646729,0.75738525390625
Larvivora brunnea,2002,325,6.83418989181519,7.36420869827271,0.53001880645752
Larvivora cyane,2002,504,1.02699601650238,1.9986869096756,0.971690893173218
Leptopoecile elegans,2002,464,1.16251695156097,1.67943203449249,0.516915082931519
Leptoptilos javanicus,2002,193,17.0435619354248,17.6160163879395,0.572454452514648
Limnodromus semipalmatus,2002,293,0.636016726493835,1.66129994392395,1.02528321743011
Limosa limosa,2002,390,1.07777690887451,2.28744244575501,1.20966553688049
Linaria cannabina,2002,164,3.81024098396301,5.21156454086304,1.40132355690002
Locustella davidi,2002,377,1.02113199234009,2.0199761390686,0.998844146728516
Locustella mandelli,2002,546,16.9194431304932,17.4675827026367,0.548139572143555
Lonchura striata,2002,766,18.0601272583008,18.6696662902832,0.609539031982422
Lophotriorchis kienerii,2002,55,21.8129367828369,22.3552494049072,0.542312622070313
Lophura leucomelanos,2002,150,10.5427417755127,10.9573221206665,0.414580345153809
Lophura nycthemera,2002,260,18.5232791900635,19.0933418273926,0.570062637329102
Loxia curvirostra,2002,1375,1.54966580867767,2.3485472202301,0.798881411552429
Macropygia unchall,2002,594,16.1906127929688,16.7420349121094,0.551422119140625
Mareca falcata,2002,366,-0.290807813405991,0.726264417171478,1.01707223057747
Megaceryle lugubris,2002,1428,15.1732769012451,15.909854888916,0.736577987670898
Melanitta fusca,2002,7,0.868973076343536,2.17023706436157,1.30126398801804
Melanitta stejnegeri,2002,45,-4.25272130966187,-3.05403661727905,1.19868469238281
Melanochlora sultanea,2002,155,18.2084312438965,18.7080898284912,0.499658584594727
Mergus serrator,2002,251,1.3321053981781,2.20575666427612,0.873651266098023
Merops philippinus,2002,293,18.3080310821533,18.905122756958,0.597091674804688
Mixornis gularis,2002,159,16.6837577819824,17.2769317626953,0.593173980712891
Monticola gularis,2002,646,2.43376898765564,3.43146204948425,0.997693061828613
Monticola rufiventris,2002,869,15.3018579483032,15.9068937301636,0.605035781860352
Monticola solitarius,2002,2043,10.853741645813,11.5896158218384,0.735874176025391
Motacilla citreola,2002,2159,2.20297122001648,2.99709224700928,0.794121026992798
Moupinia poecilotis,2002,145,6.02350807189941,6.57422733306885,0.550719261169434
Muscicapa dauurica,2002,671,1.70671880245209,2.7166543006897,1.00993549823761
Muscicapa ferruginea,2002,600,12.596305847168,13.1929531097412,0.596647262573242
Muscicapa muttui,2002,305,16.68186378479,17.2174510955811,0.535587310791016
Mycerobas affinis,2002,417,4.74256801605225,5.16346883773804,0.420900821685791
Mycerobas carnipes,2002,1012,2.43280649185181,3.11386489868164,0.681058406829834
Myiomela leucura,2002,672,15.003249168396,15.5882148742676,0.584965705871582
Myophonus caeruleus,2002,1550,12.4764938354492,13.1926288604736,0.716135025024414
Netta rufina,2002,395,4.57272863388062,5.86813926696777,1.29541063308716
Niltava davidi,2002,684,16.3860206604004,16.9477787017822,0.561758041381836
Niltava grandis,2002,139,15.5507926940918,16.0512924194336,0.500499725341797
Niltava macgrigoriae,2002,278,17.1179103851318,17.6442279815674,0.526317596435547
Niltava sundara,2002,761,11.4049816131592,11.9424591064453,0.537477493286133
Ninox japonica,2002,1327,11.1691026687622,12.0397958755493,0.870693206787109
Nipponia nippon,2002,3,13.224778175354,14.1037950515747,0.879016876220703
Nisaetus nipalensis,2002,501,16.0050029754639,16.5754356384277,0.570432662963867
Numenius madagascariensis,2002,197,0.840074002742767,1.71383047103882,0.873756468296051
Nycticorax nycticorax,2002,1539,14.4904012680054,15.2542991638184,0.763897895812988
Oenanthe deserti,2002,1737,2.79329204559326,3.69827389717102,0.904981851577759
Oenanthe oenanthe,2002,1019,4.16478967666626,5.36202621459961,1.19723653793335
Onychoprion anaethetus,2002,31,20.9556827545166,21.639762878418,0.684080123901367
Oriolus oriolus,2002,192,3.03185987472534,4.42200613021851,1.39014625549316
Otus lettia,2002,878,17.5054512023926,18.1304130554199,0.624961853027344
Otus semitorques,2002,542,7.6100811958313,8.55950832366943,0.949427127838135
Otus spilocephalus,2002,561,16.5144157409668,17.0648670196533,0.550451278686523
Oxyura leucocephala,2002,149,5.72699737548828,7.04242420196533,1.31542682647705
Panurus biarmicus,2002,1831,4.12009954452515,5.1635537147522,1.04345417022705
Paradoxornis guttaticollis,2002,448,16.6616554260254,17.2334365844727,0.571781158447266
Paradoxornis heudei,2002,323,12.1314287185669,13.0492115020752,0.917782783508301
Parayuhina diademata,2002,471,13.0819683074951,13.7003936767578,0.618425369262695
Pardaliparus venustulus,2002,704,13.5442533493042,14.3227224349976,0.778469085693359
Parus monticolus,2002,628,12.7628221511841,13.4185085296631,0.655686378479004
Passer cinnamomeus,2002,1562,12.8010911941528,13.5330982208252,0.732007026672363
Passer domesticus,2002,750,0.82120680809021,1.96872663497925,1.14751982688904
Passer hispaniolensis,2002,153,4.25698804855347,5.63479375839233,1.37780570983887
Pelecanus crispus,2002,151,0.737479865550995,1.79171597957611,1.05423611402512
Pellorneum tickelli,2002,96,18.7574138641357,19.2710304260254,0.513616561889648
Perdix hodgsoniae,2002,460,-1.68631982803345,-1.33328199386597,0.35303783416748
Pericrocotus cantonensis,2002,816,16.4538898468018,17.1044006347656,0.650510787963867
Pericrocotus divaricatus,2002,132,2.67148590087891,3.36221575737,0.690729856491089
Pericrocotus ethologus,2002,1120,10.0661602020264,10.7398719787598,0.673711776733398
Pericrocotus solaris,2002,630,17.9055347442627,18.4676113128662,0.562076568603516
Periparus rubidiventris,2002,406,1.0057018995285,1.40692567825317,0.40122377872467
Pernis ptilorhynchus,2002,832,3.53393316268921,4.40454053878784,0.870607376098633
Phasianus colchicus,2002,2329,8.38204383850098,9.23446369171143,0.852419853210449
Phoenicurus erythronotus,2002,302,4.4462628364563,5.76046180725098,1.31419897079468
Phoenicurus frontalis,2002,923,4.79591703414917,5.31231832504273,0.516401290893555
Phoenicurus leucocephalus,2002,1426,7.7376446723938,8.37740802764893,0.639763355255127
Phoenicurus ochruros,2002,2263,3.26384401321411,4.09452676773071,0.830682754516602
Phoenicurus schisticeps,2002,406,3.07463383674622,3.508948802948,0.434314966201782
Phylloscopus affinis,2002,666,5.29091310501099,5.77742671966553,0.486513614654541
Phylloscopus burkii,2002,33,2.90200233459473,3.17791128158569,0.275908946990967
Phylloscopus cantator,2002,105,15.6603422164917,16.0817260742188,0.421383857727051
Phylloscopus castaniceps,2002,632,16.0546073913574,16.623950958252,0.569343566894531
Phylloscopus claudiae,2002,522,9.88924694061279,10.7674570083618,0.878210067749023
Phylloscopus coronatus,2002,414,6.72929191589356,7.53456020355225,0.805268287658691
Phylloscopus emeiensis,2002,22,12.370792388916,12.9263143539429,0.555521965026856
Phylloscopus intermedius,2002,134,14.0922756195068,14.5594100952148,0.467134475708008
Phylloscopus magnirostris,2002,214,6.5604043006897,7.08368873596191,0.523284435272217
Phylloscopus ogilviegranti,2002,381,17.7375507354736,18.3382949829102,0.600744247436523
Phylloscopus omeiensis,2002,138,10.2660341262817,10.9202527999878,0.654218673706055
Phylloscopus pulcher,2002,413,7.9857611656189,8.51887702941895,0.533115863800049
Phylloscopus ricketti,2002,676,15.3157758712769,15.9764719009399,0.660696029663086
Phylloscopus soror,2002,245,13.625864982605,14.3029098510742,0.677044868469238
Phylloscopus subaffinis,2002,1013,11.5190992355347,12.1415185928345,0.622419357299805
Phylloscopus tenellipes,2002,259,4.56703424453735,5.38516473770142,0.818130493164063
Phylloscopus tephrocephalus,2002,281,12.0046453475952,12.6885023117065,0.683856964111328
Phylloscopus yunnanensis,2002,215,8.02978324890137,8.96785640716553,0.93807315826416
Picumnus innominatus,2002,1093,15.3501920700073,15.9725341796875,0.622342109680176
Picus chlorolophus,2002,236,18.3902645111084,18.9217739105225,0.531509399414063
Pitta nympha,2002,314,17.3351917266846,18.0755443572998,0.740352630615234
Platalea minor,2002,6,9.52713203430176,10.3317966461182,0.804664611816406
Pnoepyga immaculata,2002,5,5.88570213317871,6.37902116775513,0.493319034576416
Podiceps auritus,2002,229,0.136366680264473,1.43351745605469,1.29715077579021
Podiceps grisegena,2002,136,1.74304449558258,2.66488361358643,0.921839118003845
Podiceps nigricollis,2002,481,3.37681865692139,4.43585395812988,1.0590353012085
Podoces biddulphi,2002,276,11.4326000213623,12.4901294708252,1.05752944946289
Pomatorhinus schisticeps,2002,30,17.0419483184814,17.3488235473633,0.306875228881836
Pomatorhinus superciliaris,2002,107,15.5741310119629,15.9916944503784,0.417563438415527
Prinia atrogularis,2002,41,13.7463512420654,14.0772342681885,0.330883026123047
Prinia flaviventris,2002,82,19.0294494628906,19.5655555725098,0.536106109619141
Prinia inornata,2002,815,17.7829418182373,18.3998508453369,0.616909027099609
Prunella collaris,2002,2078,0.881721675395966,1.66888451576233,0.787162840366364
Prunella himalayana,2002,208,-0.780707001686096,0.491687327623367,1.27239432930946
Prunella immaculata,2002,328,2.3754723072052,2.77941060066223,0.403938293457031
Prunella montanella,2002,35,-4.01745891571045,-2.74672675132751,1.27073216438293
Prunella strophiata,2002,581,4.8185076713562,5.35794019699097,0.539432525634766
Psarisomus dalhousiae,2002,108,17.168399810791,17.6593647003174,0.490964889526367
Pseudopodoces humilis,2002,999,-2.24323654174805,-1.74204552173615,0.501191020011902
Psilopogon faber,2002,43,19.2454166412354,19.7391452789307,0.493728637695313
Psilopogon virens,2002,727,16.4328498840332,17.0050392150879,0.572189331054688
Pterorhinus berthemyi,2002,335,15.9220361709595,16.5233135223389,0.601277351379395
Pterorhinus lanceolatus,2002,830,14.0311040878296,14.6218004226685,0.590696334838867
Pterorhinus pectoralis,2002,584,16.4923286437988,17.1461067199707,0.653778076171875
Pterorhinus sannio,2002,723,16.5131092071533,17.1297779083252,0.616668701171875
Pteruthius rufiventer,2002,90,13.7090368270874,14.1434545516968,0.434417724609375
Pteruthius xanthochlorus,2002,307,10.3232049942017,10.9070730209351,0.583868026733398
Ptyonoprogne rupestris,2002,1954,5.37436962127686,6.25027799606323,0.875908374786377
Pycnonotus aurigaster,2002,572,17.6714363098145,18.2447185516357,0.573282241821289
Pycnonotus jocosus,2002,415,18.2223873138428,18.78395652771,0.561569213867188
Pycnonotus sinensis,2002,1342,15.0544948577881,15.8277673721313,0.773272514343262
Pycnonotus xanthorrhous,2002,700,14.8906507492065,15.5133972167969,0.622746467590332
Pyrrhula erythaca,2002,897,8.99915409088135,9.58219432830811,0.583040237426758
Pyrrhula nipalensis,2002,747,14.819185256958,15.3379344940186,0.518749237060547
Rallina eurizonoides,2002,152,20.1719455718994,20.7225818634033,0.550636291503906
Rallus aquaticus,2002,1224,2.42764139175415,3.25045132637024,0.822809934616089
Recurvirostra avosetta,2002,698,1.33939504623413,2.50226211547852,1.16286706924438
Regulus regulus,2002,930,7.1307168006897,7.75433778762817,0.623620986938477
Remiz consobrinus,2002,558,3.35002541542053,4.33886337280273,0.988837957382202
Remiz coronatus,2002,191,2.46915340423584,3.76455283164978,1.29539942741394
Rhodospiza obsoleta,2002,720,5.24223470687866,6.25349044799805,1.01125574111938
Riparia riparia,2002,784,2.64866471290588,3.68202352523804,1.03335881233215
Rubigula flaviventris,2002,174,18.7557125091553,19.3020133972168,0.546300888061523
Sasia ochracea,2002,132,19.0419464111328,19.5192165374756,0.477270126342773
Saxicola ferreus,2002,1085,14.6986656188965,15.3285627365112,0.629897117614746
Sitta cinnamoventris,2002,123,17.082124710083,17.6369457244873,0.554821014404297
Sitta formosa,2002,141,15.951807975769,16.4751091003418,0.523301124572754
Sitta villosa,2002,798,6.09239196777344,7.01183700561523,0.919445037841797
Sittiparus varius,2002,82,5.76430416107178,6.60033178329468,0.8360276222229
Spilopelia chinensis,2002,1413,14.8436107635498,15.5662136077881,0.722602844238281
Spilopelia senegalensis,2002,168,3.82531929016113,5.09881258010864,1.27349328994751
Spilornis cheela,2002,652,17.436824798584,18.0123710632324,0.575546264648438
Spinus spinus,2002,295,-0.596706986427307,0.414306938648224,1.01101392507553
Spizixos semitorques,2002,944,16.026798248291,16.7051448822022,0.678346633911133
Spodiopsar cineraceus,2002,1439,4.32776212692261,5.31435918807983,0.986597061157227
Spodiopsar sericeus,2002,692,17.4629497528076,18.0941715240479,0.631221771240234
Stachyris humei,2002,39,13.5445995330811,13.8405199050903,0.295920372009277
Staphida torqueola,2002,740,17.3425159454346,17.947660446167,0.605144500732422
Streptopelia decaocto,2002,1819,7.51734828948975,8.51132678985596,0.993978500366211
Sturnia sinensis,2002,305,19.1309833526611,19.6900405883789,0.559057235717773
Sturnus vulgaris,2002,253,4.91895532608032,6.22649717330933,1.307541847229
Suthora fulvifrons,2002,136,9.14953327178955,9.70169830322266,0.552165031433106
Syrmaticus humiae,2002,108,16.9307231903076,17.5590381622314,0.628314971923828
Syrmaticus reevesii,2002,256,14.2624092102051,14.9253816604614,0.662972450256348
Syrrhaptes paradoxus,2002,1270,4.20923328399658,5.33915233612061,1.12991905212402
Tarsiger chrysaeus,2002,217,7.12873888015747,7.58802032470703,0.459281444549561
Tarsiger indicus,2002,276,9.35574531555176,9.86686134338379,0.511116027832031
Temnurus temnurus,2002,38,23.8245315551758,24.4602794647217,0.635747909545898
Tephrodornis virgatus,2002,421,19.5108184814453,20.0555477142334,0.544729232788086
Thalasseus bergii,2002,240,22.2157859802246,22.8990783691406,0.683292388916016
Timalia pileata,2002,263,19.225227355957,19.7282733917236,0.503046035766602
Tragopan caboti,2002,186,18.5082702636719,19.0911827087402,0.582912445068359
Tragopan temminckii,2002,529,12.6361389160156,13.1920967102051,0.555957794189453
Treron curvirostra,2002,162,18.7455444335938,19.2989311218262,0.553386688232422
Treron sieboldii,2002,645,17.8530445098877,18.497838973999,0.644794464111328
Treron sphenurus,2002,294,14.4787168502808,15.0119581222534,0.533241271972656
Turdus boulboul,2002,220,17.376407623291,17.8959274291992,0.519519805908203
Turdus cardis,2002,169,15.0351343154907,15.7709369659424,0.73580265045166
Turdus feae,2002,117,7.37936782836914,8.45138740539551,1.07201957702637
Turdus mandarinus,2002,1032,14.7816362380981,15.4456357955933,0.663999557495117
Turdus pilaris,2002,220,-1.74795424938202,-0.547622561454773,1.20033168792725
Turdus rubrocanus,2002,541,5.81288194656372,6.32914161682129,0.516259670257568
Turdus ruficollis,2002,159,2.9576096534729,4.30674743652344,1.34913778305054
Turdus viscivorus,2002,422,4.64524841308594,5.93034839630127,1.28509998321533
Turnix suscitator,2002,455,17.9373970031738,18.5356311798096,0.598234176635742
Tyto longimembris,2002,685,17.7860012054443,18.4114227294922,0.625421524047852
Urile pelagicus,2002,10,10.4286890029907,11.3022203445435,0.873531341552734
Urosphena squameiceps,2002,112,3.62927651405334,4.36143589019775,0.732159376144409
Vanellus cinereus,2002,279,3.7433602809906,4.74039936065674,0.997039079666138
Vanellus indicus,2002,87,17.6243762969971,18.2229042053223,0.598527908325195
Vanellus vanellus,2002,1111,2.88630080223084,4.00651264190674,1.1202118396759
Yuhina nigrimenta,2002,669,15.0526151657105,15.6124486923218,0.559833526611328
Zoothera dixoni,2002,349,11.1787948608398,11.7279949188232,0.549200057983398
Zoothera mollissima,2002,155,2.83340001106262,3.18126463890076,0.347864627838135
Zoothera monticola,2002,41,12.9189081192017,13.1817960739136,0.262887954711914
Zosterops erythropleurus,2002,328,4.62363433837891,5.49245357513428,0.868819236755371
Abroscopus albogularis,2003,562,17.4008522033691,17.9623527526855,0.561500549316406
Accipiter gularis,2003,697,2.65403866767883,3.47793674468994,0.823898077011108
Accipiter soloensis,2003,942,14.6539878845215,15.2689542770386,0.61496639251709
Accipiter trivirgatus,2003,174,20.6737785339356,21.3156967163086,0.641918182373047
Accipiter virgatus,2003,846,15.1853485107422,15.7824153900146,0.597066879272461
Acridotheres cristatellus,2003,1081,16.3418083190918,16.8980388641357,0.556230545043945
Acridotheres tristis,2003,284,13.0754556655884,13.6200313568115,0.544575691223145
Acrocephalus agricola,2003,581,6.84485864639282,7.11600732803345,0.271148681640625
Acrocephalus bistrigiceps,2003,1280,6.68613195419312,7.25377655029297,0.567644596099854
Acrocephalus concinens,2003,766,13.3816928863525,13.7074937820435,0.325800895690918
Acrocephalus orientalis,2003,1446,7.09092283248901,7.64276075363159,0.551837921142578
Acrocephalus tangorum,2003,171,4.11876344680786,5.07767248153687,0.958909034729004
Aegithalos bonvaloti,2003,106,7.6470046043396,8.37929153442383,0.732286930084229
Aegithalos caudatus,2003,754,2.25801730155945,3.04843854904175,0.7904212474823
Aegithalos concinnus,2003,953,15.9409122467041,16.4860191345215,0.545106887817383
Aegithalos fuliginosus,2003,138,9.91040992736816,10.3993911743164,0.488981246948242
Aerodramus brevirostris,2003,603,13.6866846084595,14.2763786315918,0.589694023132324
Aethopyga christinae,2003,23,24.3484706878662,25.1180057525635,0.769535064697266
Aethopyga gouldiae,2003,956,11.0757522583008,11.6387624740601,0.563010215759277
Agropsar sturninus,2003,1131,4.8556547164917,5.45342969894409,0.597774982452393
Aix galericulata,2003,422,3.75636386871338,4.69161081314087,0.93524694442749
Alauda gulgula,2003,1994,9.42479801177979,9.98628997802734,0.561491966247559
Alaudala cheleensis,2003,2390,5.02381753921509,5.45785665512085,0.434039115905762
Alcedo hercules,2003,141,19.7236499786377,20.3521137237549,0.628463745117188
Alcippe morrisonia,2003,975,16.4001846313477,16.9703769683838,0.570192337036133
Amaurornis phoenicurus,2003,1130,16.0147972106934,16.5732460021973,0.558448791503906
Anastomus oscitans,2003,315,16.1227264404297,16.792573928833,0.66984748840332
Anser anser,2003,936,2.59998202323914,3.09429144859314,0.494309425354004
Anser fabalis,2003,359,-0.232263207435608,0.681172966957092,0.9134361743927
Anser indicus,2003,441,0.791138470172882,1.2426552772522,0.451516807079315
Anthus godlewskii,2003,157,1.22606432437897,1.72136855125427,0.495304226875305
Anthus gustavi,2003,66,2.94458818435669,3.74641990661621,0.801831722259522
Anthus richardi,2003,2788,8.37556171417236,8.85072422027588,0.475162506103516
Anthus roseatus,2003,1911,3.55629634857178,4.09912776947022,0.542831420898438
Anthus trivialis,2003,126,1.94549369812012,2.01984238624573,0.0743486881256104
Aquila fasciata,2003,300,19.3407211303711,19.9066295623779,0.565908432006836
Aquila heliaca,2003,183,0.794729292392731,1.10365986824036,0.308930575847626
Ardea intermedia,2003,806,16.9554290771484,17.5236415863037,0.568212509155273
Ardea purpurea,2003,1542,13.773362159729,14.3130970001221,0.539734840393066
Ardenna pacifica,2003,90,21.6581630706787,22.2671375274658,0.608974456787109
Artamus fuscus,2003,275,20.3747119903564,21.0235061645508,0.648794174194336
Asio flammeus,2003,498,0.647581040859222,1.17994570732117,0.532364666461945
Athene noctua,2003,3280,3.76510715484619,4.26111268997192,0.496005535125732
Aviceda jerdoni,2003,64,20.8588600158691,21.4962425231934,0.637382507324219
Aviceda leuphotes,2003,784,15.98646068573,16.5897655487061,0.603304862976074
Aythya fuligula,2003,613,0.912497222423553,1.66882264614105,0.756325423717499
Aythya nyroca,2003,348,3.64787364006043,3.75368046760559,0.105806827545166
Bombycilla japonica,2003,93,-2.70986938476563,-1.76935565471649,0.940513730049133
Branta canadensis,2003,19,7.6150541305542,8.08102130889893,0.465967178344727
Bubo nipalensis,2003,362,11.4124135971069,12.0987997055054,0.686386108398438
Bucanetes mongolicus,2003,731,5.15714693069458,5.43391561508179,0.276768684387207
Butastur indicus,2003,481,4.17492294311523,5.06105375289917,0.886130809783936
Cacomantis merulinus,2003,411,19.2106418609619,19.850061416626,0.639419555664063
Calandrella brachydactyla,2003,400,5.59619903564453,5.66122055053711,0.0650215148925781
Calliope obscura,2003,74,8.60147857666016,9.02945613861084,0.427977561950684
Caprimulgus macrurus,2003,78,21.0046348571777,21.6624221801758,0.657787322998047
Carpodacus roborowskii,2003,101,-4.03297138214111,-3.34820294380188,0.684768438339233
Carpodacus vinaceus,2003,535,13.1980676651001,13.8005466461182,0.602478981018066
Cecropis daurica,2003,2623,9.16229629516602,9.72242832183838,0.560132026672363
Centropus bengalensis,2003,607,18.6197357177734,19.1752433776855,0.555507659912109
Cephalopyrus flammiceps,2003,98,11.278489112854,11.8328294754028,0.554340362548828
Certhia familiaris,2003,1518,4.10910701751709,4.64413785934448,0.535030841827393
Certhia himalayana,2003,210,9.42436599731445,10.0600967407227,0.635730743408203
Certhia tianquanensis,2003,46,8.03892517089844,8.60712623596191,0.568201065063477
Ceryle rudis,2003,762,17.6190166473389,18.1932945251465,0.574277877807617
Cettia brunnifrons,2003,409,9.04499340057373,9.65155792236328,0.606564521789551
Cettia castaneocoronata,2003,502,12.0057926177979,12.6413488388062,0.635556221008301
Chalcophaps indica,2003,288,20.4205284118652,21.0558986663818,0.635370254516602
Charadrius atrifrons,2003,1360,-0.0825315490365028,0.479826867580414,0.562358416616917
Charadrius dealbatus,2003,82,22.3581027984619,23.0153274536133,0.657224655151367
Charadrius placidus,2003,860,6.81603288650513,7.46953821182251,0.653505325317383
Charadrius veredus,2003,147,1.37415206432343,1.86626386642456,0.492111802101135
Chlidonias leucopterus,2003,1115,3.61852622032166,4.19238901138306,0.573862791061401
Chlidonias niger,2003,65,2.81934809684753,2.86238646507263,0.0430383682250977
Chloris ambigua,2003,297,13.6298961639404,14.3508052825928,0.720909118652344
Chloris sinica,2003,2177,10.1043548583984,10.6616430282593,0.55728816986084
Chrysolophus pictus,2003,410,12.3430995941162,12.8841905593872,0.541090965270996
Ciconia boyciana,2003,141,3.75946140289307,4.65512752532959,0.895666122436523
Ciconia nigra,2003,2186,5.71650981903076,6.16505861282349,0.448548793792725
Circaetus gallicus,2003,228,6.13989019393921,6.25459289550781,0.114702701568604
Circus macrourus,2003,154,2.22476196289063,2.2504894733429,0.0257275104522705
Circus spilonotus,2003,631,1.43180251121521,2.26671934127808,0.834916830062866
Cisticola exilis,2003,521,18.3237705230713,18.9239120483398,0.600141525268555
Cisticola juncidis,2003,1233,15.9261827468872,16.4687728881836,0.542590141296387
Clamator coromandus,2003,1069,16.5760765075684,17.1048259735107,0.528749465942383
Clanga clanga,2003,567,1.82915771007538,2.68450212478638,0.855344414710999
Columba oenas,2003,147,1.89062237739563,1.99317955970764,0.102557182312012
Copsychus saularis,2003,1011,16.2842559814453,16.8544521331787,0.570196151733398
Coracias garrulus,2003,83,1.71752464771271,1.75572204589844,0.03819739818573
Coturnicops exquisitus,2003,412,0.116188421845436,1.02006781101227,0.903879389166832
Crex crex,2003,149,1.68861591815948,1.73601508140564,0.0473991632461548
Crossoptilon mantchuricum,2003,64,7.99328136444092,8.0573148727417,0.0640335083007813
Curruca curruca,2003,961,4.71596050262451,5.06543397903442,0.349473476409912
Cyanistes cyanus,2003,658,0.813704073429108,1.37786054611206,0.564156472682953
Cyanoderma pyrrhops,2003,3,11.5056676864624,12.0084962844849,0.502828598022461
Cygnus cygnus,2003,538,1.97667515277863,2.50686120986939,0.530186057090759
Cygnus olor,2003,250,2.81658434867859,3.39766120910645,0.581076860427856
Cyornis glaucicomans,2003,344,15.2155599594116,15.7535409927368,0.537981033325195
Cyornis hainanus,2003,199,21.3823966979981,22.0245151519775,0.642118453979492
Cyornis rubeculoides,2003,42,16.7205429077148,17.1660709381104,0.445528030395508
Delichon dasypus,2003,1040,7.09097099304199,7.67104482650757,0.580073833465576
Dendrocitta formosae,2003,933,17.1049575805664,17.6840019226074,0.579044342041016
Dendrocopos hyperythrus,2003,413,8.27587223052979,8.95834350585938,0.68247127532959
Dendrocygna javanica,2003,684,18.0148448944092,18.5939445495605,0.579099655151367
Dicaeum cruentatum,2003,519,18.7793598175049,19.3733177185059,0.593957901000977
Dicaeum ignipectus,2003,1035,15.6106557846069,16.1888294219971,0.578173637390137
Dicaeum minullum,2003,835,14.767373085022,15.3798418045044,0.612468719482422
Dicrurus annectens,2003,164,19.7741985321045,20.4175701141357,0.64337158203125
Dicrurus hottentottus,2003,1277,14.8924055099487,15.3937177658081,0.501312255859375
Dicrurus remifer,2003,201,17.4981899261475,18.1570987701416,0.658908843994141
Egretta eulophotes,2003,19,9.63973045349121,10.1778812408447,0.538150787353516
Egretta garzetta,2003,1670,12.7392654418945,13.2383861541748,0.499120712280273
Elachura formosa,2003,245,15.8722858428955,16.5072212219238,0.63493537902832
Elanus caeruleus,2003,97,20.0274238586426,20.6138763427734,0.586452484130859
Emberiza buchanani,2003,164,0.845942556858063,0.890685141086578,0.0447425842285156
Emberiza citrinella,2003,45,1.24440145492554,1.35541093349457,0.111009478569031
Emberiza elegans,2003,1059,8.75524711608887,9.49591541290283,0.740668296813965
Emberiza godlewskii,2003,2040,4.47789907455444,5.00750303268433,0.529603958129883
Emberiza hortulana,2003,93,3.53125858306885,3.59669327735901,0.0654346942901611
Emberiza leucocephalos,2003,716,0.0190331656485796,0.640548408031464,0.621515242382884
Emberiza pallasi,2003,141,-2.66091752052307,-1.96036267280579,0.700554847717285
Emberiza pusilla,2003,208,2.53732514381409,3.5076916217804,0.970366477966309
Emberiza rustica,2003,3,-4.41251945495605,-4.29230976104736,0.120209693908691
Emberiza siemsseni,2003,79,10.0293006896973,10.5168075561523,0.487506866455078
Emberiza yessoensis,2003,46,2.82388091087341,3.72354412078857,0.899663209915161
Enicurus leschenaulti,2003,1155,14.9616861343384,15.5257759094238,0.564089775085449
Enicurus maculatus,2003,490,17.4008846282959,18.0408954620361,0.640010833740234
Enicurus schistaceus,2003,598,17.1719207763672,17.7671642303467,0.595243453979492
Erpornis zantholeuca,2003,529,17.9002780914307,18.5080165863037,0.607738494873047
Erythrogenys hypoleucos,2003,50,19.9029903411865,20.470365524292,0.567375183105469
Eudynamys scolopaceus,2003,1083,16.3084487915039,16.8574810028076,0.549032211303711
Eumyias thalassinus,2003,737,14.3080358505249,14.8960075378418,0.587971687316895
Falco cherrug,2003,2075,2.70873928070068,3.14399170875549,0.43525242805481
Falco severus,2003,359,17.7754745483398,18.4413223266602,0.665847778320313
Ficedula albicilla,2003,89,-2.38578534126282,-1.59635055065155,0.789434790611267
Ficedula elisae,2003,152,7.47436904907227,7.60173797607422,0.127368927001953
Ficedula erithacus,2003,610,7.43311548233032,8.08859920501709,0.655483722686768
Ficedula hyperythra,2003,472,16.0033531188965,16.6475391387939,0.644186019897461
Ficedula mugimaki,2003,678,2.3159077167511,3.16698908805847,0.851081371307373
Ficedula strophiata,2003,621,13.0205202102661,13.6039686203003,0.58344841003418
Ficedula superciliaris,2003,331,5.17182588577271,5.76346015930176,0.591634273529053
Ficedula tricolor,2003,560,11.7169189453125,12.3423891067505,0.625470161437988
Fringilla coelebs,2003,6,-3.64196300506592,-3.53685140609741,0.105111598968506
Fringilla montifringilla,2003,23,-2.54210829734802,-2.44429063796997,0.0978176593780518
Galerida cristata,2003,1619,6.56866264343262,6.92330265045166,0.354640007019043
Gallicrex cinerea,2003,1658,13.8156538009644,14.3464679718018,0.530814170837402
Garrulax canorus,2003,757,17.0413055419922,17.5762271881104,0.534921646118164
Garrulax maesi,2003,302,17.0664443969727,17.6487827301025,0.582338333129883
Garrulax monileger,2003,463,19.1697063446045,19.7487926483154,0.579086303710938
Gavia arctica,2003,163,2.2326762676239,2.44584608078003,0.213169813156128
Gelochelidon nilotica,2003,554,7.68231201171875,8.05067729949951,0.368365287780762
Geokichla citrina,2003,505,17.6489105224609,18.2341461181641,0.585235595703125
Glaucidium cuculoides,2003,1012,16.7492389678955,17.3064365386963,0.557197570800781
Gorsachius melanolophus,2003,105,21.6351413726807,22.2867126464844,0.651571273803711
Gracupica nigricollis,2003,510,17.9595203399658,18.5838508605957,0.624330520629883
Grandala coelicolor,2003,621,0.189435198903084,0.784147024154663,0.594711825251579
Grus japonensis,2003,76,2.61315250396729,3.46953177452087,0.856379270553589
Grus monacha,2003,21,-0.20156466960907,0.806387841701508,1.00795251131058
Grus nigricollis,2003,407,-2.81143999099731,-2.21296501159668,0.598474979400635
Gypaetus barbatus,2003,1655,0.90612781047821,1.39578413963318,0.489656329154968
Gyps himalayensis,2003,1392,1.23260295391083,1.77493703365326,0.542334079742432
Halcyon coromanda,2003,131,9.25574684143066,10.0401430130005,0.784396171569824
Halcyon pileata,2003,1245,13.7531538009644,14.2314434051514,0.478289604187012
Halcyon smyrnensis,2003,182,21.6887283325195,22.3190765380859,0.630348205566406
Haliaeetus leucoryphus,2003,34,14.0554161071777,14.3971185684204,0.341702461242676
Harpactes wardi,2003,78,8.85727214813232,9.40927600860596,0.552003860473633
Helopsaltes certhiola,2003,1617,4.47727870941162,4.93199396133423,0.454715251922607
Helopsaltes pryeri,2003,166,6.73794746398926,7.45669555664063,0.718748092651367
Hemiprocne coronata,2003,103,16.7578430175781,17.3574295043945,0.599586486816406
Hemitesia pallidipes,2003,155,16.8176536560059,17.4351844787598,0.617530822753906
Hemixos castanonotus,2003,373,19.1924209594727,19.7690830230713,0.576662063598633
Heterophasia desgodinsi,2003,283,15.513069152832,16.1475734710693,0.634504318237305
Heteroxenicus stellatus,2003,104,10.5467109680176,11.1707324981689,0.624021530151367
Hieraaetus pennatus,2003,137,-1.33781504631042,-0.927336752414703,0.410478293895721
Hierococcyx nisicolor,2003,639,17.0438480377197,17.6658000946045,0.621952056884766
Hirundapus caudacutus,2003,1023,3.56975531578064,4.29211950302124,0.722364187240601
Hirundo rustica,2003,4116,6.53853988647461,7.04508018493652,0.506540298461914
Histrionicus histrionicus,2003,83,2.51139283180237,3.35696268081665,0.845569849014282
Hydrocoloeus minutus,2003,48,8.87618541717529,8.95744323730469,0.0812578201293945
Hydrophasianus chirurgus,2003,865,17.0730152130127,17.6615161895752,0.5885009765625
Hydroprogne caspia,2003,298,13.7203493118286,14.0153465270996,0.294997215270996
Hypothymis azurea,2003,513,17.3541965484619,18.0004405975342,0.646244049072266
Hypsipetes leucocephalus,2003,1126,15.1517972946167,15.719108581543,0.56731128692627
Ianthocincla lunulata,2003,135,10.4669580459595,11.0098533630371,0.542895317077637
Ibidorhyncha struthersii,2003,1706,2.63580417633057,3.14933228492737,0.513528108596802
Ictinaetus malaiensis,2003,101,17.802188873291,18.288610458374,0.486421585083008
Iduna caligata,2003,61,2.13780975341797,2.20480346679688,0.0669937133789063
Indicator xanthonotus,2003,48,12.2993488311768,12.7931995391846,0.493850708007813
Ixobrychus cinnamomeus,2003,1390,15.337140083313,15.8286876678467,0.491547584533691
Ixobrychus eurhythmus,2003,1430,9.70042896270752,10.3020257949829,0.601596832275391
Ixobrychus minutus,2003,183,3.59522795677185,3.68300318717957,0.0877752304077148
Ixos mcclellandii,2003,697,17.6051921844482,18.2030849456787,0.597892761230469
Ketupa flavipes,2003,920,17.0898551940918,17.6092624664307,0.519407272338867
Lalage melaschistos,2003,1331,14.7237720489502,15.2274618148804,0.503689765930176
Lanius borealis,2003,248,1.18080830574036,1.52334642410278,0.342538118362427
Lanius collurioides,2003,302,18.6856880187988,19.3410301208496,0.655342102050781
Lanius isabellinus,2003,1437,4.29488563537598,4.70520925521851,0.410323619842529
Lanius schach,2003,1339,14.2475595474243,14.7970504760742,0.549490928649902
Lanius sphenocercus,2003,817,3.8520245552063,4.50223445892334,0.650209903717041
Lanius tephronotus,2003,638,4.51975870132446,5.17650270462036,0.656744003295898
Larus crassirostris,2003,78,15.5089054107666,16.0079021453857,0.498996734619141
Larvivora brunnea,2003,325,6.83418989181519,7.40774583816528,0.573555946350098
Larvivora cyane,2003,504,1.02699601650238,1.88934373855591,0.862347722053528
Leptopoecile elegans,2003,464,1.16251695156097,1.77811622619629,0.615599274635315
Leptoptilos javanicus,2003,193,17.0435619354248,17.7613410949707,0.717779159545898
Limnodromus semipalmatus,2003,293,0.636016726493835,1.47878634929657,0.842769622802734
Limosa limosa,2003,390,1.07777690887451,1.61614108085632,0.538364171981812
Linaria cannabina,2003,164,3.81024098396301,3.87075901031494,0.0605180263519287
Locustella davidi,2003,377,1.02113199234009,1.96890342235565,0.947771430015564
Locustella mandelli,2003,546,16.9194431304932,17.5287704467773,0.60932731628418
Lonchura striata,2003,766,18.0601272583008,18.6139125823975,0.55378532409668
Lophotriorchis kienerii,2003,55,21.8129367828369,22.4385204315186,0.625583648681641
Lophura leucomelanos,2003,150,10.5427417755127,11.0898942947388,0.547152519226074
Lophura nycthemera,2003,260,18.5232791900635,19.1790924072266,0.655813217163086
Loxia curvirostra,2003,1375,1.54966580867767,2.21295142173767,0.663285613059998
Macropygia unchall,2003,594,16.1906127929688,16.7977561950684,0.607143402099609
Mareca falcata,2003,366,-0.290807813405991,0.602010905742645,0.892818719148636
Megaceryle lugubris,2003,1428,15.1732769012451,15.658616065979,0.485339164733887
Melanitta fusca,2003,7,0.868973076343536,1.00165390968323,0.132680833339691
Melanitta stejnegeri,2003,45,-4.25272130966187,-3.43035936355591,0.822361946105957
Melanochlora sultanea,2003,155,18.2084312438965,18.7932682037354,0.584836959838867
Mergus serrator,2003,251,1.3321053981781,2.27155494689941,0.939449548721313
Merops philippinus,2003,293,18.3080310821533,19.028169631958,0.720138549804688
Mixornis gularis,2003,159,16.6837577819824,17.400541305542,0.71678352355957
Monticola gularis,2003,646,2.43376898765564,3.27736520767212,0.84359622001648
Monticola rufiventris,2003,869,15.3018579483032,15.8759832382202,0.574125289916992
Monticola solitarius,2003,2043,10.853741645813,11.4525184631348,0.598776817321777
Motacilla citreola,2003,2159,2.20297122001648,2.69278049468994,0.489809274673462
Moupinia poecilotis,2003,145,6.02350807189941,6.65737438201904,0.633866310119629
Muscicapa dauurica,2003,671,1.70671880245209,2.55847430229187,0.851755499839783
Muscicapa ferruginea,2003,600,12.596305847168,13.2024145126343,0.606108665466309
Muscicapa muttui,2003,305,16.68186378479,17.2346782684326,0.552814483642578
Mycerobas affinis,2003,417,4.74256801605225,5.376136302948,0.633568286895752
Mycerobas carnipes,2003,1012,2.43280649185181,2.99247980117798,0.559673309326172
Myiomela leucura,2003,672,15.003249168396,15.6025199890137,0.599270820617676
Myophonus caeruleus,2003,1550,12.4764938354492,12.9546060562134,0.47811222076416
Netta rufina,2003,395,4.57272863388062,4.62906217575073,0.0563335418701172
Niltava davidi,2003,684,16.3860206604004,17.0041542053223,0.618133544921875
Niltava grandis,2003,139,15.5507926940918,16.1581020355225,0.607309341430664
Niltava macgrigoriae,2003,278,17.1179103851318,17.7688484191895,0.650938034057617
Niltava sundara,2003,761,11.4049816131592,11.9765691757202,0.571587562561035
Ninox japonica,2003,1327,11.1691026687622,11.706244468689,0.537141799926758
Nipponia nippon,2003,3,13.224778175354,13.6158838272095,0.391105651855469
Nisaetus nipalensis,2003,501,16.0050029754639,16.6110057830811,0.606002807617188
Numenius madagascariensis,2003,197,0.840074002742767,1.74211931228638,0.90204530954361
Nycticorax nycticorax,2003,1539,14.4904012680054,15.0213861465454,0.530984878540039
Oenanthe deserti,2003,1737,2.79329204559326,3.20782995223999,0.414537906646729
Oenanthe oenanthe,2003,1019,4.16478967666626,4.47570657730103,0.310916900634766
Onychoprion anaethetus,2003,31,20.9556827545166,21.5267333984375,0.571050643920898
Oriolus oriolus,2003,192,3.03185987472534,3.08202195167542,0.0501620769500732
Otus lettia,2003,878,17.5054512023926,18.0740394592285,0.568588256835938
Otus semitorques,2003,542,7.6100811958313,8.16326236724854,0.553181171417236
Otus spilocephalus,2003,561,16.5144157409668,17.128604888916,0.614189147949219
Oxyura leucocephala,2003,149,5.72699737548828,5.79071807861328,0.063720703125
Panurus biarmicus,2003,1831,4.12009954452515,4.57066345214844,0.450563907623291
Paradoxornis guttaticollis,2003,448,16.6616554260254,17.242883682251,0.581228256225586
Paradoxornis heudei,2003,323,12.1314287185669,12.5302400588989,0.398811340332031
Parayuhina diademata,2003,471,13.0819683074951,13.6842565536499,0.602288246154785
Pardaliparus venustulus,2003,704,13.5442533493042,13.9663610458374,0.422107696533203
Parus monticolus,2003,628,12.7628221511841,13.3424444198608,0.579622268676758
Passer cinnamomeus,2003,1562,12.8010911941528,13.2785816192627,0.477490425109863
Passer domesticus,2003,750,0.82120680809021,1.30373275279999,0.482525944709778
Passer hispaniolensis,2003,153,4.25698804855347,4.27490997314453,0.0179219245910645
Pelecanus crispus,2003,151,0.737479865550995,1.12621080875397,0.388730943202972
Pellorneum tickelli,2003,96,18.7574138641357,19.3928070068359,0.635393142700195
Perdix hodgsoniae,2003,460,-1.68631982803345,-1.09989130496979,0.58642852306366
Pericrocotus cantonensis,2003,816,16.4538898468018,16.9952144622803,0.541324615478516
Pericrocotus divaricatus,2003,132,2.67148590087891,3.52004170417786,0.84855580329895
Pericrocotus ethologus,2003,1120,10.0661602020264,10.5461902618408,0.480030059814453
Pericrocotus solaris,2003,630,17.9055347442627,18.5118999481201,0.606365203857422
Periparus rubidiventris,2003,406,1.0057018995285,1.64607310295105,0.640371203422546
Pernis ptilorhynchus,2003,832,3.53393316268921,4.36085271835327,0.826919555664063
Phasianus colchicus,2003,2329,8.38204383850098,8.94599914550781,0.563955307006836
Phoenicurus erythronotus,2003,302,4.4462628364563,4.53880119323731,0.0925383567810059
Phoenicurus frontalis,2003,923,4.79591703414917,5.39190101623535,0.595983982086182
Phoenicurus leucocephalus,2003,1426,7.7376446723938,8.25851821899414,0.520873546600342
Phoenicurus ochruros,2003,2263,3.26384401321411,3.69955825805664,0.435714244842529
Phoenicurus schisticeps,2003,406,3.07463383674622,3.69142365455627,0.616789817810059
Phylloscopus affinis,2003,666,5.29091310501099,5.88056421279907,0.589651107788086
Phylloscopus burkii,2003,33,2.90200233459473,3.31865739822388,0.41665506362915
Phylloscopus cantator,2003,105,15.6603422164917,16.1906700134277,0.530327796936035
Phylloscopus castaniceps,2003,632,16.0546073913574,16.6376781463623,0.583070755004883
Phylloscopus claudiae,2003,522,9.88924694061279,10.2952690124512,0.406022071838379
Phylloscopus coronatus,2003,414,6.72929191589356,7.42828941345215,0.698997497558594
Phylloscopus emeiensis,2003,22,12.370792388916,13.0119543075562,0.641161918640137
Phylloscopus intermedius,2003,134,14.0922756195068,14.5932760238647,0.50100040435791
Phylloscopus magnirostris,2003,214,6.5604043006897,7.19806909561157,0.637664794921875
Phylloscopus ogilviegranti,2003,381,17.7375507354736,18.3606433868408,0.623092651367188
Phylloscopus omeiensis,2003,138,10.2660341262817,10.8226833343506,0.556649208068848
Phylloscopus pulcher,2003,413,7.9857611656189,8.65125846862793,0.665497303009033
Phylloscopus ricketti,2003,676,15.3157758712769,15.8487339019775,0.532958030700684
Phylloscopus soror,2003,245,13.625864982605,14.139835357666,0.513970375061035
Phylloscopus subaffinis,2003,1013,11.5190992355347,12.0842771530151,0.565177917480469
Phylloscopus tenellipes,2003,259,4.56703424453735,5.43517446517944,0.86814022064209
Phylloscopus tephrocephalus,2003,281,12.0046453475952,12.5732107162476,0.568565368652344
Phylloscopus yunnanensis,2003,215,8.02978324890137,8.33546543121338,0.305682182312012
Picumnus innominatus,2003,1093,15.3501920700073,15.9146347045898,0.56444263458252
Picus chlorolophus,2003,236,18.3902645111084,19.0039463043213,0.613681793212891
Pitta nympha,2003,314,17.3351917266846,17.8354549407959,0.500263214111328
Platalea minor,2003,6,9.52713203430176,10.0289506912231,0.501818656921387
Pnoepyga immaculata,2003,5,5.88570213317871,6.37321329116821,0.487511157989502
Podiceps auritus,2003,229,0.136366680264473,0.421853512525558,0.285486832261086
Podiceps grisegena,2003,136,1.74304449558258,2.46372127532959,0.720676779747009
Podiceps nigricollis,2003,481,3.37681865692139,4.07299089431763,0.69617223739624
Podoces biddulphi,2003,276,11.4326000213623,11.703953742981,0.271353721618652
Pomatorhinus schisticeps,2003,30,17.0419483184814,17.4519062042236,0.409957885742188
Pomatorhinus superciliaris,2003,107,15.5741310119629,16.090856552124,0.516725540161133
Prinia atrogularis,2003,41,13.7463512420654,14.1968193054199,0.450468063354492
Prinia flaviventris,2003,82,19.0294494628906,19.660701751709,0.631252288818359
Prinia inornata,2003,815,17.7829418182373,18.3358879089355,0.552946090698242
Prunella collaris,2003,2078,0.881721675395966,1.41197741031647,0.530255734920502
Prunella himalayana,2003,208,-0.780707001686096,-0.665521562099457,0.115185439586639
Prunella immaculata,2003,328,2.3754723072052,2.99907612800598,0.623603820800781
Prunella montanella,2003,35,-4.01745891571045,-3.39004945755005,0.6274094581604
Prunella strophiata,2003,581,4.8185076713562,5.43362855911255,0.615120887756348
Psarisomus dalhousiae,2003,108,17.168399810791,17.7621078491211,0.593708038330078
Pseudopodoces humilis,2003,999,-2.24323654174805,-1.63543176651001,0.607804775238037
Psilopogon faber,2003,43,19.2454166412354,19.7778472900391,0.532430648803711
Psilopogon virens,2003,727,16.4328498840332,17.0340538024902,0.601203918457031
Pterorhinus berthemyi,2003,335,15.9220361709595,16.4722633361816,0.550227165222168
Pterorhinus lanceolatus,2003,830,14.0311040878296,14.6161870956421,0.5850830078125
Pterorhinus pectoralis,2003,584,16.4923286437988,17.0220699310303,0.529741287231445
Pterorhinus sannio,2003,723,16.5131092071533,17.081787109375,0.56867790222168
Pteruthius rufiventer,2003,90,13.7090368270874,14.2602710723877,0.551234245300293
Pteruthius xanthochlorus,2003,307,10.3232049942017,10.9128360748291,0.589631080627441
Ptyonoprogne rupestris,2003,1954,5.37436962127686,5.7974853515625,0.423115730285645
Pycnonotus aurigaster,2003,572,17.6714363098145,18.2881889343262,0.616752624511719
Pycnonotus jocosus,2003,415,18.2223873138428,18.8755321502686,0.653144836425781
Pycnonotus sinensis,2003,1342,15.0544948577881,15.5138397216797,0.459344863891602
Pycnonotus xanthorrhous,2003,700,14.8906507492065,15.4738321304321,0.583181381225586
Pyrrhula erythaca,2003,897,8.99915409088135,9.53742218017578,0.538268089294434
Pyrrhula nipalensis,2003,747,14.819185256958,15.4294548034668,0.610269546508789
Rallina eurizonoides,2003,152,20.1719455718994,20.7932357788086,0.62129020690918
Rallus aquaticus,2003,1224,2.42764139175415,2.88922595977783,0.461584568023682
Recurvirostra avosetta,2003,698,1.33939504623413,1.94874215126038,0.609347105026245
Regulus regulus,2003,930,7.1307168006897,7.7118730545044,0.581156253814697
Remiz consobrinus,2003,558,3.35002541542053,4.11869049072266,0.768665075302124
Remiz coronatus,2003,191,2.46915340423584,2.69686484336853,0.22771143913269
Rhodospiza obsoleta,2003,720,5.24223470687866,5.6081280708313,0.365893363952637
Riparia riparia,2003,784,2.64866471290588,3.39200806617737,0.743343353271484
Rubigula flaviventris,2003,174,18.7557125091553,19.4288024902344,0.673089981079102
Sasia ochracea,2003,132,19.0419464111328,19.6357440948486,0.59379768371582
Saxicola ferreus,2003,1085,14.6986656188965,15.2493000030518,0.550634384155273
Sitta cinnamoventris,2003,123,17.082124710083,17.7514266967773,0.669301986694336
Sitta formosa,2003,141,15.951807975769,16.5778751373291,0.626067161560059
Sitta villosa,2003,798,6.09239196777344,6.55531978607178,0.46292781829834
Sittiparus varius,2003,82,5.76430416107178,6.52198314666748,0.757678985595703
Spilopelia chinensis,2003,1413,14.8436107635498,15.3302536010742,0.486642837524414
Spilopelia senegalensis,2003,168,3.82531929016113,3.90175342559814,0.0764341354370117
Spilornis cheela,2003,652,17.436824798584,18.0515594482422,0.614734649658203
Spinus spinus,2003,295,-0.596706986427307,0.311309903860092,0.908016890287399
Spizixos semitorques,2003,944,16.026798248291,16.5513610839844,0.524562835693359
Spodiopsar cineraceus,2003,1439,4.32776212692261,4.91597986221314,0.588217735290527
Spodiopsar sericeus,2003,692,17.4629497528076,18.0043487548828,0.541399002075195
Stachyris humei,2003,39,13.5445995330811,13.9575166702271,0.412917137145996
Staphida torqueola,2003,740,17.3425159454346,17.9216365814209,0.579120635986328
Streptopelia decaocto,2003,1819,7.51734828948975,7.89617919921875,0.378830909729004
Sturnia sinensis,2003,305,19.1309833526611,19.6998958587647,0.568912506103516
Sturnus vulgaris,2003,253,4.91895532608032,5.04863214492798,0.129676818847656
Suthora fulvifrons,2003,136,9.14953327178955,9.74301242828369,0.593479156494141
Syrmaticus humiae,2003,108,16.9307231903076,17.6755428314209,0.744819641113281
Syrmaticus reevesii,2003,256,14.2624092102051,14.7925281524658,0.530118942260742
Syrrhaptes paradoxus,2003,1270,4.20923328399658,4.66570043563843,0.456467151641846
Tarsiger chrysaeus,2003,217,7.12873888015747,7.74761152267456,0.61887264251709
Tarsiger indicus,2003,276,9.35574531555176,10.0367250442505,0.680979728698731
Temnurus temnurus,2003,38,23.8245315551758,24.5718803405762,0.747348785400391
Tephrodornis virgatus,2003,421,19.5108184814453,20.0796890258789,0.568870544433594
Thalasseus bergii,2003,240,22.2157859802246,22.8512134552002,0.635427474975586
Timalia pileata,2003,263,19.225227355957,19.8026866912842,0.577459335327148
Tragopan caboti,2003,186,18.5082702636719,19.0566234588623,0.54835319519043
Tragopan temminckii,2003,529,12.6361389160156,13.2340126037598,0.597873687744141
Treron curvirostra,2003,162,18.7455444335938,19.4048404693604,0.659296035766602
Treron sieboldii,2003,645,17.8530445098877,18.3859958648682,0.532951354980469
Treron sphenurus,2003,294,14.4787168502808,15.1587467193604,0.68002986907959
Turdus boulboul,2003,220,17.376407623291,18.0107822418213,0.634374618530273
Turdus cardis,2003,169,15.0351343154907,15.4873809814453,0.45224666595459
Turdus feae,2003,117,7.37936782836914,7.45839309692383,0.0790252685546875
Turdus mandarinus,2003,1032,14.7816362380981,15.3182849884033,0.536648750305176
Turdus pilaris,2003,220,-1.74795424938202,-1.09751832485199,0.650435924530029
Turdus rubrocanus,2003,541,5.81288194656372,6.39438247680664,0.58150053024292
Turdus ruficollis,2003,159,2.9576096534729,2.99038648605347,0.0327768325805664
Turdus viscivorus,2003,422,4.64524841308594,4.71768665313721,0.0724382400512695
Turnix suscitator,2003,455,17.9373970031738,18.5734405517578,0.636043548583984
Tyto longimembris,2003,685,17.7860012054443,18.3037929534912,0.517791748046875
Urile pelagicus,2003,10,10.4286890029907,10.9537763595581,0.525087356567383
Urosphena squameiceps,2003,112,3.62927651405334,4.49185466766357,0.86257815361023
Vanellus cinereus,2003,279,3.7433602809906,4.72055435180664,0.97719407081604
Vanellus indicus,2003,87,17.6243762969971,18.3129062652588,0.688529968261719
Vanellus vanellus,2003,1111,2.88630080223084,3.4259524345398,0.53965163230896
Yuhina nigrimenta,2003,669,15.0526151657105,15.6454763412476,0.592861175537109
Zoothera dixoni,2003,349,11.1787948608398,11.8658142089844,0.687019348144531
Zoothera mollissima,2003,155,2.83340001106262,3.38861703872681,0.555217027664185
Zoothera monticola,2003,41,12.9189081192017,13.2800817489624,0.361173629760742
Zosterops erythropleurus,2003,328,4.62363433837891,5.4905252456665,0.866890907287598
Abroscopus albogularis,2004,562,17.4008522033691,17.6269836425781,0.226131439208984
Accipiter gularis,2004,697,2.65403866767883,3.69035816192627,1.03631949424744
Accipiter soloensis,2004,942,14.6539878845215,15.226676940918,0.572689056396484
Accipiter trivirgatus,2004,174,20.6737785339356,20.8936672210693,0.219888687133789
Accipiter virgatus,2004,846,15.1853485107422,15.4088287353516,0.223480224609375
Acridotheres cristatellus,2004,1081,16.3418083190918,16.7802276611328,0.438419342041016
Acridotheres tristis,2004,284,13.0754556655884,13.5898351669312,0.514379501342773
Acrocephalus agricola,2004,581,6.84485864639282,8.00157737731934,1.15671873092651
Acrocephalus bistrigiceps,2004,1280,6.68613195419312,7.67446660995483,0.988334655761719
Acrocephalus concinens,2004,766,13.3816928863525,14.2331600189209,0.851467132568359
Acrocephalus orientalis,2004,1446,7.09092283248901,8.07444763183594,0.983524799346924
Acrocephalus tangorum,2004,171,4.11876344680786,5.25217247009277,1.13340902328491
Aegithalos bonvaloti,2004,106,7.6470046043396,7.85138845443726,0.204383850097656
Aegithalos caudatus,2004,754,2.25801730155945,3.30666708946228,1.04864978790283
Aegithalos concinnus,2004,953,15.9409122467041,16.3807258605957,0.439813613891602
Aegithalos fuliginosus,2004,138,9.91040992736816,10.3465785980225,0.436168670654297
Aerodramus brevirostris,2004,603,13.6866846084595,13.9655427932739,0.278858184814453
Aethopyga christinae,2004,23,24.3484706878662,24.7132701873779,0.364799499511719
Aethopyga gouldiae,2004,956,11.0757522583008,11.4060325622559,0.330280303955078
Agropsar sturninus,2004,1131,4.8556547164917,5.82673740386963,0.97108268737793
Aix galericulata,2004,422,3.75636386871338,4.81334543228149,1.05698156356812
Alauda gulgula,2004,1994,9.42479801177979,9.89787483215332,0.473076820373535
Alaudala cheleensis,2004,2390,5.02381753921509,5.98399162292481,0.960174083709717
Alcedo hercules,2004,141,19.7236499786377,19.9260654449463,0.202415466308594
Alcippe morrisonia,2004,975,16.4001846313477,16.7845344543457,0.384349822998047
Amaurornis phoenicurus,2004,1130,16.0147972106934,16.4480590820313,0.433261871337891
Anastomus oscitans,2004,315,16.1227264404297,16.2905731201172,0.1678466796875
Anser anser,2004,936,2.59998202323914,3.66863656044006,1.06865453720093
Anser fabalis,2004,359,-0.232263207435608,0.677758097648621,0.910021305084229
Anser indicus,2004,441,0.791138470172882,1.70978081226349,0.918642342090607
Anthus godlewskii,2004,157,1.22606432437897,2.33712577819824,1.11106145381927
Anthus gustavi,2004,66,2.94458818435669,3.89309287071228,0.948504686355591
Anthus richardi,2004,2788,8.37556171417236,9.21005630493164,0.834494590759277
Anthus roseatus,2004,1911,3.55629634857178,4.16581726074219,0.60952091217041
Anthus trivialis,2004,126,1.94549369812012,3.24742150306702,1.3019278049469
Aquila fasciata,2004,300,19.3407211303711,19.6271839141846,0.286462783813477
Aquila heliaca,2004,183,0.794729292392731,1.86247038841248,1.06774109601974
Ardea intermedia,2004,806,16.9554290771484,17.353572845459,0.398143768310547
Ardea purpurea,2004,1542,13.773362159729,14.4622507095337,0.688888549804688
Ardenna pacifica,2004,90,21.6581630706787,21.9242839813232,0.266120910644531
Artamus fuscus,2004,275,20.3747119903564,20.5707931518555,0.196081161499023
Asio flammeus,2004,498,0.647581040859222,1.67773067951202,1.0301496386528
Athene noctua,2004,3280,3.76510715484619,4.6453595161438,0.880252361297607
Aviceda jerdoni,2004,64,20.8588600158691,21.105016708374,0.246156692504883
Aviceda leuphotes,2004,784,15.98646068573,16.2353668212891,0.248906135559082
Aythya fuligula,2004,613,0.912497222423553,1.91185438632965,0.999357163906097
Aythya nyroca,2004,348,3.64787364006043,4.80893516540527,1.16106152534485
Bombycilla japonica,2004,93,-2.70986938476563,-1.95577692985535,0.754092454910278
Branta canadensis,2004,19,7.6150541305542,8.79696464538574,1.18191051483154
Bubo nipalensis,2004,362,11.4124135971069,11.6082553863525,0.195841789245605
Bucanetes mongolicus,2004,731,5.15714693069458,6.27381086349487,1.11666393280029
Butastur indicus,2004,481,4.17492294311523,5.27617168426514,1.1012487411499
Cacomantis merulinus,2004,411,19.2106418609619,19.4179191589355,0.207277297973633
Calandrella brachydactyla,2004,400,5.59619903564453,6.74107217788696,1.14487314224243
Calliope obscura,2004,74,8.60147857666016,9.12062931060791,0.519150733947754
Caprimulgus macrurus,2004,78,21.0046348571777,21.2603321075439,0.255697250366211
Carpodacus roborowskii,2004,101,-4.03297138214111,-3.64840078353882,0.384570598602295
Carpodacus vinaceus,2004,535,13.1980676651001,13.5287828445435,0.330715179443359
Cecropis daurica,2004,2623,9.16229629516602,9.83046627044678,0.668169975280762
Centropus bengalensis,2004,607,18.6197357177734,18.9587535858154,0.339017868041992
Cephalopyrus flammiceps,2004,98,11.278489112854,11.6513824462891,0.372893333435059
Certhia familiaris,2004,1518,4.10910701751709,5.0928807258606,0.983773708343506
Certhia himalayana,2004,210,9.42436599731445,9.74649620056152,0.32213020324707
Certhia tianquanensis,2004,46,8.03892517089844,8.17276000976563,0.133834838867188
Ceryle rudis,2004,762,17.6190166473389,18.0060024261475,0.386985778808594
Cettia brunnifrons,2004,409,9.04499340057373,9.24389362335205,0.19890022277832
Cettia castaneocoronata,2004,502,12.0057926177979,12.1751852035522,0.169392585754395
Chalcophaps indica,2004,288,20.4205284118652,20.6311264038086,0.210597991943359
Charadrius atrifrons,2004,1360,-0.0825315490365028,0.640805542469025,0.723337091505528
Charadrius dealbatus,2004,82,22.3581027984619,22.6245346069336,0.26643180847168
Charadrius placidus,2004,860,6.81603288650513,7.79887914657593,0.982846260070801
Charadrius veredus,2004,147,1.37415206432343,2.50887012481689,1.13471806049347
Chlidonias leucopterus,2004,1115,3.61852622032166,4.67681741714478,1.05829119682312
Chlidonias niger,2004,65,2.81934809684753,4.08000898361206,1.26066088676453
Chloris ambigua,2004,297,13.6298961639404,13.8260660171509,0.196169853210449
Chloris sinica,2004,2177,10.1043548583984,10.8121700286865,0.707815170288086
Chrysolophus pictus,2004,410,12.3430995941162,12.6297998428345,0.286700248718262
Ciconia boyciana,2004,141,3.75946140289307,4.82842016220093,1.06895875930786
Ciconia nigra,2004,2186,5.71650981903076,6.72777462005615,1.01126480102539
Circaetus gallicus,2004,228,6.13989019393921,7.25998687744141,1.1200966835022
Circus macrourus,2004,154,2.22476196289063,3.43034744262695,1.20558547973633
Circus spilonotus,2004,631,1.43180251121521,2.45831108093262,1.02650856971741
Cisticola exilis,2004,521,18.3237705230713,18.5721988677979,0.248428344726563
Cisticola juncidis,2004,1233,15.9261827468872,16.461784362793,0.535601615905762
Clamator coromandus,2004,1069,16.5760765075684,17.0625514984131,0.486474990844727
Clanga clanga,2004,567,1.82915771007538,2.86434578895569,1.03518807888031
Columba oenas,2004,147,1.89062237739563,3.24468183517456,1.35405945777893
Copsychus saularis,2004,1011,16.2842559814453,16.6705169677734,0.386260986328125
Coracias garrulus,2004,83,1.71752464771271,3.06852412223816,1.35099947452545
Coturnicops exquisitus,2004,412,0.116188421845436,1.05409514904022,0.937906727194786
Crex crex,2004,149,1.68861591815948,3.00053381919861,1.31191790103912
Crossoptilon mantchuricum,2004,64,7.99328136444092,8.86302661895752,0.869745254516602
Curruca curruca,2004,961,4.71596050262451,5.73285293579102,1.0168924331665
Cyanistes cyanus,2004,658,0.813704073429108,1.84907376766205,1.03536969423294
Cyanoderma pyrrhops,2004,3,11.5056676864624,12.0253467559814,0.519679069519043
Cygnus cygnus,2004,538,1.97667515277863,3.01338052749634,1.03670537471771
Cygnus olor,2004,250,2.81658434867859,3.54712343215942,0.730539083480835
Cyornis glaucicomans,2004,344,15.2155599594116,15.4779062271118,0.262346267700195
Cyornis hainanus,2004,199,21.3823966979981,21.5685272216797,0.186130523681641
Cyornis rubeculoides,2004,42,16.7205429077148,16.9312152862549,0.210672378540039
Delichon dasypus,2004,1040,7.09097099304199,7.47997140884399,0.389000415802002
Dendrocitta formosae,2004,933,17.1049575805664,17.476095199585,0.371137619018555
Dendrocopos hyperythrus,2004,413,8.27587223052979,8.6312837600708,0.355411529541016
Dendrocygna javanica,2004,684,18.0148448944092,18.4106502532959,0.395805358886719
Dicaeum cruentatum,2004,519,18.7793598175049,19.0021858215332,0.22282600402832
Dicaeum ignipectus,2004,1035,15.6106557846069,15.9312553405762,0.320599555969238
Dicaeum minullum,2004,835,14.767373085022,14.974100112915,0.206727027893066
Dicrurus annectens,2004,164,19.7741985321045,19.9821262359619,0.207927703857422
Dicrurus hottentottus,2004,1277,14.8924055099487,15.3629894256592,0.470583915710449
Dicrurus remifer,2004,201,17.4981899261475,17.7092800140381,0.211090087890625
Egretta eulophotes,2004,19,9.63973045349121,10.7029190063477,1.06318855285645
Egretta garzetta,2004,1670,12.7392654418945,13.2306699752808,0.491404533386231
Elachura formosa,2004,245,15.8722858428955,16.075870513916,0.203584671020508
Elanus caeruleus,2004,97,20.0274238586426,20.2175064086914,0.190082550048828
Emberiza buchanani,2004,164,0.845942556858063,2.10819458961487,1.26225203275681
Emberiza citrinella,2004,45,1.24440145492554,2.40558171272278,1.16118025779724
Emberiza elegans,2004,1059,8.75524711608887,9.39392471313477,0.638677597045898
Emberiza godlewskii,2004,2040,4.47789907455444,5.190514087677,0.712615013122559
Emberiza hortulana,2004,93,3.53125858306885,4.66831970214844,1.13706111907959
Emberiza leucocephalos,2004,716,0.0190331656485796,0.898925542831421,0.879892377182841
Emberiza pallasi,2004,141,-2.66091752052307,-1.80438530445099,0.856532216072083
Emberiza pusilla,2004,208,2.53732514381409,3.59067606925964,1.05335092544556
Emberiza rustica,2004,3,-4.41251945495605,-3.20569348335266,1.20682597160339
Emberiza siemsseni,2004,79,10.0293006896973,10.5235834121704,0.494282722473145
Emberiza yessoensis,2004,46,2.82388091087341,3.84025883674622,1.0163779258728
Enicurus leschenaulti,2004,1155,14.9616861343384,15.3541097640991,0.392423629760742
Enicurus maculatus,2004,490,17.4008846282959,17.5702438354492,0.16935920715332
Enicurus schistaceus,2004,598,17.1719207763672,17.3609790802002,0.189058303833008
Erpornis zantholeuca,2004,529,17.9002780914307,18.0982360839844,0.197957992553711
Erythrogenys hypoleucos,2004,50,19.9029903411865,20.1358642578125,0.232873916625977
Eudynamys scolopaceus,2004,1083,16.3084487915039,16.7546005249023,0.446151733398438
Eumyias thalassinus,2004,737,14.3080358505249,14.5924110412598,0.284375190734863
Falco cherrug,2004,2075,2.70873928070068,3.59400320053101,0.885263919830322
Falco severus,2004,359,17.7754745483398,17.9870872497559,0.211612701416016
Ficedula albicilla,2004,89,-2.38578534126282,-1.70627534389496,0.679509997367859
Ficedula elisae,2004,152,7.47436904907227,8.40734004974365,0.932971000671387
Ficedula erithacus,2004,610,7.43311548233032,7.658607006073,0.225491523742676
Ficedula hyperythra,2004,472,16.0033531188965,16.1756820678711,0.172328948974609
Ficedula mugimaki,2004,678,2.3159077167511,3.34872364997864,1.03281593322754
Ficedula strophiata,2004,621,13.0205202102661,13.3138008117676,0.293280601501465
Ficedula superciliaris,2004,331,5.17182588577271,5.43680477142334,0.264978885650635
Ficedula tricolor,2004,560,11.7169189453125,11.9158315658569,0.198912620544434
Fringilla coelebs,2004,6,-3.64196300506592,-2.45336842536926,1.18859457969666
Fringilla montifringilla,2004,23,-2.54210829734802,-1.37133920192719,1.17076909542084
Galerida cristata,2004,1619,6.56866264343262,7.50986862182617,0.941205978393555
Gallicrex cinerea,2004,1658,13.8156538009644,14.4333667755127,0.61771297454834
Garrulax canorus,2004,757,17.0413055419922,17.4514999389648,0.410194396972656
Garrulax maesi,2004,302,17.0664443969727,17.2437019348145,0.177257537841797
Garrulax monileger,2004,463,19.1697063446045,19.365062713623,0.195356369018555
Gavia arctica,2004,163,2.2326762676239,3.34875178337097,1.11607551574707
Gelochelidon nilotica,2004,554,7.68231201171875,8.69776821136475,1.015456199646
Geokichla citrina,2004,505,17.6489105224609,17.9770259857178,0.328115463256836
Glaucidium cuculoides,2004,1012,16.7492389678955,17.1501541137695,0.400915145874023
Gorsachius melanolophus,2004,105,21.6351413726807,21.8683547973633,0.233213424682617
Gracupica nigricollis,2004,510,17.9595203399658,18.1616268157959,0.202106475830078
Grandala coelicolor,2004,621,0.189435198903084,0.510025560855866,0.320590361952782
Grus japonensis,2004,76,2.61315250396729,3.55873131752014,0.945578813552856
Grus monacha,2004,21,-0.20156466960907,0.680420279502869,0.881984949111939
Grus nigricollis,2004,407,-2.81143999099731,-2.1700611114502,0.641378879547119
Gypaetus barbatus,2004,1655,0.90612781047821,1.64691150188446,0.74078369140625
Gyps himalayensis,2004,1392,1.23260295391083,1.84944820404053,0.6168452501297
Halcyon coromanda,2004,131,9.25574684143066,10.0390777587891,0.783330917358398
Halcyon pileata,2004,1245,13.7531538009644,14.3484983444214,0.595344543457031
Halcyon smyrnensis,2004,182,21.6887283325195,21.8889636993408,0.200235366821289
Haliaeetus leucoryphus,2004,34,14.0554161071777,14.2130174636841,0.157601356506348
Harpactes wardi,2004,78,8.85727214813232,9.11475944519043,0.257487297058105
Helopsaltes certhiola,2004,1617,4.47727870941162,5.5009069442749,1.02362823486328
Helopsaltes pryeri,2004,166,6.73794746398926,7.73458385467529,0.996636390686035
Hemiprocne coronata,2004,103,16.7578430175781,16.9953632354736,0.237520217895508
Hemitesia pallidipes,2004,155,16.8176536560059,17.0193786621094,0.201725006103516
Hemixos castanonotus,2004,373,19.1924209594727,19.3807029724121,0.188282012939453
Heterophasia desgodinsi,2004,283,15.513069152832,15.6934366226196,0.180367469787598
Heteroxenicus stellatus,2004,104,10.5467109680176,10.8142900466919,0.267579078674316
Hieraaetus pennatus,2004,137,-1.33781504631042,-0.309291690587997,1.02852335572243
Hierococcyx nisicolor,2004,639,17.0438480377197,17.2742958068848,0.230447769165039
Hirundapus caudacutus,2004,1023,3.56975531578064,4.30772590637207,0.737970590591431
Hirundo rustica,2004,4116,6.53853988647461,7.32769393920898,0.789154052734375
Histrionicus histrionicus,2004,83,2.51139283180237,3.43516778945923,0.92377495765686
Hydrocoloeus minutus,2004,48,8.87618541717529,10.0404253005981,1.16423988342285
Hydrophasianus chirurgus,2004,865,17.0730152130127,17.4272117614746,0.354196548461914
Hydroprogne caspia,2004,298,13.7203493118286,14.543927192688,0.823577880859375
Hypothymis azurea,2004,513,17.3541965484619,17.5468311309814,0.192634582519531
Hypsipetes leucocephalus,2004,1126,15.1517972946167,15.5182218551636,0.366424560546875
Ianthocincla lunulata,2004,135,10.4669580459595,10.8925199508667,0.425561904907227
Ibidorhyncha struthersii,2004,1706,2.63580417633057,3.27725887298584,0.641454696655273
Ictinaetus malaiensis,2004,101,17.802188873291,18.0038375854492,0.201648712158203
Iduna caligata,2004,61,2.13780975341797,3.27096819877625,1.13315844535828
Indicator xanthonotus,2004,48,12.2993488311768,12.5598115921021,0.260462760925293
Ixobrychus cinnamomeus,2004,1390,15.337140083313,15.9063444137573,0.569204330444336
Ixobrychus eurhythmus,2004,1430,9.70042896270752,10.5585660934448,0.858137130737305
Ixobrychus minutus,2004,183,3.59522795677185,4.8529052734375,1.25767731666565
Ixos mcclellandii,2004,697,17.6051921844482,17.878755569458,0.273563385009766
Ketupa flavipes,2004,920,17.0898551940918,17.569465637207,0.479610443115234
Lalage melaschistos,2004,1331,14.7237720489502,15.2048921585083,0.481120109558106
Lanius borealis,2004,248,1.18080830574036,2.20405745506287,1.02324914932251
Lanius collurioides,2004,302,18.6856880187988,18.872875213623,0.187187194824219
Lanius isabellinus,2004,1437,4.29488563537598,5.24576568603516,0.95088005065918
Lanius schach,2004,1339,14.2475595474243,14.6714372634888,0.423877716064453
Lanius sphenocercus,2004,817,3.8520245552063,4.86434459686279,1.01232004165649
Lanius tephronotus,2004,638,4.51975870132446,4.82968187332153,0.30992317199707
Larus crassirostris,2004,78,15.5089054107666,16.182580947876,0.673675537109375
Larvivora brunnea,2004,325,6.83418989181519,7.12532091140747,0.291131019592285
Larvivora cyane,2004,504,1.02699601650238,2.00263404846191,0.975638031959534
Leptopoecile elegans,2004,464,1.16251695156097,1.55592858791351,0.393411636352539
Leptoptilos javanicus,2004,193,17.0435619354248,17.2513465881348,0.207784652709961
Limnodromus semipalmatus,2004,293,0.636016726493835,1.62370252609253,0.987685799598694
Limosa limosa,2004,390,1.07777690887451,2.12101268768311,1.04323577880859
Linaria cannabina,2004,164,3.81024098396301,5.03131246566773,1.22107148170471
Locustella davidi,2004,377,1.02113199234009,2.0225555896759,1.00142359733582
Locustella mandelli,2004,546,16.9194431304932,17.1172046661377,0.197761535644531
Lonchura striata,2004,766,18.0601272583008,18.4193897247314,0.359262466430664
Lophotriorchis kienerii,2004,55,21.8129367828369,22.094612121582,0.281675338745117
Lophura leucomelanos,2004,150,10.5427417755127,10.7991619110107,0.256420135498047
Lophura nycthemera,2004,260,18.5232791900635,18.714183807373,0.19090461730957
Loxia curvirostra,2004,1375,1.54966580867767,2.34622192382813,0.796556115150452
Macropygia unchall,2004,594,16.1906127929688,16.3783073425293,0.187694549560547
Mareca falcata,2004,366,-0.290807813405991,0.617827832698822,0.908635646104813
Megaceryle lugubris,2004,1428,15.1732769012451,15.7280559539795,0.554779052734375
Melanitta fusca,2004,7,0.868973076343536,2.08927774429321,1.22030466794968
Melanitta stejnegeri,2004,45,-4.25272130966187,-3.69121837615967,0.561502933502197
Melanochlora sultanea,2004,155,18.2084312438965,18.4197807312012,0.211349487304688
Mergus serrator,2004,251,1.3321053981781,2.28608226776123,0.95397686958313
Merops philippinus,2004,293,18.3080310821533,18.5296058654785,0.221574783325195
Mixornis gularis,2004,159,16.6837577819824,16.9224090576172,0.238651275634766
Monticola gularis,2004,646,2.43376898765564,3.4535927772522,1.01982378959656
Monticola rufiventris,2004,869,15.3018579483032,15.638147354126,0.336289405822754
Monticola solitarius,2004,2043,10.853741645813,11.4820432662964,0.628301620483398
Motacilla citreola,2004,2159,2.20297122001648,2.96050906181335,0.757537841796875
Moupinia poecilotis,2004,145,6.02350807189941,6.24826717376709,0.224759101867676
Muscicapa dauurica,2004,671,1.70671880245209,2.73360824584961,1.02688944339752
Muscicapa ferruginea,2004,600,12.596305847168,12.8626575469971,0.266351699829102
Muscicapa muttui,2004,305,16.68186378479,16.8626346588135,0.180770874023438
Mycerobas affinis,2004,417,4.74256801605225,4.99085426330566,0.248286247253418
Mycerobas carnipes,2004,1012,2.43280649185181,3.03888249397278,0.606076002120972
Myiomela leucura,2004,672,15.003249168396,15.2763109207153,0.273061752319336
Myophonus caeruleus,2004,1550,12.4764938354492,13.0032920837402,0.526798248291016
Netta rufina,2004,395,4.57272863388062,5.76475238800049,1.19202375411987
Niltava davidi,2004,684,16.3860206604004,16.5722522735596,0.18623161315918
Niltava grandis,2004,139,15.5507926940918,15.7831735610962,0.232380867004395
Niltava macgrigoriae,2004,278,17.1179103851318,17.3259868621826,0.208076477050781
Niltava sundara,2004,761,11.4049816131592,11.691798210144,0.286816596984863
Ninox japonica,2004,1327,11.1691026687622,12.0442123413086,0.875109672546387
Nipponia nippon,2004,3,13.224778175354,13.7694492340088,0.544671058654785
Nisaetus nipalensis,2004,501,16.0050029754639,16.2408256530762,0.235822677612305
Numenius madagascariensis,2004,197,0.840074002742767,1.73869168758392,0.898617684841156
Nycticorax nycticorax,2004,1539,14.4904012680054,15.1013326644897,0.610931396484375
Oenanthe deserti,2004,1737,2.79329204559326,3.74339365959168,0.950101613998413
Oenanthe oenanthe,2004,1019,4.16478967666626,5.24100112915039,1.07621145248413
Onychoprion anaethetus,2004,31,20.9556827545166,21.3362827301025,0.380599975585938
Oriolus oriolus,2004,192,3.03185987472534,4.26865768432617,1.23679780960083
Otus lettia,2004,878,17.5054512023926,17.8857688903809,0.380317687988281
Otus semitorques,2004,542,7.6100811958313,8.63971424102783,1.02963304519653
Otus spilocephalus,2004,561,16.5144157409668,16.7443408966064,0.229925155639648
Oxyura leucocephala,2004,149,5.72699737548828,7.04467248916626,1.31767511367798
Panurus biarmicus,2004,1831,4.12009954452515,5.20874071121216,1.08864116668701
Paradoxornis guttaticollis,2004,448,16.6616554260254,16.8823280334473,0.220672607421875
Paradoxornis heudei,2004,323,12.1314287185669,13.1028652191162,0.971436500549316
Parayuhina diademata,2004,471,13.0819683074951,13.378134727478,0.29616641998291
Pardaliparus venustulus,2004,704,13.5442533493042,14.1023406982422,0.558087348937988
Parus monticolus,2004,628,12.7628221511841,13.1095008850098,0.346678733825684
Passer cinnamomeus,2004,1562,12.8010911941528,13.337739944458,0.536648750305176
Passer domesticus,2004,750,0.82120680809021,1.90131211280823,1.08010530471802
Passer hispaniolensis,2004,153,4.25698804855347,5.49822425842285,1.24123620986938
Pelecanus crispus,2004,151,0.737479865550995,1.79943382740021,1.06195396184921
Pellorneum tickelli,2004,96,18.7574138641357,18.9524211883545,0.19500732421875
Perdix hodgsoniae,2004,460,-1.68631982803345,-1.28126811981201,0.405051708221436
Pericrocotus cantonensis,2004,816,16.4538898468018,16.8686389923096,0.414749145507813
Pericrocotus divaricatus,2004,132,2.67148590087891,3.6519947052002,0.980508804321289
Pericrocotus ethologus,2004,1120,10.0661602020264,10.5355730056763,0.469412803649902
Pericrocotus solaris,2004,630,17.9055347442627,18.1492595672607,0.243724822998047
Periparus rubidiventris,2004,406,1.0057018995285,1.28616631031036,0.28046441078186
Pernis ptilorhynchus,2004,832,3.53393316268921,4.37213897705078,0.838205814361572
Phasianus colchicus,2004,2329,8.38204383850098,9.09576320648193,0.713719367980957
Phoenicurus erythronotus,2004,302,4.4462628364563,5.72607517242432,1.27981233596802
Phoenicurus frontalis,2004,923,4.79591703414917,5.14664506912231,0.350728034973145
Phoenicurus leucocephalus,2004,1426,7.7376446723938,8.22710990905762,0.489465236663818
Phoenicurus ochruros,2004,2263,3.26384401321411,4.09142827987671,0.827584266662598
Phoenicurus schisticeps,2004,406,3.07463383674622,3.35939025878906,0.284756422042847
Phylloscopus affinis,2004,666,5.29091310501099,5.60648345947266,0.31557035446167
Phylloscopus burkii,2004,33,2.90200233459473,3.23635625839233,0.334353923797607
Phylloscopus cantator,2004,105,15.6603422164917,15.8496952056885,0.189352989196777
Phylloscopus castaniceps,2004,632,16.0546073913574,16.3755531311035,0.320945739746094
Phylloscopus claudiae,2004,522,9.88924694061279,10.5082168579102,0.618969917297363
Phylloscopus coronatus,2004,414,6.72929191589356,7.2990984916687,0.569806575775147
Phylloscopus emeiensis,2004,22,12.370792388916,12.4539833068848,0.08319091796875
Phylloscopus intermedius,2004,134,14.0922756195068,14.3043832778931,0.21210765838623
Phylloscopus magnirostris,2004,214,6.5604043006897,6.81905460357666,0.258650302886963
Phylloscopus ogilviegranti,2004,381,17.7375507354736,17.9768772125244,0.239326477050781
Phylloscopus omeiensis,2004,138,10.2660341262817,10.5751304626465,0.309096336364746
Phylloscopus pulcher,2004,413,7.9857611656189,8.22954273223877,0.243781566619873
Phylloscopus ricketti,2004,676,15.3157758712769,15.7403335571289,0.424557685852051
Phylloscopus soror,2004,245,13.625864982605,14.0190076828003,0.393142700195313
Phylloscopus subaffinis,2004,1013,11.5190992355347,11.9434623718262,0.424363136291504
Phylloscopus tenellipes,2004,259,4.56703424453735,5.67544794082642,1.10841369628906
Phylloscopus tephrocephalus,2004,281,12.0046453475952,12.3713064193726,0.366661071777344
Phylloscopus yunnanensis,2004,215,8.02978324890137,8.73938941955566,0.709606170654297
Picumnus innominatus,2004,1093,15.3501920700073,15.7305631637573,0.38037109375
Picus chlorolophus,2004,236,18.3902645111084,18.6098499298096,0.219585418701172
Pitta nympha,2004,314,17.3351917266846,17.8929786682129,0.55778694152832
Platalea minor,2004,6,9.52713203430176,10.5538997650146,1.02676773071289
Pnoepyga immaculata,2004,5,5.88570213317871,6.41009902954102,0.524396896362305
Podiceps auritus,2004,229,0.136366680264473,1.26767098903656,1.13130430877209
Podiceps grisegena,2004,136,1.74304449558258,2.69530701637268,0.9522625207901
Podiceps nigricollis,2004,481,3.37681865692139,4.56048727035523,1.18366861343384
Podoces biddulphi,2004,276,11.4326000213623,12.658374786377,1.22577476501465
Pomatorhinus schisticeps,2004,30,17.0419483184814,17.2431602478027,0.201211929321289
Pomatorhinus superciliaris,2004,107,15.5741310119629,15.7740745544434,0.199943542480469
Prinia atrogularis,2004,41,13.7463512420654,13.9765901565552,0.230238914489746
Prinia flaviventris,2004,82,19.0294494628906,19.2140712738037,0.184621810913086
Prinia inornata,2004,815,17.7829418182373,18.1475067138672,0.364564895629883
Prunella collaris,2004,2078,0.881721675395966,1.63700103759766,0.755279362201691
Prunella himalayana,2004,208,-0.780707001686096,0.534606456756592,1.31531345844269
Prunella immaculata,2004,328,2.3754723072052,2.63841652870178,0.262944221496582
Prunella montanella,2004,35,-4.01745891571045,-3.29268670082092,0.724772214889526
Prunella strophiata,2004,581,4.8185076713562,5.16163921356201,0.343131542205811
Psarisomus dalhousiae,2004,108,17.168399810791,17.3724575042725,0.204057693481445
Pseudopodoces humilis,2004,999,-2.24323654174805,-1.66946220397949,0.573774337768555
Psilopogon faber,2004,43,19.2454166412354,19.5285415649414,0.283124923706055
Psilopogon virens,2004,727,16.4328498840332,16.7053508758545,0.272500991821289
Pterorhinus berthemyi,2004,335,15.9220361709595,16.2933864593506,0.371350288391113
Pterorhinus lanceolatus,2004,830,14.0311040878296,14.3090171813965,0.277913093566895
Pterorhinus pectoralis,2004,584,16.4923286437988,16.9442596435547,0.451930999755859
Pterorhinus sannio,2004,723,16.5131092071533,16.8616886138916,0.348579406738281
Pteruthius rufiventer,2004,90,13.7090368270874,13.9517126083374,0.24267578125
Pteruthius xanthochlorus,2004,307,10.3232049942017,10.632758140564,0.309553146362305
Ptyonoprogne rupestris,2004,1954,5.37436962127686,6.16407012939453,0.789700508117676
Pycnonotus aurigaster,2004,572,17.6714363098145,17.9256210327148,0.254184722900391
Pycnonotus jocosus,2004,415,18.2223873138428,18.4272270202637,0.204839706420898
Pycnonotus sinensis,2004,1342,15.0544948577881,15.6609220504761,0.606427192687988
Pycnonotus xanthorrhous,2004,700,14.8906507492065,15.2135572433472,0.322906494140625
Pyrrhula erythaca,2004,897,8.99915409088135,9.35577487945557,0.356620788574219
Pyrrhula nipalensis,2004,747,14.819185256958,15.0297498703003,0.210564613342285
Rallina eurizonoides,2004,152,20.1719455718994,20.4098281860352,0.237882614135742
Rallus aquaticus,2004,1224,2.42764139175415,3.33155822753906,0.903916835784912
Recurvirostra avosetta,2004,698,1.33939504623413,2.38980221748352,1.05040717124939
Regulus regulus,2004,930,7.1307168006897,7.59613275527954,0.465415954589844
Remiz consobrinus,2004,558,3.35002541542053,4.39463758468628,1.04461216926575
Remiz coronatus,2004,191,2.46915340423584,3.5967845916748,1.12763118743896
Rhodospiza obsoleta,2004,720,5.24223470687866,6.14917659759522,0.906941890716553
Riparia riparia,2004,784,2.64866471290588,3.73796939849854,1.08930468559265
Rubigula flaviventris,2004,174,18.7557125091553,18.9570560455322,0.201343536376953
Sasia ochracea,2004,132,19.0419464111328,19.2182235717773,0.176277160644531
Saxicola ferreus,2004,1085,14.6986656188965,15.1081056594849,0.409440040588379
Sitta cinnamoventris,2004,123,17.082124710083,17.3048553466797,0.22273063659668
Sitta formosa,2004,141,15.951807975769,16.1818161010742,0.230008125305176
Sitta villosa,2004,798,6.09239196777344,6.92606353759766,0.833671569824219
Sittiparus varius,2004,82,5.76430416107178,6.89616107940674,1.13185691833496
Spilopelia chinensis,2004,1413,14.8436107635498,15.3574628829956,0.513852119445801
Spilopelia senegalensis,2004,168,3.82531929016113,5.14118480682373,1.3158655166626
Spilornis cheela,2004,652,17.436824798584,17.7060489654541,0.269224166870117
Spinus spinus,2004,295,-0.596706986427307,0.287121713161469,0.883828699588776
Spizixos semitorques,2004,944,16.026798248291,16.4893035888672,0.462505340576172
Spodiopsar cineraceus,2004,1439,4.32776212692261,5.247887134552,0.920125007629395
Spodiopsar sericeus,2004,692,17.4629497528076,17.8660488128662,0.403099060058594
Stachyris humei,2004,39,13.5445995330811,13.7502422332764,0.205642700195313
Staphida torqueola,2004,740,17.3425159454346,17.6727199554443,0.330204010009766
Streptopelia decaocto,2004,1819,7.51734828948975,8.48995780944824,0.972609519958496
Sturnia sinensis,2004,305,19.1309833526611,19.3846626281738,0.253679275512695
Sturnus vulgaris,2004,253,4.91895532608032,6.19697189331055,1.27801656723022
Suthora fulvifrons,2004,136,9.14953327178955,9.40006256103516,0.250529289245605
Syrmaticus humiae,2004,108,16.9307231903076,17.1749496459961,0.244226455688477
Syrmaticus reevesii,2004,256,14.2624092102051,14.5836658477783,0.321256637573242
Syrrhaptes paradoxus,2004,1270,4.20923328399658,5.27899122238159,1.06975793838501
Tarsiger chrysaeus,2004,217,7.12873888015747,7.3243260383606,0.195587158203125
Tarsiger indicus,2004,276,9.35574531555176,9.57009887695312,0.214353561401367
Temnurus temnurus,2004,38,23.8245315551758,24.1483345031738,0.323802947998047
Tephrodornis virgatus,2004,421,19.5108184814453,19.7124347686768,0.201616287231445
Thalasseus bergii,2004,240,22.2157859802246,22.4663639068604,0.250577926635742
Timalia pileata,2004,263,19.225227355957,19.4065265655518,0.181299209594727
Tragopan caboti,2004,186,18.5082702636719,18.7225284576416,0.214258193969727
Tragopan temminckii,2004,529,12.6361389160156,12.8789844512939,0.24284553527832
Treron curvirostra,2004,162,18.7455444335938,18.9762477874756,0.230703353881836
Treron sieboldii,2004,645,17.8530445098877,18.3099174499512,0.456872940063477
Treron sphenurus,2004,294,14.4787168502808,14.6590986251831,0.180381774902344
Turdus boulboul,2004,220,17.376407623291,17.5645732879639,0.188165664672852
Turdus cardis,2004,169,15.0351343154907,15.7159862518311,0.680851936340332
Turdus feae,2004,117,7.37936782836914,8.27939605712891,0.900028228759766
Turdus mandarinus,2004,1032,14.7816362380981,15.2319087982178,0.450272560119629
Turdus pilaris,2004,220,-1.74795424938202,-0.860172927379608,0.887781322002411
Turdus rubrocanus,2004,541,5.81288194656372,6.14490938186646,0.332027435302734
Turdus ruficollis,2004,159,2.9576096534729,4.21065378189087,1.25304412841797
Turdus viscivorus,2004,422,4.64524841308594,5.87001276016235,1.22476434707642
Turnix suscitator,2004,455,17.9373970031738,18.1859836578369,0.248586654663086
Tyto longimembris,2004,685,17.7860012054443,18.182107925415,0.396106719970703
Urile pelagicus,2004,10,10.4286890029907,11.5220136642456,1.09332466125488
Urosphena squameiceps,2004,112,3.62927651405334,4.76159143447876,1.13231492042542
Vanellus cinereus,2004,279,3.7433602809906,4.82089185714722,1.07753157615662
Vanellus indicus,2004,87,17.6243762969971,17.8686542510986,0.244277954101563
Vanellus vanellus,2004,1111,2.88630080223084,3.95737862586975,1.07107782363892
Yuhina nigrimenta,2004,669,15.0526151657105,15.3210277557373,0.268412590026855
Zoothera dixoni,2004,349,11.1787948608398,11.3883028030396,0.209507942199707
Zoothera mollissima,2004,155,2.83340001106262,3.03015494346619,0.196754932403564
Zoothera monticola,2004,41,12.9189081192017,13.0893640518188,0.170455932617188
Zosterops erythropleurus,2004,328,4.62363433837891,5.73546028137207,1.11182594299316
Abroscopus albogularis,2005,562,17.4008522033691,17.6438579559326,0.243005752563477
Accipiter gularis,2005,697,2.65403866767883,2.92729902267456,0.273260354995728
Accipiter soloensis,2005,942,14.6539878845215,14.8744592666626,0.220471382141113
Accipiter trivirgatus,2005,174,20.6737785339356,21.1715145111084,0.497735977172852
Accipiter virgatus,2005,846,15.1853485107422,15.5770721435547,0.3917236328125
Acridotheres cristatellus,2005,1081,16.3418083190918,16.7221450805664,0.380336761474609
Acridotheres tristis,2005,284,13.0754556655884,13.9343996047974,0.858943939208984
Acrocephalus agricola,2005,581,6.84485864639282,7.30828762054443,0.463428974151611
Acrocephalus bistrigiceps,2005,1280,6.68613195419312,7.04681825637817,0.360686302185059
Acrocephalus concinens,2005,766,13.3816928863525,13.8161945343018,0.434501647949219
Acrocephalus orientalis,2005,1446,7.09092283248901,7.45181846618652,0.36089563369751
Acrocephalus tangorum,2005,171,4.11876344680786,4.31761455535889,0.198851108551025
Aegithalos bonvaloti,2005,106,7.6470046043396,8.48090076446533,0.833896160125732
Aegithalos caudatus,2005,754,2.25801730155945,2.52725458145142,0.269237279891968
Aegithalos concinnus,2005,953,15.9409122467041,16.3411693572998,0.400257110595703
Aegithalos fuliginosus,2005,138,9.91040992736816,10.3585042953491,0.448094367980957
Aerodramus brevirostris,2005,603,13.6866846084595,14.1843700408936,0.497685432434082
Aethopyga christinae,2005,23,24.3484706878662,24.6433429718018,0.294872283935547
Aethopyga gouldiae,2005,956,11.0757522583008,11.5574750900269,0.481722831726074
Agropsar sturninus,2005,1131,4.8556547164917,5.20528697967529,0.349632263183594
Aix galericulata,2005,422,3.75636386871338,4.00477027893066,0.248406410217285
Alauda gulgula,2005,1994,9.42479801177979,9.89796829223633,0.473170280456543
Alaudala cheleensis,2005,2390,5.02381753921509,5.50190162658691,0.478084087371826
Alcedo hercules,2005,141,19.7236499786377,20.2871475219727,0.563497543334961
Alcippe morrisonia,2005,975,16.4001846313477,16.766300201416,0.366115570068359
Amaurornis phoenicurus,2005,1130,16.0147972106934,16.4105014801025,0.39570426940918
Anastomus oscitans,2005,315,16.1227264404297,16.7340335845947,0.611307144165039
Anser anser,2005,936,2.59998202323914,2.9399561882019,0.339974164962769
Anser fabalis,2005,359,-0.232263207435608,0.118345633149147,0.350608840584755
Anser indicus,2005,441,0.791138470172882,1.33562552928925,0.544487059116364
Anthus godlewskii,2005,157,1.22606432437897,1.41091191768646,0.184847593307495
Anthus gustavi,2005,66,2.94458818435669,3.19475913047791,0.250170946121216
Anthus richardi,2005,2788,8.37556171417236,8.72546863555908,0.349906921386719
Anthus roseatus,2005,1911,3.55629634857178,4.138258934021,0.581962585449219
Anthus trivialis,2005,126,1.94549369812012,2.37854027748108,0.433046579360962
Aquila fasciata,2005,300,19.3407211303711,19.4776382446289,0.136917114257813
Aquila heliaca,2005,183,0.794729292392731,1.18846750259399,0.393738210201263
Ardea intermedia,2005,806,16.9554290771484,17.3165950775147,0.361166000366211
Ardea purpurea,2005,1542,13.773362159729,14.0632667541504,0.289904594421387
Ardenna pacifica,2005,90,21.6581630706787,21.8011646270752,0.143001556396484
Artamus fuscus,2005,275,20.3747119903564,20.7926406860352,0.417928695678711
Asio flammeus,2005,498,0.647581040859222,1.04726541042328,0.399684369564056
Athene noctua,2005,3280,3.76510715484619,4.2628026008606,0.497695446014404
Aviceda jerdoni,2005,64,20.8588600158691,21.4761581420898,0.617298126220703
Aviceda leuphotes,2005,784,15.98646068573,16.3509826660156,0.364521980285645
Aythya fuligula,2005,613,0.912497222423553,1.13434302806854,0.221845805644989
Aythya nyroca,2005,348,3.64787364006043,3.95244455337524,0.304570913314819
Bombycilla japonica,2005,93,-2.70986938476563,-2.2140941619873,0.49577522277832
Branta canadensis,2005,19,7.6150541305542,8.02414131164551,0.409087181091309
Bubo nipalensis,2005,362,11.4124135971069,12.1805830001831,0.768169403076172
Bucanetes mongolicus,2005,731,5.15714693069458,5.55222654342651,0.395079612731934
Butastur indicus,2005,481,4.17492294311523,4.40615940093994,0.231236457824707
Cacomantis merulinus,2005,411,19.2106418609619,19.6290740966797,0.418432235717773
Calandrella brachydactyla,2005,400,5.59619903564453,5.90753698348999,0.311337947845459
Calliope obscura,2005,74,8.60147857666016,9.02963733673096,0.428158760070801
Caprimulgus macrurus,2005,78,21.0046348571777,21.6394023895264,0.634767532348633
Carpodacus roborowskii,2005,101,-4.03297138214111,-3.39617276191711,0.636798620223999
Carpodacus vinaceus,2005,535,13.1980676651001,13.6960783004761,0.498010635375977
Cecropis daurica,2005,2623,9.16229629516602,9.5850191116333,0.422722816467285
Centropus bengalensis,2005,607,18.6197357177734,18.8973026275635,0.277566909790039
Cephalopyrus flammiceps,2005,98,11.278489112854,11.9669284820557,0.68843936920166
Certhia familiaris,2005,1518,4.10910701751709,4.47302961349487,0.363922595977783
Certhia himalayana,2005,210,9.42436599731445,10.1213579177856,0.696991920471191
Certhia tianquanensis,2005,46,8.03892517089844,8.30154037475586,0.262615203857422
Ceryle rudis,2005,762,17.6190166473389,17.9944400787354,0.375423431396484
Cettia brunnifrons,2005,409,9.04499340057373,9.60516548156738,0.560172080993652
Cettia castaneocoronata,2005,502,12.0057926177979,12.5993728637695,0.59358024597168
Chalcophaps indica,2005,288,20.4205284118652,20.8312606811523,0.410732269287109
Charadrius atrifrons,2005,1360,-0.0825315490365028,0.534896910190582,0.617428459227085
Charadrius dealbatus,2005,82,22.3581027984619,22.5124282836914,0.154325485229492
Charadrius placidus,2005,860,6.81603288650513,7.15559816360474,0.339565277099609
Charadrius veredus,2005,147,1.37415206432343,1.67778944969177,0.303637385368347
Chlidonias leucopterus,2005,1115,3.61852622032166,3.92245578765869,0.303929567337036
Chlidonias niger,2005,65,2.81934809684753,3.26771759986877,0.44836950302124
Chloris ambigua,2005,297,13.6298961639404,14.4295959472656,0.799699783325195
Chloris sinica,2005,2177,10.1043548583984,10.455225944519,0.350871086120605
Chrysolophus pictus,2005,410,12.3430995941162,12.6593952178955,0.316295623779297
Ciconia boyciana,2005,141,3.75946140289307,4.01090955734253,0.251448154449463
Ciconia nigra,2005,2186,5.71650981903076,6.12738275527954,0.410872936248779
Circaetus gallicus,2005,228,6.13989019393921,6.33444738388062,0.194557189941406
Circus macrourus,2005,154,2.22476196289063,2.51128172874451,0.286519765853882
Circus spilonotus,2005,631,1.43180251121521,1.72757411003113,0.295771598815918
Cisticola exilis,2005,521,18.3237705230713,18.6709594726563,0.347188949584961
Cisticola juncidis,2005,1233,15.9261827468872,16.2807159423828,0.354533195495605
Clamator coromandus,2005,1069,16.5760765075684,16.9429740905762,0.366897583007813
Clanga clanga,2005,567,1.82915771007538,2.12879300117493,0.299635291099548
Columba oenas,2005,147,1.89062237739563,2.74930119514465,0.858678817749023
Copsychus saularis,2005,1011,16.2842559814453,16.6532096862793,0.368953704833984
Coracias garrulus,2005,83,1.71752464771271,2.63874888420105,0.921224236488342
Coturnicops exquisitus,2005,412,0.116188421845436,0.449537456035614,0.333349034190178
Crex crex,2005,149,1.68861591815948,2.40124917030334,0.71263325214386
Crossoptilon mantchuricum,2005,64,7.99328136444092,8.54285430908203,0.549572944641113
Curruca curruca,2005,961,4.71596050262451,5.22542142868042,0.509460926055908
Cyanistes cyanus,2005,658,0.813704073429108,1.24460899829865,0.430904924869537
Cyanoderma pyrrhops,2005,3,11.5056676864624,12.2533979415894,0.747730255126953
Cygnus cygnus,2005,538,1.97667515277863,2.45461082458496,0.477935671806335
Cygnus olor,2005,250,2.81658434867859,3.30429720878601,0.487712860107422
Cyornis glaucicomans,2005,344,15.2155599594116,15.4806709289551,0.265110969543457
Cyornis hainanus,2005,199,21.3823966979981,21.6369285583496,0.254531860351563
Cyornis rubeculoides,2005,42,16.7205429077148,17.3848304748535,0.664287567138672
Delichon dasypus,2005,1040,7.09097099304199,7.50277948379517,0.411808490753174
Dendrocitta formosae,2005,933,17.1049575805664,17.4659843444824,0.361026763916016
Dendrocopos hyperythrus,2005,413,8.27587223052979,8.97087383270264,0.695001602172852
Dendrocygna javanica,2005,684,18.0148448944092,18.3790874481201,0.364242553710938
Dicaeum cruentatum,2005,519,18.7793598175049,19.0682220458984,0.288862228393555
Dicaeum ignipectus,2005,1035,15.6106557846069,15.9860782623291,0.375422477722168
Dicaeum minullum,2005,835,14.767373085022,15.1522159576416,0.384842872619629
Dicrurus annectens,2005,164,19.7741985321045,20.420036315918,0.645837783813477
Dicrurus hottentottus,2005,1277,14.8924055099487,15.3085794448853,0.416173934936523
Dicrurus remifer,2005,201,17.4981899261475,18.2394161224365,0.741226196289063
Egretta eulophotes,2005,19,9.63973045349121,9.68527317047119,0.0455427169799805
Egretta garzetta,2005,1670,12.7392654418945,13.1832370758057,0.443971633911133
Elachura formosa,2005,245,15.8722858428955,16.4930171966553,0.620731353759766
Elanus caeruleus,2005,97,20.0274238586426,20.1064338684082,0.079010009765625
Emberiza buchanani,2005,164,0.845942556858063,1.27698981761932,0.431047260761261
Emberiza citrinella,2005,45,1.24440145492554,0.586697816848755,-0.657703638076782
Emberiza elegans,2005,1059,8.75524711608887,9.08785438537598,0.332607269287109
Emberiza godlewskii,2005,2040,4.47789907455444,5.00415802001953,0.526258945465088
Emberiza hortulana,2005,93,3.53125858306885,3.18927836418152,-0.341980218887329
Emberiza leucocephalos,2005,716,0.0190331656485796,0.450963079929352,0.431929914280772
Emberiza pallasi,2005,141,-2.66091752052307,-2.36025047302246,0.30066704750061
Emberiza pusilla,2005,208,2.53732514381409,2.84950065612793,0.312175512313843
Emberiza rustica,2005,3,-4.41251945495605,-5.34048652648926,-0.927967071533203
Emberiza siemsseni,2005,79,10.0293006896973,10.4669342041016,0.437633514404297
Emberiza yessoensis,2005,46,2.82388091087341,3.09087920188904,0.266998291015625
Enicurus leschenaulti,2005,1155,14.9616861343384,15.3565559387207,0.394869804382324
Enicurus maculatus,2005,490,17.4008846282959,17.8626079559326,0.461723327636719
Enicurus schistaceus,2005,598,17.1719207763672,17.4993057250977,0.327384948730469
Erpornis zantholeuca,2005,529,17.9002780914307,18.2671890258789,0.366910934448242
Erythrogenys hypoleucos,2005,50,19.9029903411865,20.2523460388184,0.349355697631836
Eudynamys scolopaceus,2005,1083,16.3084487915039,16.6863422393799,0.377893447875977
Eumyias thalassinus,2005,737,14.3080358505249,14.7435655593872,0.435529708862305
Falco cherrug,2005,2075,2.70873928070068,3.2510027885437,0.542263507843018
Falco severus,2005,359,17.7754745483398,18.3151187896729,0.539644241333008
Ficedula albicilla,2005,89,-2.38578534126282,-1.99580931663513,0.389976024627686
Ficedula elisae,2005,152,7.47436904907227,7.90553379058838,0.431164741516113
Ficedula erithacus,2005,610,7.43311548233032,8.06119918823242,0.6280837059021
Ficedula hyperythra,2005,472,16.0033531188965,16.4945392608643,0.491186141967773
Ficedula mugimaki,2005,678,2.3159077167511,2.58680582046509,0.270898103713989
Ficedula strophiata,2005,621,13.0205202102661,13.5003185272217,0.479798316955566
Ficedula superciliaris,2005,331,5.17182588577271,5.86051368713379,0.688687801361084
Ficedula tricolor,2005,560,11.7169189453125,12.2424535751343,0.525534629821777
Fringilla coelebs,2005,6,-3.64196300506592,-4.55686187744141,-0.914898872375488
Fringilla montifringilla,2005,23,-2.54210829734802,-3.37647795677185,-0.834369659423828
Galerida cristata,2005,1619,6.56866264343262,6.95953130722046,0.390868663787842
Gallicrex cinerea,2005,1658,13.8156538009644,14.1846237182617,0.368969917297363
Garrulax canorus,2005,757,17.0413055419922,17.3067588806152,0.265453338623047
Garrulax maesi,2005,302,17.0664443969727,17.2621841430664,0.19573974609375
Garrulax monileger,2005,463,19.1697063446045,19.4195594787598,0.249853134155273
Gavia arctica,2005,163,2.2326762676239,2.7053394317627,0.472663164138794
Gelochelidon nilotica,2005,554,7.68231201171875,8.19157123565674,0.509259223937988
Geokichla citrina,2005,505,17.6489105224609,18.0273494720459,0.378438949584961
Glaucidium cuculoides,2005,1012,16.7492389678955,17.1053848266602,0.356145858764648
Gorsachius melanolophus,2005,105,21.6351413726807,21.9431896209717,0.308048248291016
Gracupica nigricollis,2005,510,17.9595203399658,18.3187808990479,0.359260559082031
Grandala coelicolor,2005,621,0.189435198903084,0.786991059780121,0.597555860877037
Grus japonensis,2005,76,2.61315250396729,2.88766098022461,0.274508476257324
Grus monacha,2005,21,-0.20156466960907,0.380055397748947,0.581620067358017
Grus nigricollis,2005,407,-2.81143999099731,-2.21259045600891,0.598849534988403
Gypaetus barbatus,2005,1655,0.90612781047821,1.48869645595551,0.582568645477295
Gyps himalayensis,2005,1392,1.23260295391083,1.82788991928101,0.595286965370178
Halcyon coromanda,2005,131,9.25574684143066,9.63035678863525,0.37460994720459
Halcyon pileata,2005,1245,13.7531538009644,14.1831712722778,0.430017471313477
Halcyon smyrnensis,2005,182,21.6887283325195,21.8044414520264,0.115713119506836
Haliaeetus leucoryphus,2005,34,14.0554161071777,14.5736608505249,0.518244743347168
Harpactes wardi,2005,78,8.85727214813232,9.63094902038574,0.773676872253418
Helopsaltes certhiola,2005,1617,4.47727870941162,4.9085373878479,0.431258678436279
Helopsaltes pryeri,2005,166,6.73794746398926,7.07989645004273,0.341948986053467
Hemiprocne coronata,2005,103,16.7578430175781,17.6130561828613,0.855213165283203
Hemitesia pallidipes,2005,155,16.8176536560059,17.5995407104492,0.781887054443359
Hemixos castanonotus,2005,373,19.1924209594727,19.3293418884277,0.136920928955078
Heterophasia desgodinsi,2005,283,15.513069152832,16.0201740264893,0.507104873657227
Heteroxenicus stellatus,2005,104,10.5467109680176,11.3123874664307,0.765676498413086
Hieraaetus pennatus,2005,137,-1.33781504631042,-0.880067050457001,0.457747995853424
Hierococcyx nisicolor,2005,639,17.0438480377197,17.4658889770508,0.422040939331055
Hirundapus caudacutus,2005,1023,3.56975531578064,3.95921492576599,0.389459609985352
Hirundo rustica,2005,4116,6.53853988647461,6.99422073364258,0.455680847167969
Histrionicus histrionicus,2005,83,2.51139283180237,2.78458786010742,0.273195028305054
Hydrocoloeus minutus,2005,48,8.87618541717529,9.34154319763184,0.465357780456543
Hydrophasianus chirurgus,2005,865,17.0730152130127,17.4339408874512,0.360925674438477
Hydroprogne caspia,2005,298,13.7203493118286,14.0119028091431,0.291553497314453
Hypothymis azurea,2005,513,17.3541965484619,17.7963829040527,0.44218635559082
Hypsipetes leucocephalus,2005,1126,15.1517972946167,15.5506734848022,0.398876190185547
Ianthocincla lunulata,2005,135,10.4669580459595,10.9957075119019,0.528749465942383
Ibidorhyncha struthersii,2005,1706,2.63580417633057,3.20052289962769,0.564718723297119
Ictinaetus malaiensis,2005,101,17.802188873291,17.9793834686279,0.177194595336914
Iduna caligata,2005,61,2.13780975341797,1.69473803043365,-0.443071722984314
Indicator xanthonotus,2005,48,12.2993488311768,13.0029735565186,0.703624725341797
Ixobrychus cinnamomeus,2005,1390,15.337140083313,15.7165040969849,0.379364013671875
Ixobrychus eurhythmus,2005,1430,9.70042896270752,10.0160274505615,0.315598487854004
Ixobrychus minutus,2005,183,3.59522795677185,4.19361972808838,0.598391771316528
Ixos mcclellandii,2005,697,17.6051921844482,17.9395275115967,0.334335327148438
Ketupa flavipes,2005,920,17.0898551940918,17.391393661499,0.301538467407227
Lalage melaschistos,2005,1331,14.7237720489502,15.1478080749512,0.424036026000977
Lanius borealis,2005,248,1.18080830574036,1.50732898712158,0.326520681381226
Lanius collurioides,2005,302,18.6856880187988,19.1463642120361,0.460676193237305
Lanius isabellinus,2005,1437,4.29488563537598,4.76905345916748,0.474167823791504
Lanius schach,2005,1339,14.2475595474243,14.6650981903076,0.417538642883301
Lanius sphenocercus,2005,817,3.8520245552063,4.22338199615479,0.371357440948486
Lanius tephronotus,2005,638,4.51975870132446,5.12275886535645,0.603000164031982
Larus crassirostris,2005,78,15.5089054107666,15.6943483352661,0.185442924499512
Larvivora brunnea,2005,325,6.83418989181519,7.45347166061401,0.619281768798828
Larvivora cyane,2005,504,1.02699601650238,1.29812526702881,0.271129250526428
Leptopoecile elegans,2005,464,1.16251695156097,1.73673784732819,0.574220895767212
Leptoptilos javanicus,2005,193,17.0435619354248,17.8323802947998,0.788818359375
Limnodromus semipalmatus,2005,293,0.636016726493835,0.921851336956024,0.285834610462189
Limosa limosa,2005,390,1.07777690887451,1.36053085327148,0.282753944396973
Linaria cannabina,2005,164,3.81024098396301,3.9769868850708,0.166745901107788
Locustella davidi,2005,377,1.02113199234009,1.31442821025848,0.293296217918396
Locustella mandelli,2005,546,16.9194431304932,17.2603034973145,0.340860366821289
Lonchura striata,2005,766,18.0601272583008,18.3231811523438,0.263053894042969
Lophotriorchis kienerii,2005,55,21.8129367828369,22.2873268127441,0.474390029907227
Lophura leucomelanos,2005,150,10.5427417755127,11.3190126419067,0.776270866394043
Lophura nycthemera,2005,260,18.5232791900635,19.0518226623535,0.528543472290039
Loxia curvirostra,2005,1375,1.54966580867767,1.97717726230621,0.42751145362854
Macropygia unchall,2005,594,16.1906127929688,16.5913848876953,0.400772094726563
Mareca falcata,2005,366,-0.290807813405991,0.0605305396020412,0.351338353008032
Megaceryle lugubris,2005,1428,15.1732769012451,15.5618495941162,0.388572692871094
Melanitta fusca,2005,7,0.868973076343536,-0.14972135424614,-1.01869443058968
Melanitta stejnegeri,2005,45,-4.25272130966187,-3.68198466300964,0.570736646652222
Melanochlora sultanea,2005,155,18.2084312438965,18.7435512542725,0.535120010375977
Mergus serrator,2005,251,1.3321053981781,1.62822639942169,0.296121001243591
Merops philippinus,2005,293,18.3080310821533,18.9597415924072,0.651710510253906
Mixornis gularis,2005,159,16.6837577819824,17.6173191070557,0.933561325073242
Monticola gularis,2005,646,2.43376898765564,2.72665214538574,0.292883157730103
Monticola rufiventris,2005,869,15.3018579483032,15.7004480361938,0.398590087890625
Monticola solitarius,2005,2043,10.853741645813,11.2404594421387,0.386717796325684
Motacilla citreola,2005,2159,2.20297122001648,2.74171376228333,0.538742542266846
Moupinia poecilotis,2005,145,6.02350807189941,6.61190176010132,0.588393688201904
Muscicapa dauurica,2005,671,1.70671880245209,1.98030662536621,0.273587822914124
Muscicapa ferruginea,2005,600,12.596305847168,13.1231718063355,0.526865959167481
Muscicapa muttui,2005,305,16.68186378479,16.9998874664307,0.318023681640625
Mycerobas affinis,2005,417,4.74256801605225,5.41841077804565,0.675842761993408
Mycerobas carnipes,2005,1012,2.43280649185181,3.06648850440979,0.633682012557983
Myiomela leucura,2005,672,15.003249168396,15.4488887786865,0.445639610290527
Myophonus caeruleus,2005,1550,12.4764938354492,12.9336938858032,0.457200050354004
Netta rufina,2005,395,4.57272863388062,4.89053869247437,0.31781005859375
Niltava davidi,2005,684,16.3860206604004,16.729793548584,0.343772888183594
Niltava grandis,2005,139,15.5507926940918,16.3987922668457,0.847999572753906
Niltava macgrigoriae,2005,278,17.1179103851318,17.7496509552002,0.631740570068359
Niltava sundara,2005,761,11.4049816131592,11.9095640182495,0.504582405090332
Ninox japonica,2005,1327,11.1691026687622,11.4912242889404,0.322121620178223
Nipponia nippon,2005,3,13.224778175354,13.6819839477539,0.457205772399902
Nisaetus nipalensis,2005,501,16.0050029754639,16.5082378387451,0.50323486328125
Numenius madagascariensis,2005,197,0.840074002742767,1.17350137233734,0.333427369594574
Nycticorax nycticorax,2005,1539,14.4904012680054,14.8587818145752,0.368380546569824
Oenanthe deserti,2005,1737,2.79329204559326,3.34252953529358,0.549237489700317
Oenanthe oenanthe,2005,1019,4.16478967666626,4.5949296951294,0.430140018463135
Onychoprion anaethetus,2005,31,20.9556827545166,21.1910877227783,0.235404968261719
Oriolus oriolus,2005,192,3.03185987472534,3.30341219902039,0.271552324295044
Otus lettia,2005,878,17.5054512023926,17.8322601318359,0.326808929443359
Otus semitorques,2005,542,7.6100811958313,7.92369651794434,0.313615322113037
Otus spilocephalus,2005,561,16.5144157409668,16.9073047637939,0.392889022827148
Oxyura leucocephala,2005,149,5.72699737548828,6.53261613845825,0.805618762969971
Panurus biarmicus,2005,1831,4.12009954452515,4.57922172546387,0.459122180938721
Paradoxornis guttaticollis,2005,448,16.6616554260254,17.0231952667236,0.361539840698242
Paradoxornis heudei,2005,323,12.1314287185669,12.4958229064941,0.364394187927246
Parayuhina diademata,2005,471,13.0819683074951,13.6298408508301,0.547872543334961
Pardaliparus venustulus,2005,704,13.5442533493042,13.8820114135742,0.33775806427002
Parus monticolus,2005,628,12.7628221511841,13.2275485992432,0.464726448059082
Passer cinnamomeus,2005,1562,12.8010911941528,13.2531881332397,0.452096939086914
Passer domesticus,2005,750,0.82120680809021,1.23895514011383,0.417748332023621
Passer hispaniolensis,2005,153,4.25698804855347,4.87453365325928,0.617545604705811
Pelecanus crispus,2005,151,0.737479865550995,1.08394730091095,0.346467435359955
Pellorneum tickelli,2005,96,18.7574138641357,19.5104084014893,0.752994537353516
Perdix hodgsoniae,2005,460,-1.68631982803345,-1.05852127075195,0.627798557281494
Pericrocotus cantonensis,2005,816,16.4538898468018,16.7341232299805,0.280233383178711
Pericrocotus divaricatus,2005,132,2.67148590087891,2.89461302757263,0.223127126693726
Pericrocotus ethologus,2005,1120,10.0661602020264,10.5876207351685,0.52146053314209
Pericrocotus solaris,2005,630,17.9055347442627,18.2496738433838,0.344139099121094
Periparus rubidiventris,2005,406,1.0057018995285,1.62022387981415,0.614521980285645
Pernis ptilorhynchus,2005,832,3.53393316268921,3.91881489753723,0.384881734848022
Phasianus colchicus,2005,2329,8.38204383850098,8.71964073181152,0.337596893310547
Phoenicurus erythronotus,2005,302,4.4462628364563,4.95897150039673,0.51270866394043
Phoenicurus frontalis,2005,923,4.79591703414917,5.34388637542725,0.547969341278076
Phoenicurus leucocephalus,2005,1426,7.7376446723938,8.26848030090332,0.530835628509522
Phoenicurus ochruros,2005,2263,3.26384401321411,3.83515954017639,0.57131552696228
Phoenicurus schisticeps,2005,406,3.07463383674622,3.69855880737305,0.623924970626831
Phylloscopus affinis,2005,666,5.29091310501099,5.8490514755249,0.558138370513916
Phylloscopus burkii,2005,33,2.90200233459473,3.50764060020447,0.605638265609741
Phylloscopus cantator,2005,105,15.6603422164917,16.4007148742676,0.740372657775879
Phylloscopus castaniceps,2005,632,16.0546073913574,16.4653034210205,0.410696029663086
Phylloscopus claudiae,2005,522,9.88924694061279,10.3286485671997,0.439401626586914
Phylloscopus coronatus,2005,414,6.72929191589356,7.00477743148804,0.275485515594482
Phylloscopus emeiensis,2005,22,12.370792388916,12.7371778488159,0.366385459899902
Phylloscopus intermedius,2005,134,14.0922756195068,14.4171295166016,0.324853897094727
Phylloscopus magnirostris,2005,214,6.5604043006897,7.16882848739624,0.608424186706543
Phylloscopus ogilviegranti,2005,381,17.7375507354736,18.1163005828857,0.378749847412109
Phylloscopus omeiensis,2005,138,10.2660341262817,10.6803998947144,0.414365768432617
Phylloscopus pulcher,2005,413,7.9857611656189,8.66066932678223,0.67490816116333
Phylloscopus ricketti,2005,676,15.3157758712769,15.6279926300049,0.312216758728027
Phylloscopus soror,2005,245,13.625864982605,13.9398698806763,0.314004898071289
Phylloscopus subaffinis,2005,1013,11.5190992355347,11.9205360412598,0.401436805725098
Phylloscopus tenellipes,2005,259,4.56703424453735,4.70237493515015,0.135340690612793
Phylloscopus tephrocephalus,2005,281,12.0046453475952,12.558723449707,0.554078102111816
Phylloscopus yunnanensis,2005,215,8.02978324890137,8.48361110687256,0.453827857971191
Picumnus innominatus,2005,1093,15.3501920700073,15.7429428100586,0.39275074005127
Picus chlorolophus,2005,236,18.3902645111084,18.9409408569336,0.550676345825195
Pitta nympha,2005,314,17.3351917266846,17.6247596740723,0.289567947387695
Platalea minor,2005,6,9.52713203430176,9.5407772064209,0.0136451721191406
Pnoepyga immaculata,2005,5,5.88570213317871,6.59186172485352,0.706159591674805
Podiceps auritus,2005,229,0.136366680264473,0.80234158039093,0.665974900126457
Podiceps grisegena,2005,136,1.74304449558258,2.18576765060425,0.442723155021668
Podiceps nigricollis,2005,481,3.37681865692139,3.70380711555481,0.326988458633423
Podoces biddulphi,2005,276,11.4326000213623,12.1264028549194,0.693802833557129
Pomatorhinus schisticeps,2005,30,17.0419483184814,17.6344356536865,0.592487335205078
Pomatorhinus superciliaris,2005,107,15.5741310119629,16.3137378692627,0.739606857299805
Prinia atrogularis,2005,41,13.7463512420654,14.3818054199219,0.635454177856445
Prinia flaviventris,2005,82,19.0294494628906,19.9031181335449,0.873668670654297
Prinia inornata,2005,815,17.7829418182373,18.0516166687012,0.268674850463867
Prunella collaris,2005,2078,0.881721675395966,1.39722955226898,0.515507876873016
Prunella himalayana,2005,208,-0.780707001686096,-0.206392109394073,0.574314892292023
Prunella immaculata,2005,328,2.3754723072052,3.01606011390686,0.64058780670166
Prunella montanella,2005,35,-4.01745891571045,-3.68020415306091,0.337254762649536
Prunella strophiata,2005,581,4.8185076713562,5.40012693405151,0.581619262695313
Psarisomus dalhousiae,2005,108,17.168399810791,17.9819355010986,0.813535690307617
Pseudopodoces humilis,2005,999,-2.24323654174805,-1.6070522069931,0.636184334754944
Psilopogon faber,2005,43,19.2454166412354,19.2976665496826,0.0522499084472656
Psilopogon virens,2005,727,16.4328498840332,16.835901260376,0.403051376342773
Pterorhinus berthemyi,2005,335,15.9220361709595,16.1435642242432,0.221528053283691
Pterorhinus lanceolatus,2005,830,14.0311040878296,14.4266452789307,0.395541191101074
Pterorhinus pectoralis,2005,584,16.4923286437988,16.7837715148926,0.29144287109375
Pterorhinus sannio,2005,723,16.5131092071533,16.8735065460205,0.360397338867188
Pteruthius rufiventer,2005,90,13.7090368270874,14.4701471328735,0.761110305786133
Pteruthius xanthochlorus,2005,307,10.3232049942017,10.9697828292847,0.646577835083008
Ptyonoprogne rupestris,2005,1954,5.37436962127686,5.92517232894898,0.550802707672119
Pycnonotus aurigaster,2005,572,17.6714363098145,18.0371742248535,0.365737915039063
Pycnonotus jocosus,2005,415,18.2223873138428,18.6877784729004,0.465391159057617
Pycnonotus sinensis,2005,1342,15.0544948577881,15.3907051086426,0.336210250854492
Pycnonotus xanthorrhous,2005,700,14.8906507492065,15.3451662063599,0.45451545715332
Pyrrhula erythaca,2005,897,8.99915409088135,9.52386093139648,0.524706840515137
Pyrrhula nipalensis,2005,747,14.819185256958,15.2373895645142,0.418204307556152
Rallina eurizonoides,2005,152,20.1719455718994,20.7481250762939,0.576179504394531
Rallus aquaticus,2005,1224,2.42764139175415,3.06198525428772,0.634343862533569
Recurvirostra avosetta,2005,698,1.33939504623413,1.67384004592896,0.334444999694824
Regulus regulus,2005,930,7.1307168006897,7.58649826049805,0.45578145980835
Remiz consobrinus,2005,558,3.35002541542053,3.64100670814514,0.290981292724609
Remiz coronatus,2005,191,2.46915340423584,2.76152896881104,0.292375564575195
Rhodospiza obsoleta,2005,720,5.24223470687866,5.75922870635986,0.516993999481201
Riparia riparia,2005,784,2.64866471290588,2.97124981880188,0.322585105895996
Rubigula flaviventris,2005,174,18.7557125091553,19.4527320861816,0.697019577026367
Sasia ochracea,2005,132,19.0419464111328,19.6768283843994,0.634881973266602
Saxicola ferreus,2005,1085,14.6986656188965,15.1126222610474,0.413956642150879
Sitta cinnamoventris,2005,123,17.082124710083,17.9588432312012,0.876718521118164
Sitta formosa,2005,141,15.951807975769,16.8254070281982,0.873599052429199
Sitta villosa,2005,798,6.09239196777344,6.50506114959717,0.41266918182373
Sittiparus varius,2005,82,5.76430416107178,5.8214898109436,0.0571856498718262
Spilopelia chinensis,2005,1413,14.8436107635498,15.2485237121582,0.404912948608398
Spilopelia senegalensis,2005,168,3.82531929016113,4.63473081588745,0.809411525726318
Spilornis cheela,2005,652,17.436824798584,17.8385486602783,0.401723861694336
Spinus spinus,2005,295,-0.596706986427307,-0.220206439495087,0.37650054693222
Spizixos semitorques,2005,944,16.026798248291,16.3252506256104,0.298452377319336
Spodiopsar cineraceus,2005,1439,4.32776212692261,4.71560859680176,0.38784646987915
Spodiopsar sericeus,2005,692,17.4629497528076,17.6906414031982,0.227691650390625
Stachyris humei,2005,39,13.5445995330811,14.1354598999023,0.590860366821289
Staphida torqueola,2005,740,17.3425159454346,17.6346225738525,0.292106628417969
Streptopelia decaocto,2005,1819,7.51734828948975,8.02688694000244,0.509538650512695
Sturnia sinensis,2005,305,19.1309833526611,19.2344455718994,0.103462219238281
Sturnus vulgaris,2005,253,4.91895532608032,5.38084554672241,0.46189022064209
Suthora fulvifrons,2005,136,9.14953327178955,9.75373840332031,0.604205131530762
Syrmaticus humiae,2005,108,16.9307231903076,17.8618240356445,0.931100845336914
Syrmaticus reevesii,2005,256,14.2624092102051,14.5280284881592,0.265619277954102
Syrrhaptes paradoxus,2005,1270,4.20923328399658,4.55734872817993,0.34811544418335
Tarsiger chrysaeus,2005,217,7.12873888015747,7.82549381256104,0.696754932403565
Tarsiger indicus,2005,276,9.35574531555176,10.122389793396,0.766644477844238
Temnurus temnurus,2005,38,23.8245315551758,24.1138572692871,0.289325714111328
Tephrodornis virgatus,2005,421,19.5108184814453,19.6627750396729,0.151956558227539
Thalasseus bergii,2005,240,22.2157859802246,22.3517875671387,0.136001586914063
Timalia pileata,2005,263,19.225227355957,19.5650405883789,0.339813232421875
Tragopan caboti,2005,186,18.5082702636719,18.5914745330811,0.0832042694091797
Tragopan temminckii,2005,529,12.6361389160156,13.0705966949463,0.434457778930664
Treron curvirostra,2005,162,18.7455444335938,19.503568649292,0.758024215698242
Treron sieboldii,2005,645,17.8530445098877,18.0883388519287,0.235294342041016
Treron sphenurus,2005,294,14.4787168502808,15.2183227539063,0.739605903625488
Turdus boulboul,2005,220,17.376407623291,18.0482959747314,0.67188835144043
Turdus cardis,2005,169,15.0351343154907,15.3749532699585,0.339818954467773
Turdus feae,2005,117,7.37936782836914,7.83915042877197,0.459782600402832
Turdus mandarinus,2005,1032,14.7816362380981,15.1299724578857,0.348336219787598
Turdus pilaris,2005,220,-1.74795424938202,-1.54235363006592,0.205600619316101
Turdus rubrocanus,2005,541,5.81288194656372,6.33196449279785,0.519082546234131
Turdus ruficollis,2005,159,2.9576096534729,3.5471830368042,0.589573383331299
Turdus viscivorus,2005,422,4.64524841308594,5.04673433303833,0.401485919952393
Turnix suscitator,2005,455,17.9373970031738,18.4393463134766,0.501949310302734
Tyto longimembris,2005,685,17.7860012054443,18.0436000823975,0.257598876953125
Urile pelagicus,2005,10,10.4286890029907,10.47580909729,0.0471200942993164
Urosphena squameiceps,2005,112,3.62927651405334,3.73258280754089,0.103306293487549
Vanellus cinereus,2005,279,3.7433602809906,4.02955007553101,0.286189794540405
Vanellus indicus,2005,87,17.6243762969971,18.5964813232422,0.972105026245117
Vanellus vanellus,2005,1111,2.88630080223084,3.21565890312195,0.329358100891113
Yuhina nigrimenta,2005,669,15.0526151657105,15.4495048522949,0.396889686584473
Zoothera dixoni,2005,349,11.1787948608398,11.9409580230713,0.762163162231445
Zoothera mollissima,2005,155,2.83340001106262,3.47802305221558,0.644623041152954
Zoothera monticola,2005,41,12.9189081192017,13.4593734741211,0.540465354919434
Zosterops erythropleurus,2005,328,4.62363433837891,4.79195976257324,0.168325424194336
Abroscopus albogularis,2006,562,17.4008522033691,18.044132232666,0.643280029296875
Accipiter gularis,2006,697,2.65403866767883,2.94559812545776,0.291559457778931
Accipiter soloensis,2006,942,14.6539878845215,15.3200426101685,0.666054725646973
Accipiter trivirgatus,2006,174,20.6737785339356,21.4038524627686,0.730073928833008
Accipiter virgatus,2006,846,15.1853485107422,15.9114189147949,0.726070404052734
Acridotheres cristatellus,2006,1081,16.3418083190918,17.1689281463623,0.827119827270508
Acridotheres tristis,2006,284,13.0754556655884,14.1206998825073,1.04524421691895
Acrocephalus agricola,2006,581,6.84485864639282,8.11877346038818,1.27391481399536
Acrocephalus bistrigiceps,2006,1280,6.68613195419312,7.34211874008179,0.655986785888672
Acrocephalus concinens,2006,766,13.3816928863525,14.4592809677124,1.07758808135986
Acrocephalus orientalis,2006,1446,7.09092283248901,7.78198528289795,0.691062450408936
Acrocephalus tangorum,2006,171,4.11876344680786,4.48675155639648,0.367988109588623
Aegithalos bonvaloti,2006,106,7.6470046043396,8.55929470062256,0.912290096282959
Aegithalos caudatus,2006,754,2.25801730155945,2.59148454666138,0.333467245101929
Aegithalos concinnus,2006,953,15.9409122467041,16.7917003631592,0.850788116455078
Aegithalos fuliginosus,2006,138,9.91040992736816,10.8384895324707,0.928079605102539
Aerodramus brevirostris,2006,603,13.6866846084595,14.4999570846558,0.813272476196289
Aethopyga christinae,2006,23,24.3484706878662,25.0573062896729,0.708835601806641
Aethopyga gouldiae,2006,956,11.0757522583008,11.9307851791382,0.855032920837402
Agropsar sturninus,2006,1131,4.8556547164917,5.52375555038452,0.668100833892822
Aix galericulata,2006,422,3.75636386871338,4.06384754180908,0.307483673095703
Alauda gulgula,2006,1994,9.42479801177979,10.3821382522583,0.957340240478516
Alaudala cheleensis,2006,2390,5.02381753921509,6.092933177948,1.06911563873291
Alcedo hercules,2006,141,19.7236499786377,20.4657325744629,0.742082595825195
Alcippe morrisonia,2006,975,16.4001846313477,17.1904239654541,0.790239334106445
Amaurornis phoenicurus,2006,1130,16.0147972106934,16.8479499816895,0.833152770996094
Anastomus oscitans,2006,315,16.1227264404297,16.9077587127686,0.785032272338867
Anser anser,2006,936,2.59998202323914,3.27139806747437,0.67141604423523
Anser fabalis,2006,359,-0.232263207435608,-0.217523604631424,0.014739602804184
Anser indicus,2006,441,0.791138470172882,1.94093954563141,1.14980107545853
Anthus godlewskii,2006,157,1.22606432437897,1.73745679855347,0.5113924741745
Anthus gustavi,2006,66,2.94458818435669,3.12255311012268,0.177964925765991
Anthus richardi,2006,2788,8.37556171417236,9.23875522613525,0.863193511962891
Anthus roseatus,2006,1911,3.55629634857178,4.65550994873047,1.09921360015869
Anthus trivialis,2006,126,1.94549369812012,3.34022402763367,1.39473032951355
Aquila fasciata,2006,300,19.3407211303711,19.9373645782471,0.596643447875977
Aquila heliaca,2006,183,0.794729292392731,1.58939301967621,0.794663727283478
Ardea intermedia,2006,806,16.9554290771484,17.7373332977295,0.781904220581055
Ardea purpurea,2006,1542,13.773362159729,14.5448017120361,0.771439552307129
Ardenna pacifica,2006,90,21.6581630706787,22.2339324951172,0.575769424438477
Artamus fuscus,2006,275,20.3747119903564,21.0558853149414,0.681173324584961
Asio flammeus,2006,498,0.647581040859222,1.15727734565735,0.509696304798126
Athene noctua,2006,3280,3.76510715484619,4.76306247711182,0.997955322265625
Aviceda jerdoni,2006,64,20.8588600158691,21.6738910675049,0.815031051635742
Aviceda leuphotes,2006,784,15.98646068573,16.7004776000977,0.714016914367676
Aythya fuligula,2006,613,0.912497222423553,1.18671011924744,0.274212896823883
Aythya nyroca,2006,348,3.64787364006043,4.98297023773193,1.33509659767151
Bombycilla japonica,2006,93,-2.70986938476563,-2.91215825080872,-0.202288866043091
Branta canadensis,2006,19,7.6150541305542,8.51480960845947,0.899755477905273
Bubo nipalensis,2006,362,11.4124135971069,12.2975721359253,0.885158538818359
Bucanetes mongolicus,2006,731,5.15714693069458,6.39071559906006,1.23356866836548
Butastur indicus,2006,481,4.17492294311523,4.53106832504273,0.35614538192749
Cacomantis merulinus,2006,411,19.2106418609619,19.8985176086426,0.687875747680664
Calandrella brachydactyla,2006,400,5.59619903564453,6.89795303344727,1.30175399780273
Calliope obscura,2006,74,8.60147857666016,9.6014461517334,0.999967575073242
Caprimulgus macrurus,2006,78,21.0046348571777,21.8176460266113,0.813011169433594
Carpodacus roborowskii,2006,101,-4.03297138214111,-2.86282420158386,1.17014718055725
Carpodacus vinaceus,2006,535,13.1980676651001,14.0750398635864,0.876972198486328
Cecropis daurica,2006,2623,9.16229629516602,9.96193790435791,0.799641609191895
Centropus bengalensis,2006,607,18.6197357177734,19.3155269622803,0.695791244506836
Cephalopyrus flammiceps,2006,98,11.278489112854,12.2243928909302,0.945903778076172
Certhia familiaris,2006,1518,4.10910701751709,4.92083501815796,0.811728000640869
Certhia himalayana,2006,210,9.42436599731445,10.3905572891235,0.966191291809082
Certhia tianquanensis,2006,46,8.03892517089844,8.69806098937988,0.659135818481445
Ceryle rudis,2006,762,17.6190166473389,18.3907814025879,0.771764755249023
Cettia brunnifrons,2006,409,9.04499340057373,9.87944412231445,0.834450721740723
Cettia castaneocoronata,2006,502,12.0057926177979,12.8086633682251,0.802870750427246
Chalcophaps indica,2006,288,20.4205284118652,21.1064205169678,0.685892105102539
Charadrius atrifrons,2006,1360,-0.0825315490365028,1.11772489547729,1.2002564445138
Charadrius dealbatus,2006,82,22.3581027984619,22.9426746368408,0.584571838378906
Charadrius placidus,2006,860,6.81603288650513,7.46540451049805,0.64937162399292
Charadrius veredus,2006,147,1.37415206432343,1.9297868013382,0.555634737014771
Chlidonias leucopterus,2006,1115,3.61852622032166,4.28129005432129,0.662763833999634
Chlidonias niger,2006,65,2.81934809684753,4.18944263458252,1.37009453773499
Chloris ambigua,2006,297,13.6298961639404,14.5155944824219,0.885698318481445
Chloris sinica,2006,2177,10.1043548583984,10.884425163269,0.780070304870606
Chrysolophus pictus,2006,410,12.3430995941162,13.1108875274658,0.767787933349609
Ciconia boyciana,2006,141,3.75946140289307,4.03987598419189,0.280414581298828
Ciconia nigra,2006,2186,5.71650981903076,6.64746475219727,0.930954933166504
Circaetus gallicus,2006,228,6.13989019393921,7.47786569595337,1.33797550201416
Circus macrourus,2006,154,2.22476196289063,3.57265496253967,1.34789299964905
Circus spilonotus,2006,631,1.43180251121521,1.6710456609726,0.239243149757385
Cisticola exilis,2006,521,18.3237705230713,19.0007171630859,0.676946640014648
Cisticola juncidis,2006,1233,15.9261827468872,16.7371025085449,0.810919761657715
Clamator coromandus,2006,1069,16.5760765075684,17.4243679046631,0.848291397094727
Clanga clanga,2006,567,1.82915771007538,2.08240294456482,0.253245234489441
Columba oenas,2006,147,1.89062237739563,3.24471664428711,1.35409426689148
Copsychus saularis,2006,1011,16.2842559814453,17.0721168518066,0.787860870361328
Coracias garrulus,2006,83,1.71752464771271,3.16245031356812,1.44492566585541
Coturnicops exquisitus,2006,412,0.116188421845436,0.171357899904251,0.055169478058815
Crex crex,2006,149,1.68861591815948,3.11163091659546,1.42301499843597
Crossoptilon mantchuricum,2006,64,7.99328136444092,9.36463260650635,1.37135124206543
Curruca curruca,2006,961,4.71596050262451,5.98411417007446,1.26815366744995
Cyanistes cyanus,2006,658,0.813704073429108,1.40371191501617,0.590007841587067
Cyanoderma pyrrhops,2006,3,11.5056676864624,12.6751766204834,1.169508934021
Cygnus cygnus,2006,538,1.97667515277863,2.67281007766724,0.696134924888611
Cygnus olor,2006,250,2.81658434867859,3.97719931602478,1.16061496734619
Cyornis glaucicomans,2006,344,15.2155599594116,15.9349498748779,0.719389915466309
Cyornis hainanus,2006,199,21.3823966979981,21.9820194244385,0.59962272644043
Cyornis rubeculoides,2006,42,16.7205429077148,17.5966186523438,0.876075744628906
Delichon dasypus,2006,1040,7.09097099304199,7.96067380905151,0.869702816009522
Dendrocitta formosae,2006,933,17.1049575805664,17.8729019165039,0.7679443359375
Dendrocopos hyperythrus,2006,413,8.27587223052979,9.08542823791504,0.809556007385254
Dendrocygna javanica,2006,684,18.0148448944092,18.7798042297363,0.764959335327148
Dicaeum cruentatum,2006,519,18.7793598175049,19.4161758422852,0.636816024780273
Dicaeum ignipectus,2006,1035,15.6106557846069,16.3714294433594,0.760773658752441
Dicaeum minullum,2006,835,14.767373085022,15.475456237793,0.708083152770996
Dicrurus annectens,2006,164,19.7741985321045,20.5699768066406,0.795778274536133
Dicrurus hottentottus,2006,1277,14.8924055099487,15.7743492126465,0.881943702697754
Dicrurus remifer,2006,201,17.4981899261475,18.346363067627,0.848173141479492
Egretta eulophotes,2006,19,9.63973045349121,10.1893768310547,0.549646377563477
Egretta garzetta,2006,1670,12.7392654418945,13.6497240066528,0.910458564758301
Elachura formosa,2006,245,15.8722858428955,16.670202255249,0.797916412353516
Elanus caeruleus,2006,97,20.0274238586426,20.5528526306152,0.525428771972656
Emberiza buchanani,2006,164,0.845942556858063,2.2191801071167,1.37323755025864
Emberiza citrinella,2006,45,1.24440145492554,2.47249293327332,1.22809147834778
Emberiza elegans,2006,1059,8.75524711608887,9.24919033050537,0.493943214416504
Emberiza godlewskii,2006,2040,4.47789907455444,5.40617036819458,0.928271293640137
Emberiza hortulana,2006,93,3.53125858306885,4.74407911300659,1.21282052993774
Emberiza leucocephalos,2006,716,0.0190331656485796,0.669410467147827,0.650377301499248
Emberiza pallasi,2006,141,-2.66091752052307,-2.6645450592041,-0.00362753868103027
Emberiza pusilla,2006,208,2.53732514381409,2.76510834693909,0.227783203125
Emberiza rustica,2006,3,-4.41251945495605,-3.22858047485352,1.18393898010254
Emberiza siemsseni,2006,79,10.0293006896973,11.0016670227051,0.972366333007812
Emberiza yessoensis,2006,46,2.82388091087341,2.97609925270081,0.152218341827393
Enicurus leschenaulti,2006,1155,14.9616861343384,15.7803659439087,0.818679809570313
Enicurus maculatus,2006,490,17.4008846282959,18.1098213195801,0.70893669128418
Enicurus schistaceus,2006,598,17.1719207763672,17.8253440856934,0.653423309326172
Erpornis zantholeuca,2006,529,17.9002780914307,18.5667591094971,0.666481018066406
Erythrogenys hypoleucos,2006,50,19.9029903411865,20.5808258056641,0.677835464477539
Eudynamys scolopaceus,2006,1083,16.3084487915039,17.1384963989258,0.830047607421875
Eumyias thalassinus,2006,737,14.3080358505249,15.0927801132202,0.784744262695313
Falco cherrug,2006,2075,2.70873928070068,3.88295197486877,1.17421269416809
Falco severus,2006,359,17.7754745483398,18.5315608978271,0.756086349487305
Ficedula albicilla,2006,89,-2.38578534126282,-2.56529450416565,-0.179509162902832
Ficedula elisae,2006,152,7.47436904907227,8.57413482666016,1.09976577758789
Ficedula erithacus,2006,610,7.43311548233032,8.33843898773193,0.905323505401611
Ficedula hyperythra,2006,472,16.0033531188965,16.7347793579102,0.731426239013672
Ficedula mugimaki,2006,678,2.3159077167511,2.56830167770386,0.252393960952759
Ficedula strophiata,2006,621,13.0205202102661,13.853497505188,0.832977294921875
Ficedula superciliaris,2006,331,5.17182588577271,6.10249185562134,0.930665969848633
Ficedula tricolor,2006,560,11.7169189453125,12.5200309753418,0.803112030029297
Fringilla coelebs,2006,6,-3.64196300506592,-2.46936511993408,1.17259788513184
Fringilla montifringilla,2006,23,-2.54210829734802,-1.35571897029877,1.18638932704926
Galerida cristata,2006,1619,6.56866264343262,7.67249202728272,1.1038293838501
Gallicrex cinerea,2006,1658,13.8156538009644,14.6479225158691,0.832268714904785
Garrulax canorus,2006,757,17.0413055419922,17.8042945861816,0.762989044189453
Garrulax maesi,2006,302,17.0664443969727,17.661642074585,0.595197677612305
Garrulax monileger,2006,463,19.1697063446045,19.7743682861328,0.60466194152832
Gavia arctica,2006,163,2.2326762676239,3.24211382865906,1.00943756103516
Gelochelidon nilotica,2006,554,7.68231201171875,8.50368309020996,0.821371078491211
Geokichla citrina,2006,505,17.6489105224609,18.3839569091797,0.73504638671875
Glaucidium cuculoides,2006,1012,16.7492389678955,17.5405673980713,0.791328430175781
Gorsachius melanolophus,2006,105,21.6351413726807,22.2828750610352,0.647733688354492
Gracupica nigricollis,2006,510,17.9595203399658,18.6213817596436,0.661861419677734
Grandala coelicolor,2006,621,0.189435198903084,1.22109758853912,1.03166238963604
Grus japonensis,2006,76,2.61315250396729,2.7944061756134,0.181253671646118
Grus monacha,2006,21,-0.20156466960907,-0.320020347833633,-0.118455678224564
Grus nigricollis,2006,407,-2.81143999099731,-1.66394472122192,1.14749526977539
Gypaetus barbatus,2006,1655,0.90612781047821,2.09141111373901,1.1852833032608
Gyps himalayensis,2006,1392,1.23260295391083,2.35633325576782,1.12373030185699
Halcyon coromanda,2006,131,9.25574684143066,9.86737537384033,0.611628532409668
Halcyon pileata,2006,1245,13.7531538009644,14.6593627929688,0.906208992004395
Halcyon smyrnensis,2006,182,21.6887283325195,22.2305870056152,0.541858673095703
Haliaeetus leucoryphus,2006,34,14.0554161071777,14.8441600799561,0.78874397277832
Harpactes wardi,2006,78,8.85727214813232,9.81004810333252,0.952775955200195
Helopsaltes certhiola,2006,1617,4.47727870941162,5.40983724594116,0.932558536529541
Helopsaltes pryeri,2006,166,6.73794746398926,7.17996788024902,0.442020416259766
Hemiprocne coronata,2006,103,16.7578430175781,17.6787815093994,0.920938491821289
Hemitesia pallidipes,2006,155,16.8176536560059,17.6915512084961,0.873897552490234
Hemixos castanonotus,2006,373,19.1924209594727,19.7443695068359,0.551948547363281
Heterophasia desgodinsi,2006,283,15.513069152832,16.2641620635986,0.751092910766602
Heteroxenicus stellatus,2006,104,10.5467109680176,11.4791927337647,0.93248176574707
Hieraaetus pennatus,2006,137,-1.33781504631042,-0.775284886360169,0.562530159950256
Hierococcyx nisicolor,2006,639,17.0438480377197,17.7630825042725,0.719234466552734
Hirundapus caudacutus,2006,1023,3.56975531578064,4.09939384460449,0.529638528823853
Hirundo rustica,2006,4116,6.53853988647461,7.49011611938477,0.951576232910156
Histrionicus histrionicus,2006,83,2.51139283180237,2.6502206325531,0.138827800750732
Hydrocoloeus minutus,2006,48,8.87618541717529,10.2251491546631,1.34896373748779
Hydrophasianus chirurgus,2006,865,17.0730152130127,17.8293209075928,0.756305694580078
Hydroprogne caspia,2006,298,13.7203493118286,14.6365547180176,0.916205406188965
Hypothymis azurea,2006,513,17.3541965484619,18.0606899261475,0.706493377685547
Hypsipetes leucocephalus,2006,1126,15.1517972946167,15.9517707824707,0.799973487854004
Ianthocincla lunulata,2006,135,10.4669580459595,11.445384979248,0.978426933288574
Ibidorhyncha struthersii,2006,1706,2.63580417633057,3.74514865875244,1.10934448242188
Ictinaetus malaiensis,2006,101,17.802188873291,18.3838577270508,0.581668853759766
Iduna caligata,2006,61,2.13780975341797,3.32458925247192,1.18677949905396
Indicator xanthonotus,2006,48,12.2993488311768,13.2295083999634,0.930159568786621
Ixobrychus cinnamomeus,2006,1390,15.337140083313,16.197359085083,0.86021900177002
Ixobrychus eurhythmus,2006,1430,9.70042896270752,10.3331212997437,0.632692337036133
Ixobrychus minutus,2006,183,3.59522795677185,4.93367099761963,1.33844304084778
Ixos mcclellandii,2006,697,17.6051921844482,18.3046207427979,0.699428558349609
Ketupa flavipes,2006,920,17.0898551940918,17.9060859680176,0.816230773925781
Lalage melaschistos,2006,1331,14.7237720489502,15.6258544921875,0.902082443237305
Lanius borealis,2006,248,1.18080830574036,1.91635763645172,0.735549330711365
Lanius collurioides,2006,302,18.6856880187988,19.3861446380615,0.700456619262695
Lanius isabellinus,2006,1437,4.29488563537598,5.4538140296936,1.15892839431763
Lanius schach,2006,1339,14.2475595474243,15.1070947647095,0.859535217285156
Lanius sphenocercus,2006,817,3.8520245552063,4.48547315597534,0.633448600769043
Lanius tephronotus,2006,638,4.51975870132446,5.49599313735962,0.976234436035156
Larus crassirostris,2006,78,15.5089054107666,16.1721839904785,0.663278579711914
Larvivora brunnea,2006,325,6.83418989181519,7.7592453956604,0.925055503845215
Larvivora cyane,2006,504,1.02699601650238,1.18491220474243,0.157916188240051
Leptopoecile elegans,2006,464,1.16251695156097,2.20560121536255,1.04308426380157
Leptoptilos javanicus,2006,193,17.0435619354248,17.9117755889893,0.868213653564453
Limnodromus semipalmatus,2006,293,0.636016726493835,0.757618963718414,0.121602237224579
Limosa limosa,2006,390,1.07777690887451,1.58866548538208,0.510888576507568
Linaria cannabina,2006,164,3.81024098396301,5.12977170944214,1.31953072547913
Locustella davidi,2006,377,1.02113199234009,1.17102611064911,0.149894118309021
Locustella mandelli,2006,546,16.9194431304932,17.5848979949951,0.665454864501953
Lonchura striata,2006,766,18.0601272583008,18.770923614502,0.710796356201172
Lophotriorchis kienerii,2006,55,21.8129367828369,22.5812187194824,0.768281936645508
Lophura leucomelanos,2006,150,10.5427417755127,11.483099937439,0.94035816192627
Lophura nycthemera,2006,260,18.5232791900635,19.2549953460693,0.731716156005859
Loxia curvirostra,2006,1375,1.54966580867767,2.23493385314941,0.685268044471741
Macropygia unchall,2006,594,16.1906127929688,16.8851337432861,0.694520950317383
Mareca falcata,2006,366,-0.290807813405991,-0.275431394577026,0.0153764188289642
Megaceryle lugubris,2006,1428,15.1732769012451,16.0414485931397,0.868171691894531
Melanitta fusca,2006,7,0.868973076343536,2.08969593048096,1.22072285413742
Melanitta stejnegeri,2006,45,-4.25272130966187,-4.65538787841797,-0.402666568756104
Melanochlora sultanea,2006,155,18.2084312438965,18.9744892120361,0.766057968139648
Mergus serrator,2006,251,1.3321053981781,1.47646641731262,0.144361019134521
Merops philippinus,2006,293,18.3080310821533,19.1130561828613,0.805025100708008
Mixornis gularis,2006,159,16.6837577819824,17.6187019348145,0.934944152832031
Monticola gularis,2006,646,2.43376898765564,2.7094988822937,0.275729894638062
Monticola rufiventris,2006,869,15.3018579483032,16.0855293273926,0.783671379089356
Monticola solitarius,2006,2043,10.853741645813,11.6373472213745,0.783605575561523
Motacilla citreola,2006,2159,2.20297122001648,3.29876518249512,1.09579396247864
Moupinia poecilotis,2006,145,6.02350807189941,6.87812519073486,0.854617118835449
Muscicapa dauurica,2006,671,1.70671880245209,1.93412494659424,0.227406144142151
Muscicapa ferruginea,2006,600,12.596305847168,13.4362945556641,0.839988708496094
Muscicapa muttui,2006,305,16.68186378479,17.3504791259766,0.668615341186523
Mycerobas affinis,2006,417,4.74256801605225,5.69269514083862,0.950127124786377
Mycerobas carnipes,2006,1012,2.43280649185181,3.53667068481445,1.10386419296265
Myiomela leucura,2006,672,15.003249168396,15.7874155044556,0.78416633605957
Myophonus caeruleus,2006,1550,12.4764938354492,13.4075012207031,0.931007385253906
Netta rufina,2006,395,4.57272863388062,5.88077306747437,1.30804443359375
Niltava davidi,2006,684,16.3860206604004,17.0526485443115,0.666627883911133
Niltava grandis,2006,139,15.5507926940918,16.4715976715088,0.920804977416992
Niltava macgrigoriae,2006,278,17.1179103851318,17.9203910827637,0.802480697631836
Niltava sundara,2006,761,11.4049816131592,12.2465934753418,0.841611862182617
Ninox japonica,2006,1327,11.1691026687622,11.948802947998,0.77970027923584
Nipponia nippon,2006,3,13.224778175354,14.2881851196289,1.0634069442749
Nisaetus nipalensis,2006,501,16.0050029754639,16.7706775665283,0.765674591064453
Numenius madagascariensis,2006,197,0.840074002742767,0.909608602523804,0.0695345997810364
Nycticorax nycticorax,2006,1539,14.4904012680054,15.3232936859131,0.832892417907715
Oenanthe deserti,2006,1737,2.79329204559326,4.03974294662476,1.24645090103149
Oenanthe oenanthe,2006,1019,4.16478967666626,5.22886228561401,1.06407260894775
Onychoprion anaethetus,2006,31,20.9556827545166,21.6352825164795,0.679599761962891
Oriolus oriolus,2006,192,3.03185987472534,4.38438272476196,1.35252285003662
Otus lettia,2006,878,17.5054512023926,18.2578430175781,0.752391815185547
Otus semitorques,2006,542,7.6100811958313,8.41486835479736,0.804787158966065
Otus spilocephalus,2006,561,16.5144157409668,17.2079982757568,0.693582534790039
Oxyura leucocephala,2006,149,5.72699737548828,7.06306743621826,1.33607006072998
Panurus biarmicus,2006,1831,4.12009954452515,5.17263603210449,1.05253648757935
Paradoxornis guttaticollis,2006,448,16.6616554260254,17.3581085205078,0.696453094482422
Paradoxornis heudei,2006,323,12.1314287185669,12.9861764907837,0.854747772216797
Parayuhina diademata,2006,471,13.0819683074951,13.9407291412354,0.858760833740234
Pardaliparus venustulus,2006,704,13.5442533493042,14.4618558883667,0.9176025390625
Parus monticolus,2006,628,12.7628221511841,13.6393489837646,0.876526832580566
Passer cinnamomeus,2006,1562,12.8010911941528,13.7542018890381,0.953110694885254
Passer domesticus,2006,750,0.82120680809021,1.50943768024445,0.688230872154236
Passer hispaniolensis,2006,153,4.25698804855347,5.64028596878052,1.38329792022705
Pelecanus crispus,2006,151,0.737479865550995,2.03249526023865,1.29501539468765
Pellorneum tickelli,2006,96,18.7574138641357,19.6049156188965,0.847501754760742
Perdix hodgsoniae,2006,460,-1.68631982803345,-0.613592922687531,1.07272690534592
Pericrocotus cantonensis,2006,816,16.4538898468018,17.2235832214355,0.769693374633789
Pericrocotus divaricatus,2006,132,2.67148590087891,2.91284489631653,0.241358995437622
Pericrocotus ethologus,2006,1120,10.0661602020264,11.0331954956055,0.967035293579102
Pericrocotus solaris,2006,630,17.9055347442627,18.5869522094727,0.681417465209961
Periparus rubidiventris,2006,406,1.0057018995285,2.00395202636719,0.998250126838684
Pernis ptilorhynchus,2006,832,3.53393316268921,3.90205192565918,0.368118762969971
Phasianus colchicus,2006,2329,8.38204383850098,9.12305355072021,0.741009712219238
Phoenicurus erythronotus,2006,302,4.4462628364563,5.7617301940918,1.3154673576355
Phoenicurus frontalis,2006,923,4.79591703414917,5.78133344650269,0.985416412353516
Phoenicurus leucocephalus,2006,1426,7.7376446723938,8.76319313049316,1.02554845809937
Phoenicurus ochruros,2006,2263,3.26384401321411,4.47486019134522,1.2110161781311
Phoenicurus schisticeps,2006,406,3.07463383674622,4.04703187942505,0.972398042678833
Phylloscopus affinis,2006,666,5.29091310501099,6.24668884277344,0.955775737762451
Phylloscopus burkii,2006,33,2.90200233459473,3.89032959938049,0.988327264785767
Phylloscopus cantator,2006,105,15.6603422164917,16.5216064453125,0.861264228820801
Phylloscopus castaniceps,2006,632,16.0546073913574,16.8279876708984,0.773380279541016
Phylloscopus claudiae,2006,522,9.88924694061279,10.9598999023438,1.07065296173096
Phylloscopus coronatus,2006,414,6.72929191589356,7.03056335449219,0.301271438598633
Phylloscopus emeiensis,2006,22,12.370792388916,13.076678276062,0.705885887145996
Phylloscopus intermedius,2006,134,14.0922756195068,14.8005323410034,0.708256721496582
Phylloscopus magnirostris,2006,214,6.5604043006897,7.47445869445801,0.914054393768311
Phylloscopus ogilviegranti,2006,381,17.7375507354736,18.4365711212158,0.699020385742188
Phylloscopus omeiensis,2006,138,10.2660341262817,11.0985088348389,0.832474708557129
Phylloscopus pulcher,2006,413,7.9857611656189,8.89548301696777,0.909721851348877
Phylloscopus ricketti,2006,676,15.3157758712769,16.1235733032227,0.807797431945801
Phylloscopus soror,2006,245,13.625864982605,14.4504518508911,0.824586868286133
Phylloscopus subaffinis,2006,1013,11.5190992355347,12.4031925201416,0.884093284606934
Phylloscopus tenellipes,2006,259,4.56703424453735,4.98265838623047,0.415624141693115
Phylloscopus tephrocephalus,2006,281,12.0046453475952,12.925968170166,0.921322822570801
Phylloscopus yunnanensis,2006,215,8.02978324890137,9.16232395172119,1.13254070281982
Picumnus innominatus,2006,1093,15.3501920700073,16.1522178649902,0.80202579498291
Picus chlorolophus,2006,236,18.3902645111084,19.1546516418457,0.764387130737305
Pitta nympha,2006,314,17.3351917266846,18.1507320404053,0.815540313720703
Platalea minor,2006,6,9.52713203430176,10.0594577789307,0.532325744628906
Pnoepyga immaculata,2006,5,5.88570213317871,7.00480699539185,1.11910486221313
Podiceps auritus,2006,229,0.136366680264473,1.09582650661469,0.959459826350212
Podiceps grisegena,2006,136,1.74304449558258,2.02624201774597,0.283197522163391
Podiceps nigricollis,2006,481,3.37681865692139,3.99289631843567,0.616077661514282
Podoces biddulphi,2006,276,11.4326000213623,12.6773862838745,1.24478626251221
Pomatorhinus schisticeps,2006,30,17.0419483184814,17.8948135375977,0.852865219116211
Pomatorhinus superciliaris,2006,107,15.5741310119629,16.448694229126,0.874563217163086
Prinia atrogularis,2006,41,13.7463512420654,14.6412658691406,0.894914627075195
Prinia flaviventris,2006,82,19.0294494628906,19.9058380126953,0.876388549804688
Prinia inornata,2006,815,17.7829418182373,18.5045204162598,0.721578598022461
Prunella collaris,2006,2078,0.881721675395966,1.8766964673996,0.994974792003632
Prunella himalayana,2006,208,-0.780707001686096,0.552190542221069,1.33289754390717
Prunella immaculata,2006,328,2.3754723072052,3.34504365921021,0.969571352005005
Prunella montanella,2006,35,-4.01745891571045,-4.077880859375,-0.0604219436645508
Prunella strophiata,2006,581,4.8185076713562,5.8007960319519,0.982288360595703
Psarisomus dalhousiae,2006,108,17.168399810791,18.0539302825928,0.885530471801758
Pseudopodoces humilis,2006,999,-2.24323654174805,-1.09292900562286,1.15030753612518
Psilopogon faber,2006,43,19.2454166412354,19.7938213348389,0.548404693603516
Psilopogon virens,2006,727,16.4328498840332,17.1630516052246,0.730201721191406
Pterorhinus berthemyi,2006,335,15.9220361709595,16.6294822692871,0.707446098327637
Pterorhinus lanceolatus,2006,830,14.0311040878296,14.791332244873,0.760228157043457
Pterorhinus pectoralis,2006,584,16.4923286437988,17.2930736541748,0.800745010375977
Pterorhinus sannio,2006,723,16.5131092071533,17.2738285064697,0.760719299316406
Pteruthius rufiventer,2006,90,13.7090368270874,14.6274766921997,0.918439865112305
Pteruthius xanthochlorus,2006,307,10.3232049942017,11.2545185089111,0.931313514709473
Ptyonoprogne rupestris,2006,1954,5.37436962127686,6.50145530700684,1.12708568572998
Pycnonotus aurigaster,2006,572,17.6714363098145,18.3661365509033,0.694700241088867
Pycnonotus jocosus,2006,415,18.2223873138428,18.9386920928955,0.716304779052734
Pycnonotus sinensis,2006,1342,15.0544948577881,15.9281635284424,0.873668670654297
Pycnonotus xanthorrhous,2006,700,14.8906507492065,15.6984071731567,0.807756423950195
Pyrrhula erythaca,2006,897,8.99915409088135,9.91869068145752,0.919536590576172
Pyrrhula nipalensis,2006,747,14.819185256958,15.5357456207275,0.716560363769531
Rallina eurizonoides,2006,152,20.1719455718994,20.9511413574219,0.779195785522461
Rallus aquaticus,2006,1224,2.42764139175415,3.63550996780396,1.2078685760498
Recurvirostra avosetta,2006,698,1.33939504623413,1.82322418689728,0.483829140663147
Regulus regulus,2006,930,7.1307168006897,7.99421548843384,0.863498687744141
Remiz consobrinus,2006,558,3.35002541542053,3.7747118473053,0.424686431884766
Remiz coronatus,2006,191,2.46915340423584,3.6283974647522,1.15924406051636
Rhodospiza obsoleta,2006,720,5.24223470687866,6.49994707107544,1.25771236419678
Riparia riparia,2006,784,2.64866471290588,3.07750558853149,0.42884087562561
Rubigula flaviventris,2006,174,18.7557125091553,19.570499420166,0.814786911010742
Sasia ochracea,2006,132,19.0419464111328,19.8286285400391,0.78668212890625
Saxicola ferreus,2006,1085,14.6986656188965,15.5364103317261,0.83774471282959
Sitta cinnamoventris,2006,123,17.082124710083,17.9936256408691,0.911500930786133
Sitta formosa,2006,141,15.951807975769,16.8725299835205,0.920722007751465
Sitta villosa,2006,798,6.09239196777344,7.11942481994629,1.02703285217285
Sittiparus varius,2006,82,5.76430416107178,6.24350070953369,0.479196548461914
Spilopelia chinensis,2006,1413,14.8436107635498,15.7264881134033,0.882877349853516
Spilopelia senegalensis,2006,168,3.82531929016113,5.18924999237061,1.36393070220947
Spilornis cheela,2006,652,17.436824798584,18.1566886901855,0.719863891601563
Spinus spinus,2006,295,-0.596706986427307,-0.609974801540375,-0.0132678151130676
Spizixos semitorques,2006,944,16.026798248291,16.8380146026611,0.811216354370117
Spodiopsar cineraceus,2006,1439,4.32776212692261,5.07412385940552,0.74636173248291
Spodiopsar sericeus,2006,692,17.4629497528076,18.1871852874756,0.724235534667969
Stachyris humei,2006,39,13.5445995330811,14.405800819397,0.861201286315918
Staphida torqueola,2006,740,17.3425159454346,18.0582180023193,0.715702056884766
Streptopelia decaocto,2006,1819,7.51734828948975,8.66976451873779,1.15241622924805
Sturnia sinensis,2006,305,19.1309833526611,19.6922988891602,0.561315536499023
Sturnus vulgaris,2006,253,4.91895532608032,6.17682552337647,1.25787019729614
Suthora fulvifrons,2006,136,9.14953327178955,10.0169944763184,0.867461204528809
Syrmaticus humiae,2006,108,16.9307231903076,17.8586864471436,0.927963256835938
Syrmaticus reevesii,2006,256,14.2624092102051,15.0154619216919,0.753052711486816
Syrrhaptes paradoxus,2006,1270,4.20923328399658,5.09330320358276,0.884069919586182
Tarsiger chrysaeus,2006,217,7.12873888015747,8.00406360626221,0.875324726104736
Tarsiger indicus,2006,276,9.35574531555176,10.2573757171631,0.901630401611328
Temnurus temnurus,2006,38,23.8245315551758,24.5172328948975,0.69270133972168
Tephrodornis virgatus,2006,421,19.5108184814453,20.0734405517578,0.5626220703125
Thalasseus bergii,2006,240,22.2157859802246,22.7820777893066,0.566291809082031
Timalia pileata,2006,263,19.225227355957,19.872163772583,0.646936416625977
Tragopan caboti,2006,186,18.5082702636719,19.0349731445313,0.526702880859375
Tragopan temminckii,2006,529,12.6361389160156,13.4080848693848,0.771945953369141
Treron curvirostra,2006,162,18.7455444335938,19.6036376953125,0.85809326171875
Treron sieboldii,2006,645,17.8530445098877,18.6024627685547,0.749418258666992
Treron sphenurus,2006,294,14.4787168502808,15.3347110748291,0.85599422454834
Turdus boulboul,2006,220,17.376407623291,18.1889152526855,0.812507629394531
Turdus cardis,2006,169,15.0351343154907,15.9855651855469,0.950430870056152
Turdus feae,2006,117,7.37936782836914,8.57035350799561,1.19098567962646
Turdus mandarinus,2006,1032,14.7816362380981,15.6054391860962,0.823802947998047
Turdus pilaris,2006,220,-1.74795424938202,-1.59037160873413,0.157582640647888
Turdus rubrocanus,2006,541,5.81288194656372,6.7653546333313,0.952472686767578
Turdus ruficollis,2006,159,2.9576096534729,4.3498158454895,1.3922061920166
Turdus viscivorus,2006,422,4.64524841308594,5.94478511810303,1.29953670501709
Turnix suscitator,2006,455,17.9373970031738,18.7049102783203,0.767513275146484
Tyto longimembris,2006,685,17.7860012054443,18.480188369751,0.694187164306641
Urile pelagicus,2006,10,10.4286890029907,11.0066080093384,0.577919006347656
Urosphena squameiceps,2006,112,3.62927651405334,4.0739107131958,0.444634199142456
Vanellus cinereus,2006,279,3.7433602809906,4.03850984573364,0.295149564743042
Vanellus indicus,2006,87,17.6243762969971,18.5683975219727,0.944021224975586
Vanellus vanellus,2006,1111,2.88630080223084,3.52713489532471,0.640834093093872
Yuhina nigrimenta,2006,669,15.0526151657105,15.7978162765503,0.745201110839844
Zoothera dixoni,2006,349,11.1787948608398,12.0675477981567,0.888752937316895
Zoothera mollissima,2006,155,2.83340001106262,3.7214663028717,0.888066291809082
Zoothera monticola,2006,41,12.9189081192017,13.725212097168,0.806303977966309
Zosterops erythropleurus,2006,328,4.62363433837891,5.02735328674316,0.403718948364258
Abroscopus albogularis,2007,562,17.4008522033691,17.955394744873,0.554542541503906
Accipiter gularis,2007,697,2.65403866767883,4.24083423614502,1.58679556846619
Accipiter soloensis,2007,942,14.6539878845215,15.567385673523,0.913397789001465
Accipiter trivirgatus,2007,174,20.6737785339356,21.1342372894287,0.460458755493164
Accipiter virgatus,2007,846,15.1853485107422,15.7390995025635,0.553750991821289
Acridotheres cristatellus,2007,1081,16.3418083190918,17.1235809326172,0.781772613525391
Acridotheres tristis,2007,284,13.0754556655884,13.7943181991577,0.718862533569336
Acrocephalus agricola,2007,581,6.84485864639282,8.37461280822754,1.52975416183472
Acrocephalus bistrigiceps,2007,1280,6.68613195419312,8.16911792755127,1.48298597335815
Acrocephalus concinens,2007,766,13.3816928863525,14.6043643951416,1.22267150878906
Acrocephalus orientalis,2007,1446,7.09092283248901,8.59544944763184,1.50452661514282
Acrocephalus tangorum,2007,171,4.11876344680786,5.74636125564575,1.62759780883789
Aegithalos bonvaloti,2007,106,7.6470046043396,8.23066329956055,0.583658695220947
Aegithalos caudatus,2007,754,2.25801730155945,3.87601089477539,1.61799359321594
Aegithalos concinnus,2007,953,15.9409122467041,16.7350578308105,0.794145584106445
Aegithalos fuliginosus,2007,138,9.91040992736816,10.6750783920288,0.764668464660645
Aerodramus brevirostris,2007,603,13.6866846084595,14.2961444854736,0.60945987701416
Aethopyga christinae,2007,23,24.3484706878662,24.8035793304443,0.455108642578125
Aethopyga gouldiae,2007,956,11.0757522583008,11.7650957107544,0.689343452453613
Agropsar sturninus,2007,1131,4.8556547164917,6.32364082336426,1.46798610687256
Aix galericulata,2007,422,3.75636386871338,5.32418870925903,1.56782484054565
Alauda gulgula,2007,1994,9.42479801177979,10.2588396072388,0.834041595458984
Alaudala cheleensis,2007,2390,5.02381753921509,6.41597986221314,1.39216232299805
Alcedo hercules,2007,141,19.7236499786377,20.1802825927734,0.456632614135742
Alcippe morrisonia,2007,975,16.4001846313477,17.1252326965332,0.725048065185547
Amaurornis phoenicurus,2007,1130,16.0147972106934,16.7925281524658,0.777730941772461
Anastomus oscitans,2007,315,16.1227264404297,16.5844192504883,0.461692810058594
Anser anser,2007,936,2.59998202323914,4.25769138336182,1.65770936012268
Anser fabalis,2007,359,-0.232263207435608,1.41938126087189,1.6516444683075
Anser indicus,2007,441,0.791138470172882,2.01733803749084,1.22619956731796
Anthus godlewskii,2007,157,1.22606432437897,3.30408358573914,2.07801926136017
Anthus gustavi,2007,66,2.94458818435669,4.31420278549194,1.36961460113525
Anthus richardi,2007,2788,8.37556171417236,9.66533088684082,1.28976917266846
Anthus roseatus,2007,1911,3.55629634857178,4.52068042755127,0.964384078979492
Anthus trivialis,2007,126,1.94549369812012,3.53871011734009,1.59321641921997
Aquila fasciata,2007,300,19.3407211303711,19.9976100921631,0.656888961791992
Aquila heliaca,2007,183,0.794729292392731,2.43340277671814,1.63867348432541
Ardea intermedia,2007,806,16.9554290771484,17.6997165679932,0.744287490844727
Ardea purpurea,2007,1542,13.773362159729,14.8240146636963,1.05065250396729
Ardenna pacifica,2007,90,21.6581630706787,22.259880065918,0.601716995239258
Artamus fuscus,2007,275,20.3747119903564,20.8157444000244,0.441032409667969
Asio flammeus,2007,498,0.647581040859222,2.29858088493347,1.65099984407425
Athene noctua,2007,3280,3.76510715484619,5.07558107376099,1.3104739189148
Aviceda jerdoni,2007,64,20.8588600158691,21.3243198394775,0.465459823608398
Aviceda leuphotes,2007,784,15.98646068573,16.5596103668213,0.573149681091309
Aythya fuligula,2007,613,0.912497222423553,2.65617823600769,1.74368101358414
Aythya nyroca,2007,348,3.64787364006043,5.332444190979,1.68457055091858
Bombycilla japonica,2007,93,-2.70986938476563,-1.13026535511017,1.57960402965546
Branta canadensis,2007,19,7.6150541305542,9.22584342956543,1.61078929901123
Bubo nipalensis,2007,362,11.4124135971069,11.9361505508423,0.523736953735352
Bucanetes mongolicus,2007,731,5.15714693069458,6.77860927581787,1.62146234512329
Butastur indicus,2007,481,4.17492294311523,5.74141788482666,1.56649494171143
Cacomantis merulinus,2007,411,19.2106418609619,19.6948146820068,0.484172821044922
Calandrella brachydactyla,2007,400,5.59619903564453,7.18788003921509,1.59168100357056
Calliope obscura,2007,74,8.60147857666016,9.43246555328369,0.830986976623535
Caprimulgus macrurus,2007,78,21.0046348571777,21.4585571289063,0.453922271728516
Carpodacus roborowskii,2007,101,-4.03297138214111,-3.26027798652649,0.772693395614624
Carpodacus vinaceus,2007,535,13.1980676651001,13.8367042541504,0.638636589050293
Cecropis daurica,2007,2623,9.16229629516602,10.2478609085083,1.08556461334229
Centropus bengalensis,2007,607,18.6197357177734,19.3011856079102,0.681449890136719
Cephalopyrus flammiceps,2007,98,11.278489112854,11.9981107711792,0.719621658325195
Certhia familiaris,2007,1518,4.10910701751709,5.58224248886108,1.47313547134399
Certhia himalayana,2007,210,9.42436599731445,10.1048784255981,0.680512428283691
Certhia tianquanensis,2007,46,8.03892517089844,8.49703311920166,0.458107948303223
Ceryle rudis,2007,762,17.6190166473389,18.3427200317383,0.723703384399414
Cettia brunnifrons,2007,409,9.04499340057373,9.62903022766113,0.584036827087402
Cettia castaneocoronata,2007,502,12.0057926177979,12.5195074081421,0.513714790344238
Chalcophaps indica,2007,288,20.4205284118652,20.8891830444336,0.468654632568359
Charadrius atrifrons,2007,1360,-0.0825315490365028,1.01163017749786,1.09416172653437
Charadrius dealbatus,2007,82,22.3581027984619,22.8933353424072,0.535232543945313
Charadrius placidus,2007,860,6.81603288650513,8.24392700195313,1.427894115448
Charadrius veredus,2007,147,1.37415206432343,3.51111841201782,2.1369663476944
Chlidonias leucopterus,2007,1115,3.61852622032166,5.26969003677368,1.65116381645203
Chlidonias niger,2007,65,2.81934809684753,4.39025974273682,1.57091164588928
Chloris ambigua,2007,297,13.6298961639404,14.1199722290039,0.490076065063477
Chloris sinica,2007,2177,10.1043548583984,11.2202405929565,1.11588573455811
Chrysolophus pictus,2007,410,12.3430995941162,12.993522644043,0.650423049926758
Ciconia boyciana,2007,141,3.75946140289307,5.39382314682007,1.634361743927
Ciconia nigra,2007,2186,5.71650981903076,7.19311857223511,1.47660875320435
Circaetus gallicus,2007,228,6.13989019393921,7.78541135787964,1.64552116394043
Circus macrourus,2007,154,2.22476196289063,3.89695763587952,1.67219567298889
Circus spilonotus,2007,631,1.43180251121521,3.14166975021362,1.70986723899841
Cisticola exilis,2007,521,18.3237705230713,18.9019069671631,0.578136444091797
Cisticola juncidis,2007,1233,15.9261827468872,16.8021430969238,0.875960350036621
Clamator coromandus,2007,1069,16.5760765075684,17.4047451019287,0.828668594360352
Clanga clanga,2007,567,1.82915771007538,3.41642951965332,1.58727180957794
Columba oenas,2007,147,1.89062237739563,3.31596970558167,1.42534732818604
Copsychus saularis,2007,1011,16.2842559814453,17.0126686096191,0.728412628173828
Coracias garrulus,2007,83,1.71752464771271,3.13978290557861,1.42225825786591
Coturnicops exquisitus,2007,412,0.116188421845436,1.76801347732544,1.65182505548
Crex crex,2007,149,1.68861591815948,3.19190144538879,1.50328552722931
Crossoptilon mantchuricum,2007,64,7.99328136444092,9.32134056091309,1.32805919647217
Curruca curruca,2007,961,4.71596050262451,6.05687856674194,1.34091806411743
Cyanistes cyanus,2007,658,0.813704073429108,2.36699080467224,1.55328673124313
Cyanoderma pyrrhops,2007,3,11.5056676864624,12.5966386795044,1.09097099304199
Cygnus cygnus,2007,538,1.97667515277863,3.78472399711609,1.80804884433746
Cygnus olor,2007,250,2.81658434867859,3.90088891983032,1.08430457115173
Cyornis glaucicomans,2007,344,15.2155599594116,15.810754776001,0.595194816589356
Cyornis hainanus,2007,199,21.3823966979981,21.8129482269287,0.430551528930664
Cyornis rubeculoides,2007,42,16.7205429077148,17.2876014709473,0.567058563232422
Delichon dasypus,2007,1040,7.09097099304199,7.86081218719482,0.769841194152832
Dendrocitta formosae,2007,933,17.1049575805664,17.8167819976807,0.711824417114258
Dendrocopos hyperythrus,2007,413,8.27587223052979,9.00019550323486,0.724323272705078
Dendrocygna javanica,2007,684,18.0148448944092,18.7448806762695,0.730035781860352
Dicaeum cruentatum,2007,519,18.7793598175049,19.3205318450928,0.541172027587891
Dicaeum ignipectus,2007,1035,15.6106557846069,16.2727394104004,0.662083625793457
Dicaeum minullum,2007,835,14.767373085022,15.3075904846191,0.540217399597168
Dicrurus annectens,2007,164,19.7741985321045,20.2069339752197,0.432735443115234
Dicrurus hottentottus,2007,1277,14.8924055099487,15.7234706878662,0.831065177917481
Dicrurus remifer,2007,201,17.4981899261475,17.9571628570557,0.458972930908203
Egretta eulophotes,2007,19,9.63973045349121,10.8464498519897,1.20671939849854
Egretta garzetta,2007,1670,12.7392654418945,13.5939826965332,0.854717254638672
Elachura formosa,2007,245,15.8722858428955,16.3673286437988,0.49504280090332
Elanus caeruleus,2007,97,20.0274238586426,20.5965404510498,0.569116592407227
Emberiza buchanani,2007,164,0.845942556858063,2.44754481315613,1.60160225629807
Emberiza citrinella,2007,45,1.24440145492554,3.18117308616638,1.93677163124084
Emberiza elegans,2007,1059,8.75524711608887,9.83969020843506,1.08444309234619
Emberiza godlewskii,2007,2040,4.47789907455444,5.61570835113525,1.13780927658081
Emberiza hortulana,2007,93,3.53125858306885,5.3418402671814,1.81058168411255
Emberiza leucocephalos,2007,716,0.0190331656485796,1.41641962528229,1.39738645963371
Emberiza pallasi,2007,141,-2.66091752052307,-0.895388066768646,1.76552945375443
Emberiza pusilla,2007,208,2.53732514381409,4.2400107383728,1.70268559455872
Emberiza rustica,2007,3,-4.41251945495605,-2.39254903793335,2.01997041702271
Emberiza siemsseni,2007,79,10.0293006896973,10.8530750274658,0.823774337768555
Emberiza yessoensis,2007,46,2.82388091087341,4.30985689163208,1.48597598075867
Enicurus leschenaulti,2007,1155,14.9616861343384,15.6994218826294,0.737735748291016
Enicurus maculatus,2007,490,17.4008846282959,17.8817882537842,0.480903625488281
Enicurus schistaceus,2007,598,17.1719207763672,17.6935195922852,0.521598815917969
Erpornis zantholeuca,2007,529,17.9002780914307,18.4148101806641,0.514532089233398
Erythrogenys hypoleucos,2007,50,19.9029903411865,20.4401893615723,0.537199020385742
Eudynamys scolopaceus,2007,1083,16.3084487915039,17.0986576080322,0.79020881652832
Eumyias thalassinus,2007,737,14.3080358505249,14.9279737472534,0.619937896728516
Falco cherrug,2007,2075,2.70873928070068,4.02394342422485,1.31520414352417
Falco severus,2007,359,17.7754745483398,18.2484111785889,0.472936630249023
Ficedula albicilla,2007,89,-2.38578534126282,-0.808826446533203,1.57695889472961
Ficedula elisae,2007,152,7.47436904907227,8.80786800384522,1.33349895477295
Ficedula erithacus,2007,610,7.43311548233032,8.0275993347168,0.594483852386475
Ficedula hyperythra,2007,472,16.0033531188965,16.4819202423096,0.478567123413086
Ficedula mugimaki,2007,678,2.3159077167511,3.92398691177368,1.60807919502258
Ficedula strophiata,2007,621,13.0205202102661,13.6425485610962,0.622028350830078
Ficedula superciliaris,2007,331,5.17182588577271,5.84871912002564,0.67689323425293
Ficedula tricolor,2007,560,11.7169189453125,12.2643404006958,0.547421455383301
Fringilla coelebs,2007,6,-3.64196300506592,-1.62958765029907,2.01237535476685
Fringilla montifringilla,2007,23,-2.54210829734802,-0.540173411369324,2.0019348859787
Galerida cristata,2007,1619,6.56866264343262,7.9585108757019,1.38984823226929
Gallicrex cinerea,2007,1658,13.8156538009644,14.7803916931152,0.964737892150879
Garrulax canorus,2007,757,17.0413055419922,17.8066329956055,0.765327453613281
Garrulax maesi,2007,302,17.0664443969727,17.5704689025879,0.504024505615234
Garrulax monileger,2007,463,19.1697063446045,19.686767578125,0.517061233520508
Gavia arctica,2007,163,2.2326762676239,3.80050945281982,1.56783318519592
Gelochelidon nilotica,2007,554,7.68231201171875,9.01097774505615,1.3286657333374
Geokichla citrina,2007,505,17.6489105224609,18.3059368133545,0.657026290893555
Glaucidium cuculoides,2007,1012,16.7492389678955,17.4882640838623,0.739025115966797
Gorsachius melanolophus,2007,105,21.6351413726807,22.0883808135986,0.453239440917969
Gracupica nigricollis,2007,510,17.9595203399658,18.4729118347168,0.513391494750977
Grandala coelicolor,2007,621,0.189435198903084,0.956962049007416,0.767526850104332
Grus japonensis,2007,76,2.61315250396729,4.15238046646118,1.5392279624939
Grus monacha,2007,21,-0.20156466960907,1.42193675041199,1.62350142002106
Grus nigricollis,2007,407,-2.81143999099731,-1.85462033748627,0.956819653511047
Gypaetus barbatus,2007,1655,0.90612781047821,2.00665640830994,1.10052859783173
Gyps himalayensis,2007,1392,1.23260295391083,2.19816374778748,0.965560793876648
Halcyon coromanda,2007,131,9.25574684143066,10.2909383773804,1.03519153594971
Halcyon pileata,2007,1245,13.7531538009644,14.6955509185791,0.942397117614746
Halcyon smyrnensis,2007,182,21.6887283325195,22.1620769500732,0.473348617553711
Haliaeetus leucoryphus,2007,34,14.0554161071777,14.6014862060547,0.546070098876953
Harpactes wardi,2007,78,8.85727214813232,9.48051834106445,0.623246192932129
Helopsaltes certhiola,2007,1617,4.47727870941162,6.00724315643311,1.52996444702148
Helopsaltes pryeri,2007,166,6.73794746398926,8.36958885192871,1.63164138793945
Hemiprocne coronata,2007,103,16.7578430175781,17.2732582092285,0.515415191650391
Hemitesia pallidipes,2007,155,16.8176536560059,17.2734966278076,0.455842971801758
Hemixos castanonotus,2007,373,19.1924209594727,19.7087459564209,0.516324996948242
Heterophasia desgodinsi,2007,283,15.513069152832,15.9870147705078,0.473945617675781
Heteroxenicus stellatus,2007,104,10.5467109680176,11.1617269515991,0.615015983581543
Hieraaetus pennatus,2007,137,-1.33781504631042,0.260573506355286,1.59838855266571
Hierococcyx nisicolor,2007,639,17.0438480377197,17.6004962921143,0.556648254394531
Hirundapus caudacutus,2007,1023,3.56975531578064,4.77085304260254,1.2010977268219
Hirundo rustica,2007,4116,6.53853988647461,7.741051197052,1.20251131057739
Histrionicus histrionicus,2007,83,2.51139283180237,3.93718004226685,1.42578721046448
Hydrocoloeus minutus,2007,48,8.87618541717529,10.4546995162964,1.57851409912109
Hydrophasianus chirurgus,2007,865,17.0730152130127,17.7685203552246,0.695505142211914
Hydroprogne caspia,2007,298,13.7203493118286,14.9085359573364,1.18818664550781
Hypothymis azurea,2007,513,17.3541965484619,17.8426132202148,0.48841667175293
Hypsipetes leucocephalus,2007,1126,15.1517972946167,15.8724880218506,0.720690727233887
Ianthocincla lunulata,2007,135,10.4669580459595,11.2478332519531,0.780875205993652
Ibidorhyncha struthersii,2007,1706,2.63580417633057,3.65206551551819,1.01626133918762
Ictinaetus malaiensis,2007,101,17.802188873291,18.4525680541992,0.650379180908203
Iduna caligata,2007,61,2.13780975341797,3.97571444511414,1.83790469169617
Indicator xanthonotus,2007,48,12.2993488311768,12.9158792495728,0.616530418395996
Ixobrychus cinnamomeus,2007,1390,15.337140083313,16.2517261505127,0.914586067199707
Ixobrychus eurhythmus,2007,1430,9.70042896270752,11.010311126709,1.30988216400146
Ixobrychus minutus,2007,183,3.59522795677185,5.06871795654297,1.47348999977112
Ixos mcclellandii,2007,697,17.6051921844482,18.2059688568115,0.600776672363281
Ketupa flavipes,2007,920,17.0898551940918,17.9286403656006,0.838785171508789
Lalage melaschistos,2007,1331,14.7237720489502,15.5627946853638,0.839022636413574
Lanius borealis,2007,248,1.18080830574036,2.82510471343994,1.64429640769959
Lanius collurioides,2007,302,18.6856880187988,19.1365871429443,0.450899124145508
Lanius isabellinus,2007,1437,4.29488563537598,5.710129737854,1.41524410247803
Lanius schach,2007,1339,14.2475595474243,15.0257778167725,0.778218269348145
Lanius sphenocercus,2007,817,3.8520245552063,5.41260051727295,1.56057596206665
Lanius tephronotus,2007,638,4.51975870132446,5.17206382751465,0.652305126190186
Larus crassirostris,2007,78,15.5089054107666,16.4990863800049,0.990180969238281
Larvivora brunnea,2007,325,6.83418989181519,7.50198316574097,0.667793273925781
Larvivora cyane,2007,504,1.02699601650238,2.59332394599915,1.56632792949677
Leptopoecile elegans,2007,464,1.16251695156097,1.9326639175415,0.77014696598053
Leptoptilos javanicus,2007,193,17.0435619354248,17.4881744384766,0.444612503051758
Limnodromus semipalmatus,2007,293,0.636016726493835,2.35898447036743,1.7229677438736
Limosa limosa,2007,390,1.07777690887451,2.81474375724793,1.73696684837341
Linaria cannabina,2007,164,3.81024098396301,5.48114633560181,1.67090535163879
Locustella davidi,2007,377,1.02113199234009,2.65039801597595,1.62926602363586
Locustella mandelli,2007,546,16.9194431304932,17.4593486785889,0.539905548095703
Lonchura striata,2007,766,18.0601272583008,18.7657814025879,0.705654144287109
Lophotriorchis kienerii,2007,55,21.8129367828369,22.3018550872803,0.488918304443359
Lophura leucomelanos,2007,150,10.5427417755127,11.1628313064575,0.620089530944824
Lophura nycthemera,2007,260,18.5232791900635,18.9662570953369,0.442977905273438
Loxia curvirostra,2007,1375,1.54966580867767,2.81919884681702,1.26953303813934
Macropygia unchall,2007,594,16.1906127929688,16.7092609405518,0.518648147583008
Mareca falcata,2007,366,-0.290807813405991,1.35058200359344,1.64138981699944
Megaceryle lugubris,2007,1428,15.1732769012451,16.0718727111816,0.898595809936523
Melanitta fusca,2007,7,0.868973076343536,2.86728644371033,1.99831336736679
Melanitta stejnegeri,2007,45,-4.25272130966187,-2.75607419013977,1.49664711952209
Melanochlora sultanea,2007,155,18.2084312438965,18.7046852111816,0.496253967285156
Mergus serrator,2007,251,1.3321053981781,2.83867263793945,1.50656723976135
Merops philippinus,2007,293,18.3080310821533,18.7716732025147,0.463642120361328
Mixornis gularis,2007,159,16.6837577819824,17.1606197357178,0.476861953735352
Monticola gularis,2007,646,2.43376898765564,4.03710794448853,1.60333895683289
Monticola rufiventris,2007,869,15.3018579483032,15.9869556427002,0.685097694396973
Monticola solitarius,2007,2043,10.853741645813,11.8481502532959,0.99440860748291
Motacilla citreola,2007,2159,2.20297122001648,3.37414312362671,1.17117190361023
Moupinia poecilotis,2007,145,6.02350807189941,6.63207674026489,0.608568668365479
Muscicapa dauurica,2007,671,1.70671880245209,3.36647415161133,1.65975534915924
Muscicapa ferruginea,2007,600,12.596305847168,13.1821136474609,0.585807800292969
Muscicapa muttui,2007,305,16.68186378479,17.1756439208984,0.493780136108398
Mycerobas affinis,2007,417,4.74256801605225,5.40845775604248,0.665889739990234
Mycerobas carnipes,2007,1012,2.43280649185181,3.3440797328949,0.911273241043091
Myiomela leucura,2007,672,15.003249168396,15.5977582931519,0.594509124755859
Myophonus caeruleus,2007,1550,12.4764938354492,13.3536071777344,0.877113342285156
Netta rufina,2007,395,4.57272863388062,6.18324089050293,1.61051225662231
Niltava davidi,2007,684,16.3860206604004,16.9042835235596,0.51826286315918
Niltava grandis,2007,139,15.5507926940918,16.0653667449951,0.51457405090332
Niltava macgrigoriae,2007,278,17.1179103851318,17.6003093719482,0.482398986816406
Niltava sundara,2007,761,11.4049816131592,12.04905128479,0.644069671630859
Ninox japonica,2007,1327,11.1691026687622,12.4438972473145,1.27479457855225
Nipponia nippon,2007,3,13.224778175354,14.1815509796143,0.956772804260254
Nisaetus nipalensis,2007,501,16.0050029754639,16.5581111907959,0.553108215332031
Numenius madagascariensis,2007,197,0.840074002742767,2.3160707950592,1.47599679231644
Nycticorax nycticorax,2007,1539,14.4904012680054,15.4595651626587,0.96916389465332
Oenanthe deserti,2007,1737,2.79329204559326,4.13251638412476,1.33922433853149
Oenanthe oenanthe,2007,1019,4.16478967666626,5.78392601013184,1.61913633346558
Onychoprion anaethetus,2007,31,20.9556827545166,21.7267646789551,0.771081924438477
Oriolus oriolus,2007,192,3.03185987472534,4.68414545059204,1.6522855758667
Otus lettia,2007,878,17.5054512023926,18.225227355957,0.719776153564453
Otus semitorques,2007,542,7.6100811958313,9.00533294677734,1.39525175094605
Otus spilocephalus,2007,561,16.5144157409668,17.0880317687988,0.573616027832031
Oxyura leucocephala,2007,149,5.72699737548828,7.16252613067627,1.43552875518799
Panurus biarmicus,2007,1831,4.12009954452515,5.63864278793335,1.5185432434082
Paradoxornis guttaticollis,2007,448,16.6616554260254,17.2046546936035,0.542999267578125
Paradoxornis heudei,2007,323,12.1314287185669,13.466625213623,1.33519649505615
Parayuhina diademata,2007,471,13.0819683074951,13.6922760009766,0.610307693481445
Pardaliparus venustulus,2007,704,13.5442533493042,14.4806518554688,0.936398506164551
Parus monticolus,2007,628,12.7628221511841,13.4456691741943,0.682847023010254
Passer cinnamomeus,2007,1562,12.8010911941528,13.7052803039551,0.904189109802246
Passer domesticus,2007,750,0.82120680809021,2.41156888008118,1.59036207199097
Passer hispaniolensis,2007,153,4.25698804855347,5.79159688949585,1.53460884094238
Pelecanus crispus,2007,151,0.737479865550995,2.22241711616516,1.48493725061417
Pellorneum tickelli,2007,96,18.7574138641357,19.1791477203369,0.421733856201172
Perdix hodgsoniae,2007,460,-1.68631982803345,-0.850682258605957,0.83563756942749
Pericrocotus cantonensis,2007,816,16.4538898468018,17.224157333374,0.770267486572266
Pericrocotus divaricatus,2007,132,2.67148590087891,4.06310272216797,1.39161682128906
Pericrocotus ethologus,2007,1120,10.0661602020264,10.9118185043335,0.845658302307129
Pericrocotus solaris,2007,630,17.9055347442627,18.463996887207,0.558462142944336
Periparus rubidiventris,2007,406,1.0057018995285,1.70434594154358,0.698644042015076
Pernis ptilorhynchus,2007,832,3.53393316268921,4.91537952423096,1.38144636154175
Phasianus colchicus,2007,2329,8.38204383850098,9.52531623840332,1.14327239990234
Phoenicurus erythronotus,2007,302,4.4462628364563,5.98300933837891,1.53674650192261
Phoenicurus frontalis,2007,923,4.79591703414917,5.5274772644043,0.731560230255127
Phoenicurus leucocephalus,2007,1426,7.7376446723938,8.59765815734863,0.860013484954834
Phoenicurus ochruros,2007,2263,3.26384401321411,4.47465515136719,1.21081113815308
Phoenicurus schisticeps,2007,406,3.07463383674622,3.77606225013733,0.701428413391113
Phylloscopus affinis,2007,666,5.29091310501099,5.99586200714111,0.704948902130127
Phylloscopus burkii,2007,33,2.90200233459473,3.71251010894775,0.810507774353027
Phylloscopus cantator,2007,105,15.6603422164917,16.1370410919189,0.476698875427246
Phylloscopus castaniceps,2007,632,16.0546073913574,16.7101573944092,0.655550003051758
Phylloscopus claudiae,2007,522,9.88924694061279,10.8807735443115,0.99152660369873
Phylloscopus coronatus,2007,414,6.72929191589356,7.81124401092529,1.08195209503174
Phylloscopus emeiensis,2007,22,12.370792388916,12.8045616149902,0.433769226074219
Phylloscopus intermedius,2007,134,14.0922756195068,14.6978120803833,0.605536460876465
Phylloscopus magnirostris,2007,214,6.5604043006897,7.1587176322937,0.598313331604004
Phylloscopus ogilviegranti,2007,381,17.7375507354736,18.277868270874,0.540317535400391
Phylloscopus omeiensis,2007,138,10.2660341262817,10.9194240570068,0.653389930725098
Phylloscopus pulcher,2007,413,7.9857611656189,8.56401348114014,0.57825231552124
Phylloscopus ricketti,2007,676,15.3157758712769,16.1023426055908,0.786566734313965
Phylloscopus soror,2007,245,13.625864982605,14.3900842666626,0.764219284057617
Phylloscopus subaffinis,2007,1013,11.5190992355347,12.3086404800415,0.789541244506836
Phylloscopus tenellipes,2007,259,4.56703424453735,6.00798273086548,1.44094848632813
Phylloscopus tephrocephalus,2007,281,12.0046453475952,12.7168483734131,0.712203025817871
Phylloscopus yunnanensis,2007,215,8.02978324890137,9.08538722991943,1.05560398101807
Picumnus innominatus,2007,1093,15.3501920700073,16.0816268920898,0.73143482208252
Picus chlorolophus,2007,236,18.3902645111084,18.8939647674561,0.503700256347656
Pitta nympha,2007,314,17.3351917266846,18.2960758209229,0.960884094238281
Platalea minor,2007,6,9.52713203430176,10.6667566299438,1.13962459564209
Pnoepyga immaculata,2007,5,5.88570213317871,6.9578013420105,1.07209920883179
Podiceps auritus,2007,229,0.136366680264473,1.63295328617096,1.49658660590649
Podiceps grisegena,2007,136,1.74304449558258,3.15839767456055,1.41535317897797
Podiceps nigricollis,2007,481,3.37681865692139,4.98169040679932,1.60487174987793
Podoces biddulphi,2007,276,11.4326000213623,12.8917350769043,1.45913505554199
Pomatorhinus schisticeps,2007,30,17.0419483184814,17.6185646057129,0.576616287231445
Pomatorhinus superciliaris,2007,107,15.5741310119629,16.0828380584717,0.508707046508789
Prinia atrogularis,2007,41,13.7463512420654,14.3608980178833,0.614546775817871
Prinia flaviventris,2007,82,19.0294494628906,19.4479637145996,0.418514251708984
Prinia inornata,2007,815,17.7829418182373,18.491361618042,0.708419799804688
Prunella collaris,2007,2078,0.881721675395966,2.07702207565308,1.19530040025711
Prunella himalayana,2007,208,-0.780707001686096,0.747893691062927,1.52860069274902
Prunella immaculata,2007,328,2.3754723072052,3.08234143257141,0.706869125366211
Prunella montanella,2007,35,-4.01745891571045,-2.34880471229553,1.66865420341492
Prunella strophiata,2007,581,4.8185076713562,5.51104354858398,0.692535877227783
Psarisomus dalhousiae,2007,108,17.168399810791,17.6354866027832,0.467086791992188
Pseudopodoces humilis,2007,999,-2.24323654174805,-1.27453470230103,0.968701839447021
Psilopogon faber,2007,43,19.2454166412354,19.8648777008057,0.619461059570313
Psilopogon virens,2007,727,16.4328498840332,17.0518283843994,0.618978500366211
Pterorhinus berthemyi,2007,335,15.9220361709595,16.6675987243652,0.745562553405762
Pterorhinus lanceolatus,2007,830,14.0311040878296,14.6515522003174,0.620448112487793
Pterorhinus pectoralis,2007,584,16.4923286437988,17.311107635498,0.818778991699219
Pterorhinus sannio,2007,723,16.5131092071533,17.20192527771,0.688816070556641
Pteruthius rufiventer,2007,90,13.7090368270874,14.2680139541626,0.558977127075195
Pteruthius xanthochlorus,2007,307,10.3232049942017,10.9926309585571,0.669425964355469
Ptyonoprogne rupestris,2007,1954,5.37436962127686,6.54521083831787,1.17084121704102
Pycnonotus aurigaster,2007,572,17.6714363098145,18.2541694641113,0.582733154296875
Pycnonotus jocosus,2007,415,18.2223873138428,18.7018394470215,0.479452133178711
Pycnonotus sinensis,2007,1342,15.0544948577881,16.0144119262695,0.959917068481445
Pycnonotus xanthorrhous,2007,700,14.8906507492065,15.5596151351929,0.668964385986328
Pyrrhula erythaca,2007,897,8.99915409088135,9.73521423339844,0.73606014251709
Pyrrhula nipalensis,2007,747,14.819185256958,15.3799657821655,0.56078052520752
Rallina eurizonoides,2007,152,20.1719455718994,20.6558856964111,0.483940124511719
Rallus aquaticus,2007,1224,2.42764139175415,3.62889194488525,1.2012505531311
Recurvirostra avosetta,2007,698,1.33939504623413,3.02427196502686,1.68487691879272
Regulus regulus,2007,930,7.1307168006897,7.95803308486939,0.827316284179688
Remiz consobrinus,2007,558,3.35002541542053,4.92770147323608,1.57767605781555
Remiz coronatus,2007,191,2.46915340423584,4.04986763000488,1.58071422576904
Rhodospiza obsoleta,2007,720,5.24223470687866,6.46847009658814,1.22623538970947
Riparia riparia,2007,784,2.64866471290588,4.22374057769775,1.57507586479187
Rubigula flaviventris,2007,174,18.7557125091553,19.1902332305908,0.434520721435547
Sasia ochracea,2007,132,19.0419464111328,19.4756984710693,0.433752059936523
Saxicola ferreus,2007,1085,14.6986656188965,15.469931602478,0.771265983581543
Sitta cinnamoventris,2007,123,17.082124710083,17.5446853637695,0.462560653686523
Sitta formosa,2007,141,15.951807975769,16.4446296691895,0.49282169342041
Sitta villosa,2007,798,6.09239196777344,7.28100824356079,1.18861627578735
Sittiparus varius,2007,82,5.76430416107178,7.04232883453369,1.27802467346191
Spilopelia chinensis,2007,1413,14.8436107635498,15.7076768875122,0.864066123962402
Spilopelia senegalensis,2007,168,3.82531929016113,5.28181123733521,1.45649194717407
Spilornis cheela,2007,652,17.436824798584,18.0394344329834,0.602609634399414
Spinus spinus,2007,295,-0.596706986427307,1.00957083702087,1.60627782344818
Spizixos semitorques,2007,944,16.026798248291,16.8427257537842,0.815927505493164
Spodiopsar cineraceus,2007,1439,4.32776212692261,5.77780914306641,1.4500470161438
Spodiopsar sericeus,2007,692,17.4629497528076,18.2221336364746,0.759183883666992
Stachyris humei,2007,39,13.5445995330811,14.1210317611694,0.576432228088379
Staphida torqueola,2007,740,17.3425159454346,18.0164833068848,0.673967361450195
Streptopelia decaocto,2007,1819,7.51734828948975,8.81521987915039,1.29787158966064
Sturnia sinensis,2007,305,19.1309833526611,19.7370090484619,0.606025695800781
Sturnus vulgaris,2007,253,4.91895532608032,6.46988487243652,1.5509295463562
Suthora fulvifrons,2007,136,9.14953327178955,9.74861145019531,0.599078178405762
Syrmaticus humiae,2007,108,16.9307231903076,17.3963432312012,0.465620040893555
Syrmaticus reevesii,2007,256,14.2624092102051,14.9374685287476,0.675059318542481
Syrrhaptes paradoxus,2007,1270,4.20923328399658,5.85455274581909,1.64531946182251
Tarsiger chrysaeus,2007,217,7.12873888015747,7.71945238113403,0.590713500976563
Tarsiger indicus,2007,276,9.35574531555176,9.92338085174561,0.567635536193848
Temnurus temnurus,2007,38,23.8245315551758,24.2624053955078,0.437873840332031
Tephrodornis virgatus,2007,421,19.5108184814453,20.0465641021729,0.535745620727539
Thalasseus bergii,2007,240,22.2157859802246,22.7704696655273,0.554683685302734
Timalia pileata,2007,263,19.225227355957,19.6995735168457,0.474346160888672
Tragopan caboti,2007,186,18.5082702636719,19.1100788116455,0.601808547973633
Tragopan temminckii,2007,529,12.6361389160156,13.2306509017944,0.594511985778809
Treron curvirostra,2007,162,18.7455444335938,19.2006282806397,0.455083847045898
Treron sieboldii,2007,645,17.8530445098877,18.6681518554688,0.815107345581055
Treron sphenurus,2007,294,14.4787168502808,14.955569267273,0.476852416992188
Turdus boulboul,2007,220,17.376407623291,17.8175792694092,0.441171646118164
Turdus cardis,2007,169,15.0351343154907,16.073802947998,1.03866863250732
Turdus feae,2007,117,7.37936782836914,8.69302463531494,1.3136568069458
Turdus mandarinus,2007,1032,14.7816362380981,15.5961923599243,0.814556121826172
Turdus pilaris,2007,220,-1.74795424938202,-0.00579893030226231,1.74215531907976
Turdus rubrocanus,2007,541,5.81288194656372,6.54754257202148,0.734660625457764
Turdus ruficollis,2007,159,2.9576096534729,4.51794147491455,1.56033182144165
Turdus viscivorus,2007,422,4.64524841308594,6.2089114189148,1.56366300582886
Turnix suscitator,2007,455,17.9373970031738,18.4608249664307,0.523427963256836
Tyto longimembris,2007,685,17.7860012054443,18.5141220092773,0.728120803833008
Urile pelagicus,2007,10,10.4286890029907,11.6929607391357,1.26427173614502
Urosphena squameiceps,2007,112,3.62927651405334,4.97450065612793,1.34522414207459
Vanellus cinereus,2007,279,3.7433602809906,5.40202569961548,1.65866541862488
Vanellus indicus,2007,87,17.6243762969971,18.1122055053711,0.487829208374023
Vanellus vanellus,2007,1111,2.88630080223084,4.5487208366394,1.66242003440857
Yuhina nigrimenta,2007,669,15.0526151657105,15.6778764724731,0.625261306762695
Zoothera dixoni,2007,349,11.1787948608398,11.7125787734985,0.533783912658691
Zoothera mollissima,2007,155,2.83340001106262,3.47651267051697,0.643112659454346
Zoothera monticola,2007,41,12.9189081192017,13.4696235656738,0.550715446472168
Zosterops erythropleurus,2007,328,4.62363433837891,6.11919355392456,1.49555921554565
Abroscopus albogularis,2008,562,17.4008522033691,17.4102649688721,0.00941276550292969
Accipiter gularis,2008,697,2.65403866767883,3.95747327804565,1.30343461036682
Accipiter soloensis,2008,942,14.6539878845215,15.0212593078613,0.367271423339844
Accipiter trivirgatus,2008,174,20.6737785339356,20.7189445495606,0.045166015625
Accipiter virgatus,2008,846,15.1853485107422,15.2587385177612,0.073390007019043
Acridotheres cristatellus,2008,1081,16.3418083190918,16.5503063201904,0.208498001098633
Acridotheres tristis,2008,284,13.0754556655884,13.5909509658813,0.515495300292969
Acrocephalus agricola,2008,581,6.84485864639282,7.85600233078003,1.01114368438721
Acrocephalus bistrigiceps,2008,1280,6.68613195419312,7.70375967025757,1.01762771606445
Acrocephalus concinens,2008,766,13.3816928863525,13.9356622695923,0.553969383239746
Acrocephalus orientalis,2008,1446,7.09092283248901,8.08941078186035,0.998487949371338
Acrocephalus tangorum,2008,171,4.11876344680786,5.49358797073364,1.37482452392578
Aegithalos bonvaloti,2008,106,7.6470046043396,7.92387056350708,0.27686595916748
Aegithalos caudatus,2008,754,2.25801730155945,3.60331082344055,1.3452935218811
Aegithalos concinnus,2008,953,15.9409122467041,16.1768550872803,0.235942840576172
Aegithalos fuliginosus,2008,138,9.91040992736816,10.193733215332,0.283323287963867
Aerodramus brevirostris,2008,603,13.6866846084595,13.860577583313,0.173892974853516
Aethopyga christinae,2008,23,24.3484706878662,24.0948028564453,-0.253667831420898
Aethopyga gouldiae,2008,956,11.0757522583008,11.284613609314,0.208861351013184
Agropsar sturninus,2008,1131,4.8556547164917,5.86433410644531,1.00867938995361
Aix galericulata,2008,422,3.75636386871338,5.09080076217651,1.33443689346313
Alauda gulgula,2008,1994,9.42479801177979,9.69625663757324,0.271458625793457
Alaudala cheleensis,2008,2390,5.02381753921509,5.85085153579712,0.827033996582031
Alcedo hercules,2008,141,19.7236499786377,19.8014545440674,0.0778045654296875
Alcippe morrisonia,2008,975,16.4001846313477,16.5691223144531,0.168937683105469
Amaurornis phoenicurus,2008,1130,16.0147972106934,16.2287139892578,0.213916778564453
Anastomus oscitans,2008,315,16.1227264404297,16.189079284668,0.0663528442382813
Anser anser,2008,936,2.59998202323914,3.92540240287781,1.32542037963867
Anser fabalis,2008,359,-0.232263207435608,1.20895969867706,1.44122290611267
Anser indicus,2008,441,0.791138470172882,1.45163750648499,0.660499036312103
Anthus godlewskii,2008,157,1.22606432437897,2.59026050567627,1.3641961812973
Anthus gustavi,2008,66,2.94458818435669,4.21695852279663,1.27237033843994
Anthus richardi,2008,2788,8.37556171417236,9.12609577178955,0.750534057617188
Anthus roseatus,2008,1911,3.55629634857178,3.96075415611267,0.404457807540894
Anthus trivialis,2008,126,1.94549369812012,3.31786727905273,1.37237358093262
Aquila fasciata,2008,300,19.3407211303711,19.3362331390381,-0.00448799133300781
Aquila heliaca,2008,183,0.794729292392731,2.19314789772034,1.39841860532761
Ardea intermedia,2008,806,16.9554290771484,17.1238918304443,0.168462753295898
Ardea purpurea,2008,1542,13.773362159729,14.2702760696411,0.496913909912109
Ardenna pacifica,2008,90,21.6581630706787,21.6382102966309,-0.0199527740478516
Artamus fuscus,2008,275,20.3747119903564,20.3236923217773,-0.0510196685791016
Asio flammeus,2008,498,0.647581040859222,2.04116320610046,1.39358216524124
Athene noctua,2008,3280,3.76510715484619,4.56103420257568,0.795927047729492
Aviceda jerdoni,2008,64,20.8588600158691,20.945894241333,0.0870342254638672
Aviceda leuphotes,2008,784,15.98646068573,16.0464706420898,0.0600099563598633
Aythya fuligula,2008,613,0.912497222423553,2.31517267227173,1.40267544984818
Aythya nyroca,2008,348,3.64787364006043,4.89648056030273,1.24860692024231
Bombycilla japonica,2008,93,-2.70986938476563,-1.22965121269226,1.48021817207336
Branta canadensis,2008,19,7.6150541305542,8.70282554626465,1.08777141571045
Bubo nipalensis,2008,362,11.4124135971069,11.6304063796997,0.217992782592773
Bucanetes mongolicus,2008,731,5.15714693069458,6.17782115936279,1.02067422866821
Butastur indicus,2008,481,4.17492294311523,5.47255802154541,1.29763507843018
Cacomantis merulinus,2008,411,19.2106418609619,19.2146987915039,0.00405693054199219
Calandrella brachydactyla,2008,400,5.59619903564453,6.79761219024658,1.20141315460205
Calliope obscura,2008,74,8.60147857666016,8.94163799285889,0.34015941619873
Caprimulgus macrurus,2008,78,21.0046348571777,21.0889053344727,0.0842704772949219
Carpodacus roborowskii,2008,101,-4.03297138214111,-3.85208129882813,0.180890083312988
Carpodacus vinaceus,2008,535,13.1980676651001,13.3809852600098,0.182917594909668
Cecropis daurica,2008,2623,9.16229629516602,9.75331020355225,0.591013908386231
Centropus bengalensis,2008,607,18.6197357177734,18.7071475982666,0.0874118804931641
Cephalopyrus flammiceps,2008,98,11.278489112854,11.6576900482178,0.37920093536377
Certhia familiaris,2008,1518,4.10910701751709,5.14230108261108,1.03319406509399
Certhia himalayana,2008,210,9.42436599731445,9.73281669616699,0.308450698852539
Certhia tianquanensis,2008,46,8.03892517089844,8.06295490264893,0.0240297317504883
Ceryle rudis,2008,762,17.6190166473389,17.7744407653809,0.155424118041992
Cettia brunnifrons,2008,409,9.04499340057373,9.24220752716064,0.197214126586914
Cettia castaneocoronata,2008,502,12.0057926177979,12.1368703842163,0.131077766418457
Chalcophaps indica,2008,288,20.4205284118652,20.4105033874512,-0.0100250244140625
Charadrius atrifrons,2008,1360,-0.0825315490365028,0.402537077665329,0.485068626701832
Charadrius dealbatus,2008,82,22.3581027984619,22.2510871887207,-0.107015609741211
Charadrius placidus,2008,860,6.81603288650513,7.83341312408447,1.01738023757935
Charadrius veredus,2008,147,1.37415206432343,2.77384448051453,1.3996924161911
Chlidonias leucopterus,2008,1115,3.61852622032166,4.81777858734131,1.19925236701965
Chlidonias niger,2008,65,2.81934809684753,4.18702936172485,1.36768126487732
Chloris ambigua,2008,297,13.6298961639404,13.8273839950562,0.197487831115723
Chloris sinica,2008,2177,10.1043548583984,10.684606552124,0.580251693725586
Chrysolophus pictus,2008,410,12.3430995941162,12.4671745300293,0.124074935913086
Ciconia boyciana,2008,141,3.75946140289307,5.14361000061035,1.38414859771729
Ciconia nigra,2008,2186,5.71650981903076,6.69178628921509,0.975276470184326
Circaetus gallicus,2008,228,6.13989019393921,7.31251811981201,1.1726279258728
Circus macrourus,2008,154,2.22476196289063,3.59692931175232,1.37216734886169
Circus spilonotus,2008,631,1.43180251121521,2.82285642623901,1.3910539150238
Cisticola exilis,2008,521,18.3237705230713,18.3878021240234,0.0640316009521484
Cisticola juncidis,2008,1233,15.9261827468872,16.2302646636963,0.304081916809082
Clamator coromandus,2008,1069,16.5760765075684,16.8125152587891,0.236438751220703
Clanga clanga,2008,567,1.82915771007538,3.1802282333374,1.35107052326202
Columba oenas,2008,147,1.89062237739563,3.15131688117981,1.26069450378418
Copsychus saularis,2008,1011,16.2842559814453,16.4511127471924,0.16685676574707
Coracias garrulus,2008,83,1.71752464771271,3.11548781394959,1.39796316623688
Coturnicops exquisitus,2008,412,0.116188421845436,1.54132521152496,1.42513678967953
Crex crex,2008,149,1.68861591815948,3.08356738090515,1.39495146274567
Crossoptilon mantchuricum,2008,64,7.99328136444092,8.56454658508301,0.57126522064209
Curruca curruca,2008,961,4.71596050262451,5.52552604675293,0.809565544128418
Cyanistes cyanus,2008,658,0.813704073429108,2.11481952667236,1.30111545324326
Cyanoderma pyrrhops,2008,3,11.5056676864624,12.0887851715088,0.583117485046387
Cygnus cygnus,2008,538,1.97667515277863,3.20396685600281,1.22729170322418
Cygnus olor,2008,250,2.81658434867859,3.23091197013855,0.414327621459961
Cyornis glaucicomans,2008,344,15.2155599594116,15.2765188217163,0.0609588623046875
Cyornis hainanus,2008,199,21.3823966979981,21.2157936096191,-0.166603088378906
Cyornis rubeculoides,2008,42,16.7205429077148,17.0889301300049,0.368387222290039
Delichon dasypus,2008,1040,7.09097099304199,7.33594799041748,0.244976997375488
Dendrocitta formosae,2008,933,17.1049575805664,17.2548561096191,0.149898529052734
Dendrocopos hyperythrus,2008,413,8.27587223052979,8.73996257781982,0.464090347290039
Dendrocygna javanica,2008,684,18.0148448944092,18.1612720489502,0.146427154541016
Dicaeum cruentatum,2008,519,18.7793598175049,18.7765083312988,-0.00285148620605469
Dicaeum ignipectus,2008,1035,15.6106557846069,15.750581741333,0.139925956726074
Dicaeum minullum,2008,835,14.767373085022,14.8193664550781,0.0519933700561523
Dicrurus annectens,2008,164,19.7741985321045,19.8534317016602,0.0792331695556641
Dicrurus hottentottus,2008,1277,14.8924055099487,15.1559791564941,0.26357364654541
Dicrurus remifer,2008,201,17.4981899261475,17.6591606140137,0.160970687866211
Egretta eulophotes,2008,19,9.63973045349121,10.3601903915405,0.720459938049316
Egretta garzetta,2008,1670,12.7392654418945,13.0331726074219,0.293907165527344
Elachura formosa,2008,245,15.8722858428955,16.0264320373535,0.154146194458008
Elanus caeruleus,2008,97,20.0274238586426,19.954231262207,-0.0731925964355469
Emberiza buchanani,2008,164,0.845942556858063,2.22003102302551,1.37408846616745
Emberiza citrinella,2008,45,1.24440145492554,2.5298900604248,1.28548860549927
Emberiza elegans,2008,1059,8.75524711608887,9.46555233001709,0.710305213928223
Emberiza godlewskii,2008,2040,4.47789907455444,5.16391611099243,0.686017036437988
Emberiza hortulana,2008,93,3.53125858306885,4.80084943771362,1.26959085464478
Emberiza leucocephalos,2008,716,0.0190331656485796,1.06976234912872,1.05072918348014
Emberiza pallasi,2008,141,-2.66091752052307,-1.24859535694122,1.41232216358185
Emberiza pusilla,2008,208,2.53732514381409,3.9826078414917,1.44528269767761
Emberiza rustica,2008,3,-4.41251945495605,-3.14722681045532,1.26529264450073
Emberiza siemsseni,2008,79,10.0293006896973,10.3616037368774,0.332303047180176
Emberiza yessoensis,2008,46,2.82388091087341,4.14534282684326,1.32146191596985
Enicurus leschenaulti,2008,1155,14.9616861343384,15.152645111084,0.190958976745605
Enicurus maculatus,2008,490,17.4008846282959,17.4302997589111,0.0294151306152344
Enicurus schistaceus,2008,598,17.1719207763672,17.1904220581055,0.0185012817382813
Erpornis zantholeuca,2008,529,17.9002780914307,17.9205551147461,0.0202770233154297
Erythrogenys hypoleucos,2008,50,19.9029903411865,19.9283332824707,0.0253429412841797
Eudynamys scolopaceus,2008,1083,16.3084487915039,16.5219612121582,0.213512420654297
Eumyias thalassinus,2008,737,14.3080358505249,14.4516878128052,0.143651962280273
Falco cherrug,2008,2075,2.70873928070068,3.44459629058838,0.735857009887695
Falco severus,2008,359,17.7754745483398,17.8194637298584,0.0439891815185547
Ficedula albicilla,2008,89,-2.38578534126282,-0.976118862628937,1.40966647863388
Ficedula elisae,2008,152,7.47436904907227,8.20476245880127,0.730393409729004
Ficedula erithacus,2008,610,7.43311548233032,7.61248207092285,0.179366588592529
Ficedula hyperythra,2008,472,16.0033531188965,16.0564060211182,0.0530529022216797
Ficedula mugimaki,2008,678,2.3159077167511,3.64522981643677,1.32932209968567
Ficedula strophiata,2008,621,13.0205202102661,13.1981248855591,0.177604675292969
Ficedula superciliaris,2008,331,5.17182588577271,5.4702525138855,0.298426628112793
Ficedula tricolor,2008,560,11.7169189453125,11.8527030944824,0.135784149169922
Fringilla coelebs,2008,6,-3.64196300506592,-2.38048362731934,1.26147937774658
Fringilla montifringilla,2008,23,-2.54210829734802,-1.28619754314423,1.2559107542038
Galerida cristata,2008,1619,6.56866264343262,7.36834478378296,0.799682140350342
Gallicrex cinerea,2008,1658,13.8156538009644,14.2380342483521,0.422380447387695
Garrulax canorus,2008,757,17.0413055419922,17.1849784851074,0.143672943115234
Garrulax maesi,2008,302,17.0664443969727,16.9928379058838,-0.0736064910888672
Garrulax monileger,2008,463,19.1697063446045,19.1351871490479,-0.0345191955566406
Gavia arctica,2008,163,2.2326762676239,3.6211416721344,1.3884654045105
Gelochelidon nilotica,2008,554,7.68231201171875,8.63021373748779,0.947901725769043
Geokichla citrina,2008,505,17.6489105224609,17.7658615112305,0.116950988769531
Glaucidium cuculoides,2008,1012,16.7492389678955,16.9200401306152,0.170801162719727
Gorsachius melanolophus,2008,105,21.6351413726807,21.52073097229,-0.114410400390625
Gracupica nigricollis,2008,510,17.9595203399658,17.9603862762451,0.000865936279296875
Grandala coelicolor,2008,621,0.189435198903084,0.438572883605957,0.249137684702873
Grus japonensis,2008,76,2.61315250396729,3.99600219726563,1.38284969329834
Grus monacha,2008,21,-0.20156466960907,1.33041155338287,1.53197622299194
Grus nigricollis,2008,407,-2.81143999099731,-2.38199877738953,0.429441213607788
Gypaetus barbatus,2008,1655,0.90612781047821,1.48158729076386,0.575459480285645
Gyps himalayensis,2008,1392,1.23260295391083,1.70273625850678,0.470133304595947
Halcyon coromanda,2008,131,9.25574684143066,10.1081504821777,0.85240364074707
Halcyon pileata,2008,1245,13.7531538009644,14.1252870559692,0.372133255004883
Halcyon smyrnensis,2008,182,21.6887283325195,21.4988441467285,-0.189884185791016
Haliaeetus leucoryphus,2008,34,14.0554161071777,14.332558631897,0.277142524719238
Harpactes wardi,2008,78,8.85727214813232,9.25954723358154,0.402275085449219
Helopsaltes certhiola,2008,1617,4.47727870941162,5.51321172714233,1.03593301773071
Helopsaltes pryeri,2008,166,6.73794746398926,7.88854026794434,1.15059280395508
Hemiprocne coronata,2008,103,16.7578430175781,17.116943359375,0.359100341796875
Hemitesia pallidipes,2008,155,16.8176536560059,17.0267601013184,0.2091064453125
Hemixos castanonotus,2008,373,19.1924209594727,19.0846920013428,-0.107728958129883
Heterophasia desgodinsi,2008,283,15.513069152832,15.5592002868652,0.0461311340332031
Heteroxenicus stellatus,2008,104,10.5467109680176,10.8973093032837,0.350598335266113
Hieraaetus pennatus,2008,137,-1.33781504631042,0.0273347552865744,1.365149801597
Hierococcyx nisicolor,2008,639,17.0438480377197,17.0994739532471,0.0556259155273438
Hirundapus caudacutus,2008,1023,3.56975531578064,4.44760036468506,0.877845048904419
Hirundo rustica,2008,4116,6.53853988647461,7.20437717437744,0.665837287902832
Histrionicus histrionicus,2008,83,2.51139283180237,3.83008599281311,1.31869316101074
Hydrocoloeus minutus,2008,48,8.87618541717529,10.2874565124512,1.41127109527588
Hydrophasianus chirurgus,2008,865,17.0730152130127,17.2073726654053,0.134357452392578
Hydroprogne caspia,2008,298,13.7203493118286,14.3756265640259,0.655277252197266
Hypothymis azurea,2008,513,17.3541965484619,17.3645706176758,0.0103740692138672
Hypsipetes leucocephalus,2008,1126,15.1517972946167,15.3347463607788,0.182949066162109
Ianthocincla lunulata,2008,135,10.4669580459595,10.774977684021,0.308019638061523
Ibidorhyncha struthersii,2008,1706,2.63580417633057,3.08811378479004,0.452309608459473
Ictinaetus malaiensis,2008,101,17.802188873291,17.942928314209,0.140739440917969
Iduna caligata,2008,61,2.13780975341797,3.39618253707886,1.25837278366089
Indicator xanthonotus,2008,48,12.2993488311768,12.7136602401733,0.414311408996582
Ixobrychus cinnamomeus,2008,1390,15.337140083313,15.668966293335,0.331826210021973
Ixobrychus eurhythmus,2008,1430,9.70042896270752,10.5245056152344,0.824076652526856
Ixobrychus minutus,2008,183,3.59522795677185,4.89346790313721,1.29823994636536
Ixos mcclellandii,2008,697,17.6051921844482,17.6634540557861,0.0582618713378906
Ketupa flavipes,2008,920,17.0898551940918,17.3057651519775,0.215909957885742
Lalage melaschistos,2008,1331,14.7237720489502,14.9889965057373,0.265224456787109
Lanius borealis,2008,248,1.18080830574036,2.56998753547668,1.38917922973633
Lanius collurioides,2008,302,18.6856880187988,18.670223236084,-0.0154647827148438
Lanius isabellinus,2008,1437,4.29488563537598,5.08374691009522,0.788861274719238
Lanius schach,2008,1339,14.2475595474243,14.47731590271,0.229756355285645
Lanius sphenocercus,2008,817,3.8520245552063,4.97790050506592,1.12587594985962
Lanius tephronotus,2008,638,4.51975870132446,4.69997262954712,0.180213928222656
Larus crassirostris,2008,78,15.5089054107666,15.9173851013184,0.408479690551758
Larvivora brunnea,2008,325,6.83418989181519,7.11866569519043,0.284475803375244
Larvivora cyane,2008,504,1.02699601650238,2.35999894142151,1.33300292491913
Leptopoecile elegans,2008,464,1.16251695156097,1.40171086788178,0.239193916320801
Leptoptilos javanicus,2008,193,17.0435619354248,17.1805877685547,0.137025833129883
Limnodromus semipalmatus,2008,293,0.636016726493835,2.04721236228943,1.41119563579559
Limosa limosa,2008,390,1.07777690887451,2.48142337799072,1.40364646911621
Linaria cannabina,2008,164,3.81024098396301,5.14655303955078,1.33631205558777
Locustella davidi,2008,377,1.02113199234009,2.42885231971741,1.40772032737732
Locustella mandelli,2008,546,16.9194431304932,16.9274215698242,0.00797843933105469
Lonchura striata,2008,766,18.0601272583008,18.165319442749,0.105192184448242
Lophotriorchis kienerii,2008,55,21.8129367828369,21.8209915161133,0.00805473327636719
Lophura leucomelanos,2008,150,10.5427417755127,10.9477825164795,0.405040740966797
Lophura nycthemera,2008,260,18.5232791900635,18.5441017150879,0.0208225250244141
Loxia curvirostra,2008,1375,1.54966580867767,2.45510840415955,0.905442595481873
Macropygia unchall,2008,594,16.1906127929688,16.2379875183105,0.0473747253417969
Mareca falcata,2008,366,-0.290807813405991,1.13445842266083,1.42526623606682
Megaceryle lugubris,2008,1428,15.1732769012451,15.4953022003174,0.322025299072266
Melanitta fusca,2008,7,0.868973076343536,2.12542057037354,1.25644749403
Melanitta stejnegeri,2008,45,-4.25272130966187,-2.83134388923645,1.42137742042542
Melanochlora sultanea,2008,155,18.2084312438965,18.3251419067383,0.116710662841797
Mergus serrator,2008,251,1.3321053981781,2.70905423164368,1.37694883346558
Merops philippinus,2008,293,18.3080310821533,18.3758182525635,0.0677871704101563
Mixornis gularis,2008,159,16.6837577819824,16.9548854827881,0.271127700805664
Monticola gularis,2008,646,2.43376898765564,3.75431513786316,1.32054615020752
Monticola rufiventris,2008,869,15.3018579483032,15.4755840301514,0.173726081848145
Monticola solitarius,2008,2043,10.853741645813,11.3528861999512,0.499144554138184
Motacilla citreola,2008,2159,2.20297122001648,2.84595680236816,0.642985582351685
Moupinia poecilotis,2008,145,6.02350807189941,6.22149419784546,0.197986125946045
Muscicapa dauurica,2008,671,1.70671880245209,3.06969523429871,1.36297643184662
Muscicapa ferruginea,2008,600,12.596305847168,12.7678270339966,0.171521186828613
Muscicapa muttui,2008,305,16.68186378479,16.6924667358398,0.0106029510498047
Mycerobas affinis,2008,417,4.74256801605225,5.0036678314209,0.261099815368652
Mycerobas carnipes,2008,1012,2.43280649185181,2.87095928192139,0.43815279006958
Myiomela leucura,2008,672,15.003249168396,15.1333389282227,0.13008975982666
Myophonus caeruleus,2008,1550,12.4764938354492,12.8071641921997,0.330670356750488
Netta rufina,2008,395,4.57272863388062,5.82945156097412,1.25672292709351
Niltava davidi,2008,684,16.3860206604004,16.3959941864014,0.00997352600097656
Niltava grandis,2008,139,15.5507926940918,15.8826208114624,0.331828117370605
Niltava macgrigoriae,2008,278,17.1179103851318,17.2354965209961,0.117586135864258
Niltava sundara,2008,761,11.4049816131592,11.6029901504517,0.19800853729248
Ninox japonica,2008,1327,11.1691026687622,11.9181442260742,0.749041557312012
Nipponia nippon,2008,3,13.224778175354,13.703987121582,0.479208946228027
Nisaetus nipalensis,2008,501,16.0050029754639,16.1397075653076,0.13470458984375
Numenius madagascariensis,2008,197,0.840074002742767,2.20774006843567,1.3676660656929
Nycticorax nycticorax,2008,1539,14.4904012680054,14.9006090164185,0.410207748413086
Oenanthe deserti,2008,1737,2.79329204559326,3.53924155235291,0.745949506759644
Oenanthe oenanthe,2008,1019,4.16478967666626,5.22229862213135,1.05750894546509
Onychoprion anaethetus,2008,31,20.9556827545166,21.2903099060059,0.334627151489258
Oriolus oriolus,2008,192,3.03185987472534,4.39606285095215,1.36420297622681
Otus lettia,2008,878,17.5054512023926,17.6434650421143,0.13801383972168
Otus semitorques,2008,542,7.6100811958313,8.56030464172363,0.950223445892334
Otus spilocephalus,2008,561,16.5144157409668,16.5974674224854,0.0830516815185547
Oxyura leucocephala,2008,149,5.72699737548828,7.00701808929443,1.28002071380615
Panurus biarmicus,2008,1831,4.12009954452515,5.1035795211792,0.983479976654053
Paradoxornis guttaticollis,2008,448,16.6616554260254,16.7024936676025,0.0408382415771484
Paradoxornis heudei,2008,323,12.1314287185669,12.892951965332,0.761523246765137
Parayuhina diademata,2008,471,13.0819683074951,13.2596406936646,0.177672386169434
Pardaliparus venustulus,2008,704,13.5442533493042,13.8696918487549,0.325438499450684
Parus monticolus,2008,628,12.7628221511841,12.9665775299072,0.203755378723145
Passer cinnamomeus,2008,1562,12.8010911941528,13.1255016326904,0.324410438537598
Passer domesticus,2008,750,0.82120680809021,2.06805825233459,1.24685144424438
Passer hispaniolensis,2008,153,4.25698804855347,5.64653730392456,1.38954925537109
Pelecanus crispus,2008,151,0.737479865550995,1.58922100067139,0.851741135120392
Pellorneum tickelli,2008,96,18.7574138641357,18.8881664276123,0.130752563476563
Perdix hodgsoniae,2008,460,-1.68631982803345,-1.36742746829987,0.318892359733582
Pericrocotus cantonensis,2008,816,16.4538898468018,16.6118698120117,0.157979965209961
Pericrocotus divaricatus,2008,132,2.67148590087891,3.95129561424255,1.27980971336365
Pericrocotus ethologus,2008,1120,10.0661602020264,10.4103803634644,0.344220161437988
Pericrocotus solaris,2008,630,17.9055347442627,17.9425964355469,0.0370616912841797
Periparus rubidiventris,2008,406,1.0057018995285,1.2186781167984,0.212976217269897
Pernis ptilorhynchus,2008,832,3.53393316268921,4.64832353591919,1.11439037322998
Phasianus colchicus,2008,2329,8.38204383850098,9.05112171173096,0.669077873229981
Phoenicurus erythronotus,2008,302,4.4462628364563,5.72057914733887,1.27431631088257
Phoenicurus frontalis,2008,923,4.79591703414917,5.02263689041138,0.226719856262207
Phoenicurus leucocephalus,2008,1426,7.7376446723938,8.05202674865723,0.314382076263428
Phoenicurus ochruros,2008,2263,3.26384401321411,3.90996193885803,0.646117925643921
Phoenicurus schisticeps,2008,406,3.07463383674622,3.3284273147583,0.253793478012085
Phylloscopus affinis,2008,666,5.29091310501099,5.52556610107422,0.234652996063232
Phylloscopus burkii,2008,33,2.90200233459473,3.29223012924194,0.390227794647217
Phylloscopus cantator,2008,105,15.6603422164917,15.9243249893188,0.263982772827148
Phylloscopus castaniceps,2008,632,16.0546073913574,16.204647064209,0.150039672851563
Phylloscopus claudiae,2008,522,9.88924694061279,10.2816247940063,0.392377853393555
Phylloscopus coronatus,2008,414,6.72929191589356,7.48296022415161,0.753668308258057
Phylloscopus emeiensis,2008,22,12.370792388916,12.337911605835,-0.0328807830810547
Phylloscopus intermedius,2008,134,14.0922756195068,14.2404918670654,0.148216247558594
Phylloscopus magnirostris,2008,214,6.5604043006897,6.76957035064697,0.209166049957275
Phylloscopus ogilviegranti,2008,381,17.7375507354736,17.7734413146973,0.0358905792236328
Phylloscopus omeiensis,2008,138,10.2660341262817,10.4598484039307,0.193814277648926
Phylloscopus pulcher,2008,413,7.9857611656189,8.20183658599854,0.216075420379639
Phylloscopus ricketti,2008,676,15.3157758712769,15.5167198181152,0.200943946838379
Phylloscopus soror,2008,245,13.625864982605,13.8348073959351,0.208942413330078
Phylloscopus subaffinis,2008,1013,11.5190992355347,11.7391233444214,0.220024108886719
Phylloscopus tenellipes,2008,259,4.56703424453735,5.77517032623291,1.20813608169556
Phylloscopus tephrocephalus,2008,281,12.0046453475952,12.2952880859375,0.290642738342285
Phylloscopus yunnanensis,2008,215,8.02978324890137,8.48581218719482,0.456028938293457
Picumnus innominatus,2008,1093,15.3501920700073,15.5388164520264,0.188624382019043
Picus chlorolophus,2008,236,18.3902645111084,18.5159912109375,0.125726699829102
Pitta nympha,2008,314,17.3351917266846,17.6315078735352,0.296316146850586
Platalea minor,2008,6,9.52713203430176,10.170352935791,0.643220901489258
Pnoepyga immaculata,2008,5,5.88570213317871,6.49137592315674,0.605673789978027
Podiceps auritus,2008,229,0.136366680264473,1.54439318180084,1.40802650153637
Podiceps grisegena,2008,136,1.74304449558258,3.08982372283936,1.34677922725678
Podiceps nigricollis,2008,481,3.37681865692139,4.69894599914551,1.32212734222412
Podoces biddulphi,2008,276,11.4326000213623,12.4015064239502,0.968906402587891
Pomatorhinus schisticeps,2008,30,17.0419483184814,17.3992195129395,0.357271194458008
Pomatorhinus superciliaris,2008,107,15.5741310119629,15.8833446502686,0.309213638305664
Prinia atrogularis,2008,41,13.7463512420654,14.1401433944702,0.393792152404785
Prinia flaviventris,2008,82,19.0294494628906,19.2668800354004,0.237430572509766
Prinia inornata,2008,815,17.7829418182373,17.8973197937012,0.114377975463867
Prunella collaris,2008,2078,0.881721675395966,1.58734107017517,0.705619394779205
Prunella himalayana,2008,208,-0.780707001686096,0.482300192117691,1.26300719380379
Prunella immaculata,2008,328,2.3754723072052,2.62484669685364,0.249374389648438
Prunella montanella,2008,35,-4.01745891571045,-2.60453367233276,1.41292524337769
Prunella strophiata,2008,581,4.8185076713562,5.05043935775757,0.231931686401367
Psarisomus dalhousiae,2008,108,17.168399810791,17.4338607788086,0.265460968017578
Pseudopodoces humilis,2008,999,-2.24323654174805,-1.84418416023254,0.399052381515503
Psilopogon faber,2008,43,19.2454166412354,19.1904125213623,-0.0550041198730469
Psilopogon virens,2008,727,16.4328498840332,16.5312824249268,0.0984325408935547
Pterorhinus berthemyi,2008,335,15.9220361709595,16.0475978851318,0.125561714172363
Pterorhinus lanceolatus,2008,830,14.0311040878296,14.1551790237427,0.124074935913086
Pterorhinus pectoralis,2008,584,16.4923286437988,16.6982841491699,0.205955505371094
Pterorhinus sannio,2008,723,16.5131092071533,16.6554508209229,0.142341613769531
Pteruthius rufiventer,2008,90,13.7090368270874,14.0600776672363,0.351040840148926
Pteruthius xanthochlorus,2008,307,10.3232049942017,10.6276016235352,0.304396629333496
Ptyonoprogne rupestris,2008,1954,5.37436962127686,6.0207052230835,0.646335601806641
Pycnonotus aurigaster,2008,572,17.6714363098145,17.7190380096436,0.0476016998291016
Pycnonotus jocosus,2008,415,18.2223873138428,18.2358684539795,0.0134811401367188
Pycnonotus sinensis,2008,1342,15.0544948577881,15.3950157165527,0.340520858764648
Pycnonotus xanthorrhous,2008,700,14.8906507492065,15.0628423690796,0.172191619873047
Pyrrhula erythaca,2008,897,8.99915409088135,9.26096153259277,0.261807441711426
Pyrrhula nipalensis,2008,747,14.819185256958,14.8979902267456,0.0788049697875977
Rallina eurizonoides,2008,152,20.1719455718994,20.2939796447754,0.122034072875977
Rallus aquaticus,2008,1224,2.42764139175415,3.11172580718994,0.684084415435791
Recurvirostra avosetta,2008,698,1.33939504623413,2.7317578792572,1.39236283302307
Regulus regulus,2008,930,7.1307168006897,7.53202390670776,0.401307106018066
Remiz consobrinus,2008,558,3.35002541542053,4.60511064529419,1.25508522987366
Remiz coronatus,2008,191,2.46915340423584,3.6667013168335,1.19754791259766
Rhodospiza obsoleta,2008,720,5.24223470687866,5.94614601135254,0.703911304473877
Riparia riparia,2008,784,2.64866471290588,3.9488787651062,1.30021405220032
Rubigula flaviventris,2008,174,18.7557125091553,18.8597106933594,0.103998184204102
Sasia ochracea,2008,132,19.0419464111328,19.145938873291,0.103992462158203
Saxicola ferreus,2008,1085,14.6986656188965,14.9238548278809,0.225189208984375
Sitta cinnamoventris,2008,123,17.082124710083,17.3248119354248,0.242687225341797
Sitta formosa,2008,141,15.951807975769,16.2691822052002,0.317374229431152
Sitta villosa,2008,798,6.09239196777344,6.71848487854004,0.626092910766602
Sittiparus varius,2008,82,5.76430416107178,6.71952295303345,0.95521879196167
Spilopelia chinensis,2008,1413,14.8436107635498,15.1290435791016,0.285432815551758
Spilopelia senegalensis,2008,168,3.82531929016113,5.11649894714356,1.29117965698242
Spilornis cheela,2008,652,17.436824798584,17.5308723449707,0.0940475463867188
Spinus spinus,2008,295,-0.596706986427307,0.833171129226685,1.42987811565399
Spizixos semitorques,2008,944,16.026798248291,16.2293262481689,0.20252799987793
Spodiopsar cineraceus,2008,1439,4.32776212692261,5.26853609085083,0.940773963928223
Spodiopsar sericeus,2008,692,17.4629497528076,17.5805721282959,0.117622375488281
Stachyris humei,2008,39,13.5445995330811,13.8922176361084,0.347618103027344
Staphida torqueola,2008,740,17.3425159454346,17.4315414428711,0.0890254974365234
Streptopelia decaocto,2008,1819,7.51734828948975,8.2460527420044,0.728704452514648
Sturnia sinensis,2008,305,19.1309833526611,19.0871334075928,-0.0438499450683594
Sturnus vulgaris,2008,253,4.91895532608032,6.16055011749268,1.24159479141235
Suthora fulvifrons,2008,136,9.14953327178955,9.40521144866943,0.255678176879883
Syrmaticus humiae,2008,108,16.9307231903076,17.1868724822998,0.256149291992188
Syrmaticus reevesii,2008,256,14.2624092102051,14.3886451721191,0.126235961914063
Syrrhaptes paradoxus,2008,1270,4.20923328399658,5.3579592704773,1.14872598648071
Tarsiger chrysaeus,2008,217,7.12873888015747,7.40744829177856,0.278709411621094
Tarsiger indicus,2008,276,9.35574531555176,9.62048244476318,0.264737129211426
Temnurus temnurus,2008,38,23.8245315551758,23.5685977935791,-0.25593376159668
Tephrodornis virgatus,2008,421,19.5108184814453,19.4368343353272,-0.0739841461181641
Thalasseus bergii,2008,240,22.2157859802246,22.1299057006836,-0.0858802795410156
Timalia pileata,2008,263,19.225227355957,19.2053127288818,-0.0199146270751953
Tragopan caboti,2008,186,18.5082702636719,18.4693908691406,-0.03887939453125
Tragopan temminckii,2008,529,12.6361389160156,12.7707033157349,0.134564399719238
Treron curvirostra,2008,162,18.7455444335938,18.9111499786377,0.165605545043945
Treron sieboldii,2008,645,17.8530445098877,18.0160007476807,0.162956237792969
Treron sphenurus,2008,294,14.4787168502808,14.6415681838989,0.162851333618164
Turdus boulboul,2008,220,17.376407623291,17.4930267333984,0.116619110107422
Turdus cardis,2008,169,15.0351343154907,15.4130611419678,0.377926826477051
Turdus feae,2008,117,7.37936782836914,8.02156448364258,0.642196655273438
Turdus mandarinus,2008,1032,14.7816362380981,15.0042705535889,0.222634315490723
Turdus pilaris,2008,220,-1.74795424938202,-0.355331480503082,1.39262276887894
Turdus rubrocanus,2008,541,5.81288194656372,6.04594898223877,0.233067035675049
Turdus ruficollis,2008,159,2.9576096534729,4.34606170654297,1.38845205307007
Turdus viscivorus,2008,422,4.64524841308594,5.9007248878479,1.25547647476196
Turnix suscitator,2008,455,17.9373970031738,18.0187091827393,0.0813121795654297
Tyto longimembris,2008,685,17.7860012054443,17.9117221832275,0.125720977783203
Urile pelagicus,2008,10,10.4286890029907,11.1449966430664,0.716307640075684
Urosphena squameiceps,2008,112,3.62927651405334,4.79140520095825,1.16212868690491
Vanellus cinereus,2008,279,3.7433602809906,5.13061380386353,1.38725352287292
Vanellus indicus,2008,87,17.6243762969971,17.9696636199951,0.345287322998047
Vanellus vanellus,2008,1111,2.88630080223084,4.15528631210327,1.26898550987244
Yuhina nigrimenta,2008,669,15.0526151657105,15.1687965393066,0.116181373596191
Zoothera dixoni,2008,349,11.1787948608398,11.4056224822998,0.226827621459961
Zoothera mollissima,2008,155,2.83340001106262,3.11580276489258,0.282402753829956
Zoothera monticola,2008,41,12.9189081192017,13.2099761962891,0.291068077087402
Zosterops erythropleurus,2008,328,4.62363433837891,5.86055850982666,1.23692417144775
Abroscopus albogularis,2009,562,17.4008522033691,17.9985885620117,0.597736358642578
Accipiter gularis,2009,697,2.65403866767883,2.72232580184937,0.0682871341705322
Accipiter soloensis,2009,942,14.6539878845215,15.1405935287476,0.486605644226074
Accipiter trivirgatus,2009,174,20.6737785339356,21.4003753662109,0.726596832275391
Accipiter virgatus,2009,846,15.1853485107422,15.9019899368286,0.716641426086426
Acridotheres cristatellus,2009,1081,16.3418083190918,17.0318012237549,0.689992904663086
Acridotheres tristis,2009,284,13.0754556655884,14.0756158828735,1.00016021728516
Acrocephalus agricola,2009,581,6.84485864639282,7.81089305877686,0.966034412384033
Acrocephalus bistrigiceps,2009,1280,6.68613195419312,7.04520988464356,0.359077930450439
Acrocephalus concinens,2009,766,13.3816928863525,14.124342918396,0.742650032043457
Acrocephalus orientalis,2009,1446,7.09092283248901,7.49383354187012,0.402910709381104
Acrocephalus tangorum,2009,171,4.11876344680786,4.19387912750244,0.0751156806945801
Aegithalos bonvaloti,2009,106,7.6470046043396,8.73875617980957,1.09175157546997
Aegithalos caudatus,2009,754,2.25801730155945,2.33454084396362,0.0765235424041748
Aegithalos concinnus,2009,953,15.9409122467041,16.6555194854736,0.714607238769531
Aegithalos fuliginosus,2009,138,9.91040992736816,10.6712741851807,0.7608642578125
Aerodramus brevirostris,2009,603,13.6866846084595,14.520453453064,0.833768844604492
Aethopyga christinae,2009,23,24.3484706878662,24.7420902252197,0.393619537353516
Aethopyga gouldiae,2009,956,11.0757522583008,11.9564380645752,0.880685806274414
Agropsar sturninus,2009,1131,4.8556547164917,5.21338033676148,0.357725620269775
Aix galericulata,2009,422,3.75636386871338,3.82268667221069,0.0663228034973145
Alauda gulgula,2009,1994,9.42479801177979,10.3069229125977,0.882124900817871
Alaudala cheleensis,2009,2390,5.02381753921509,5.81387519836426,0.79005765914917
Alcedo hercules,2009,141,19.7236499786377,20.4999771118164,0.776327133178711
Alcippe morrisonia,2009,975,16.4001846313477,17.0793800354004,0.679195404052734
Amaurornis phoenicurus,2009,1130,16.0147972106934,16.7206325531006,0.705835342407227
Anastomus oscitans,2009,315,16.1227264404297,16.9741706848145,0.851444244384766
Anser anser,2009,936,2.59998202323914,2.95581579208374,0.355833768844605
Anser fabalis,2009,359,-0.232263207435608,-0.325987070798874,-0.093723863363266
Anser indicus,2009,441,0.791138470172882,1.88768148422241,1.09654301404953
Anthus godlewskii,2009,157,1.22606432437897,1.47273397445679,0.24666965007782
Anthus gustavi,2009,66,2.94458818435669,3.00743198394775,0.0628437995910645
Anthus richardi,2009,2788,8.37556171417236,8.95656967163086,0.581007957458496
Anthus roseatus,2009,1911,3.55629634857178,4.59546184539795,1.03916549682617
Anthus trivialis,2009,126,1.94549369812012,2.70589756965637,0.760403871536255
Aquila fasciata,2009,300,19.3407211303711,19.7910289764404,0.450307846069336
Aquila heliaca,2009,183,0.794729292392731,1.16734933853149,0.372620046138763
Ardea intermedia,2009,806,16.9554290771484,17.6374607086182,0.682031631469727
Ardea purpurea,2009,1542,13.773362159729,14.3083438873291,0.534981727600098
Ardenna pacifica,2009,90,21.6581630706787,22.0590648651123,0.400901794433594
Artamus fuscus,2009,275,20.3747119903564,21.0156745910645,0.640962600708008
Asio flammeus,2009,498,0.647581040859222,0.860528767108917,0.212947726249695
Athene noctua,2009,3280,3.76510715484619,4.58181047439575,0.816703319549561
Aviceda jerdoni,2009,64,20.8588600158691,21.7052135467529,0.846353530883789
Aviceda leuphotes,2009,784,15.98646068573,16.6662940979004,0.67983341217041
Aythya fuligula,2009,613,0.912497222423553,0.954058229923248,0.0415610074996948
Aythya nyroca,2009,348,3.64787364006043,4.43429040908814,0.78641676902771
Bombycilla japonica,2009,93,-2.70986938476563,-2.88614773750305,-0.176278352737427
Branta canadensis,2009,19,7.6150541305542,8.15805912017822,0.543004989624023
Bubo nipalensis,2009,362,11.4124135971069,12.4471225738525,1.03470897674561
Bucanetes mongolicus,2009,731,5.15714693069458,6.02150964736939,0.864362716674805
Butastur indicus,2009,481,4.17492294311523,4.26545763015747,0.0905346870422363
Cacomantis merulinus,2009,411,19.2106418609619,19.8795795440674,0.668937683105469
Calandrella brachydactyla,2009,400,5.59619903564453,6.38609886169434,0.789899826049805
Calliope obscura,2009,74,8.60147857666016,9.37720966339111,0.775731086730957
Caprimulgus macrurus,2009,78,21.0046348571777,21.8063659667969,0.801731109619141
Carpodacus roborowskii,2009,101,-4.03297138214111,-2.88986968994141,1.14310169219971
Carpodacus vinaceus,2009,535,13.1980676651001,13.9888486862183,0.790781021118164
Cecropis daurica,2009,2623,9.16229629516602,9.78706359863281,0.624767303466797
Centropus bengalensis,2009,607,18.6197357177734,19.2142906188965,0.594554901123047
Cephalopyrus flammiceps,2009,98,11.278489112854,12.2757520675659,0.997262954711914
Certhia familiaris,2009,1518,4.10910701751709,4.59966230392456,0.490555286407471
Certhia himalayana,2009,210,9.42436599731445,10.409029006958,0.984663009643555
Certhia tianquanensis,2009,46,8.03892517089844,8.64462280273438,0.605697631835938
Ceryle rudis,2009,762,17.6190166473389,18.3003253936768,0.681308746337891
Cettia brunnifrons,2009,409,9.04499340057373,10.0062675476074,0.961274147033691
Cettia castaneocoronata,2009,502,12.0057926177979,12.9309673309326,0.925174713134766
Chalcophaps indica,2009,288,20.4205284118652,21.0625228881836,0.641994476318359
Charadrius atrifrons,2009,1360,-0.0825315490365028,1.07038187980652,1.15291342884302
Charadrius dealbatus,2009,82,22.3581027984619,22.7386569976807,0.38055419921875
Charadrius placidus,2009,860,6.81603288650513,7.17653942108154,0.360506534576416
Charadrius veredus,2009,147,1.37415206432343,1.69683313369751,0.322681069374084
Chlidonias leucopterus,2009,1115,3.61852622032166,3.95119309425354,0.332666873931885
Chlidonias niger,2009,65,2.81934809684753,3.49168705940247,0.672338962554932
Chloris ambigua,2009,297,13.6298961639404,14.6377258300781,1.0078296661377
Chloris sinica,2009,2177,10.1043548583984,10.6531801223755,0.548825263977051
Chrysolophus pictus,2009,410,12.3430995941162,13.043529510498,0.700429916381836
Ciconia boyciana,2009,141,3.75946140289307,3.82407689094543,0.0646154880523682
Ciconia nigra,2009,2186,5.71650981903076,6.31594657897949,0.599436759948731
Circaetus gallicus,2009,228,6.13989019393921,6.86741542816162,0.727525234222412
Circus macrourus,2009,154,2.22476196289063,2.93520021438599,0.710438251495361
Circus spilonotus,2009,631,1.43180251121521,1.47447156906128,0.0426690578460693
Cisticola exilis,2009,521,18.3237705230713,18.9704399108887,0.646669387817383
Cisticola juncidis,2009,1233,15.9261827468872,16.5738410949707,0.647658348083496
Clamator coromandus,2009,1069,16.5760765075684,17.2586097717285,0.682533264160156
Clanga clanga,2009,567,1.82915771007538,1.87299537658691,0.0438376665115356
Columba oenas,2009,147,1.89062237739563,2.78486180305481,0.89423942565918
Copsychus saularis,2009,1011,16.2842559814453,16.9687442779541,0.684488296508789
Coracias garrulus,2009,83,1.71752464771271,2.58720445632935,0.869679808616638
Coturnicops exquisitus,2009,412,0.116188421845436,0.0430786162614822,-0.0731098055839539
Crex crex,2009,149,1.68861591815948,2.50887560844421,0.820259690284729
Crossoptilon mantchuricum,2009,64,7.99328136444092,8.79947185516357,0.806190490722656
Curruca curruca,2009,961,4.71596050262451,5.65930414199829,0.943343639373779
Cyanistes cyanus,2009,658,0.813704073429108,1.12320256233215,0.309498488903046
Cyanoderma pyrrhops,2009,3,11.5056676864624,12.8825187683105,1.37685108184814
Cygnus cygnus,2009,538,1.97667515277863,2.43232870101929,0.455653548240662
Cygnus olor,2009,250,2.81658434867859,3.67415452003479,0.857570171356201
Cyornis glaucicomans,2009,344,15.2155599594116,15.8501615524292,0.634601593017578
Cyornis hainanus,2009,199,21.3823966979981,21.8818264007568,0.499429702758789
Cyornis rubeculoides,2009,42,16.7205429077148,17.9028511047363,1.18230819702148
Delichon dasypus,2009,1040,7.09097099304199,7.92848300933838,0.837512016296387
Dendrocitta formosae,2009,933,17.1049575805664,17.7845420837402,0.679584503173828
Dendrocopos hyperythrus,2009,413,8.27587223052979,9.22801303863525,0.952140808105469
Dendrocygna javanica,2009,684,18.0148448944092,18.6712989807129,0.656454086303711
Dicaeum cruentatum,2009,519,18.7793598175049,19.374698638916,0.595338821411133
Dicaeum ignipectus,2009,1035,15.6106557846069,16.3155975341797,0.704941749572754
Dicaeum minullum,2009,835,14.767373085022,15.4943084716797,0.726935386657715
Dicrurus annectens,2009,164,19.7741985321045,20.6176280975342,0.843429565429688
Dicrurus hottentottus,2009,1277,14.8924055099487,15.6253757476807,0.732970237731934
Dicrurus remifer,2009,201,17.4981899261475,18.4559650421143,0.957775115966797
Egretta eulophotes,2009,19,9.63973045349121,10.0902290344238,0.450498580932617
Egretta garzetta,2009,1670,12.7392654418945,13.5428991317749,0.803633689880371
Elachura formosa,2009,245,15.8722858428955,16.7640705108643,0.89178466796875
Elanus caeruleus,2009,97,20.0274238586426,20.4750156402588,0.447591781616211
Emberiza buchanani,2009,164,0.845942556858063,1.58813416957855,0.74219161272049
Emberiza citrinella,2009,45,1.24440145492554,1.68033480644226,0.435933351516724
Emberiza elegans,2009,1059,8.75524711608887,9.13234424591064,0.377097129821777
Emberiza godlewskii,2009,2040,4.47789907455444,5.23434400558472,0.756444931030273
Emberiza hortulana,2009,93,3.53125858306885,4.00527811050415,0.474019527435303
Emberiza leucocephalos,2009,716,0.0190331656485796,0.406826764345169,0.387793598696589
Emberiza pallasi,2009,141,-2.66091752052307,-2.76888513565064,-0.107967615127563
Emberiza pusilla,2009,208,2.53732514381409,2.55331444740295,0.0159893035888672
Emberiza rustica,2009,3,-4.41251945495605,-4.06521987915039,0.347299575805664
Emberiza siemsseni,2009,79,10.0293006896973,10.7947645187378,0.765463829040527
Emberiza yessoensis,2009,46,2.82388091087341,2.84136366844177,0.0174827575683594
Enicurus leschenaulti,2009,1155,14.9616861343384,15.6840400695801,0.722353935241699
Enicurus maculatus,2009,490,17.4008846282959,18.115514755249,0.714630126953125
Enicurus schistaceus,2009,598,17.1719207763672,17.8215446472168,0.649623870849609
Erpornis zantholeuca,2009,529,17.9002780914307,18.5562515258789,0.655973434448242
Erythrogenys hypoleucos,2009,50,19.9029903411865,20.6779956817627,0.775005340576172
Eudynamys scolopaceus,2009,1083,16.3084487915039,17.0000877380371,0.691638946533203
Eumyias thalassinus,2009,737,14.3080358505249,15.0778207778931,0.769784927368164
Falco cherrug,2009,2075,2.70873928070068,3.70097541809082,0.992236137390137
Falco severus,2009,359,17.7754745483398,18.5718307495117,0.796356201171875
Ficedula albicilla,2009,89,-2.38578534126282,-2.55790257453918,-0.172117233276367
Ficedula elisae,2009,152,7.47436904907227,8.1231803894043,0.648811340332031
Ficedula erithacus,2009,610,7.43311548233032,8.44006824493408,1.00695276260376
Ficedula hyperythra,2009,472,16.0033531188965,16.800594329834,0.7972412109375
Ficedula mugimaki,2009,678,2.3159077167511,2.35274267196655,0.0368349552154541
Ficedula strophiata,2009,621,13.0205202102661,13.8303050994873,0.809784889221191
Ficedula superciliaris,2009,331,5.17182588577271,6.30135107040405,1.12952518463135
Ficedula tricolor,2009,560,11.7169189453125,12.5890884399414,0.872169494628906
Fringilla coelebs,2009,6,-3.64196300506592,-3.28988695144653,0.352076053619385
Fringilla montifringilla,2009,23,-2.54210829734802,-2.12869143486023,0.413416862487793
Galerida cristata,2009,1619,6.56866264343262,7.31795310974121,0.749290466308594
Gallicrex cinerea,2009,1658,13.8156538009644,14.4501399993896,0.634486198425293
Garrulax canorus,2009,757,17.0413055419922,17.6545524597168,0.613246917724609
Garrulax maesi,2009,302,17.0664443969727,17.646764755249,0.580320358276367
Garrulax monileger,2009,463,19.1697063446045,19.7296142578125,0.559907913208008
Gavia arctica,2009,163,2.2326762676239,2.73793816566467,0.505261898040772
Gelochelidon nilotica,2009,554,7.68231201171875,8.24007606506348,0.557764053344727
Geokichla citrina,2009,505,17.6489105224609,18.3182601928711,0.669349670410156
Glaucidium cuculoides,2009,1012,16.7492389678955,17.4241676330566,0.674928665161133
Gorsachius melanolophus,2009,105,21.6351413726807,22.1469326019287,0.511791229248047
Gracupica nigricollis,2009,510,17.9595203399658,18.6048259735107,0.645305633544922
Grandala coelicolor,2009,621,0.189435198903084,1.31298816204071,1.12355296313763
Grus japonensis,2009,76,2.61315250396729,2.61595392227173,0.00280141830444336
Grus monacha,2009,21,-0.20156466960907,-0.360624134540558,-0.159059464931488
Grus nigricollis,2009,407,-2.81143999099731,-1.61322844028473,1.19821155071259
Gypaetus barbatus,2009,1655,0.90612781047821,1.99993705749512,1.09380924701691
Gyps himalayensis,2009,1392,1.23260295391083,2.30776643753052,1.07516348361969
Halcyon coromanda,2009,131,9.25574684143066,9.72363567352295,0.467888832092285
Halcyon pileata,2009,1245,13.7531538009644,14.455246925354,0.702093124389648
Halcyon smyrnensis,2009,182,21.6887283325195,22.0733184814453,0.384590148925781
Haliaeetus leucoryphus,2009,34,14.0554161071777,15.1754236221313,1.12000751495361
Harpactes wardi,2009,78,8.85727214813232,10.0817413330078,1.22446918487549
Helopsaltes certhiola,2009,1617,4.47727870941162,5.10001564025879,0.622736930847168
Helopsaltes pryeri,2009,166,6.73794746398926,6.96137857437134,0.22343111038208
Hemiprocne coronata,2009,103,16.7578430175781,17.8864650726318,1.12862205505371
Hemitesia pallidipes,2009,155,16.8176536560059,17.8352508544922,1.01759719848633
Hemixos castanonotus,2009,373,19.1924209594727,19.6562824249268,0.463861465454102
Heterophasia desgodinsi,2009,283,15.513069152832,16.2847995758057,0.771730422973633
Heteroxenicus stellatus,2009,104,10.5467109680176,11.6571054458618,1.11039447784424
Hieraaetus pennatus,2009,137,-1.33781504631042,-1.06558763980865,0.27222740650177
Hierococcyx nisicolor,2009,639,17.0438480377197,17.7411708831787,0.697322845458984
Hirundapus caudacutus,2009,1023,3.56975531578064,4.04276371002197,0.473008394241333
Hirundo rustica,2009,4116,6.53853988647461,7.31479978561401,0.776259899139404
Histrionicus histrionicus,2009,83,2.51139283180237,2.52089595794678,0.00950312614440918
Hydrocoloeus minutus,2009,48,8.87618541717529,9.52781391143799,0.651628494262695
Hydrophasianus chirurgus,2009,865,17.0730152130127,17.7497882843018,0.676773071289063
Hydroprogne caspia,2009,298,13.7203493118286,14.3214492797852,0.601099967956543
Hypothymis azurea,2009,513,17.3541965484619,18.0681896209717,0.713993072509766
Hypsipetes leucocephalus,2009,1126,15.1517972946167,15.8856019973755,0.733804702758789
Ianthocincla lunulata,2009,135,10.4669580459595,11.2797508239746,0.812792778015137
Ibidorhyncha struthersii,2009,1706,2.63580417633057,3.66585850715637,1.03005433082581
Ictinaetus malaiensis,2009,101,17.802188873291,18.355806350708,0.553617477416992
Iduna caligata,2009,61,2.13780975341797,2.56631922721863,0.428509473800659
Indicator xanthonotus,2009,48,12.2993488311768,13.5275650024414,1.22821617126465
Ixobrychus cinnamomeus,2009,1390,15.337140083313,16.004322052002,0.667181968688965
Ixobrychus eurhythmus,2009,1430,9.70042896270752,10.0827503204346,0.382321357727051
Ixobrychus minutus,2009,183,3.59522795677185,4.39836406707764,0.803136110305786
Ixos mcclellandii,2009,697,17.6051921844482,18.2566986083984,0.651506423950195
Ketupa flavipes,2009,920,17.0898551940918,17.7276859283447,0.63783073425293
Lalage melaschistos,2009,1331,14.7237720489502,15.4626264572144,0.73885440826416
Lanius borealis,2009,248,1.18080830574036,1.51485133171082,0.334043025970459
Lanius collurioides,2009,302,18.6856880187988,19.3988971710205,0.71320915222168
Lanius isabellinus,2009,1437,4.29488563537598,5.16352128982544,0.868635654449463
Lanius schach,2009,1339,14.2475595474243,15.0007600784302,0.753200531005859
Lanius sphenocercus,2009,817,3.8520245552063,4.19050216674805,0.338477611541748
Lanius tephronotus,2009,638,4.51975870132446,5.50655794143677,0.986799240112305
Larus crassirostris,2009,78,15.5089054107666,16.057544708252,0.548639297485352
Larvivora brunnea,2009,325,6.83418989181519,7.83334445953369,0.999154567718506
Larvivora cyane,2009,504,1.02699601650238,1.01023077964783,-0.0167652368545532
Leptopoecile elegans,2009,464,1.16251695156097,2.19500875473022,1.03249180316925
Leptoptilos javanicus,2009,193,17.0435619354248,17.9965229034424,0.952960968017578
Limnodromus semipalmatus,2009,293,0.636016726493835,0.59752631187439,-0.0384904146194458
Limosa limosa,2009,390,1.07777690887451,1.26071131229401,0.182934403419495
Linaria cannabina,2009,164,3.81024098396301,4.45182228088379,0.641581296920776
Locustella davidi,2009,377,1.02113199234009,0.98912525177002,-0.0320067405700684
Locustella mandelli,2009,546,16.9194431304932,17.5709266662598,0.651483535766602
Lonchura striata,2009,766,18.0601272583008,18.6636905670166,0.60356330871582
Lophotriorchis kienerii,2009,55,21.8129367828369,22.5356731414795,0.722736358642578
Lophura leucomelanos,2009,150,10.5427417755127,11.7592306137085,1.2164888381958
Lophura nycthemera,2009,260,18.5232791900635,19.2485885620117,0.725309371948242
Loxia curvirostra,2009,1375,1.54966580867767,2.08561110496521,0.535945296287537
Macropygia unchall,2009,594,16.1906127929688,16.8939247131348,0.703311920166016
Mareca falcata,2009,366,-0.290807813405991,-0.379887968301773,-0.0890801548957825
Megaceryle lugubris,2009,1428,15.1732769012451,15.8602228164673,0.686945915222168
Melanitta fusca,2009,7,0.868973076343536,1.15339112281799,0.284418046474457
Melanitta stejnegeri,2009,45,-4.25272130966187,-4.50501155853272,-0.25229024887085
Melanochlora sultanea,2009,155,18.2084312438965,19.0289096832275,0.820478439331055
Mergus serrator,2009,251,1.3321053981781,1.3044627904892,-0.0276426076889038
Merops philippinus,2009,293,18.3080310821533,19.1298542022705,0.821823120117188
Mixornis gularis,2009,159,16.6837577819824,17.7539958953857,1.07023811340332
Monticola gularis,2009,646,2.43376898765564,2.4853413105011,0.051572322845459
Monticola rufiventris,2009,869,15.3018579483032,16.03098487854,0.729126930236816
Monticola solitarius,2009,2043,10.853741645813,11.4947366714478,0.640995025634766
Motacilla citreola,2009,2159,2.20297122001648,3.18203020095825,0.979058980941772
Moupinia poecilotis,2009,145,6.02350807189941,6.94716024398804,0.923652172088623
Muscicapa dauurica,2009,671,1.70671880245209,1.72839391231537,0.0216751098632813
Muscicapa ferruginea,2009,600,12.596305847168,13.4358863830566,0.839580535888672
Muscicapa muttui,2009,305,16.68186378479,17.3427734375,0.660909652709961
Mycerobas affinis,2009,417,4.74256801605225,5.86314725875855,1.1205792427063
Mycerobas carnipes,2009,1012,2.43280649185181,3.46704745292664,1.03424096107483
Myiomela leucura,2009,672,15.003249168396,15.7737283706665,0.770479202270508
Myophonus caeruleus,2009,1550,12.4764938354492,13.2612733840942,0.78477954864502
Netta rufina,2009,395,4.57272863388062,5.33927297592163,0.766544342041016
Niltava davidi,2009,684,16.3860206604004,17.040641784668,0.654621124267578
Niltava grandis,2009,139,15.5507926940918,16.6719551086426,1.12116241455078
Niltava macgrigoriae,2009,278,17.1179103851318,18.0142555236816,0.896345138549805
Niltava sundara,2009,761,11.4049816131592,12.2850847244263,0.88010311126709
Ninox japonica,2009,1327,11.1691026687622,11.6535835266113,0.484480857849121
Nipponia nippon,2009,3,13.224778175354,13.9249181747437,0.700139999389648
Nisaetus nipalensis,2009,501,16.0050029754639,16.7817211151123,0.776718139648438
Numenius madagascariensis,2009,197,0.840074002742767,0.795481741428375,-0.0445922613143921
Nycticorax nycticorax,2009,1539,14.4904012680054,15.1195125579834,0.629111289978027
Oenanthe deserti,2009,1737,2.79329204559326,3.85651683807373,1.06322479248047
Oenanthe oenanthe,2009,1019,4.16478967666626,4.83647394180298,0.671684265136719
Onychoprion anaethetus,2009,31,20.9556827545166,21.5205841064453,0.564901351928711
Oriolus oriolus,2009,192,3.03185987472534,3.72105836868286,0.68919849395752
Otus lettia,2009,878,17.5054512023926,18.1503562927246,0.644905090332031
Otus semitorques,2009,542,7.6100811958313,8.04159832000732,0.431517124176025
Otus spilocephalus,2009,561,16.5144157409668,17.2189178466797,0.704502105712891
Oxyura leucocephala,2009,149,5.72699737548828,6.57432174682617,0.847324371337891
Panurus biarmicus,2009,1831,4.12009954452515,4.8980917930603,0.777992248535156
Paradoxornis guttaticollis,2009,448,16.6616554260254,17.3186893463135,0.657033920288086
Paradoxornis heudei,2009,323,12.1314287185669,12.6808767318726,0.549448013305664
Parayuhina diademata,2009,471,13.0819683074951,13.9071836471558,0.825215339660645
Pardaliparus venustulus,2009,704,13.5442533493042,14.2273836135864,0.683130264282227
Parus monticolus,2009,628,12.7628221511841,13.5662155151367,0.803393363952637
Passer cinnamomeus,2009,1562,12.8010911941528,13.5841608047485,0.783069610595703
Passer domesticus,2009,750,0.82120680809021,1.28135585784912,0.460149049758911
Passer hispaniolensis,2009,153,4.25698804855347,5.03658533096314,0.779597282409668
Pelecanus crispus,2009,151,0.737479865550995,1.67161655426025,0.934136688709259
Pellorneum tickelli,2009,96,18.7574138641357,19.6980838775635,0.940670013427734
Perdix hodgsoniae,2009,460,-1.68631982803345,-0.452215671539307,1.23410415649414
Pericrocotus cantonensis,2009,816,16.4538898468018,17.0794448852539,0.625555038452148
Pericrocotus divaricatus,2009,132,2.67148590087891,2.71748518943787,0.04599928855896
Pericrocotus ethologus,2009,1120,10.0661602020264,10.9346866607666,0.868526458740234
Pericrocotus solaris,2009,630,17.9055347442627,18.5597820281982,0.654247283935547
Periparus rubidiventris,2009,406,1.0057018995285,2.09041023254395,1.08470833301544
Pernis ptilorhynchus,2009,832,3.53393316268921,3.79294896125793,0.259015798568726
Phasianus colchicus,2009,2329,8.38204383850098,8.91195678710938,0.529912948608398
Phoenicurus erythronotus,2009,302,4.4462628364563,5.22010946273804,0.773846626281738
Phoenicurus frontalis,2009,923,4.79591703414917,5.7841067314148,0.988189697265625
Phoenicurus leucocephalus,2009,1426,7.7376446723938,8.66358470916748,0.925940036773682
Phoenicurus ochruros,2009,2263,3.26384401321411,4.32208871841431,1.0582447052002
Phoenicurus schisticeps,2009,406,3.07463383674622,4.15561676025391,1.08098292350769
Phylloscopus affinis,2009,666,5.29091310501099,6.29295110702515,1.00203800201416
Phylloscopus burkii,2009,33,2.90200233459473,4.14133214950562,1.23932981491089
Phylloscopus cantator,2009,105,15.6603422164917,16.731861114502,1.07151889801025
Phylloscopus castaniceps,2009,632,16.0546073913574,16.8103008270264,0.755693435668945
Phylloscopus claudiae,2009,522,9.88924694061279,10.6617383956909,0.772491455078125
Phylloscopus coronatus,2009,414,6.72929191589356,6.95585346221924,0.226561546325684
Phylloscopus emeiensis,2009,22,12.370792388916,13.0249271392822,0.654134750366211
Phylloscopus intermedius,2009,134,14.0922756195068,14.8769340515137,0.784658432006836
Phylloscopus magnirostris,2009,214,6.5604043006897,7.53035926818848,0.969954967498779
Phylloscopus ogilviegranti,2009,381,17.7375507354736,18.3931941986084,0.655643463134766
Phylloscopus omeiensis,2009,138,10.2660341262817,11.0309801101685,0.764945983886719
Phylloscopus pulcher,2009,413,7.9857611656189,8.98273086547852,0.996969699859619
Phylloscopus ricketti,2009,676,15.3157758712769,15.9765119552612,0.660736083984375
Phylloscopus soror,2009,245,13.625864982605,14.3111143112183,0.685249328613281
Phylloscopus subaffinis,2009,1013,11.5190992355347,12.2923698425293,0.773270606994629
Phylloscopus tenellipes,2009,259,4.56703424453735,4.68361043930054,0.116576194763184
Phylloscopus tephrocephalus,2009,281,12.0046453475952,12.8589019775391,0.854256629943848
Phylloscopus yunnanensis,2009,215,8.02978324890137,8.7766580581665,0.746874809265137
Picumnus innominatus,2009,1093,15.3501920700073,16.0712127685547,0.721020698547363
Picus chlorolophus,2009,236,18.3902645111084,19.1995735168457,0.809309005737305
Pitta nympha,2009,314,17.3351917266846,17.9273014068604,0.592109680175781
Platalea minor,2009,6,9.52713203430176,10.0023899078369,0.475257873535156
Pnoepyga immaculata,2009,5,5.88570213317871,7.32352685928345,1.43782472610474
Podiceps auritus,2009,229,0.136366680264473,0.674531519412994,0.538164839148521
Podiceps grisegena,2009,136,1.74304449558258,1.87501323223114,0.13196873664856
Podiceps nigricollis,2009,481,3.37681865692139,3.63702726364136,0.260208606719971
Podoces biddulphi,2009,276,11.4326000213623,12.4850034713745,1.05240345001221
Pomatorhinus schisticeps,2009,30,17.0419483184814,18.2319679260254,1.19001960754395
Pomatorhinus superciliaris,2009,107,15.5741310119629,16.6817569732666,1.10762596130371
Prinia atrogularis,2009,41,13.7463512420654,14.9690055847168,1.22265434265137
Prinia flaviventris,2009,82,19.0294494628906,20.0480117797852,1.01856231689453
Prinia inornata,2009,815,17.7829418182373,18.3891868591309,0.606245040893555
Prunella collaris,2009,2078,0.881721675395966,1.75065648555756,0.868934810161591
Prunella himalayana,2009,208,-0.780707001686096,0.0600085817277432,0.840715583413839
Prunella immaculata,2009,328,2.3754723072052,3.48516893386841,1.10969662666321
Prunella montanella,2009,35,-4.01745891571045,-4.09484672546387,-0.077387809753418
Prunella strophiata,2009,581,4.8185076713562,5.79957294464111,0.981065273284912
Psarisomus dalhousiae,2009,108,17.168399810791,18.2278842926025,1.05948448181152
Pseudopodoces humilis,2009,999,-2.24323654174805,-1.04009461402893,1.20314192771912
Psilopogon faber,2009,43,19.2454166412354,19.8004131317139,0.554996490478516
Psilopogon virens,2009,727,16.4328498840332,17.1445465087891,0.711696624755859
Pterorhinus berthemyi,2009,335,15.9220361709595,16.5351963043213,0.613160133361816
Pterorhinus lanceolatus,2009,830,14.0311040878296,14.7545948028564,0.723490715026856
Pterorhinus pectoralis,2009,584,16.4923286437988,17.1571235656738,0.664794921875
Pterorhinus sannio,2009,723,16.5131092071533,17.1845836639404,0.671474456787109
Pteruthius rufiventer,2009,90,13.7090368270874,14.8741044998169,1.16506767272949
Pteruthius xanthochlorus,2009,307,10.3232049942017,11.303297996521,0.980093002319336
Ptyonoprogne rupestris,2009,1954,5.37436962127686,6.30916404724121,0.934794425964355
Pycnonotus aurigaster,2009,572,17.6714363098145,18.3293914794922,0.657955169677734
Pycnonotus jocosus,2009,415,18.2223873138428,18.9441089630127,0.721721649169922
Pycnonotus sinensis,2009,1342,15.0544948577881,15.6942977905273,0.639802932739258
Pycnonotus xanthorrhous,2009,700,14.8906507492065,15.6369390487671,0.746288299560547
Pyrrhula erythaca,2009,897,8.99915409088135,9.8940258026123,0.894871711730957
Pyrrhula nipalensis,2009,747,14.819185256958,15.5718336105347,0.75264835357666
Rallina eurizonoides,2009,152,20.1719455718994,20.9694347381592,0.797489166259766
Rallus aquaticus,2009,1224,2.42764139175415,3.51927757263184,1.09163618087769
Recurvirostra avosetta,2009,698,1.33939504623413,1.53210580348969,0.192710757255554
Regulus regulus,2009,930,7.1307168006897,7.92291116714478,0.792194366455078
Remiz consobrinus,2009,558,3.35002541542053,3.50432014465332,0.154294729232788
Remiz coronatus,2009,191,2.46915340423584,3.075439453125,0.60628604888916
Rhodospiza obsoleta,2009,720,5.24223470687866,6.15076875686646,0.908534049987793
Riparia riparia,2009,784,2.64866471290588,2.82677865028381,0.17811393737793
Rubigula flaviventris,2009,174,18.7557125091553,19.6466751098633,0.890962600708008
Sasia ochracea,2009,132,19.0419464111328,19.931224822998,0.889278411865234
Saxicola ferreus,2009,1085,14.6986656188965,15.4463262557983,0.747660636901856
Sitta cinnamoventris,2009,123,17.082124710083,18.133279800415,1.05115509033203
Sitta formosa,2009,141,15.951807975769,17.055233001709,1.10342502593994
Sitta villosa,2009,798,6.09239196777344,6.76898145675659,0.676589488983154
Sittiparus varius,2009,82,5.76430416107178,5.96155595779419,0.197251796722412
Spilopelia chinensis,2009,1413,14.8436107635498,15.5565032958984,0.712892532348633
Spilopelia senegalensis,2009,168,3.82531929016113,4.72969770431519,0.904378414154053
Spilornis cheela,2009,652,17.436824798584,18.1367225646973,0.699897766113281
Spinus spinus,2009,295,-0.596706986427307,-0.695958197116852,-0.0992512106895447
Spizixos semitorques,2009,944,16.026798248291,16.6664123535156,0.639614105224609
Spodiopsar cineraceus,2009,1439,4.32776212692261,4.79546785354614,0.467705726623535
Spodiopsar sericeus,2009,692,17.4629497528076,18.0410404205322,0.578090667724609
Stachyris humei,2009,39,13.5445995330811,14.7291698455811,1.1845703125
Staphida torqueola,2009,740,17.3425159454346,17.9650840759277,0.622568130493164
Streptopelia decaocto,2009,1819,7.51734828948975,8.35656070709229,0.839212417602539
Sturnia sinensis,2009,305,19.1309833526611,19.6109218597412,0.479938507080078
Sturnus vulgaris,2009,253,4.91895532608032,5.65751695632935,0.738561630249023
Suthora fulvifrons,2009,136,9.14953327178955,10.1016092300415,0.952075958251953
Syrmaticus humiae,2009,108,16.9307231903076,17.9699649810791,1.03924179077148
Syrmaticus reevesii,2009,256,14.2624092102051,14.9020586013794,0.639649391174316
Syrrhaptes paradoxus,2009,1270,4.20923328399658,4.74604606628418,0.536812782287598
Tarsiger chrysaeus,2009,217,7.12873888015747,8.20941257476807,1.0806736946106
Tarsiger indicus,2009,276,9.35574531555176,10.426947593689,1.07120227813721
Temnurus temnurus,2009,38,23.8245315551758,24.246561050415,0.422029495239258
Tephrodornis virgatus,2009,421,19.5108184814453,19.9975852966309,0.486766815185547
Thalasseus bergii,2009,240,22.2157859802246,22.6049327850342,0.38914680480957
Timalia pileata,2009,263,19.225227355957,19.9025459289551,0.677318572998047
Tragopan caboti,2009,186,18.5082702636719,18.9225559234619,0.414285659790039
Tragopan temminckii,2009,529,12.6361389160156,13.4347629547119,0.798624038696289
Treron curvirostra,2009,162,18.7455444335938,19.6776580810547,0.932113647460938
Treron sieboldii,2009,645,17.8530445098877,18.4340229034424,0.580978393554688
Treron sphenurus,2009,294,14.4787168502808,15.4512004852295,0.97248363494873
Turdus boulboul,2009,220,17.376407623291,18.2769565582275,0.900548934936523
Turdus cardis,2009,169,15.0351343154907,15.7300872802734,0.694952964782715
Turdus feae,2009,117,7.37936782836914,8.07816219329834,0.698794364929199
Turdus mandarinus,2009,1032,14.7816362380981,15.4697217941284,0.688085556030273
Turdus pilaris,2009,220,-1.74795424938202,-1.78049838542938,-0.0325441360473633
Turdus rubrocanus,2009,541,5.81288194656372,6.76064682006836,0.947764873504639
Turdus ruficollis,2009,159,2.9576096534729,3.75814938545227,0.80053973197937
Turdus viscivorus,2009,422,4.64524841308594,5.42717838287354,0.781929969787598
Turnix suscitator,2009,455,17.9373970031738,18.6833343505859,0.745937347412109
Tyto longimembris,2009,685,17.7860012054443,18.3622875213623,0.576286315917969
Urile pelagicus,2009,10,10.4286890029907,10.9063606262207,0.477671623229981
Urosphena squameiceps,2009,112,3.62927651405334,3.76655912399292,0.137282609939575
Vanellus cinereus,2009,279,3.7433602809906,3.79089307785034,0.0475327968597412
Vanellus indicus,2009,87,17.6243762969971,18.7236366271973,1.0992603302002
Vanellus vanellus,2009,1111,2.88630080223084,3.20059037208557,0.314289569854736
Yuhina nigrimenta,2009,669,15.0526151657105,15.7889728546143,0.736357688903809
Zoothera dixoni,2009,349,11.1787948608398,12.1978149414063,1.01902008056641
Zoothera mollissima,2009,155,2.83340001106262,3.95533180236816,1.12193179130554
Zoothera monticola,2009,41,12.9189081192017,14.0536403656006,1.13473224639893
Zosterops erythropleurus,2009,328,4.62363433837891,4.73466539382935,0.111031055450439
Abroscopus albogularis,2010,562,17.4008522033691,17.7661437988281,0.365291595458984
Accipiter gularis,2010,697,2.65403866767883,2.35613942146301,-0.29789924621582
Accipiter soloensis,2010,942,14.6539878845215,14.8352212905884,0.181233406066895
Accipiter trivirgatus,2010,174,20.6737785339356,21.348970413208,0.675191879272461
Accipiter virgatus,2010,846,15.1853485107422,15.7132654190063,0.52791690826416
Acridotheres cristatellus,2010,1081,16.3418083190918,16.7926750183105,0.45086669921875
Acridotheres tristis,2010,284,13.0754556655884,14.0745029449463,0.99904727935791
Acrocephalus agricola,2010,581,6.84485864639282,7.49606132507324,0.65120267868042
Acrocephalus bistrigiceps,2010,1280,6.68613195419312,6.67484998703003,-0.0112819671630859
Acrocephalus concinens,2010,766,13.3816928863525,13.7820291519165,0.400336265563965
Acrocephalus orientalis,2010,1446,7.09092283248901,7.09832096099854,0.00739812850952148
Acrocephalus tangorum,2010,171,4.11876344680786,3.8312885761261,-0.287474870681763
Aegithalos bonvaloti,2010,106,7.6470046043396,8.63511180877686,0.988107204437256
Aegithalos caudatus,2010,754,2.25801730155945,1.98061239719391,-0.27740490436554
Aegithalos concinnus,2010,953,15.9409122467041,16.4235286712647,0.482616424560547
Aegithalos fuliginosus,2010,138,9.91040992736816,10.461109161377,0.550699234008789
Aerodramus brevirostris,2010,603,13.6866846084595,14.3471555709839,0.660470962524414
Aethopyga christinae,2010,23,24.3484706878662,24.568151473999,0.219680786132813
Aethopyga gouldiae,2010,956,11.0757522583008,11.7739286422729,0.698176383972168
Agropsar sturninus,2010,1131,4.8556547164917,4.86243963241577,0.00678491592407227
Aix galericulata,2010,422,3.75636386871338,3.53765296936035,-0.218710899353027
Alauda gulgula,2010,1994,9.42479801177979,10.1333112716675,0.708513259887695
Alaudala cheleensis,2010,2390,5.02381753921509,5.50819969177246,0.484382152557373
Alcedo hercules,2010,141,19.7236499786377,20.4510040283203,0.727354049682617
Alcippe morrisonia,2010,975,16.4001846313477,16.8431205749512,0.442935943603516
Amaurornis phoenicurus,2010,1130,16.0147972106934,16.4843769073486,0.469579696655273
Anastomus oscitans,2010,315,16.1227264404297,16.9118270874023,0.789100646972656
Anser anser,2010,936,2.59998202323914,2.60550379753113,0.00552177429199219
Anser fabalis,2010,359,-0.232263207435608,-0.540814459323883,-0.308551251888275
Anser indicus,2010,441,0.791138470172882,1.80800831317902,1.01686984300613
Anthus godlewskii,2010,157,1.22606432437897,0.733377933502197,-0.49268639087677
Anthus gustavi,2010,66,2.94458818435669,3.0261082649231,0.0815200805664063
Anthus richardi,2010,2788,8.37556171417236,8.61069393157959,0.235132217407227
Anthus roseatus,2010,1911,3.55629634857178,4.47767210006714,0.921375751495361
Anthus trivialis,2010,126,1.94549369812012,2.39481782913208,0.449324131011963
Aquila fasciata,2010,300,19.3407211303711,19.5024929046631,0.161771774291992
Aquila heliaca,2010,183,0.794729292392731,0.830898225307465,0.0361689329147339
Ardea intermedia,2010,806,16.9554290771484,17.3882389068604,0.432809829711914
Ardea purpurea,2010,1542,13.773362159729,13.9923477172852,0.218985557556152
Ardenna pacifica,2010,90,21.6581630706787,21.8107566833496,0.152593612670898
Artamus fuscus,2010,275,20.3747119903564,20.9187870025635,0.544075012207031
Asio flammeus,2010,498,0.647581040859222,0.568265080451965,-0.0793159604072571
Athene noctua,2010,3280,3.76510715484619,4.3334231376648,0.568315982818604
Aviceda jerdoni,2010,64,20.8588600158691,21.6504516601563,0.791591644287109
Aviceda leuphotes,2010,784,15.98646068573,16.463098526001,0.476637840270996
Aythya fuligula,2010,613,0.912497222423553,0.552441835403442,-0.360055387020111
Aythya nyroca,2010,348,3.64787364006043,3.9551944732666,0.307320833206177
Bombycilla japonica,2010,93,-2.70986938476563,-2.95843529701233,-0.248565912246704
Branta canadensis,2010,19,7.6150541305542,7.55311965942383,-0.0619344711303711
Bubo nipalensis,2010,362,11.4124135971069,12.3891630172729,0.976749420166016
Bucanetes mongolicus,2010,731,5.15714693069458,5.57900619506836,0.421859264373779
Butastur indicus,2010,481,4.17492294311523,3.91649341583252,-0.258429527282715
Cacomantis merulinus,2010,411,19.2106418609619,19.7543430328369,0.543701171875
Calandrella brachydactyla,2010,400,5.59619903564453,5.94987010955811,0.353671073913574
Calliope obscura,2010,74,8.60147857666016,9.16633319854736,0.564854621887207
Caprimulgus macrurus,2010,78,21.0046348571777,21.7898902893066,0.785255432128906
Carpodacus roborowskii,2010,101,-4.03297138214111,-2.90889596939087,1.12407541275024
Carpodacus vinaceus,2010,535,13.1980676651001,13.8535690307617,0.655501365661621
Cecropis daurica,2010,2623,9.16229629516602,9.52613925933838,0.363842964172363
Centropus bengalensis,2010,607,18.6197357177734,18.9753570556641,0.355621337890625
Cephalopyrus flammiceps,2010,98,11.278489112854,12.1086769104004,0.830187797546387
Certhia familiaris,2010,1518,4.10910701751709,4.25691986083984,0.147812843322754
Certhia himalayana,2010,210,9.42436599731445,10.2726097106934,0.848243713378906
Certhia tianquanensis,2010,46,8.03892517089844,8.4557991027832,0.416873931884766
Ceryle rudis,2010,762,17.6190166473389,18.0662956237793,0.44727897644043
Cettia brunnifrons,2010,409,9.04499340057373,9.82683086395264,0.781837463378906
Cettia castaneocoronata,2010,502,12.0057926177979,12.809024810791,0.803232192993164
Chalcophaps indica,2010,288,20.4205284118652,20.9642219543457,0.543693542480469
Charadrius atrifrons,2010,1360,-0.0825315490365028,0.970627069473267,1.05315861850977
Charadrius dealbatus,2010,82,22.3581027984619,22.5290184020996,0.170915603637695
Charadrius placidus,2010,860,6.81603288650513,6.84510183334351,0.0290689468383789
Charadrius veredus,2010,147,1.37415206432343,0.990751147270203,-0.383400917053223
Chlidonias leucopterus,2010,1115,3.61852622032166,3.51581740379334,-0.10270881652832
Chlidonias niger,2010,65,2.81934809684753,3.19703388214111,0.377685785293579
Chloris ambigua,2010,297,13.6298961639404,14.624059677124,0.994163513183594
Chloris sinica,2010,2177,10.1043548583984,10.3503646850586,0.246009826660156
Chrysolophus pictus,2010,410,12.3430995941162,12.7821292877197,0.439029693603516
Ciconia boyciana,2010,141,3.75946140289307,3.51966738700867,-0.239794015884399
Ciconia nigra,2010,2186,5.71650981903076,5.98321914672852,0.266709327697754
Circaetus gallicus,2010,228,6.13989019393921,6.35858392715454,0.218693733215332
Circus macrourus,2010,154,2.22476196289063,2.47158765792847,0.246825695037842
Circus spilonotus,2010,631,1.43180251121521,1.10746943950653,-0.324333071708679
Cisticola exilis,2010,521,18.3237705230713,18.7859382629395,0.462167739868164
Cisticola juncidis,2010,1233,15.9261827468872,16.2827587127686,0.356575965881348
Clamator coromandus,2010,1069,16.5760765075684,17.0067729949951,0.430696487426758
Clanga clanga,2010,567,1.82915771007538,1.58172750473022,-0.247430205345154
Columba oenas,2010,147,1.89062237739563,2.79078388214111,0.900161504745483
Copsychus saularis,2010,1011,16.2842559814453,16.7271766662598,0.442920684814453
Coracias garrulus,2010,83,1.71752464771271,2.53191256523132,0.814387917518616
Coturnicops exquisitus,2010,412,0.116188421845436,-0.20112107694149,-0.317309498786926
Crex crex,2010,149,1.68861591815948,2.34962844848633,0.661012530326843
Crossoptilon mantchuricum,2010,64,7.99328136444092,8.59222793579102,0.598946571350098
Curruca curruca,2010,961,4.71596050262451,5.44186449050903,0.725903987884522
Cyanistes cyanus,2010,658,0.813704073429108,0.916844069957733,0.103139996528625
Cyanoderma pyrrhops,2010,3,11.5056676864624,12.8566331863403,1.35096549987793
Cygnus cygnus,2010,538,1.97667515277863,1.97608506679535,-0.000590085983276367
Cygnus olor,2010,250,2.81658434867859,3.578369140625,0.761784791946411
Cyornis glaucicomans,2010,344,15.2155599594116,15.6027584075928,0.387198448181152
Cyornis hainanus,2010,199,21.3823966979981,21.7305393218994,0.348142623901367
Cyornis rubeculoides,2010,42,16.7205429077148,17.7049312591553,0.98438835144043
Delichon dasypus,2010,1040,7.09097099304199,7.73992395401001,0.648952960968018
Dendrocitta formosae,2010,933,17.1049575805664,17.5433750152588,0.438417434692383
Dendrocopos hyperythrus,2010,413,8.27587223052979,9.15590190887451,0.880029678344727
Dendrocygna javanica,2010,684,18.0148448944092,18.4425296783447,0.427684783935547
Dicaeum cruentatum,2010,519,18.7793598175049,19.1767578125,0.397397994995117
Dicaeum ignipectus,2010,1035,15.6106557846069,16.0909748077393,0.480319023132324
Dicaeum minullum,2010,835,14.767373085022,15.2983474731445,0.530974388122559
Dicrurus annectens,2010,164,19.7741985321045,20.6165351867676,0.842336654663086
Dicrurus hottentottus,2010,1277,14.8924055099487,15.3856782913208,0.49327278137207
Dicrurus remifer,2010,201,17.4981899261475,18.4645652770996,0.966375350952148
Egretta eulophotes,2010,19,9.63973045349121,9.4335298538208,-0.20620059967041
Egretta garzetta,2010,1670,12.7392654418945,13.3148393630981,0.575573921203613
Elachura formosa,2010,245,15.8722858428955,16.6859607696533,0.813674926757813
Elanus caeruleus,2010,97,20.0274238586426,20.2016830444336,0.174259185791016
Emberiza buchanani,2010,164,0.845942556858063,1.23922562599182,0.393283069133759
Emberiza citrinella,2010,45,1.24440145492554,0.768371343612671,-0.476030111312866
Emberiza elegans,2010,1059,8.75524711608887,8.88212108612061,0.126873970031738
Emberiza godlewskii,2010,2040,4.47789907455444,5.04570579528809,0.567806720733643
Emberiza hortulana,2010,93,3.53125858306885,3.22970747947693,-0.301551103591919
Emberiza leucocephalos,2010,716,0.0190331656485796,0.210460171103477,0.191427005454898
Emberiza pallasi,2010,141,-2.66091752052307,-3.18461322784424,-0.523695707321167
Emberiza pusilla,2010,208,2.53732514381409,2.20233750343323,-0.334987640380859
Emberiza rustica,2010,3,-4.41251945495605,-4.98785734176636,-0.575337886810303
Emberiza siemsseni,2010,79,10.0293006896973,10.5677003860474,0.538399696350098
Emberiza yessoensis,2010,46,2.82388091087341,2.72150683403015,-0.102374076843262
Enicurus leschenaulti,2010,1155,14.9616861343384,15.4512634277344,0.489577293395996
Enicurus maculatus,2010,490,17.4008846282959,18.0019760131836,0.601091384887695
Enicurus schistaceus,2010,598,17.1719207763672,17.6284599304199,0.456539154052734
Erpornis zantholeuca,2010,529,17.9002780914307,18.3941593170166,0.493881225585938
Erythrogenys hypoleucos,2010,50,19.9029903411865,20.4408359527588,0.537845611572266
Eudynamys scolopaceus,2010,1083,16.3084487915039,16.7560291290283,0.447580337524414
Eumyias thalassinus,2010,737,14.3080358505249,14.8769073486328,0.56887149810791
Falco cherrug,2010,2075,2.70873928070068,3.46800327301025,0.75926399230957
Falco severus,2010,359,17.7754745483398,18.4827938079834,0.707319259643555
Ficedula albicilla,2010,89,-2.38578534126282,-2.72105169296265,-0.335266351699829
Ficedula elisae,2010,152,7.47436904907227,7.73365163803101,0.25928258895874
Ficedula erithacus,2010,610,7.43311548233032,8.32928466796875,0.896169185638428
Ficedula hyperythra,2010,472,16.0033531188965,16.6758098602295,0.672456741333008
Ficedula mugimaki,2010,678,2.3159077167511,1.99183690547943,-0.324070811271668
Ficedula strophiata,2010,621,13.0205202102661,13.6571731567383,0.636652946472168
Ficedula superciliaris,2010,331,5.17182588577271,6.19141149520874,1.01958560943604
Ficedula tricolor,2010,560,11.7169189453125,12.4345951080322,0.717676162719727
Fringilla coelebs,2010,6,-3.64196300506592,-4.25009393692017,-0.608130931854248
Fringilla montifringilla,2010,23,-2.54210829734802,-3.1536386013031,-0.611530303955078
Galerida cristata,2010,1619,6.56866264343262,6.92907094955444,0.360408306121826
Gallicrex cinerea,2010,1658,13.8156538009644,14.1572723388672,0.341618537902832
Garrulax canorus,2010,757,17.0413055419922,17.3701286315918,0.328823089599609
Garrulax maesi,2010,302,17.0664443969727,17.3960456848145,0.329601287841797
Garrulax monileger,2010,463,19.1697063446045,19.5291843414307,0.359477996826172
Gavia arctica,2010,163,2.2326762676239,2.46981716156006,0.237140893936157
Gelochelidon nilotica,2010,554,7.68231201171875,7.99085712432861,0.308545112609863
Geokichla citrina,2010,505,17.6489105224609,18.119197845459,0.470287322998047
Glaucidium cuculoides,2010,1012,16.7492389678955,17.1770648956299,0.427825927734375
Gorsachius melanolophus,2010,105,21.6351413726807,22.0416030883789,0.406461715698242
Gracupica nigricollis,2010,510,17.9595203399658,18.438404083252,0.478883743286133
Grandala coelicolor,2010,621,0.189435198903084,1.21463525295258,1.02520005404949
Grus japonensis,2010,76,2.61315250396729,2.5051121711731,-0.108040332794189
Grus monacha,2010,21,-0.20156466960907,-0.274800360202789,-0.0732356905937195
Grus nigricollis,2010,407,-2.81143999099731,-1.60537505149841,1.2060649394989
Gypaetus barbatus,2010,1655,0.90612781047821,1.87405550479889,0.967927694320679
Gyps himalayensis,2010,1392,1.23260295391083,2.19745063781738,0.964847683906555
Halcyon coromanda,2010,131,9.25574684143066,9.5279541015625,0.272207260131836
Halcyon pileata,2010,1245,13.7531538009644,14.178409576416,0.42525577545166
Halcyon smyrnensis,2010,182,21.6887283325195,21.8380355834961,0.149307250976563
Haliaeetus leucoryphus,2010,34,14.0554161071777,14.9393739700317,0.883957862854004
Harpactes wardi,2010,78,8.85727214813232,9.91810417175293,1.06083202362061
Helopsaltes certhiola,2010,1617,4.47727870941162,4.78967523574829,0.31239652633667
Helopsaltes pryeri,2010,166,6.73794746398926,6.53765678405762,-0.200290679931641
Hemiprocne coronata,2010,103,16.7578430175781,17.8817882537842,1.12394523620605
Hemitesia pallidipes,2010,155,16.8176536560059,17.8659019470215,1.04824829101563
Hemixos castanonotus,2010,373,19.1924209594727,19.4097690582275,0.217348098754883
Heterophasia desgodinsi,2010,283,15.513069152832,16.1808929443359,0.667823791503906
Heteroxenicus stellatus,2010,104,10.5467109680176,11.5303163528442,0.98360538482666
Hieraaetus pennatus,2010,137,-1.33781504631042,-1.31954658031464,0.0182684659957886
Hierococcyx nisicolor,2010,639,17.0438480377197,17.5755672454834,0.531719207763672
Hirundapus caudacutus,2010,1023,3.56975531578064,3.79770708084106,0.227951765060425
Hirundo rustica,2010,4116,6.53853988647461,7.05978202819824,0.521242141723633
Histrionicus histrionicus,2010,83,2.51139283180237,2.5215790271759,0.0101861953735352
Hydrocoloeus minutus,2010,48,8.87618541717529,9.15196895599365,0.275783538818359
Hydrophasianus chirurgus,2010,865,17.0730152130127,17.5188903808594,0.44587516784668
Hydroprogne caspia,2010,298,13.7203493118286,13.8798313140869,0.159482002258301
Hypothymis azurea,2010,513,17.3541965484619,17.9302253723145,0.576028823852539
Hypsipetes leucocephalus,2010,1126,15.1517972946167,15.6530303955078,0.501233100891113
Ianthocincla lunulata,2010,135,10.4669580459595,11.0868644714355,0.619906425476074
Ibidorhyncha struthersii,2010,1706,2.63580417633057,3.51765727996826,0.881853103637695
Ictinaetus malaiensis,2010,101,17.802188873291,18.1025829315186,0.300394058227539
Iduna caligata,2010,61,2.13780975341797,1.75596594810486,-0.38184380531311
Indicator xanthonotus,2010,48,12.2993488311768,13.3222951889038,1.02294635772705
Ixobrychus cinnamomeus,2010,1390,15.337140083313,15.7188587188721,0.381718635559082
Ixobrychus eurhythmus,2010,1430,9.70042896270752,9.73678112030029,0.0363521575927734
Ixobrychus minutus,2010,183,3.59522795677185,4.18458461761475,0.589356660842896
Ixos mcclellandii,2010,697,17.6051921844482,18.043478012085,0.438285827636719
Ketupa flavipes,2010,920,17.0898551940918,17.4462985992432,0.356443405151367
Lalage melaschistos,2010,1331,14.7237720489502,15.2315845489502,0.5078125
Lanius borealis,2010,248,1.18080830574036,1.15690052509308,-0.0239077806472778
Lanius collurioides,2010,302,18.6856880187988,19.3009586334229,0.615270614624023
Lanius isabellinus,2010,1437,4.29488563537598,4.85474681854248,0.559861183166504
Lanius schach,2010,1339,14.2475595474243,14.780330657959,0.532771110534668
Lanius sphenocercus,2010,817,3.8520245552063,3.83978223800659,-0.012242317199707
Lanius tephronotus,2010,638,4.51975870132446,5.44222784042358,0.922469139099121
Larus crassirostris,2010,78,15.5089054107666,15.6271991729736,0.118293762207031
Larvivora brunnea,2010,325,6.83418989181519,7.66296672821045,0.828776836395264
Larvivora cyane,2010,504,1.02699601650238,0.726610779762268,-0.300385236740112
Leptopoecile elegans,2010,464,1.16251695156097,2.0949490070343,0.932432055473328
Leptoptilos javanicus,2010,193,17.0435619354248,18.0338516235352,0.990289688110352
Limnodromus semipalmatus,2010,293,0.636016726493835,0.213756904006004,-0.422259822487831
Limosa limosa,2010,390,1.07777690887451,0.80337780714035,-0.274399101734161
Linaria cannabina,2010,164,3.81024098396301,3.95053386688232,0.140292882919312
Locustella davidi,2010,377,1.02113199234009,0.698332965373993,-0.322799026966095
Locustella mandelli,2010,546,16.9194431304932,17.374382019043,0.454938888549805
Lonchura striata,2010,766,18.0601272583008,18.3950138092041,0.33488655090332
Lophotriorchis kienerii,2010,55,21.8129367828369,22.3739948272705,0.561058044433594
Lophura leucomelanos,2010,150,10.5427417755127,11.632007598877,1.08926582336426
Lophura nycthemera,2010,260,18.5232791900635,19.1997966766357,0.676517486572266
Loxia curvirostra,2010,1375,1.54966580867767,1.84352231025696,0.293856501579285
Macropygia unchall,2010,594,16.1906127929688,16.7258758544922,0.535263061523438
Mareca falcata,2010,366,-0.290807813405991,-0.600015342235565,-0.309207528829575
Megaceryle lugubris,2010,1428,15.1732769012451,15.5804576873779,0.407180786132813
Melanitta fusca,2010,7,0.868973076343536,0.488167196512222,-0.380805879831314
Melanitta stejnegeri,2010,45,-4.25272130966187,-4.53981161117554,-0.287090301513672
Melanochlora sultanea,2010,155,18.2084312438965,18.9368839263916,0.728452682495117
Mergus serrator,2010,251,1.3321053981781,1.19000649452209,-0.142098903656006
Merops philippinus,2010,293,18.3080310821533,19.105052947998,0.797021865844727
Mixornis gularis,2010,159,16.6837577819824,17.8415012359619,1.15774345397949
Monticola gularis,2010,646,2.43376898765564,2.16278314590454,-0.270985841751099
Monticola rufiventris,2010,869,15.3018579483032,15.8071393966675,0.505281448364258
Monticola solitarius,2010,2043,10.853741645813,11.221137046814,0.367395401000977
Motacilla citreola,2010,2159,2.20297122001648,2.99215245246887,0.789181232452393
Moupinia poecilotis,2010,145,6.02350807189941,6.779465675354,0.75595760345459
Muscicapa dauurica,2010,671,1.70671880245209,1.36349666118622,-0.343222141265869
Muscicapa ferruginea,2010,600,12.596305847168,13.2951211929321,0.69881534576416
Muscicapa muttui,2010,305,16.68186378479,17.1564197540283,0.474555969238281
Mycerobas affinis,2010,417,4.74256801605225,5.70652770996094,0.963959693908691
Mycerobas carnipes,2010,1012,2.43280649185181,3.38721609115601,0.954409599304199
Myiomela leucura,2010,672,15.003249168396,15.5896310806274,0.586381912231445
Myophonus caeruleus,2010,1550,12.4764938354492,13.0449466705322,0.568452835083008
Netta rufina,2010,395,4.57272863388062,4.92492246627808,0.352193832397461
Niltava davidi,2010,684,16.3860206604004,16.8472785949707,0.461257934570313
Niltava grandis,2010,139,15.5507926940918,16.6792850494385,1.12849235534668
Niltava macgrigoriae,2010,278,17.1179103851318,17.950553894043,0.832643508911133
Niltava sundara,2010,761,11.4049816131592,12.1176557540894,0.712674140930176
Ninox japonica,2010,1327,11.1691026687622,11.3000316619873,0.130928993225098
Nipponia nippon,2010,3,13.224778175354,13.6640205383301,0.439242362976074
Nisaetus nipalensis,2010,501,16.0050029754639,16.6607246398926,0.655721664428711
Numenius madagascariensis,2010,197,0.840074002742767,0.744360029697418,-0.0957139730453491
Nycticorax nycticorax,2010,1539,14.4904012680054,14.826771736145,0.336370468139648
Oenanthe deserti,2010,1737,2.79329204559326,3.64900708198547,0.855715036392212
Oenanthe oenanthe,2010,1019,4.16478967666626,4.41913080215454,0.254341125488281
Onychoprion anaethetus,2010,31,20.9556827545166,21.3675861358643,0.411903381347656
Oriolus oriolus,2010,192,3.03185987472534,3.26808834075928,0.236228466033936
Otus lettia,2010,878,17.5054512023926,17.900562286377,0.395111083984375
Otus semitorques,2010,542,7.6100811958313,7.69741487503052,0.0873336791992188
Otus spilocephalus,2010,561,16.5144157409668,17.0256729125977,0.511257171630859
Oxyura leucocephala,2010,149,5.72699737548828,6.52436065673828,0.79736328125
Panurus biarmicus,2010,1831,4.12009954452515,4.57851600646973,0.45841646194458
Paradoxornis guttaticollis,2010,448,16.6616554260254,17.1552028656006,0.493547439575195
Paradoxornis heudei,2010,323,12.1314287185669,12.3062572479248,0.17482852935791
Parayuhina diademata,2010,471,13.0819683074951,13.77809715271,0.696128845214844
Pardaliparus venustulus,2010,704,13.5442533493042,13.9301643371582,0.385910987854004
Parus monticolus,2010,628,12.7628221511841,13.3827972412109,0.619975090026856
Passer cinnamomeus,2010,1562,12.8010911941528,13.3428153991699,0.54172420501709
Passer domesticus,2010,750,0.82120680809021,0.987609028816223,0.166402220726013
Passer hispaniolensis,2010,153,4.25698804855347,4.75278425216675,0.495796203613281
Pelecanus crispus,2010,151,0.737479865550995,1.32499039173126,0.587510526180267
Pellorneum tickelli,2010,96,18.7574138641357,19.7570037841797,0.999589920043945
Perdix hodgsoniae,2010,460,-1.68631982803345,-0.545323550701141,1.14099627733231
Pericrocotus cantonensis,2010,816,16.4538898468018,16.7882595062256,0.334369659423828
Pericrocotus divaricatus,2010,132,2.67148590087891,2.65607738494873,-0.0154085159301758
Pericrocotus ethologus,2010,1120,10.0661602020264,10.7379522323608,0.671792030334473
Pericrocotus solaris,2010,630,17.9055347442627,18.3697490692139,0.464214324951172
Periparus rubidiventris,2010,406,1.0057018995285,1.96727979183197,0.961577892303467
Pernis ptilorhynchus,2010,832,3.53393316268921,3.50982546806335,-0.0241076946258545
Phasianus colchicus,2010,2329,8.38204383850098,8.60823631286621,0.226192474365234
Phoenicurus erythronotus,2010,302,4.4462628364563,4.97659730911255,0.53033447265625
Phoenicurus frontalis,2010,923,4.79591703414917,5.67123508453369,0.875318050384522
Phoenicurus leucocephalus,2010,1426,7.7376446723938,8.5014705657959,0.7638258934021
Phoenicurus ochruros,2010,2263,3.26384401321411,4.13589286804199,0.872048854827881
Phoenicurus schisticeps,2010,406,3.07463383674622,3.9993724822998,0.924738645553589
Phylloscopus affinis,2010,666,5.29091310501099,6.1439700126648,0.853056907653809
Phylloscopus burkii,2010,33,2.90200233459473,4.0316367149353,1.12963438034058
Phylloscopus cantator,2010,105,15.6603422164917,16.712345123291,1.05200290679932
Phylloscopus castaniceps,2010,632,16.0546073913574,16.594123840332,0.539516448974609
Phylloscopus claudiae,2010,522,9.88924694061279,10.4310054779053,0.541758537292481
Phylloscopus coronatus,2010,414,6.72929191589356,6.76194858551025,0.0326566696166992
Phylloscopus emeiensis,2010,22,12.370792388916,12.8254451751709,0.454652786254883
Phylloscopus intermedius,2010,134,14.0922756195068,14.5900459289551,0.497770309448242
Phylloscopus magnirostris,2010,214,6.5604043006897,7.42995500564575,0.869550704956055
Phylloscopus ogilviegranti,2010,381,17.7375507354736,18.2333793640137,0.495828628540039
Phylloscopus omeiensis,2010,138,10.2660341262817,10.8200101852417,0.553976058959961
Phylloscopus pulcher,2010,413,7.9857611656189,8.89708137512207,0.911320209503174
Phylloscopus ricketti,2010,676,15.3157758712769,15.6935653686523,0.377789497375488
Phylloscopus soror,2010,245,13.625864982605,14.0445804595947,0.418715476989746
Phylloscopus subaffinis,2010,1013,11.5190992355347,12.0623617172241,0.543262481689453
Phylloscopus tenellipes,2010,259,4.56703424453735,4.35400724411011,-0.213027000427246
Phylloscopus tephrocephalus,2010,281,12.0046453475952,12.6863660812378,0.681720733642578
Phylloscopus yunnanensis,2010,215,8.02978324890137,8.55521488189697,0.525431632995606
Picumnus innominatus,2010,1093,15.3501920700073,15.831093788147,0.480901718139648
Picus chlorolophus,2010,236,18.3902645111084,19.120002746582,0.729738235473633
Pitta nympha,2010,314,17.3351917266846,17.6245994567871,0.289407730102539
Platalea minor,2010,6,9.52713203430176,9.36836814880371,-0.158763885498047
Pnoepyga immaculata,2010,5,5.88570213317871,7.24871253967285,1.36301040649414
Podiceps auritus,2010,229,0.136366680264473,0.572554767131805,0.436188086867332
Podiceps grisegena,2010,136,1.74304449558258,1.88980090618134,0.146756410598755
Podiceps nigricollis,2010,481,3.37681865692139,3.24297165870667,-0.133846998214722
Podoces biddulphi,2010,276,11.4326000213623,12.3219747543335,0.889374732971191
Pomatorhinus schisticeps,2010,30,17.0419483184814,17.9727973937988,0.930849075317383
Pomatorhinus superciliaris,2010,107,15.5741310119629,16.6381282806397,1.06399726867676
Prinia atrogularis,2010,41,13.7463512420654,14.7309980392456,0.984646797180176
Prinia flaviventris,2010,82,19.0294494628906,20.1776599884033,1.1482105255127
Prinia inornata,2010,815,17.7829418182373,18.1216850280762,0.338743209838867
Prunella collaris,2010,2078,0.881721675395966,1.57158541679382,0.689863741397858
Prunella himalayana,2010,208,-0.780707001686096,-0.124970503151417,0.655736498534679
Prunella immaculata,2010,328,2.3754723072052,3.30437445640564,0.928902149200439
Prunella montanella,2010,35,-4.01745891571045,-4.39754056930542,-0.380081653594971
Prunella strophiata,2010,581,4.8185076713562,5.70244121551514,0.883933544158936
Psarisomus dalhousiae,2010,108,17.168399810791,18.2687168121338,1.10031700134277
Pseudopodoces humilis,2010,999,-2.24323654174805,-1.10516917705536,1.13806736469269
Psilopogon faber,2010,43,19.2454166412354,19.3975963592529,0.152179718017578
Psilopogon virens,2010,727,16.4328498840332,16.9435024261475,0.510652542114258
Pterorhinus berthemyi,2010,335,15.9220361709595,16.2137775421143,0.291741371154785
Pterorhinus lanceolatus,2010,830,14.0311040878296,14.5513191223145,0.520215034484863
Pterorhinus pectoralis,2010,584,16.4923286437988,16.8522472381592,0.359918594360352
Pterorhinus sannio,2010,723,16.5131092071533,16.9566974639893,0.443588256835938
Pteruthius rufiventer,2010,90,13.7090368270874,14.7721281051636,1.06309127807617
Pteruthius xanthochlorus,2010,307,10.3232049942017,11.1446542739868,0.821449279785156
Ptyonoprogne rupestris,2010,1954,5.37436962127686,6.08003759384155,0.705667972564697
Pycnonotus aurigaster,2010,572,17.6714363098145,18.1419811248779,0.470544815063477
Pycnonotus jocosus,2010,415,18.2223873138428,18.824089050293,0.601701736450195
Pycnonotus sinensis,2010,1342,15.0544948577881,15.3825225830078,0.328027725219727
Pycnonotus xanthorrhous,2010,700,14.8906507492065,15.4499959945679,0.559345245361328
Pyrrhula erythaca,2010,897,8.99915409088135,9.71019840240479,0.711044311523438
Pyrrhula nipalensis,2010,747,14.819185256958,15.387921333313,0.568736076354981
Rallina eurizonoides,2010,152,20.1719455718994,20.9512062072754,0.779260635375977
Rallus aquaticus,2010,1224,2.42764139175415,3.39419150352478,0.96655011177063
Recurvirostra avosetta,2010,698,1.33939504623413,1.19798350334167,-0.141411542892456
Regulus regulus,2010,930,7.1307168006897,7.74607276916504,0.615355968475342
Remiz consobrinus,2010,558,3.35002541542053,3.14470434188843,-0.205321073532105
Remiz coronatus,2010,191,2.46915340423584,2.66964817047119,0.200494766235352
Rhodospiza obsoleta,2010,720,5.24223470687866,5.96744155883789,0.725206851959229
Riparia riparia,2010,784,2.64866471290588,2.53859782218933,-0.110066890716553
Rubigula flaviventris,2010,174,18.7557125091553,19.6672649383545,0.911552429199219
Sasia ochracea,2010,132,19.0419464111328,19.9234790802002,0.881532669067383
Saxicola ferreus,2010,1085,14.6986656188965,15.2150621414185,0.516396522521973
Sitta cinnamoventris,2010,123,17.082124710083,18.2012271881104,1.11910247802734
Sitta formosa,2010,141,15.951807975769,17.090145111084,1.13833713531494
Sitta villosa,2010,798,6.09239196777344,6.49710083007813,0.404708862304688
Sittiparus varius,2010,82,5.76430416107178,5.48300933837891,-0.281294822692871
Spilopelia chinensis,2010,1413,14.8436107635498,15.3010387420654,0.457427978515625
Spilopelia senegalensis,2010,168,3.82531929016113,4.667396068573,0.842076778411865
Spilornis cheela,2010,652,17.436824798584,17.9498348236084,0.513010025024414
Spinus spinus,2010,295,-0.596706986427307,-0.855333387851715,-0.258626401424408
Spizixos semitorques,2010,944,16.026798248291,16.3883247375488,0.361526489257813
Spodiopsar cineraceus,2010,1439,4.32776212692261,4.45620346069336,0.128441333770752
Spodiopsar sericeus,2010,692,17.4629497528076,17.7328033447266,0.269853591918945
Stachyris humei,2010,39,13.5445995330811,14.478551864624,0.933952331542969
Staphida torqueola,2010,740,17.3425159454346,17.7119312286377,0.369415283203125
Streptopelia decaocto,2010,1819,7.51734828948975,8.102952003479,0.585603713989258
Sturnia sinensis,2010,305,19.1309833526611,19.3038272857666,0.172843933105469
Sturnus vulgaris,2010,253,4.91895532608032,5.40515851974487,0.486203193664551
Suthora fulvifrons,2010,136,9.14953327178955,9.95479869842529,0.805265426635742
Syrmaticus humiae,2010,108,16.9307231903076,18.0691299438477,1.13840675354004
Syrmaticus reevesii,2010,256,14.2624092102051,14.6376609802246,0.375251770019531
Syrrhaptes paradoxus,2010,1270,4.20923328399658,4.30710649490356,0.0978732109069824
Tarsiger chrysaeus,2010,217,7.12873888015747,8.0479621887207,0.919223308563232
Tarsiger indicus,2010,276,9.35574531555176,10.336254119873,0.980508804321289
Temnurus temnurus,2010,38,23.8245315551758,24.0914096832275,0.266878128051758
Tephrodornis virgatus,2010,421,19.5108184814453,19.7484264373779,0.237607955932617
Thalasseus bergii,2010,240,22.2157859802246,22.365650177002,0.149864196777344
Timalia pileata,2010,263,19.225227355957,19.7305202484131,0.505292892456055
Tragopan caboti,2010,186,18.5082702636719,18.633861541748,0.125591278076172
Tragopan temminckii,2010,529,12.6361389160156,13.216347694397,0.580208778381348
Treron curvirostra,2010,162,18.7455444335938,19.7102451324463,0.964700698852539
Treron sieboldii,2010,645,17.8530445098877,18.1179962158203,0.264951705932617
Treron sphenurus,2010,294,14.4787168502808,15.4198589324951,0.941142082214355
Turdus boulboul,2010,220,17.376407623291,18.2679080963135,0.891500473022461
Turdus cardis,2010,169,15.0351343154907,15.4009990692139,0.365864753723145
Turdus feae,2010,117,7.37936782836914,7.74696588516235,0.367598056793213
Turdus mandarinus,2010,1032,14.7816362380981,15.1886682510376,0.407032012939453
Turdus pilaris,2010,220,-1.74795424938202,-2.21456646919251,-0.466612219810486
Turdus rubrocanus,2010,541,5.81288194656372,6.58831977844238,0.775437831878662
Turdus ruficollis,2010,159,2.9576096534729,3.48156571388245,0.523956060409546
Turdus viscivorus,2010,422,4.64524841308594,5.10309028625488,0.457841873168945
Turnix suscitator,2010,455,17.9373970031738,18.5763111114502,0.638914108276367
Tyto longimembris,2010,685,17.7860012054443,18.0739765167236,0.287975311279297
Urile pelagicus,2010,10,10.4286890029907,10.1800136566162,-0.248675346374512
Urosphena squameiceps,2010,112,3.62927651405334,3.47355341911316,-0.155723094940186
Vanellus cinereus,2010,279,3.7433602809906,3.45798802375793,-0.285372257232666
Vanellus indicus,2010,87,17.6243762969971,18.8264579772949,1.20208168029785
Vanellus vanellus,2010,1111,2.88630080223084,2.7807605266571,-0.10554027557373
Yuhina nigrimenta,2010,669,15.0526151657105,15.5695781707764,0.516963005065918
Zoothera dixoni,2010,349,11.1787948608398,12.1356143951416,0.956819534301758
Zoothera mollissima,2010,155,2.83340001106262,3.75278449058533,0.919384479522705
Zoothera monticola,2010,41,12.9189081192017,13.8111028671265,0.892194747924805
Zosterops erythropleurus,2010,328,4.62363433837891,4.38641262054443,-0.237221717834473
Abroscopus albogularis,2011,562,17.4008522033691,17.3231620788574,-0.0776901245117188
Accipiter gularis,2011,697,2.65403866767883,2.92630314826965,0.27226448059082
Accipiter soloensis,2011,942,14.6539878845215,14.6248226165772,-0.0291652679443359
Accipiter trivirgatus,2011,174,20.6737785339356,20.636890411377,-0.0368881225585938
Accipiter virgatus,2011,846,15.1853485107422,15.2332553863525,0.0479068756103516
Acridotheres cristatellus,2011,1081,16.3418083190918,16.3938789367676,0.0520706176757813
Acridotheres tristis,2011,284,13.0754556655884,13.3832550048828,0.307799339294434
Acrocephalus agricola,2011,581,6.84485864639282,7.36300754547119,0.518148899078369
Acrocephalus bistrigiceps,2011,1280,6.68613195419312,6.9364824295044,0.250350475311279
Acrocephalus concinens,2011,766,13.3816928863525,13.5797681808472,0.198075294494629
Acrocephalus orientalis,2011,1446,7.09092283248901,7.33949279785156,0.248569965362549
Acrocephalus tangorum,2011,171,4.11876344680786,4.35410022735596,0.235336780548096
Aegithalos bonvaloti,2011,106,7.6470046043396,8.08779907226563,0.440794467926025
Aegithalos caudatus,2011,754,2.25801730155945,2.53194975852966,0.273932456970215
Aegithalos concinnus,2011,953,15.9409122467041,16.037540435791,0.0966281890869141
Aegithalos fuliginosus,2011,138,9.91040992736816,10.1934299468994,0.28302001953125
Aerodramus brevirostris,2011,603,13.6866846084595,13.8794746398926,0.192790031433105
Aethopyga christinae,2011,23,24.3484706878662,23.8173542022705,-0.531116485595703
Aethopyga gouldiae,2011,956,11.0757522583008,11.3003330230713,0.224580764770508
Agropsar sturninus,2011,1131,4.8556547164917,5.14386796951294,0.28821325302124
Aix galericulata,2011,422,3.75636386871338,4.01949405670166,0.263130187988281
Alauda gulgula,2011,1994,9.42479801177979,9.71822166442871,0.293423652648926
Alaudala cheleensis,2011,2390,5.02381753921509,5.45265769958496,0.428840160369873
Alcedo hercules,2011,141,19.7236499786377,19.7484016418457,0.0247516632080078
Alcippe morrisonia,2011,975,16.4001846313477,16.4337997436523,0.0336151123046875
Amaurornis phoenicurus,2011,1130,16.0147972106934,16.084264755249,0.0694675445556641
Anastomus oscitans,2011,315,16.1227264404297,16.2349166870117,0.112190246582031
Anser anser,2011,936,2.59998202323914,2.93712043762207,0.337138414382935
Anser fabalis,2011,359,-0.232263207435608,0.175913468003273,0.408176675438881
Anser indicus,2011,441,0.791138470172882,1.39828765392303,0.607149183750153
Anthus godlewskii,2011,157,1.22606432437897,1.52982974052429,0.303765416145325
Anthus gustavi,2011,66,2.94458818435669,3.30287146568298,0.358283281326294
Anthus richardi,2011,2788,8.37556171417236,8.60854339599609,0.23298168182373
Anthus roseatus,2011,1911,3.55629634857178,4.07706785202026,0.520771503448486
Anthus trivialis,2011,126,1.94549369812012,2.1867458820343,0.241252183914185
Aquila fasciata,2011,300,19.3407211303711,19.067440032959,-0.273281097412109
Aquila heliaca,2011,183,0.794729292392731,1.11262631416321,0.317897021770477
Ardea intermedia,2011,806,16.9554290771484,16.9758930206299,0.0204639434814453
Ardea purpurea,2011,1542,13.773362159729,13.8375539779663,0.0641918182373047
Ardenna pacifica,2011,90,21.6581630706787,21.3918838500977,-0.266279220581055
Artamus fuscus,2011,275,20.3747119903564,20.2129917144775,-0.161720275878906
Asio flammeus,2011,498,0.647581040859222,1.00581622123718,0.35823518037796
Athene noctua,2011,3280,3.76510715484619,4.22729349136353,0.462186336517334
Aviceda jerdoni,2011,64,20.8588600158691,20.937858581543,0.0789985656738281
Aviceda leuphotes,2011,784,15.98646068573,15.9912376403809,0.00477695465087891
Aythya fuligula,2011,613,0.912497222423553,1.23239135742188,0.319894134998322
Aythya nyroca,2011,348,3.64787364006043,3.90577244758606,0.257898807525635
Bombycilla japonica,2011,93,-2.70986938476563,-2.14378213882446,0.566087245941162
Branta canadensis,2011,19,7.6150541305542,7.94902753829956,0.333973407745361
Bubo nipalensis,2011,362,11.4124135971069,11.7652378082275,0.352824211120605
Bucanetes mongolicus,2011,731,5.15714693069458,5.51974534988403,0.362598419189453
Butastur indicus,2011,481,4.17492294311523,4.39728736877441,0.22236442565918
Cacomantis merulinus,2011,411,19.2106418609619,19.1143817901611,-0.0962600708007812
Calandrella brachydactyla,2011,400,5.59619903564453,5.88933563232422,0.293136596679688
Calliope obscura,2011,74,8.60147857666016,8.95944499969482,0.357966423034668
Caprimulgus macrurus,2011,78,21.0046348571777,21.0332298278809,0.028594970703125
Carpodacus roborowskii,2011,101,-4.03297138214111,-3.31487226486206,0.718099117279053
Carpodacus vinaceus,2011,535,13.1980676651001,13.419285774231,0.221218109130859
Cecropis daurica,2011,2623,9.16229629516602,9.39316940307617,0.230873107910156
Centropus bengalensis,2011,607,18.6197357177734,18.5157356262207,-0.104000091552734
Cephalopyrus flammiceps,2011,98,11.278489112854,11.6517601013184,0.373270988464355
Certhia familiaris,2011,1518,4.10910701751709,4.43876838684082,0.32966136932373
Certhia himalayana,2011,210,9.42436599731445,9.82565689086914,0.401290893554688
Certhia tianquanensis,2011,46,8.03892517089844,8.20130825042725,0.162383079528809
Ceryle rudis,2011,762,17.6190166473389,17.6081314086914,-0.0108852386474609
Cettia brunnifrons,2011,409,9.04499340057373,9.39805316925049,0.353059768676758
Cettia castaneocoronata,2011,502,12.0057926177979,12.2526912689209,0.246898651123047
Chalcophaps indica,2011,288,20.4205284118652,20.2918128967285,-0.128715515136719
Charadrius atrifrons,2011,1360,-0.0825315490365028,0.570442616939545,0.652974165976048
Charadrius dealbatus,2011,82,22.3581027984619,21.9949760437012,-0.363126754760742
Charadrius placidus,2011,860,6.81603288650513,7.07068395614624,0.254651069641113
Charadrius veredus,2011,147,1.37415206432343,1.7214846611023,0.34733259677887
Chlidonias leucopterus,2011,1115,3.61852622032166,3.89617967605591,0.277653455734253
Chlidonias niger,2011,65,2.81934809684753,3.01960849761963,0.200260400772095
Chloris ambigua,2011,297,13.6298961639404,13.9448223114014,0.314926147460938
Chloris sinica,2011,2177,10.1043548583984,10.2814559936523,0.177101135253906
Chrysolophus pictus,2011,410,12.3430995941162,12.4687252044678,0.125625610351563
Ciconia boyciana,2011,141,3.75946140289307,4.06622552871704,0.306764125823975
Ciconia nigra,2011,2186,5.71650981903076,6.06798791885376,0.351478099822998
Circaetus gallicus,2011,228,6.13989019393921,6.36104917526245,0.221158981323242
Circus macrourus,2011,154,2.22476196289063,2.46551012992859,0.240748167037964
Circus spilonotus,2011,631,1.43180251121521,1.76286590099335,0.331063389778137
Cisticola exilis,2011,521,18.3237705230713,18.2528228759766,-0.0709476470947266
Cisticola juncidis,2011,1233,15.9261827468872,15.9647331237793,0.0385503768920898
Clamator coromandus,2011,1069,16.5760765075684,16.6262035369873,0.0501270294189453
Clanga clanga,2011,567,1.82915771007538,2.12247610092163,0.293318390846252
Columba oenas,2011,147,1.89062237739563,2.33989930152893,0.449276924133301
Copsychus saularis,2011,1011,16.2842559814453,16.3187160491943,0.0344600677490234
Coracias garrulus,2011,83,1.71752464771271,2.0614333152771,0.343908667564392
Coturnicops exquisitus,2011,412,0.116188421845436,0.503013849258423,0.386825427412987
Crex crex,2011,149,1.68861591815948,2.01535868644714,0.326742768287659
Crossoptilon mantchuricum,2011,64,7.99328136444092,8.34717082977295,0.353889465332031
Curruca curruca,2011,961,4.71596050262451,5.2312183380127,0.515257835388184
Cyanistes cyanus,2011,658,0.813704073429108,1.19671058654785,0.383006513118744
Cyanoderma pyrrhops,2011,3,11.5056676864624,12.0593814849854,0.553713798522949
Cygnus cygnus,2011,538,1.97667515277863,2.40012836456299,0.423453211784363
Cygnus olor,2011,250,2.81658434867859,3.39026308059692,0.573678731918335
Cyornis glaucicomans,2011,344,15.2155599594116,15.251443862915,0.035883903503418
Cyornis hainanus,2011,199,21.3823966979981,21.0472164154053,-0.335180282592773
Cyornis rubeculoides,2011,42,16.7205429077148,17.2533912658691,0.532848358154297
Delichon dasypus,2011,1040,7.09097099304199,7.35654449462891,0.265573501586914
Dendrocitta formosae,2011,933,17.1049575805664,17.1163349151611,0.0113773345947266
Dendrocopos hyperythrus,2011,413,8.27587223052979,8.72140502929688,0.44553279876709
Dendrocygna javanica,2011,684,18.0148448944092,17.9725303649902,-0.0423145294189453
Dicaeum cruentatum,2011,519,18.7793598175049,18.6388835906982,-0.140476226806641
Dicaeum ignipectus,2011,1035,15.6106557846069,15.6647729873657,0.0541172027587891
Dicaeum minullum,2011,835,14.767373085022,14.8124341964722,0.0450611114501953
Dicrurus annectens,2011,164,19.7741985321045,19.8285789489746,0.0543804168701172
Dicrurus hottentottus,2011,1277,14.8924055099487,15.0097570419312,0.117351531982422
Dicrurus remifer,2011,201,17.4981899261475,17.68922996521,0.1910400390625
Egretta eulophotes,2011,19,9.63973045349121,9.5344409942627,-0.105289459228516
Egretta garzetta,2011,1670,12.7392654418945,12.9154214859009,0.176156044006348
Elachura formosa,2011,245,15.8722858428955,16.0643482208252,0.192062377929688
Elanus caeruleus,2011,97,20.0274238586426,19.708179473877,-0.319244384765625
Emberiza buchanani,2011,164,0.845942556858063,1.09044814109802,0.24450558423996
Emberiza citrinella,2011,45,1.24440145492554,1.15053570270538,-0.0938657522201538
Emberiza elegans,2011,1059,8.75524711608887,8.94389343261719,0.18864631652832
Emberiza godlewskii,2011,2040,4.47789907455444,4.91255378723145,0.434654712677002
Emberiza hortulana,2011,93,3.53125858306885,3.51464056968689,-0.016618013381958
Emberiza leucocephalos,2011,716,0.0190331656485796,0.469929695129395,0.450896529480815
Emberiza pallasi,2011,141,-2.66091752052307,-2.23712229728699,0.423795223236084
Emberiza pusilla,2011,208,2.53732514381409,2.89662718772888,0.359302043914795
Emberiza rustica,2011,3,-4.41251945495605,-4.57758140563965,-0.165061950683594
Emberiza siemsseni,2011,79,10.0293006896973,10.3254528045654,0.296152114868164
Emberiza yessoensis,2011,46,2.82388091087341,3.15763449668884,0.33375358581543
Enicurus leschenaulti,2011,1155,14.9616861343384,15.0527324676514,0.0910463333129883
Enicurus maculatus,2011,490,17.4008846282959,17.3945751190186,-0.00630950927734375
Enicurus schistaceus,2011,598,17.1719207763672,17.1252422332764,-0.0466785430908203
Erpornis zantholeuca,2011,529,17.9002780914307,17.8293647766113,-0.0709133148193359
Erythrogenys hypoleucos,2011,50,19.9029903411865,19.8988819122314,-0.00410842895507813
Eudynamys scolopaceus,2011,1083,16.3084487915039,16.3608703613281,0.0524215698242188
Eumyias thalassinus,2011,737,14.3080358505249,14.4328393936157,0.12480354309082
Falco cherrug,2011,2075,2.70873928070068,3.24303460121155,0.534295320510864
Falco severus,2011,359,17.7754745483398,17.7903594970703,0.0148849487304688
Ficedula albicilla,2011,89,-2.38578534126282,-1.78249669075012,0.603288650512695
Ficedula elisae,2011,152,7.47436904907227,7.71731567382813,0.242946624755859
Ficedula erithacus,2011,610,7.43311548233032,7.82393407821655,0.39081859588623
Ficedula hyperythra,2011,472,16.0033531188965,16.0876483917236,0.0842952728271484
Ficedula mugimaki,2011,678,2.3159077167511,2.59509325027466,0.27918553352356
Ficedula strophiata,2011,621,13.0205202102661,13.2317323684692,0.211212158203125
Ficedula superciliaris,2011,331,5.17182588577271,5.61537790298462,0.443552017211914
Ficedula tricolor,2011,560,11.7169189453125,11.9561100006104,0.239191055297852
Fringilla coelebs,2011,6,-3.64196300506592,-3.79459834098816,-0.152635335922241
Fringilla montifringilla,2011,23,-2.54210829734802,-2.66427373886108,-0.122165441513062
Galerida cristata,2011,1619,6.56866264343262,6.8710207939148,0.302358150482178
Gallicrex cinerea,2011,1658,13.8156538009644,13.9127521514893,0.0970983505249023
Garrulax canorus,2011,757,17.0413055419922,17.0060234069824,-0.0352821350097656
Garrulax maesi,2011,302,17.0664443969727,16.9338970184326,-0.132547378540039
Garrulax monileger,2011,463,19.1697063446045,18.9893283843994,-0.180377960205078
Gavia arctica,2011,163,2.2326762676239,2.56156301498413,0.32888674736023
Gelochelidon nilotica,2011,554,7.68231201171875,7.93328332901001,0.25097131729126
Geokichla citrina,2011,505,17.6489105224609,17.6114730834961,-0.0374374389648438
Glaucidium cuculoides,2011,1012,16.7492389678955,16.7753314971924,0.026092529296875
Gorsachius melanolophus,2011,105,21.6351413726807,21.3559894561768,-0.279151916503906
Gracupica nigricollis,2011,510,17.9595203399658,17.8635559082031,-0.0959644317626953
Grandala coelicolor,2011,621,0.189435198903084,0.721416175365448,0.531980976462364
Grus japonensis,2011,76,2.61315250396729,2.95170569419861,0.338553190231323
Grus monacha,2011,21,-0.20156466960907,0.358718931674957,0.560283601284027
Grus nigricollis,2011,407,-2.81143999099731,-2.09990239143372,0.711537599563599
Gypaetus barbatus,2011,1655,0.90612781047821,1.49628031253815,0.590152502059937
Gyps himalayensis,2011,1392,1.23260295391083,1.79803371429443,0.565430760383606
Halcyon coromanda,2011,131,9.25574684143066,9.452712059021,0.196965217590332
Halcyon pileata,2011,1245,13.7531538009644,13.8707990646362,0.117645263671875
Halcyon smyrnensis,2011,182,21.6887283325195,21.2605819702148,-0.428146362304688
Haliaeetus leucoryphus,2011,34,14.0554161071777,14.4921226501465,0.43670654296875
Harpactes wardi,2011,78,8.85727214813232,9.44120311737061,0.583930969238281
Helopsaltes certhiola,2011,1617,4.47727870941162,4.89078092575073,0.413502216339111
Helopsaltes pryeri,2011,166,6.73794746398926,7.02043676376343,0.28248929977417
Hemiprocne coronata,2011,103,16.7578430175781,17.2184543609619,0.460611343383789
Hemitesia pallidipes,2011,155,16.8176536560059,17.1016883850098,0.284034729003906
Hemixos castanonotus,2011,373,19.1924209594727,18.904016494751,-0.28840446472168
Heterophasia desgodinsi,2011,283,15.513069152832,15.5848388671875,0.0717697143554688
Heteroxenicus stellatus,2011,104,10.5467109680176,11.0196704864502,0.472959518432617
Hieraaetus pennatus,2011,137,-1.33781504631042,-0.960079908370972,0.377735137939453
Hierococcyx nisicolor,2011,639,17.0438480377197,17.0240001678467,-0.0198478698730469
Hirundapus caudacutus,2011,1023,3.56975531578064,3.90871119499207,0.338955879211426
Hirundo rustica,2011,4116,6.53853988647461,6.89930295944214,0.360763072967529
Histrionicus histrionicus,2011,83,2.51139283180237,2.88120985031128,0.369817018508911
Hydrocoloeus minutus,2011,48,8.87618541717529,9.06522750854492,0.189042091369629
Hydrophasianus chirurgus,2011,865,17.0730152130127,17.0668201446533,-0.006195068359375
Hydroprogne caspia,2011,298,13.7203493118286,13.7348690032959,0.0145196914672852
Hypothymis azurea,2011,513,17.3541965484619,17.3194217681885,-0.0347747802734375
Hypsipetes leucocephalus,2011,1126,15.1517972946167,15.2297677993774,0.0779705047607422
Ianthocincla lunulata,2011,135,10.4669580459595,10.7520189285278,0.285060882568359
Ibidorhyncha struthersii,2011,1706,2.63580417633057,3.1551034450531,0.519299268722534
Ictinaetus malaiensis,2011,101,17.802188873291,17.7434844970703,-0.0587043762207031
Iduna caligata,2011,61,2.13780975341797,2.09037280082703,-0.0474369525909424
Indicator xanthonotus,2011,48,12.2993488311768,12.9075307846069,0.608181953430176
Ixobrychus cinnamomeus,2011,1390,15.337140083313,15.4055795669556,0.0684394836425781
Ixobrychus eurhythmus,2011,1430,9.70042896270752,9.86052989959717,0.160100936889648
Ixobrychus minutus,2011,183,3.59522795677185,3.90755319595337,0.312325239181519
Ixos mcclellandii,2011,697,17.6051921844482,17.5531139373779,-0.0520782470703125
Ketupa flavipes,2011,920,17.0898551940918,17.0968074798584,0.00695228576660156
Lalage melaschistos,2011,1331,14.7237720489502,14.8517761230469,0.12800407409668
Lanius borealis,2011,248,1.18080830574036,1.51327586174011,0.332467555999756
Lanius collurioides,2011,302,18.6856880187988,18.6136837005615,-0.0720043182373047
Lanius isabellinus,2011,1437,4.29488563537598,4.79806613922119,0.503180503845215
Lanius schach,2011,1339,14.2475595474243,14.379563331604,0.132003784179688
Lanius sphenocercus,2011,817,3.8520245552063,4.16790342330933,0.315878868103027
Lanius tephronotus,2011,638,4.51975870132446,4.99989891052246,0.480140209197998
Larus crassirostris,2011,78,15.5089054107666,15.4662446975708,-0.0426607131958008
Larvivora brunnea,2011,325,6.83418989181519,7.27353286743164,0.439342975616455
Larvivora cyane,2011,504,1.02699601650238,1.33224403858185,0.305248022079468
Leptopoecile elegans,2011,464,1.16251695156097,1.72648143768311,0.563964486122131
Leptoptilos javanicus,2011,193,17.0435619354248,17.2359085083008,0.192346572875977
Limnodromus semipalmatus,2011,293,0.636016726493835,0.978074133396149,0.342057406902313
Limosa limosa,2011,390,1.07777690887451,1.37524652481079,0.297469615936279
Linaria cannabina,2011,164,3.81024098396301,3.94430685043335,0.134065866470337
Locustella davidi,2011,377,1.02113199234009,1.35303640365601,0.331904411315918
Locustella mandelli,2011,546,16.9194431304932,16.8485260009766,-0.0709171295166016
Lonchura striata,2011,766,18.0601272583008,17.9897422790527,-0.0703849792480469
Lophotriorchis kienerii,2011,55,21.8129367828369,21.7168083190918,-0.0961284637451172
Lophura leucomelanos,2011,150,10.5427417755127,11.0988054275513,0.556063652038574
Lophura nycthemera,2011,260,18.5232791900635,18.4824237823486,-0.0408554077148438
Loxia curvirostra,2011,1375,1.54966580867767,1.9455691576004,0.39590334892273
Macropygia unchall,2011,594,16.1906127929688,16.2045001983643,0.0138874053955078
Mareca falcata,2011,366,-0.290807813405991,0.115427568554878,0.406235381960869
Megaceryle lugubris,2011,1428,15.1732769012451,15.2565965652466,0.0833196640014648
Melanitta fusca,2011,7,0.868973076343536,0.702913582324982,-0.166059494018555
Melanitta stejnegeri,2011,45,-4.25272130966187,-3.46339058876038,0.789330720901489
Melanochlora sultanea,2011,155,18.2084312438965,18.2990703582764,0.0906391143798828
Mergus serrator,2011,251,1.3321053981781,1.68067848682404,0.348573088645935
Merops philippinus,2011,293,18.3080310821533,18.3421955108643,0.0341644287109375
Mixornis gularis,2011,159,16.6837577819824,17.0187664031982,0.33500862121582
Monticola gularis,2011,646,2.43376898765564,2.73853158950806,0.304762601852417
Monticola rufiventris,2011,869,15.3018579483032,15.3957386016846,0.0938806533813477
Monticola solitarius,2011,2043,10.853741645813,11.0289316177368,0.175189971923828
Motacilla citreola,2011,2159,2.20297122001648,2.7402286529541,0.537257432937622
Moupinia poecilotis,2011,145,6.02350807189941,6.39248847961426,0.368980407714844
Muscicapa dauurica,2011,671,1.70671880245209,2.01286125183105,0.306142449378967
Muscicapa ferruginea,2011,600,12.596305847168,12.8346853256226,0.23837947845459
Muscicapa muttui,2011,305,16.68186378479,16.6764450073242,-0.00541877746582031
Mycerobas affinis,2011,417,4.74256801605225,5.22367858886719,0.481110572814941
Mycerobas carnipes,2011,1012,2.43280649185181,3.0204451084137,0.58763861656189
Myiomela leucura,2011,672,15.003249168396,15.1198043823242,0.116555213928223
Myophonus caeruleus,2011,1550,12.4764938354492,12.6661071777344,0.189613342285156
Netta rufina,2011,395,4.57272863388062,4.84058237075806,0.267853736877441
Niltava davidi,2011,684,16.3860206604004,16.3456058502197,-0.0404148101806641
Niltava grandis,2011,139,15.5507926940918,15.9891271591187,0.438334465026855
Niltava macgrigoriae,2011,278,17.1179103851318,17.2609252929688,0.143014907836914
Niltava sundara,2011,761,11.4049816131592,11.6365299224854,0.231548309326172
Ninox japonica,2011,1327,11.1691026687622,11.3121948242188,0.143092155456543
Nipponia nippon,2011,3,13.224778175354,13.4674205780029,0.242642402648926
Nisaetus nipalensis,2011,501,16.0050029754639,16.1001949310303,0.0951919555664062
Numenius madagascariensis,2011,197,0.840074002742767,1.23220801353455,0.392134010791779
Nycticorax nycticorax,2011,1539,14.4904012680054,14.5759258270264,0.0855245590209961
Oenanthe deserti,2011,1737,2.79329204559326,3.36979913711548,0.576507091522217
Oenanthe oenanthe,2011,1019,4.16478967666626,4.50855493545532,0.343765258789063
Onychoprion anaethetus,2011,31,20.9556827545166,21.0485019683838,0.0928192138671875
Oriolus oriolus,2011,192,3.03185987472534,3.2100830078125,0.178223133087158
Otus lettia,2011,878,17.5054512023926,17.4805030822754,-0.0249481201171875
Otus semitorques,2011,542,7.6100811958313,7.8209285736084,0.2108473777771
Otus spilocephalus,2011,561,16.5144157409668,16.5107421875,-0.00367355346679688
Oxyura leucocephala,2011,149,5.72699737548828,6.12083673477173,0.393839359283447
Panurus biarmicus,2011,1831,4.12009954452515,4.58414840698242,0.464048862457275
Paradoxornis guttaticollis,2011,448,16.6616554260254,16.6250095367432,-0.0366458892822266
Paradoxornis heudei,2011,323,12.1314287185669,12.2754821777344,0.14405345916748
Parayuhina diademata,2011,471,13.0819683074951,13.2831192016602,0.201150894165039
Pardaliparus venustulus,2011,704,13.5442533493042,13.6818723678589,0.137619018554688
Parus monticolus,2011,628,12.7628221511841,12.9835386276245,0.22071647644043
Passer cinnamomeus,2011,1562,12.8010911941528,13.0018472671509,0.200756072998047
Passer domesticus,2011,750,0.82120680809021,1.24184572696686,0.420638918876648
Passer hispaniolensis,2011,153,4.25698804855347,4.54326391220093,0.286275863647461
Pelecanus crispus,2011,151,0.737479865550995,1.25777208805084,0.520292222499847
Pellorneum tickelli,2011,96,18.7574138641357,18.9361381530762,0.17872428894043
Perdix hodgsoniae,2011,460,-1.68631982803345,-1.09499394893646,0.591325879096985
Pericrocotus cantonensis,2011,816,16.4538898468018,16.4482154846191,-0.00567436218261719
Pericrocotus divaricatus,2011,132,2.67148590087891,2.96652245521545,0.295036554336548
Pericrocotus ethologus,2011,1120,10.0661602020264,10.3508796691895,0.284719467163086
Pericrocotus solaris,2011,630,17.9055347442627,17.8374919891357,-0.0680427551269531
Periparus rubidiventris,2011,406,1.0057018995285,1.55581748485565,0.550115585327148
Pernis ptilorhynchus,2011,832,3.53393316268921,3.86929678916931,0.335363626480103
Phasianus colchicus,2011,2329,8.38204383850098,8.57539558410645,0.193351745605469
Phoenicurus erythronotus,2011,302,4.4462628364563,4.74790334701538,0.301640510559082
Phoenicurus frontalis,2011,923,4.79591703414917,5.23933839797974,0.443421363830566
Phoenicurus leucocephalus,2011,1426,7.7376446723938,8.11432075500488,0.376676082611084
Phoenicurus ochruros,2011,2263,3.26384401321411,3.81686186790466,0.553017854690552
Phoenicurus schisticeps,2011,406,3.07463383674622,3.57379221916199,0.499158382415772
Phylloscopus affinis,2011,666,5.29091310501099,5.73090887069702,0.439995765686035
Phylloscopus burkii,2011,33,2.90200233459473,3.36599469184876,0.463992357254028
Phylloscopus cantator,2011,105,15.6603422164917,16.0541858673096,0.393843650817871
Phylloscopus castaniceps,2011,632,16.0546073913574,16.145055770874,0.0904483795166016
Phylloscopus claudiae,2011,522,9.88924694061279,10.1935091018677,0.304262161254883
Phylloscopus coronatus,2011,414,6.72929191589356,6.98594188690186,0.256649971008301
Phylloscopus emeiensis,2011,22,12.370792388916,12.5203523635864,0.14955997467041
Phylloscopus intermedius,2011,134,14.0922756195068,14.2416801452637,0.149404525756836
Phylloscopus magnirostris,2011,214,6.5604043006897,7.02597808837891,0.465573787689209
Phylloscopus ogilviegranti,2011,381,17.7375507354736,17.6765365600586,-0.0610141754150391
Phylloscopus omeiensis,2011,138,10.2660341262817,10.5229654312134,0.256931304931641
Phylloscopus pulcher,2011,413,7.9857611656189,8.40353012084961,0.417768955230713
Phylloscopus ricketti,2011,676,15.3157758712769,15.3817567825317,0.0659809112548828
Phylloscopus soror,2011,245,13.625864982605,13.7827205657959,0.156855583190918
Phylloscopus subaffinis,2011,1013,11.5190992355347,11.732458114624,0.213358879089355
Phylloscopus tenellipes,2011,259,4.56703424453735,4.71337938308716,0.146345138549805
Phylloscopus tephrocephalus,2011,281,12.0046453475952,12.284273147583,0.279627799987793
Phylloscopus yunnanensis,2011,215,8.02978324890137,8.37110996246338,0.341326713562012
Picumnus innominatus,2011,1093,15.3501920700073,15.4299392700195,0.079747200012207
Picus chlorolophus,2011,236,18.3902645111084,18.4603710174561,0.0701065063476563
Pitta nympha,2011,314,17.3351917266846,17.3095645904541,-0.0256271362304688
Platalea minor,2011,6,9.52713203430176,9.37020301818848,-0.156929016113281
Pnoepyga immaculata,2011,5,5.88570213317871,6.45245170593262,0.566749572753906
Podiceps auritus,2011,229,0.136366680264473,0.550417482852936,0.414050802588463
Podiceps grisegena,2011,136,1.74304449558258,2.17906904220581,0.43602454662323
Podiceps nigricollis,2011,481,3.37681865692139,3.61255407333374,0.235735416412354
Podoces biddulphi,2011,276,11.4326000213623,12.0390481948853,0.606448173522949
Pomatorhinus schisticeps,2011,30,17.0419483184814,17.6121025085449,0.570154190063477
Pomatorhinus superciliaris,2011,107,15.5741310119629,16.0194759368897,0.445344924926758
Prinia atrogularis,2011,41,13.7463512420654,14.3554515838623,0.609100341796875
Prinia flaviventris,2011,82,19.0294494628906,19.3350601196289,0.305610656738281
Prinia inornata,2011,815,17.7829418182373,17.7304039001465,-0.0525379180908203
Prunella collaris,2011,2078,0.881721675395966,1.3954404592514,0.513718783855438
Prunella himalayana,2011,208,-0.780707001686096,-0.400606006383896,0.3801009953022
Prunella immaculata,2011,328,2.3754723072052,2.86845684051514,0.492984533309937
Prunella montanella,2011,35,-4.01745891571045,-3.32704949378967,0.690409421920776
Prunella strophiata,2011,581,4.8185076713562,5.30654716491699,0.488039493560791
Psarisomus dalhousiae,2011,108,17.168399810791,17.5249271392822,0.356527328491211
Pseudopodoces humilis,2011,999,-2.24323654174805,-1.56384313106537,0.679393410682678
Psilopogon faber,2011,43,19.2454166412354,19.0395240783691,-0.205892562866211
Psilopogon virens,2011,727,16.4328498840332,16.4374408721924,0.00459098815917969
Pterorhinus berthemyi,2011,335,15.9220361709595,15.9127035140991,-0.00933265686035156
Pterorhinus lanceolatus,2011,830,14.0311040878296,14.1250352859497,0.0939311981201172
Pterorhinus pectoralis,2011,584,16.4923286437988,16.5260696411133,0.0337409973144531
Pterorhinus sannio,2011,723,16.5131092071533,16.5274314880371,0.0143222808837891
Pteruthius rufiventer,2011,90,13.7090368270874,14.2163419723511,0.507305145263672
Pteruthius xanthochlorus,2011,307,10.3232049942017,10.7061758041382,0.382970809936523
Ptyonoprogne rupestris,2011,1954,5.37436962127686,5.82193517684937,0.44756555557251
Pycnonotus aurigaster,2011,572,17.6714363098145,17.6080913543701,-0.0633449554443359
Pycnonotus jocosus,2011,415,18.2223873138428,18.1764011383057,-0.0459861755371094
Pycnonotus sinensis,2011,1342,15.0544948577881,15.1110744476318,0.05657958984375
Pycnonotus xanthorrhous,2011,700,14.8906507492065,14.9839563369751,0.0933055877685547
Pyrrhula erythaca,2011,897,8.99915409088135,9.31637954711914,0.317225456237793
Pyrrhula nipalensis,2011,747,14.819185256958,14.8678283691406,0.0486431121826172
Rallina eurizonoides,2011,152,20.1719455718994,20.2388114929199,0.0668659210205078
Rallus aquaticus,2011,1224,2.42764139175415,3.07762217521668,0.649980783462524
Recurvirostra avosetta,2011,698,1.33939504623413,1.6750727891922,0.335677742958069
Regulus regulus,2011,930,7.1307168006897,7.45561456680298,0.324897766113281
Remiz consobrinus,2011,558,3.35002541542053,3.60928297042847,0.259257555007935
Remiz coronatus,2011,191,2.46915340423584,2.71259069442749,0.24343729019165
Rhodospiza obsoleta,2011,720,5.24223470687866,5.75052928924561,0.508294582366943
Riparia riparia,2011,784,2.64866471290588,2.95288681983948,0.304222106933594
Rubigula flaviventris,2011,174,18.7557125091553,18.8604888916016,0.104776382446289
Sasia ochracea,2011,132,19.0419464111328,19.1616115570068,0.119665145874023
Saxicola ferreus,2011,1085,14.6986656188965,14.8090982437134,0.110432624816895
Sitta cinnamoventris,2011,123,17.082124710083,17.3918190002441,0.309694290161133
Sitta formosa,2011,141,15.951807975769,16.3659210205078,0.41411304473877
Sitta villosa,2011,798,6.09239196777344,6.42708730697632,0.334695339202881
Sittiparus varius,2011,82,5.76430416107178,5.74116325378418,-0.0231409072875977
Spilopelia chinensis,2011,1413,14.8436107635498,14.9456272125244,0.102016448974609
Spilopelia senegalensis,2011,168,3.82531929016113,4.27535772323608,0.450038433074951
Spilornis cheela,2011,652,17.436824798584,17.4203777313232,-0.0164470672607422
Spinus spinus,2011,295,-0.596706986427307,-0.167134612798691,0.429572373628616
Spizixos semitorques,2011,944,16.026798248291,16.0530548095703,0.0262565612792969
Spodiopsar cineraceus,2011,1439,4.32776212692261,4.67198610305786,0.344223976135254
Spodiopsar sericeus,2011,692,17.4629497528076,17.3820171356201,-0.0809326171875
Stachyris humei,2011,39,13.5445995330811,14.1103925704956,0.565793037414551
Staphida torqueola,2011,740,17.3425159454346,17.2933120727539,-0.0492038726806641
Streptopelia decaocto,2011,1819,7.51734828948975,7.93137836456299,0.414030075073242
Sturnia sinensis,2011,305,19.1309833526611,18.8740043640137,-0.256978988647461
Sturnus vulgaris,2011,253,4.91895532608032,5.21350431442261,0.294548988342285
Suthora fulvifrons,2011,136,9.14953327178955,9.52546787261963,0.375934600830078
Syrmaticus humiae,2011,108,16.9307231903076,17.2315807342529,0.300857543945313
Syrmaticus reevesii,2011,256,14.2624092102051,14.3555135726929,0.093104362487793
Syrrhaptes paradoxus,2011,1270,4.20923328399658,4.52262115478516,0.313387870788574
Tarsiger chrysaeus,2011,217,7.12873888015747,7.58936023712158,0.460621356964111
Tarsiger indicus,2011,276,9.35574531555176,9.77461338043213,0.418868064880371
Temnurus temnurus,2011,38,23.8245315551758,23.3160667419434,-0.508464813232422
Tephrodornis virgatus,2011,421,19.5108184814453,19.2540435791016,-0.25677490234375
Thalasseus bergii,2011,240,22.2157859802246,21.8867206573486,-0.329065322875977
Timalia pileata,2011,263,19.225227355957,19.1356563568115,-0.0895709991455078
Tragopan caboti,2011,186,18.5082702636719,18.2275867462158,-0.280683517456055
Tragopan temminckii,2011,529,12.6361389160156,12.8104276657105,0.174288749694824
Treron curvirostra,2011,162,18.7455444335938,18.9136123657227,0.168067932128906
Treron sieboldii,2011,645,17.8530445098877,17.7700443267822,-0.0830001831054688
Treron sphenurus,2011,294,14.4787168502808,14.7451391220093,0.266422271728516
Turdus boulboul,2011,220,17.376407623291,17.538459777832,0.162052154541016
Turdus cardis,2011,169,15.0351343154907,15.1588850021362,0.123750686645508
Turdus feae,2011,117,7.37936782836914,7.63629102706909,0.256923198699951
Turdus mandarinus,2011,1032,14.7816362380981,14.8550786972046,0.0734424591064453
Turdus pilaris,2011,220,-1.74795424938202,-1.38982701301575,0.358127236366272
Turdus rubrocanus,2011,541,5.81288194656372,6.20607042312622,0.3931884765625
Turdus ruficollis,2011,159,2.9576096534729,3.27938270568848,0.321773052215576
Turdus viscivorus,2011,422,4.64524841308594,4.94808912277222,0.302840709686279
Turnix suscitator,2011,455,17.9373970031738,17.9646873474121,0.0272903442382813
Tyto longimembris,2011,685,17.7860012054443,17.6696910858154,-0.116310119628906
Urile pelagicus,2011,10,10.4286890029907,10.3197927474976,-0.108896255493164
Urosphena squameiceps,2011,112,3.62927651405334,3.75403022766113,0.124753713607788
Vanellus cinereus,2011,279,3.7433602809906,4.01857042312622,0.27521014213562
Vanellus indicus,2011,87,17.6243762969971,18.0248031616211,0.400426864624023
Vanellus vanellus,2011,1111,2.88630080223084,3.16830682754517,0.282006025314331
Yuhina nigrimenta,2011,669,15.0526151657105,15.1142024993896,0.0615873336791992
Zoothera dixoni,2011,349,11.1787948608398,11.5397462844849,0.36095142364502
Zoothera mollissima,2011,155,2.83340001106262,3.32338428497314,0.489984273910523
Zoothera monticola,2011,41,12.9189081192017,13.3940343856812,0.475126266479492
Zosterops erythropleurus,2011,328,4.62363433837891,4.79117584228516,0.16754150390625
Abroscopus albogularis,2012,562,17.4008522033691,17.4331512451172,0.0322990417480469
Accipiter gularis,2012,697,2.65403866767883,2.2877299785614,-0.366308689117432
Accipiter soloensis,2012,942,14.6539878845215,14.5840425491333,-0.0699453353881836
Accipiter trivirgatus,2012,174,20.6737785339356,21.0708904266357,0.397111892700195
Accipiter virgatus,2012,846,15.1853485107422,15.3875322341919,0.202183723449707
Acridotheres cristatellus,2012,1081,16.3418083190918,16.4802913665772,0.138483047485352
Acridotheres tristis,2012,284,13.0754556655884,13.6452569961548,0.569801330566406
Acrocephalus agricola,2012,581,6.84485864639282,6.92757749557495,0.0827188491821289
Acrocephalus bistrigiceps,2012,1280,6.68613195419312,6.48671293258667,-0.199419021606445
Acrocephalus concinens,2012,766,13.3816928863525,13.4306983947754,0.0490055084228516
Acrocephalus orientalis,2012,1446,7.09092283248901,6.88265895843506,-0.208263874053955
Acrocephalus tangorum,2012,171,4.11876344680786,3.76172399520874,-0.357039451599121
Aegithalos bonvaloti,2012,106,7.6470046043396,8.28083229064941,0.633827686309815
Aegithalos caudatus,2012,754,2.25801730155945,1.89618980884552,-0.361827492713928
Aegithalos concinnus,2012,953,15.9409122467041,16.1022834777832,0.161371231079102
Aegithalos fuliginosus,2012,138,9.91040992736816,10.1071147918701,0.196704864501953
Aerodramus brevirostris,2012,603,13.6866846084595,13.9352674484253,0.24858283996582
Aethopyga christinae,2012,23,24.3484706878662,24.3264389038086,-0.0220317840576172
Aethopyga gouldiae,2012,956,11.0757522583008,11.3251085281372,0.249356269836426
Agropsar sturninus,2012,1131,4.8556547164917,4.6413516998291,-0.214303016662598
Aix galericulata,2012,422,3.75636386871338,3.47325563430786,-0.283108234405518
Alauda gulgula,2012,1994,9.42479801177979,9.64005279541016,0.215254783630371
Alaudala cheleensis,2012,2390,5.02381753921509,5.01638126373291,-0.00743627548217773
Alcedo hercules,2012,141,19.7236499786377,20.1622161865234,0.438566207885742
Alcippe morrisonia,2012,975,16.4001846313477,16.5302066802979,0.130022048950195
Amaurornis phoenicurus,2012,1130,16.0147972106934,16.1681041717529,0.15330696105957
Anastomus oscitans,2012,315,16.1227264404297,16.5864219665527,0.463695526123047
Anser anser,2012,936,2.59998202323914,2.36617779731751,-0.233804225921631
Anser fabalis,2012,359,-0.232263207435608,-0.598980307579041,-0.366717100143433
Anser indicus,2012,441,0.791138470172882,1.00271463394165,0.211576163768768
Anthus godlewskii,2012,157,1.22606432437897,0.576792061328888,-0.649272263050079
Anthus gustavi,2012,66,2.94458818435669,2.84148120880127,-0.10310697555542
Anthus richardi,2012,2788,8.37556171417236,8.27831268310547,-0.0972490310668945
Anthus roseatus,2012,1911,3.55629634857178,3.85548329353333,0.299186944961548
Anthus trivialis,2012,126,1.94549369812012,1.9509174823761,0.00542378425598145
Aquila fasciata,2012,300,19.3407211303711,19.3259601593018,-0.0147609710693359
Aquila heliaca,2012,183,0.794729292392731,0.573081135749817,-0.221648156642914
Ardea intermedia,2012,806,16.9554290771484,17.0731372833252,0.117708206176758
Ardea purpurea,2012,1542,13.773362159729,13.7311716079712,-0.0421905517578125
Ardenna pacifica,2012,90,21.6581630706787,21.7316188812256,0.073455810546875
Artamus fuscus,2012,275,20.3747119903564,20.6718158721924,0.297103881835938
Asio flammeus,2012,498,0.647581040859222,0.356000006198883,-0.291581034660339
Athene noctua,2012,3280,3.76510715484619,3.84104299545288,0.0759358406066895
Aviceda jerdoni,2012,64,20.8588600158691,21.2926292419434,0.433769226074219
Aviceda leuphotes,2012,784,15.98646068573,16.1444530487061,0.157992362976074
Aythya fuligula,2012,613,0.912497222423553,0.496630728244782,-0.415866494178772
Aythya nyroca,2012,348,3.64787364006043,3.60659527778626,-0.0412783622741699
Bombycilla japonica,2012,93,-2.70986938476563,-3.02357697486877,-0.313707590103149
Branta canadensis,2012,19,7.6150541305542,7.42720985412598,-0.187844276428223
Bubo nipalensis,2012,362,11.4124135971069,12.0180521011353,0.60563850402832
Bucanetes mongolicus,2012,731,5.15714693069458,5.07664108276367,-0.0805058479309082
Butastur indicus,2012,481,4.17492294311523,3.85357761383057,-0.321345329284668
Cacomantis merulinus,2012,411,19.2106418609619,19.5000534057617,0.289411544799805
Calandrella brachydactyla,2012,400,5.59619903564453,5.56907415390015,-0.0271248817443848
Calliope obscura,2012,74,8.60147857666016,8.78227519989014,0.18079662322998
Caprimulgus macrurus,2012,78,21.0046348571777,21.4531917572022,0.448556900024414
Carpodacus roborowskii,2012,101,-4.03297138214111,-3.68741273880005,0.345558643341064
Carpodacus vinaceus,2012,535,13.1980676651001,13.4476261138916,0.249558448791504
Cecropis daurica,2012,2623,9.16229629516602,9.20053005218506,0.038233757019043
Centropus bengalensis,2012,607,18.6197357177734,18.7214584350586,0.101722717285156
Cephalopyrus flammiceps,2012,98,11.278489112854,11.6486101150513,0.370121002197266
Certhia familiaris,2012,1518,4.10910701751709,3.95115613937378,-0.157950878143311
Certhia himalayana,2012,210,9.42436599731445,9.89925098419189,0.474884986877441
Certhia tianquanensis,2012,46,8.03892517089844,8.07398891448975,0.0350637435913086
Ceryle rudis,2012,762,17.6190166473389,17.7738456726074,0.154829025268555
Cettia brunnifrons,2012,409,9.04499340057373,9.36260986328125,0.31761646270752
Cettia castaneocoronata,2012,502,12.0057926177979,12.4079685211182,0.402175903320313
Chalcophaps indica,2012,288,20.4205284118652,20.729663848877,0.309135437011719
Charadrius atrifrons,2012,1360,-0.0825315490365028,0.2364432066679,0.318974755704403
Charadrius dealbatus,2012,82,22.3581027984619,22.4050273895264,0.0469245910644531
Charadrius placidus,2012,860,6.81603288650513,6.65814876556397,-0.157884120941162
Charadrius veredus,2012,147,1.37415206432343,0.709503889083862,-0.664648175239563
Chlidonias leucopterus,2012,1115,3.61852622032166,3.32596468925476,-0.292561531066895
Chlidonias niger,2012,65,2.81934809684753,2.76786160469055,-0.0514864921569824
Chloris ambigua,2012,297,13.6298961639404,14.2923030853272,0.662406921386719
Chloris sinica,2012,2177,10.1043548583984,10.0585918426514,-0.0457630157470703
Chrysolophus pictus,2012,410,12.3430995941162,12.3852586746216,0.0421590805053711
Ciconia boyciana,2012,141,3.75946140289307,3.46041607856751,-0.299045324325562
Ciconia nigra,2012,2186,5.71650981903076,5.60445833206177,-0.112051486968994
Circaetus gallicus,2012,228,6.13989019393921,6.09872198104858,-0.041168212890625
Circus macrourus,2012,154,2.22476196289063,2.19644141197205,-0.0283205509185791
Circus spilonotus,2012,631,1.43180251121521,1.01228582859039,-0.419516682624817
Cisticola exilis,2012,521,18.3237705230713,18.5395545959473,0.215784072875977
Cisticola juncidis,2012,1233,15.9261827468872,15.9952630996704,0.0690803527832031
Clamator coromandus,2012,1069,16.5760765075684,16.6854934692383,0.109416961669922
Clanga clanga,2012,567,1.82915771007538,1.48343467712402,-0.345723032951355
Columba oenas,2012,147,1.89062237739563,2.04324698448181,0.152624607086182
Copsychus saularis,2012,1011,16.2842559814453,16.4090480804443,0.124792098999023
Coracias garrulus,2012,83,1.71752464771271,1.87107014656067,0.153545498847961
Coturnicops exquisitus,2012,412,0.116188421845436,-0.265604287385941,-0.381792709231377
Crex crex,2012,149,1.68861591815948,1.80320405960083,0.114588141441345
Crossoptilon mantchuricum,2012,64,7.99328136444092,8.19548416137695,0.202202796936035
Curruca curruca,2012,961,4.71596050262451,4.7868504524231,0.070889949798584
Cyanistes cyanus,2012,658,0.813704073429108,0.613269627094269,-0.200434446334839
Cyanoderma pyrrhops,2012,3,11.5056676864624,12.1055431365967,0.599875450134277
Cygnus cygnus,2012,538,1.97667515277863,1.66491377353668,-0.311761379241943
Cygnus olor,2012,250,2.81658434867859,2.87376141548157,0.0571770668029785
Cyornis glaucicomans,2012,344,15.2155599594116,15.2142190933228,-0.00134086608886719
Cyornis hainanus,2012,199,21.3823966979981,21.5198402404785,0.137443542480469
Cyornis rubeculoides,2012,42,16.7205429077148,17.0014724731445,0.280929565429688
Delichon dasypus,2012,1040,7.09097099304199,7.26020431518555,0.169233322143555
Dendrocitta formosae,2012,933,17.1049575805664,17.2315292358398,0.126571655273438
Dendrocopos hyperythrus,2012,413,8.27587223052979,8.7532901763916,0.477417945861816
Dendrocygna javanica,2012,684,18.0148448944092,18.1731033325195,0.158258438110352
Dicaeum cruentatum,2012,519,18.7793598175049,18.9199600219727,0.140600204467773
Dicaeum ignipectus,2012,1035,15.6106557846069,15.7591934204102,0.148537635803223
Dicaeum minullum,2012,835,14.767373085022,14.9562730789185,0.188899993896484
Dicrurus annectens,2012,164,19.7741985321045,20.2896003723145,0.515401840209961
Dicrurus hottentottus,2012,1277,14.8924055099487,15.0498962402344,0.157490730285645
Dicrurus remifer,2012,201,17.4981899261475,18.1106796264648,0.612489700317383
Egretta eulophotes,2012,19,9.63973045349121,9.39109039306641,-0.248640060424805
Egretta garzetta,2012,1670,12.7392654418945,12.9329252243042,0.193659782409668
Elachura formosa,2012,245,15.8722858428955,16.3137989044189,0.441513061523438
Elanus caeruleus,2012,97,20.0274238586426,19.9929828643799,-0.0344409942626953
Emberiza buchanani,2012,164,0.845942556858063,0.847842931747437,0.00190037488937378
Emberiza citrinella,2012,45,1.24440145492554,0.8256596326828,-0.418741822242737
Emberiza elegans,2012,1059,8.75524711608887,8.66243839263916,-0.092808723449707
Emberiza godlewskii,2012,2040,4.47789907455444,4.56711578369141,0.0892167091369629
Emberiza hortulana,2012,93,3.53125858306885,3.1870756149292,-0.344182968139648
Emberiza leucocephalos,2012,716,0.0190331656485796,-0.173879325389862,-0.192912491038442
Emberiza pallasi,2012,141,-2.66091752052307,-3.24265742301941,-0.581739902496338
Emberiza pusilla,2012,208,2.53732514381409,2.17131590843201,-0.36600923538208
Emberiza rustica,2012,3,-4.41251945495605,-4.90271472930908,-0.490195274353027
Emberiza siemsseni,2012,79,10.0293006896973,10.2023477554321,0.173047065734863
Emberiza yessoensis,2012,46,2.82388091087341,2.58328771591187,-0.240593194961548
Enicurus leschenaulti,2012,1155,14.9616861343384,15.1073083877563,0.145622253417969
Enicurus maculatus,2012,490,17.4008846282959,17.728364944458,0.327480316162109
Enicurus schistaceus,2012,598,17.1719207763672,17.3292427062988,0.157321929931641
Erpornis zantholeuca,2012,529,17.9002780914307,18.1326732635498,0.232395172119141
Erythrogenys hypoleucos,2012,50,19.9029903411865,20.039213180542,0.136222839355469
Eudynamys scolopaceus,2012,1083,16.3084487915039,16.435941696167,0.127492904663086
Eumyias thalassinus,2012,737,14.3080358505249,14.5095701217651,0.201534271240234
Falco cherrug,2012,2075,2.70873928070068,2.83787155151367,0.129132270812988
Falco severus,2012,359,17.7754745483398,18.1637725830078,0.388298034667969
Ficedula albicilla,2012,89,-2.38578534126282,-2.75278639793396,-0.367001056671143
Ficedula elisae,2012,152,7.47436904907227,7.44136095046997,-0.0330080986022949
Ficedula erithacus,2012,610,7.43311548233032,7.84247875213623,0.409363269805908
Ficedula hyperythra,2012,472,16.0033531188965,16.3262310028076,0.322877883911133
Ficedula mugimaki,2012,678,2.3159077167511,1.93054413795471,-0.385363578796387
Ficedula strophiata,2012,621,13.0205202102661,13.2541208267212,0.233600616455078
Ficedula superciliaris,2012,331,5.17182588577271,5.65320920944214,0.481383323669434
Ficedula tricolor,2012,560,11.7169189453125,12.0231657028198,0.306246757507324
Fringilla coelebs,2012,6,-3.64196300506592,-4.13052845001221,-0.488565444946289
Fringilla montifringilla,2012,23,-2.54210829734802,-3.01214814186096,-0.47003984451294
Galerida cristata,2012,1619,6.56866264343262,6.52242946624756,-0.0462331771850586
Gallicrex cinerea,2012,1658,13.8156538009644,13.8760375976563,0.0603837966918945
Garrulax canorus,2012,757,17.0413055419922,17.0514755249023,0.0101699829101563
Garrulax maesi,2012,302,17.0664443969727,17.0747318267822,0.00828742980957031
Garrulax monileger,2012,463,19.1697063446045,19.28786277771,0.118156433105469
Gavia arctica,2012,163,2.2326762676239,2.1355984210968,-0.0970778465270996
Gelochelidon nilotica,2012,554,7.68231201171875,7.58271503448486,-0.0995969772338867
Geokichla citrina,2012,505,17.6489105224609,17.8424892425537,0.193578720092773
Glaucidium cuculoides,2012,1012,16.7492389678955,16.8576068878174,0.108367919921875
Gorsachius melanolophus,2012,105,21.6351413726807,21.8716087341309,0.236467361450195
Gracupica nigricollis,2012,510,17.9595203399658,18.1815166473389,0.221996307373047
Grandala coelicolor,2012,621,0.189435198903084,0.531280219554901,0.341845020651817
Grus japonensis,2012,76,2.61315250396729,2.40962982177734,-0.203522682189941
Grus monacha,2012,21,-0.20156466960907,-0.355263590812683,-0.153698921203613
Grus nigricollis,2012,407,-2.81143999099731,-2.3433940410614,0.468045949935913
Gypaetus barbatus,2012,1655,0.90612781047821,1.20205891132355,0.295931100845337
Gyps himalayensis,2012,1392,1.23260295391083,1.53302001953125,0.300417065620422
Halcyon coromanda,2012,131,9.25574684143066,9.31952095031738,0.0637741088867188
Halcyon pileata,2012,1245,13.7531538009644,13.8871259689331,0.13397216796875
Halcyon smyrnensis,2012,182,21.6887283325195,21.6567783355713,-0.0319499969482422
Haliaeetus leucoryphus,2012,34,14.0554161071777,14.1564893722534,0.101073265075684
Harpactes wardi,2012,78,8.85727214813232,9.30299663543701,0.445724487304688
Helopsaltes certhiola,2012,1617,4.47727870941162,4.35752248764038,-0.11975622177124
Helopsaltes pryeri,2012,166,6.73794746398926,6.41602420806885,-0.32192325592041
Hemiprocne coronata,2012,103,16.7578430175781,17.3867225646973,0.628879547119141
Hemitesia pallidipes,2012,155,16.8176536560059,17.4825096130371,0.66485595703125
Hemixos castanonotus,2012,373,19.1924209594727,19.1880664825439,-0.00435447692871094
Heterophasia desgodinsi,2012,283,15.513069152832,15.8291397094727,0.316070556640625
Heteroxenicus stellatus,2012,104,10.5467109680176,10.9974737167358,0.450762748718262
Hieraaetus pennatus,2012,137,-1.33781504631042,-1.63517343997955,-0.297358393669128
Hierococcyx nisicolor,2012,639,17.0438480377197,17.303014755249,0.259166717529297
Hirundapus caudacutus,2012,1023,3.56975531578064,3.52614879608154,-0.0436065196990967
Hirundo rustica,2012,4116,6.53853988647461,6.60797548294067,0.0694355964660645
Histrionicus histrionicus,2012,83,2.51139283180237,2.37841820716858,-0.132974624633789
Hydrocoloeus minutus,2012,48,8.87618541717529,8.81087875366211,-0.0653066635131836
Hydrophasianus chirurgus,2012,865,17.0730152130127,17.2193450927734,0.146329879760742
Hydroprogne caspia,2012,298,13.7203493118286,13.671498298645,-0.0488510131835938
Hypothymis azurea,2012,513,17.3541965484619,17.6442432403564,0.290046691894531
Hypsipetes leucocephalus,2012,1126,15.1517972946167,15.3103427886963,0.15854549407959
Ianthocincla lunulata,2012,135,10.4669580459595,10.7540168762207,0.28705883026123
Ibidorhyncha struthersii,2012,1706,2.63580417633057,2.90493011474609,0.269125938415527
Ictinaetus malaiensis,2012,101,17.802188873291,17.8792285919189,0.0770397186279297
Iduna caligata,2012,61,2.13780975341797,1.74807453155518,-0.389735221862793
Indicator xanthonotus,2012,48,12.2993488311768,12.6499042510986,0.350555419921875
Ixobrychus cinnamomeus,2012,1390,15.337140083313,15.426760673523,0.0896205902099609
Ixobrychus eurhythmus,2012,1430,9.70042896270752,9.54535388946533,-0.155075073242188
Ixobrychus minutus,2012,183,3.59522795677185,3.6802704334259,0.0850424766540527
Ixos mcclellandii,2012,697,17.6051921844482,17.7441158294678,0.138923645019531
Ketupa flavipes,2012,920,17.0898551940918,17.131160736084,0.0413055419921875
Lalage melaschistos,2012,1331,14.7237720489502,14.8877944946289,0.164022445678711
Lanius borealis,2012,248,1.18080830574036,0.952846825122833,-0.227961480617523
Lanius collurioides,2012,302,18.6856880187988,19.0164699554443,0.330781936645508
Lanius isabellinus,2012,1437,4.29488563537598,4.28461742401123,-0.0102682113647461
Lanius schach,2012,1339,14.2475595474243,14.4135723114014,0.166012763977051
Lanius sphenocercus,2012,817,3.8520245552063,3.62514328956604,-0.226881265640259
Lanius tephronotus,2012,638,4.51975870132446,4.84543085098267,0.325672149658203
Larus crassirostris,2012,78,15.5089054107666,15.5034246444702,-0.00548076629638672
Larvivora brunnea,2012,325,6.83418989181519,7.21013450622559,0.3759446144104
Larvivora cyane,2012,504,1.02699601650238,0.65725576877594,-0.36974024772644
Leptopoecile elegans,2012,464,1.16251695156097,1.40988969802856,0.24737274646759
Leptoptilos javanicus,2012,193,17.0435619354248,17.729362487793,0.685800552368164
Limnodromus semipalmatus,2012,293,0.636016726493835,0.167940303683281,-0.468076422810555
Limosa limosa,2012,390,1.07777690887451,0.689788162708283,-0.387988746166229
Linaria cannabina,2012,164,3.81024098396301,3.67835760116577,-0.131883382797241
Locustella davidi,2012,377,1.02113199234009,0.645789861679077,-0.375342130661011
Locustella mandelli,2012,546,16.9194431304932,17.10373878479,0.184295654296875
Lonchura striata,2012,766,18.0601272583008,18.0990905761719,0.0389633178710938
Lophotriorchis kienerii,2012,55,21.8129367828369,21.9392948150635,0.126358032226563
Lophura leucomelanos,2012,150,10.5427417755127,11.0211668014526,0.478425025939941
Lophura nycthemera,2012,260,18.5232791900635,18.9367179870605,0.41343879699707
Loxia curvirostra,2012,1375,1.54966580867767,1.48094797134399,-0.0687178373336792
Macropygia unchall,2012,594,16.1906127929688,16.4293346405029,0.23872184753418
Mareca falcata,2012,366,-0.290807813405991,-0.66968047618866,-0.378872662782669
Megaceryle lugubris,2012,1428,15.1732769012451,15.2720508575439,0.0987739562988281
Melanitta fusca,2012,7,0.868973076343536,0.361913025379181,-0.507060050964356
Melanitta stejnegeri,2012,45,-4.25272130966187,-4.60056829452515,-0.347846984863281
Melanochlora sultanea,2012,155,18.2084312438965,18.5702247619629,0.361793518066406
Mergus serrator,2012,251,1.3321053981781,1.0806645154953,-0.2514408826828
Merops philippinus,2012,293,18.3080310821533,18.8361721038818,0.528141021728516
Mixornis gularis,2012,159,16.6837577819824,17.5180530548096,0.834295272827148
Monticola gularis,2012,646,2.43376898765564,2.08635425567627,-0.34741473197937
Monticola rufiventris,2012,869,15.3018579483032,15.467435836792,0.16557788848877
Monticola solitarius,2012,2043,10.853741645813,10.9028377532959,0.0490961074829102
Motacilla citreola,2012,2159,2.20297122001648,2.38984203338623,0.186870813369751
Moupinia poecilotis,2012,145,6.02350807189941,6.41599941253662,0.392491340637207
Muscicapa dauurica,2012,671,1.70671880245209,1.29632174968719,-0.410397052764893
Muscicapa ferruginea,2012,600,12.596305847168,12.8980722427368,0.301766395568848
Muscicapa muttui,2012,305,16.68186378479,16.7975730895996,0.11570930480957
Mycerobas affinis,2012,417,4.74256801605225,5.19110441207886,0.448536396026611
Mycerobas carnipes,2012,1012,2.43280649185181,2.68085932731628,0.248052835464478
Myiomela leucura,2012,672,15.003249168396,15.2211685180664,0.21791934967041
Myophonus caeruleus,2012,1550,12.4764938354492,12.6516618728638,0.175168037414551
Netta rufina,2012,395,4.57272863388062,4.54140758514404,-0.0313210487365723
Niltava davidi,2012,684,16.3860206604004,16.556957244873,0.170936584472656
Niltava grandis,2012,139,15.5507926940918,16.2184658050537,0.667673110961914
Niltava macgrigoriae,2012,278,17.1179103851318,17.5900707244873,0.472160339355469
Niltava sundara,2012,761,11.4049816131592,11.674786567688,0.269804954528809
Ninox japonica,2012,1327,11.1691026687622,11.078706741333,-0.0903959274291992
Nipponia nippon,2012,3,13.224778175354,13.4448747634888,0.220096588134766
Nisaetus nipalensis,2012,501,16.0050029754639,16.3657836914063,0.360780715942383
Numenius madagascariensis,2012,197,0.840074002742767,0.614679515361786,-0.225394487380981
Nycticorax nycticorax,2012,1539,14.4904012680054,14.5500984191895,0.059697151184082
Oenanthe deserti,2012,1737,2.79329204559326,2.97652125358582,0.183229207992554
Oenanthe oenanthe,2012,1019,4.16478967666626,4.03454446792603,-0.130245208740234
Onychoprion anaethetus,2012,31,20.9556827545166,21.3278694152832,0.372186660766602
Oriolus oriolus,2012,192,3.03185987472534,2.96217393875122,-0.0696859359741211
Otus lettia,2012,878,17.5054512023926,17.6004867553711,0.0950355529785156
Otus semitorques,2012,542,7.6100811958313,7.4991455078125,-0.110935688018799
Otus spilocephalus,2012,561,16.5144157409668,16.7527523040772,0.238336563110352
Oxyura leucocephala,2012,149,5.72699737548828,5.82372093200684,0.0967235565185547
Panurus biarmicus,2012,1831,4.12009954452515,4.07784128189087,-0.0422582626342773
Paradoxornis guttaticollis,2012,448,16.6616554260254,16.8727169036865,0.211061477661133
Paradoxornis heudei,2012,323,12.1314287185669,12.0775384902954,-0.0538902282714844
Parayuhina diademata,2012,471,13.0819683074951,13.4182138442993,0.336245536804199
Pardaliparus venustulus,2012,704,13.5442533493042,13.5661993026733,0.0219459533691406
Parus monticolus,2012,628,12.7628221511841,12.9712419509888,0.208419799804688
Passer cinnamomeus,2012,1562,12.8010911941528,12.9684562683105,0.167365074157715
Passer domesticus,2012,750,0.82120680809021,0.640765309333801,-0.180441498756409
Passer hispaniolensis,2012,153,4.25698804855347,4.31476163864136,0.0577735900878906
Pelecanus crispus,2012,151,0.737479865550995,0.790994822978973,0.0535149574279785
Pellorneum tickelli,2012,96,18.7574138641357,19.4342041015625,0.676790237426758
Perdix hodgsoniae,2012,460,-1.68631982803345,-1.23895621299744,0.447363615036011
Pericrocotus cantonensis,2012,816,16.4538898468018,16.4718284606934,0.0179386138916016
Pericrocotus divaricatus,2012,132,2.67148590087891,2.47121906280518,-0.20026683807373
Pericrocotus ethologus,2012,1120,10.0661602020264,10.306661605835,0.240501403808594
Pericrocotus solaris,2012,630,17.9055347442627,18.0823860168457,0.176851272583008
Periparus rubidiventris,2012,406,1.0057018995285,1.35391843318939,0.348216533660889
Pernis ptilorhynchus,2012,832,3.53393316268921,3.36415648460388,-0.169776678085327
Phasianus colchicus,2012,2329,8.38204383850098,8.32189273834229,-0.0601511001586914
Phoenicurus erythronotus,2012,302,4.4462628364563,4.4517674446106,0.00550460815429688
Phoenicurus frontalis,2012,923,4.79591703414917,5.079993724823,0.284076690673828
Phoenicurus leucocephalus,2012,1426,7.7376446723938,7.96896457672119,0.231319904327393
Phoenicurus ochruros,2012,2263,3.26384401321411,3.49691009521484,0.233066082000732
Phoenicurus schisticeps,2012,406,3.07463383674622,3.44941759109497,0.374783754348755
Phylloscopus affinis,2012,666,5.29091310501099,5.59811115264893,0.307198047637939
Phylloscopus burkii,2012,33,2.90200233459473,3.22228407859802,0.320281744003296
Phylloscopus cantator,2012,105,15.6603422164917,16.2277870178223,0.567444801330566
Phylloscopus castaniceps,2012,632,16.0546073913574,16.2239265441895,0.169319152832031
Phylloscopus claudiae,2012,522,9.88924694061279,9.99679088592529,0.1075439453125
Phylloscopus coronatus,2012,414,6.72929191589356,6.50366163253784,-0.225630283355713
Phylloscopus emeiensis,2012,22,12.370792388916,12.5146827697754,0.143890380859375
Phylloscopus intermedius,2012,134,14.0922756195068,14.1277475357056,0.0354719161987305
Phylloscopus magnirostris,2012,214,6.5604043006897,6.88680124282837,0.326396942138672
Phylloscopus ogilviegranti,2012,381,17.7375507354736,17.9830226898193,0.245471954345703
Phylloscopus omeiensis,2012,138,10.2660341262817,10.4402179718018,0.17418384552002
Phylloscopus pulcher,2012,413,7.9857611656189,8.42795276641846,0.442191600799561
Phylloscopus ricketti,2012,676,15.3157758712769,15.3535680770874,0.0377922058105469
Phylloscopus soror,2012,245,13.625864982605,13.6703958511353,0.0445308685302734
Phylloscopus subaffinis,2012,1013,11.5190992355347,11.625940322876,0.106841087341309
Phylloscopus tenellipes,2012,259,4.56703424453735,4.26697826385498,-0.300055980682373
Phylloscopus tephrocephalus,2012,281,12.0046453475952,12.3087759017944,0.304130554199219
Phylloscopus yunnanensis,2012,215,8.02978324890137,8.11237525939941,0.0825920104980469
Picumnus innominatus,2012,1093,15.3501920700073,15.4976024627686,0.14741039276123
Picus chlorolophus,2012,236,18.3902645111084,18.7763824462891,0.386117935180664
Pitta nympha,2012,314,17.3351917266846,17.4189682006836,0.0837764739990234
Platalea minor,2012,6,9.52713203430176,9.32967185974121,-0.197460174560547
Pnoepyga immaculata,2012,5,5.88570213317871,6.53281402587891,0.647111892700195
Podiceps auritus,2012,229,0.136366680264473,0.162217035889626,0.0258503556251526
Podiceps grisegena,2012,136,1.74304449558258,1.65540790557861,-0.0876365900039673
Podiceps nigricollis,2012,481,3.37681865692139,3.06783080101013,-0.308987855911255
Podoces biddulphi,2012,276,11.4326000213623,11.5681600570679,0.135560035705566
Pomatorhinus schisticeps,2012,30,17.0419483184814,17.2519454956055,0.209997177124023
Pomatorhinus superciliaris,2012,107,15.5741310119629,16.1145896911621,0.540458679199219
Prinia atrogularis,2012,41,13.7463512420654,14.0346984863281,0.288347244262695
Prinia flaviventris,2012,82,19.0294494628906,19.8706455230713,0.841196060180664
Prinia inornata,2012,815,17.7829418182373,17.8164978027344,0.0335559844970703
Prunella collaris,2012,2078,0.881721675395966,1.04830181598663,0.166580140590668
Prunella himalayana,2012,208,-0.780707001686096,-0.708657026290894,0.0720499753952026
Prunella immaculata,2012,328,2.3754723072052,2.79686713218689,0.421394824981689
Prunella montanella,2012,35,-4.01745891571045,-4.41291904449463,-0.39546012878418
Prunella strophiata,2012,581,4.8185076713562,5.09653043746948,0.278022766113281
Psarisomus dalhousiae,2012,108,17.168399810791,17.8606834411621,0.692283630371094
Pseudopodoces humilis,2012,999,-2.24323654174805,-1.84249842166901,0.400738120079041
Psilopogon faber,2012,43,19.2454166412354,19.0286064147949,-0.21681022644043
Psilopogon virens,2012,727,16.4328498840332,16.6577415466309,0.224891662597656
Pterorhinus berthemyi,2012,335,15.9220361709595,15.8677797317505,-0.0542564392089844
Pterorhinus lanceolatus,2012,830,14.0311040878296,14.2122173309326,0.181113243103027
Pterorhinus pectoralis,2012,584,16.4923286437988,16.5010395050049,0.00871086120605469
Pterorhinus sannio,2012,723,16.5131092071533,16.6529140472412,0.139804840087891
Pteruthius rufiventer,2012,90,13.7090368270874,14.2097654342651,0.500728607177734
Pteruthius xanthochlorus,2012,307,10.3232049942017,10.7242908477783,0.40108585357666
Ptyonoprogne rupestris,2012,1954,5.37436962127686,5.5284595489502,0.15408992767334
Pycnonotus aurigaster,2012,572,17.6714363098145,17.8765697479248,0.205133438110352
Pycnonotus jocosus,2012,415,18.2223873138428,18.5370578765869,0.314670562744141
Pycnonotus sinensis,2012,1342,15.0544948577881,15.0831775665283,0.0286827087402344
Pycnonotus xanthorrhous,2012,700,14.8906507492065,15.1418495178223,0.251198768615723
Pyrrhula erythaca,2012,897,8.99915409088135,9.25535583496094,0.25620174407959
Pyrrhula nipalensis,2012,747,14.819185256958,15.0728092193604,0.253623962402344
Rallina eurizonoides,2012,152,20.1719455718994,20.6755542755127,0.503608703613281
Rallus aquaticus,2012,1224,2.42764139175415,2.68711161613464,0.259470224380493
Recurvirostra avosetta,2012,698,1.33939504623413,1.03159940242767,-0.307795643806458
Regulus regulus,2012,930,7.1307168006897,7.26276016235352,0.132043361663818
Remiz consobrinus,2012,558,3.35002541542053,3.03104901313782,-0.318976402282715
Remiz coronatus,2012,191,2.46915340423584,2.3342113494873,-0.134942054748535
Rhodospiza obsoleta,2012,720,5.24223470687866,5.30313968658447,0.0609049797058106
Riparia riparia,2012,784,2.64866471290588,2.35300922393799,-0.295655488967896
Rubigula flaviventris,2012,174,18.7557125091553,19.3539848327637,0.598272323608398
Sasia ochracea,2012,132,19.0419464111328,19.5584335327148,0.516487121582031
Saxicola ferreus,2012,1085,14.6986656188965,14.8614377975464,0.162772178649902
Sitta cinnamoventris,2012,123,17.082124710083,17.8444023132324,0.762277603149414
Sitta formosa,2012,141,15.951807975769,16.6623344421387,0.710526466369629
Sitta villosa,2012,798,6.09239196777344,6.0754508972168,-0.0169410705566406
Sittiparus varius,2012,82,5.76430416107178,5.44097852706909,-0.323325634002686
Spilopelia chinensis,2012,1413,14.8436107635498,14.9798316955566,0.136220932006836
Spilopelia senegalensis,2012,168,3.82531929016113,3.98451209068298,0.159192800521851
Spilornis cheela,2012,652,17.436824798584,17.6824264526367,0.245601654052734
Spinus spinus,2012,295,-0.596706986427307,-0.933054447174072,-0.336347460746765
Spizixos semitorques,2012,944,16.026798248291,16.0657024383545,0.0389041900634766
Spodiopsar cineraceus,2012,1439,4.32776212692261,4.15515279769897,-0.172609329223633
Spodiopsar sericeus,2012,692,17.4629497528076,17.4277153015137,-0.0352344512939453
Stachyris humei,2012,39,13.5445995330811,13.7584972381592,0.213897705078125
Staphida torqueola,2012,740,17.3425159454346,17.4134674072266,0.0709514617919922
Streptopelia decaocto,2012,1819,7.51734828948975,7.57132720947266,0.0539789199829102
Sturnia sinensis,2012,305,19.1309833526611,19.0638542175293,-0.0671291351318359
Sturnus vulgaris,2012,253,4.91895532608032,4.87161254882813,-0.0473427772521973
Suthora fulvifrons,2012,136,9.14953327178955,9.47338485717773,0.323851585388184
Syrmaticus humiae,2012,108,16.9307231903076,17.7592735290527,0.828550338745117
Syrmaticus reevesii,2012,256,14.2624092102051,14.2577028274536,-0.00470638275146484
Syrrhaptes paradoxus,2012,1270,4.20923328399658,4.00908613204956,-0.200147151947021
Tarsiger chrysaeus,2012,217,7.12873888015747,7.5784797668457,0.449740886688232
Tarsiger indicus,2012,276,9.35574531555176,9.93884563446045,0.583100318908691
Temnurus temnurus,2012,38,23.8245315551758,23.8471565246582,0.0226249694824219
Tephrodornis virgatus,2012,421,19.5108184814453,19.5206546783447,0.00983619689941406
Thalasseus bergii,2012,240,22.2157859802246,22.259370803833,0.0435848236083984
Timalia pileata,2012,263,19.225227355957,19.4043521881104,0.17912483215332
Tragopan caboti,2012,186,18.5082702636719,18.4824142456055,-0.0258560180664063
Tragopan temminckii,2012,529,12.6361389160156,12.8142566680908,0.178117752075195
Treron curvirostra,2012,162,18.7455444335938,19.3629188537598,0.617374420166016
Treron sieboldii,2012,645,17.8530445098877,17.8259887695313,-0.0270557403564453
Treron sphenurus,2012,294,14.4787168502808,15.0630378723145,0.584321022033691
Turdus boulboul,2012,220,17.376407623291,17.9085216522217,0.532114028930664
Turdus cardis,2012,169,15.0351343154907,14.973069190979,-0.0620651245117188
Turdus feae,2012,117,7.37936782836914,7.4042649269104,0.0248970985412598
Turdus mandarinus,2012,1032,14.7816362380981,14.8619813919067,0.0803451538085938
Turdus pilaris,2012,220,-1.74795424938202,-2.25930857658386,-0.511354327201843
Turdus rubrocanus,2012,541,5.81288194656372,6.05706882476807,0.244186878204346
Turdus ruficollis,2012,159,2.9576096534729,3.04290127754211,0.0852916240692139
Turdus viscivorus,2012,422,4.64524841308594,4.6507248878479,0.00547647476196289
Turnix suscitator,2012,455,17.9373970031738,18.2997417449951,0.362344741821289
Tyto longimembris,2012,685,17.7860012054443,17.8189353942871,0.0329341888427734
Urile pelagicus,2012,10,10.4286890029907,10.1822214126587,-0.246467590332031
Urosphena squameiceps,2012,112,3.62927651405334,3.32878279685974,-0.300493717193604
Vanellus cinereus,2012,279,3.7433602809906,3.42710375785828,-0.316256523132324
Vanellus indicus,2012,87,17.6243762969971,18.4515495300293,0.827173233032227
Vanellus vanellus,2012,1111,2.88630080223084,2.57746171951294,-0.308839082717896
Yuhina nigrimenta,2012,669,15.0526151657105,15.2442932128906,0.191678047180176
Zoothera dixoni,2012,349,11.1787948608398,11.7742853164673,0.595490455627441
Zoothera mollissima,2012,155,2.83340001106262,3.2209165096283,0.387516498565674
Zoothera monticola,2012,41,12.9189081192017,13.0458660125732,0.126957893371582
Zosterops erythropleurus,2012,328,4.62363433837891,4.31216526031494,-0.311469078063965
Abroscopus albogularis,2013,562,17.4008522033691,17.870626449585,0.46977424621582
Accipiter gularis,2013,697,2.65403866767883,2.69622111320496,0.042182445526123
Accipiter soloensis,2013,942,14.6539878845215,15.0491199493408,0.395132064819336
Accipiter trivirgatus,2013,174,20.6737785339356,21.0119552612305,0.338176727294922
Accipiter virgatus,2013,846,15.1853485107422,15.7178039550781,0.532455444335938
Acridotheres cristatellus,2013,1081,16.3418083190918,16.9551849365234,0.613376617431641
Acridotheres tristis,2013,284,13.0754556655884,13.9116630554199,0.836207389831543
Acrocephalus agricola,2013,581,6.84485864639282,8.17583847045898,1.33097982406616
Acrocephalus bistrigiceps,2013,1280,6.68613195419312,7.00687503814697,0.320743083953857
Acrocephalus concinens,2013,766,13.3816928863525,14.0736865997314,0.691993713378906
Acrocephalus orientalis,2013,1446,7.09092283248901,7.4645528793335,0.373630046844482
Acrocephalus tangorum,2013,171,4.11876344680786,4.09453630447388,-0.0242271423339844
Aegithalos bonvaloti,2013,106,7.6470046043396,8.358323097229,0.711318492889404
Aegithalos caudatus,2013,754,2.25801730155945,2.44755721092224,0.189539909362793
Aegithalos concinnus,2013,953,15.9409122467041,16.6032962799072,0.662384033203125
Aegithalos fuliginosus,2013,138,9.91040992736816,10.8334684371948,0.92305850982666
Aerodramus brevirostris,2013,603,13.6866846084595,14.3302001953125,0.643515586853027
Aethopyga christinae,2013,23,24.3484706878662,24.3739490509033,0.0254783630371094
Aethopyga gouldiae,2013,956,11.0757522583008,11.7062730789185,0.630520820617676
Agropsar sturninus,2013,1131,4.8556547164917,5.19847202301025,0.342817306518555
Aix galericulata,2013,422,3.75636386871338,3.78704166412354,0.0306777954101563
Alauda gulgula,2013,1994,9.42479801177979,10.0991516113281,0.67435359954834
Alaudala cheleensis,2013,2390,5.02381753921509,5.88050651550293,0.856688976287842
Alcedo hercules,2013,141,19.7236499786377,20.111270904541,0.38762092590332
Alcippe morrisonia,2013,975,16.4001846313477,16.9851455688477,0.5849609375
Amaurornis phoenicurus,2013,1130,16.0147972106934,16.6361179351807,0.621320724487305
Anastomus oscitans,2013,315,16.1227264404297,16.7013492584229,0.578622817993164
Anser anser,2013,936,2.59998202323914,3.33540630340576,0.735424280166626
Anser fabalis,2013,359,-0.232263207435608,-0.158616185188293,0.0736470222473145
Anser indicus,2013,441,0.791138470172882,1.83993184566498,1.0487933754921
Anthus godlewskii,2013,157,1.22606432437897,1.63561749458313,0.409553170204163
Anthus gustavi,2013,66,2.94458818435669,3.10348629951477,0.158898115158081
Anthus richardi,2013,2788,8.37556171417236,9.0482816696167,0.672719955444336
Anthus roseatus,2013,1911,3.55629634857178,4.36163997650147,0.805343627929688
Anthus trivialis,2013,126,1.94549369812012,3.55470705032349,1.60921335220337
Aquila fasciata,2013,300,19.3407211303711,19.6052150726318,0.264493942260742
Aquila heliaca,2013,183,0.794729292392731,1.85829186439514,1.06356257200241
Ardea intermedia,2013,806,16.9554290771484,17.5284461975098,0.573017120361328
Ardea purpurea,2013,1542,13.773362159729,14.2419605255127,0.468598365783691
Ardenna pacifica,2013,90,21.6581630706787,21.8336219787598,0.175458908081055
Artamus fuscus,2013,275,20.3747119903564,20.675687789917,0.300975799560547
Asio flammeus,2013,498,0.647581040859222,1.33447456359863,0.68689352273941
Athene noctua,2013,3280,3.76510715484619,4.53787469863892,0.772767543792725
Aviceda jerdoni,2013,64,20.8588600158691,21.2363033294678,0.377443313598633
Aviceda leuphotes,2013,784,15.98646068573,16.5045928955078,0.518132209777832
Aythya fuligula,2013,613,0.912497222423553,1.16636681556702,0.253869593143463
Aythya nyroca,2013,348,3.64787364006043,5.0608491897583,1.41297554969788
Bombycilla japonica,2013,93,-2.70986938476563,-2.57005381584168,0.13981556892395
Branta canadensis,2013,19,7.6150541305542,7.85886812210083,0.243813991546631
Bubo nipalensis,2013,362,11.4124135971069,12.0634260177612,0.651012420654297
Bucanetes mongolicus,2013,731,5.15714693069458,6.39622735977173,1.23908042907715
Butastur indicus,2013,481,4.17492294311523,4.1956787109375,0.0207557678222656
Cacomantis merulinus,2013,411,19.2106418609619,19.5433578491211,0.33271598815918
Calandrella brachydactyla,2013,400,5.59619903564453,7.00922441482544,1.41302537918091
Calliope obscura,2013,74,8.60147857666016,9.67052936553955,1.06905078887939
Caprimulgus macrurus,2013,78,21.0046348571777,21.3843307495117,0.379695892333984
Carpodacus roborowskii,2013,101,-4.03297138214111,-3.32416653633118,0.708804845809937
Carpodacus vinaceus,2013,535,13.1980676651001,13.9744205474854,0.776352882385254
Cecropis daurica,2013,2623,9.16229629516602,9.69275283813477,0.53045654296875
Centropus bengalensis,2013,607,18.6197357177734,19.0437355041504,0.423999786376953
Cephalopyrus flammiceps,2013,98,11.278489112854,11.9344177246094,0.655928611755371
Certhia familiaris,2013,1518,4.10910701751709,4.78003215789795,0.670925140380859
Certhia himalayana,2013,210,9.42436599731445,10.2423496246338,0.817983627319336
Certhia tianquanensis,2013,46,8.03892517089844,8.70277786254883,0.663852691650391
Ceryle rudis,2013,762,17.6190166473389,18.1166038513184,0.497587203979492
Cettia brunnifrons,2013,409,9.04499340057373,9.69933414459229,0.654340744018555
Cettia castaneocoronata,2013,502,12.0057926177979,12.6109752655029,0.605182647705078
Chalcophaps indica,2013,288,20.4205284118652,20.7277355194092,0.307207107543945
Charadrius atrifrons,2013,1360,-0.0825315490365028,0.813896656036377,0.89642820507288
Charadrius dealbatus,2013,82,22.3581027984619,22.4772129058838,0.119110107421875
Charadrius placidus,2013,860,6.81603288650513,7.15874862670898,0.342715740203857
Charadrius veredus,2013,147,1.37415206432343,1.78602516651154,0.41187310218811
Chlidonias leucopterus,2013,1115,3.61852622032166,4.02922630310059,0.410700082778931
Chlidonias niger,2013,65,2.81934809684753,4.41477823257446,1.59543013572693
Chloris ambigua,2013,297,13.6298961639404,14.3013210296631,0.671424865722656
Chloris sinica,2013,2177,10.1043548583984,10.5968523025513,0.492497444152832
Chrysolophus pictus,2013,410,12.3430995941162,13.0589170455933,0.715817451477051
Ciconia boyciana,2013,141,3.75946140289307,3.77973246574402,0.0202710628509521
Ciconia nigra,2013,2186,5.71650981903076,6.48817777633667,0.771667957305908
Circaetus gallicus,2013,228,6.13989019393921,7.57851934432983,1.43862915039063
Circus macrourus,2013,154,2.22476196289063,3.77010560035706,1.54534363746643
Circus spilonotus,2013,631,1.43180251121521,1.52140271663666,0.0896002054214478
Cisticola exilis,2013,521,18.3237705230713,18.7114925384522,0.387722015380859
Cisticola juncidis,2013,1233,15.9261827468872,16.463695526123,0.53751277923584
Clamator coromandus,2013,1069,16.5760765075684,17.2032203674316,0.627143859863281
Clanga clanga,2013,567,1.82915771007538,1.94283890724182,0.113681197166443
Columba oenas,2013,147,1.89062237739563,3.46487736701965,1.57425498962402
Copsychus saularis,2013,1011,16.2842559814453,16.8549499511719,0.570693969726563
Coracias garrulus,2013,83,1.71752464771271,3.37809228897095,1.66056764125824
Coturnicops exquisitus,2013,412,0.116188421845436,0.1749666929245,0.0587782710790634
Crex crex,2013,149,1.68861591815948,3.3118941783905,1.62327826023102
Crossoptilon mantchuricum,2013,64,7.99328136444092,8.80357170104981,0.810290336608887
Curruca curruca,2013,961,4.71596050262451,5.98594379425049,1.26998329162598
Cyanistes cyanus,2013,658,0.813704073429108,1.5004711151123,0.686767041683197
Cyanoderma pyrrhops,2013,3,11.5056676864624,11.949291229248,0.443623542785645
Cygnus cygnus,2013,538,1.97667515277863,2.61349582672119,0.636820673942566
Cygnus olor,2013,250,2.81658434867859,3.79023146629334,0.973647117614746
Cyornis glaucicomans,2013,344,15.2155599594116,15.8971567153931,0.681596755981445
Cyornis hainanus,2013,199,21.3823966979981,21.5769443511963,0.194547653198242
Cyornis rubeculoides,2013,42,16.7205429077148,17.1408634185791,0.420320510864258
Delichon dasypus,2013,1040,7.09097099304199,7.63883304595947,0.547862052917481
Dendrocitta formosae,2013,933,17.1049575805664,17.6388130187988,0.533855438232422
Dendrocopos hyperythrus,2013,413,8.27587223052979,8.82481575012207,0.548943519592285
Dendrocygna javanica,2013,684,18.0148448944092,18.5012741088867,0.486429214477539
Dicaeum cruentatum,2013,519,18.7793598175049,19.1345386505127,0.355178833007813
Dicaeum ignipectus,2013,1035,15.6106557846069,16.1636714935303,0.55301570892334
Dicaeum minullum,2013,835,14.767373085022,15.2659959793091,0.498622894287109
Dicrurus annectens,2013,164,19.7741985321045,20.2061920166016,0.43199348449707
Dicrurus hottentottus,2013,1277,14.8924055099487,15.5294322967529,0.637026786804199
Dicrurus remifer,2013,201,17.4981899261475,18.0277709960938,0.529581069946289
Egretta eulophotes,2013,19,9.63973045349121,9.81198406219482,0.172253608703613
Egretta garzetta,2013,1670,12.7392654418945,13.3705015182495,0.631236076354981
Elachura formosa,2013,245,15.8722858428955,16.417652130127,0.545366287231445
Elanus caeruleus,2013,97,20.0274238586426,20.2537937164307,0.226369857788086
Emberiza buchanani,2013,164,0.845942556858063,2.42251634597778,1.57657378911972
Emberiza citrinella,2013,45,1.24440145492554,2.67443060874939,1.43002915382385
Emberiza elegans,2013,1059,8.75524711608887,9.11112022399902,0.355873107910156
Emberiza godlewskii,2013,2040,4.47789907455444,5.20997476577759,0.732075691223145
Emberiza hortulana,2013,93,3.53125858306885,4.95475006103516,1.42349147796631
Emberiza leucocephalos,2013,716,0.0190331656485796,0.652973532676697,0.633940367028117
Emberiza pallasi,2013,141,-2.66091752052307,-2.44946956634522,0.211447954177856
Emberiza pusilla,2013,208,2.53732514381409,2.55575346946716,0.0184283256530762
Emberiza rustica,2013,3,-4.41251945495605,-3.04289436340332,1.36962509155273
Emberiza siemsseni,2013,79,10.0293006896973,11.0044746398926,0.975173950195312
Emberiza yessoensis,2013,46,2.82388091087341,2.91101574897766,0.0871348381042481
Enicurus leschenaulti,2013,1155,14.9616861343384,15.5720453262329,0.610359191894531
Enicurus maculatus,2013,490,17.4008846282959,17.8424472808838,0.441562652587891
Enicurus schistaceus,2013,598,17.1719207763672,17.6226558685303,0.450735092163086
Erpornis zantholeuca,2013,529,17.9002780914307,18.2973232269287,0.397045135498047
Erythrogenys hypoleucos,2013,50,19.9029903411865,20.3406715393066,0.437681198120117
Eudynamys scolopaceus,2013,1083,16.3084487915039,16.9166603088379,0.608211517333984
Eumyias thalassinus,2013,737,14.3080358505249,14.925329208374,0.617293357849121
Falco cherrug,2013,2075,2.70873928070068,3.68874907493591,0.980009794235229
Falco severus,2013,359,17.7754745483398,18.1963157653809,0.420841217041016
Ficedula albicilla,2013,89,-2.38578534126282,-2.10811471939087,0.277670621871948
Ficedula elisae,2013,152,7.47436904907227,7.91501522064209,0.440646171569824
Ficedula erithacus,2013,610,7.43311548233032,8.0973482131958,0.664232730865479
Ficedula hyperythra,2013,472,16.0033531188965,16.5250701904297,0.521717071533203
Ficedula mugimaki,2013,678,2.3159077167511,2.35130000114441,0.0353922843933105
Ficedula strophiata,2013,621,13.0205202102661,13.733736038208,0.713215827941895
Ficedula superciliaris,2013,331,5.17182588577271,5.76683521270752,0.595009326934815
Ficedula tricolor,2013,560,11.7169189453125,12.3662128448486,0.649293899536133
Fringilla coelebs,2013,6,-3.64196300506592,-2.27516174316406,1.36680126190186
Fringilla montifringilla,2013,23,-2.54210829734802,-1.16045331954956,1.38165497779846
Galerida cristata,2013,1619,6.56866264343262,7.41324377059937,0.844581127166748
Gallicrex cinerea,2013,1658,13.8156538009644,14.3374891281128,0.521835327148438
Garrulax canorus,2013,757,17.0413055419922,17.6067581176758,0.565452575683594
Garrulax maesi,2013,302,17.0664443969727,17.5292816162109,0.462837219238281
Garrulax monileger,2013,463,19.1697063446045,19.4831867218018,0.313480377197266
Gavia arctica,2013,163,2.2326762676239,3.56099271774292,1.32831645011902
Gelochelidon nilotica,2013,554,7.68231201171875,8.45440006256104,0.772088050842285
Geokichla citrina,2013,505,17.6489105224609,18.1219177246094,0.473007202148438
Glaucidium cuculoides,2013,1012,16.7492389678955,17.3262138366699,0.576974868774414
Gorsachius melanolophus,2013,105,21.6351413726807,21.8692111968994,0.23406982421875
Gracupica nigricollis,2013,510,17.9595203399658,18.3550491333008,0.395528793334961
Grandala coelicolor,2013,621,0.189435198903084,0.828329026699066,0.638893827795982
Grus japonensis,2013,76,2.61315250396729,2.69765591621399,0.0845034122467041
Grus monacha,2013,21,-0.20156466960907,-0.069004125893116,0.132560543715954
Grus nigricollis,2013,407,-2.81143999099731,-2.1469578742981,0.664482116699219
Gypaetus barbatus,2013,1655,0.90612781047821,1.86196553707123,0.955837726593018
Gyps himalayensis,2013,1392,1.23260295391083,2.1142635345459,0.881660580635071
Halcyon coromanda,2013,131,9.25574684143066,9.45992851257324,0.204181671142578
Halcyon pileata,2013,1245,13.7531538009644,14.3421459197998,0.588992118835449
Halcyon smyrnensis,2013,182,21.6887283325195,21.763671875,0.0749435424804688
Haliaeetus leucoryphus,2013,34,14.0554161071777,14.2684268951416,0.213010787963867
Harpactes wardi,2013,78,8.85727214813232,9.44699668884277,0.589724540710449
Helopsaltes certhiola,2013,1617,4.47727870941162,5.35625696182251,0.878978252410889
Helopsaltes pryeri,2013,166,6.73794746398926,6.99127912521362,0.253331661224365
Hemiprocne coronata,2013,103,16.7578430175781,17.3101482391357,0.552305221557617
Hemitesia pallidipes,2013,155,16.8176536560059,17.3903751373291,0.572721481323242
Hemixos castanonotus,2013,373,19.1924209594727,19.4593315124512,0.266910552978516
Heterophasia desgodinsi,2013,283,15.513069152832,16.0978488922119,0.584779739379883
Heteroxenicus stellatus,2013,104,10.5467109680176,11.1509828567505,0.60427188873291
Hieraaetus pennatus,2013,137,-1.33781504631042,-0.469361931085587,0.868453115224838
Hierococcyx nisicolor,2013,639,17.0438480377197,17.489767074585,0.445919036865234
Hirundapus caudacutus,2013,1023,3.56975531578064,3.84438848495483,0.274633169174194
Hirundo rustica,2013,4116,6.53853988647461,7.26645469665527,0.727914810180664
Histrionicus histrionicus,2013,83,2.51139283180237,2.6415102481842,0.130117416381836
Hydrocoloeus minutus,2013,48,8.87618541717529,10.4524345397949,1.57624912261963
Hydrophasianus chirurgus,2013,865,17.0730152130127,17.5887546539307,0.515739440917969
Hydroprogne caspia,2013,298,13.7203493118286,14.3849172592163,0.664567947387695
Hypothymis azurea,2013,513,17.3541965484619,17.7774238586426,0.423227310180664
Hypsipetes leucocephalus,2013,1126,15.1517972946167,15.7219066619873,0.570109367370606
Ianthocincla lunulata,2013,135,10.4669580459595,11.3791790008545,0.91222095489502
Ibidorhyncha struthersii,2013,1706,2.63580417633057,3.42523121833801,0.789427042007446
Ictinaetus malaiensis,2013,101,17.802188873291,18.1331329345703,0.330944061279297
Iduna caligata,2013,61,2.13780975341797,3.54100203514099,1.40319228172302
Indicator xanthonotus,2013,48,12.2993488311768,12.8540744781494,0.554725646972656
Ixobrychus cinnamomeus,2013,1390,15.337140083313,15.8997249603271,0.56258487701416
Ixobrychus eurhythmus,2013,1430,9.70042896270752,10.0392599105835,0.338830947875977
Ixobrychus minutus,2013,183,3.59522795677185,5.10690402984619,1.51167607307434
Ixos mcclellandii,2013,697,17.6051921844482,18.0662040710449,0.46101188659668
Ketupa flavipes,2013,920,17.0898551940918,17.686185836792,0.596330642700195
Lalage melaschistos,2013,1331,14.7237720489502,15.3867387771606,0.662966728210449
Lanius borealis,2013,248,1.18080830574036,2.20551586151123,1.02470755577087
Lanius collurioides,2013,302,18.6856880187988,19.0974407196045,0.411752700805664
Lanius isabellinus,2013,1437,4.29488563537598,5.32456207275391,1.02967643737793
Lanius schach,2013,1339,14.2475595474243,14.8880033493042,0.640443801879883
Lanius sphenocercus,2013,817,3.8520245552063,4.18136405944824,0.329339504241943
Lanius tephronotus,2013,638,4.51975870132446,5.22890520095825,0.709146499633789
Larus crassirostris,2013,78,15.5089054107666,15.9005651473999,0.391659736633301
Larvivora brunnea,2013,325,6.83418989181519,7.61426830291748,0.780078411102295
Larvivora cyane,2013,504,1.02699601650238,1.09628069400787,0.0692846775054932
Leptopoecile elegans,2013,464,1.16251695156097,1.92624115943909,0.763724207878113
Leptoptilos javanicus,2013,193,17.0435619354248,17.6376247406006,0.594062805175781
Limnodromus semipalmatus,2013,293,0.636016726493835,0.677039265632629,0.0410225391387939
Limosa limosa,2013,390,1.07777690887451,1.66263246536255,0.584855556488037
Linaria cannabina,2013,164,3.81024098396301,5.344566822052,1.53432583808899
Locustella davidi,2013,377,1.02113199234009,1.04761278629303,0.0264807939529419
Locustella mandelli,2013,546,16.9194431304932,17.3631973266602,0.443754196166992
Lonchura striata,2013,766,18.0601272583008,18.5376129150391,0.477485656738281
Lophotriorchis kienerii,2013,55,21.8129367828369,21.96875,0.155813217163086
Lophura leucomelanos,2013,150,10.5427417755127,11.1180362701416,0.575294494628906
Lophura nycthemera,2013,260,18.5232791900635,18.932222366333,0.408943176269531
Loxia curvirostra,2013,1375,1.54966580867767,2.00132513046265,0.451659321784973
Macropygia unchall,2013,594,16.1906127929688,16.6821136474609,0.491500854492188
Mareca falcata,2013,366,-0.290807813405991,-0.217891842126846,0.0729159712791443
Megaceryle lugubris,2013,1428,15.1732769012451,15.7478895187378,0.574612617492676
Melanitta fusca,2013,7,0.868973076343536,2.23291540145874,1.3639423251152
Melanitta stejnegeri,2013,45,-4.25272130966187,-3.98281168937683,0.269909620285034
Melanochlora sultanea,2013,155,18.2084312438965,18.6182804107666,0.409849166870117
Mergus serrator,2013,251,1.3321053981781,1.39614915847778,0.0640437602996826
Merops philippinus,2013,293,18.3080310821533,18.7641925811768,0.456161499023438
Mixornis gularis,2013,159,16.6837577819824,17.3234119415283,0.639654159545898
Monticola gularis,2013,646,2.43376898765564,2.51336002349854,0.0795910358428955
Monticola rufiventris,2013,869,15.3018579483032,15.8996887207031,0.597830772399902
Monticola solitarius,2013,2043,10.853741645813,11.363881111145,0.510139465332031
Motacilla citreola,2013,2159,2.20297122001648,3.13322257995605,0.930251359939575
Moupinia poecilotis,2013,145,6.02350807189941,6.78642416000366,0.762916088104248
Muscicapa dauurica,2013,671,1.70671880245209,1.75784909725189,0.0511302947998047
Muscicapa ferruginea,2013,600,12.596305847168,13.3107166290283,0.714410781860352
Muscicapa muttui,2013,305,16.68186378479,17.266845703125,0.584981918334961
Mycerobas affinis,2013,417,4.74256801605225,5.40020656585693,0.657638549804688
Mycerobas carnipes,2013,1012,2.43280649185181,3.35704946517944,0.924242973327637
Myiomela leucura,2013,672,15.003249168396,15.6283502578735,0.625101089477539
Myophonus caeruleus,2013,1550,12.4764938354492,13.170654296875,0.694160461425781
Netta rufina,2013,395,4.57272863388062,6.03764533996582,1.46491670608521
Niltava davidi,2013,684,16.3860206604004,16.8634014129639,0.477380752563477
Niltava grandis,2013,139,15.5507926940918,16.1396541595459,0.588861465454102
Niltava macgrigoriae,2013,278,17.1179103851318,17.6596374511719,0.541727066040039
Niltava sundara,2013,761,11.4049816131592,12.0571327209473,0.652151107788086
Ninox japonica,2013,1327,11.1691026687622,11.5771636962891,0.408061027526855
Nipponia nippon,2013,3,13.224778175354,14.2353782653809,1.01060009002686
Nisaetus nipalensis,2013,501,16.0050029754639,16.5271682739258,0.522165298461914
Numenius madagascariensis,2013,197,0.840074002742767,0.940852522850037,0.100778520107269
Nycticorax nycticorax,2013,1539,14.4904012680054,15.0204248428345,0.530023574829102
Oenanthe deserti,2013,1737,2.79329204559326,3.87897300720215,1.08568096160889
Oenanthe oenanthe,2013,1019,4.16478967666626,5.10917043685913,0.944380760192871
Onychoprion anaethetus,2013,31,20.9556827545166,21.460901260376,0.505218505859375
Oriolus oriolus,2013,192,3.03185987472534,4.5912299156189,1.55937004089355
Otus lettia,2013,878,17.5054512023926,18.018970489502,0.513519287109375
Otus semitorques,2013,542,7.6100811958313,7.97472763061523,0.364646434783936
Otus spilocephalus,2013,561,16.5144157409668,16.9163246154785,0.401908874511719
Oxyura leucocephala,2013,149,5.72699737548828,7.28045606613159,1.55345869064331
Panurus biarmicus,2013,1831,4.12009954452515,5.04160451889038,0.921504974365234
Paradoxornis guttaticollis,2013,448,16.6616554260254,17.1725597381592,0.510904312133789
Paradoxornis heudei,2013,323,12.1314287185669,12.5885028839111,0.457074165344238
Parayuhina diademata,2013,471,13.0819683074951,13.8108339309692,0.728865623474121
Pardaliparus venustulus,2013,704,13.5442533493042,14.2432231903076,0.698969841003418
Parus monticolus,2013,628,12.7628221511841,13.5310926437378,0.768270492553711
Passer cinnamomeus,2013,1562,12.8010911941528,13.5065813064575,0.705490112304688
Passer domesticus,2013,750,0.82120680809021,1.6147735118866,0.793566703796387
Passer hispaniolensis,2013,153,4.25698804855347,5.8458399772644,1.58885192871094
Pelecanus crispus,2013,151,0.737479865550995,1.93870222568512,1.20122236013412
Pellorneum tickelli,2013,96,18.7574138641357,19.3053340911865,0.547920227050781
Perdix hodgsoniae,2013,460,-1.68631982803345,-1.10212731361389,0.584192514419556
Pericrocotus cantonensis,2013,816,16.4538898468018,17.0392723083496,0.585382461547852
Pericrocotus divaricatus,2013,132,2.67148590087891,2.77132868766785,0.0998427867889404
Pericrocotus ethologus,2013,1120,10.0661602020264,10.751317024231,0.68515682220459
Pericrocotus solaris,2013,630,17.9055347442627,18.3231811523438,0.417646408081055
Periparus rubidiventris,2013,406,1.0057018995285,1.690922498703,0.6852205991745
Pernis ptilorhynchus,2013,832,3.53393316268921,3.71127796173096,0.177344799041748
Phasianus colchicus,2013,2329,8.38204383850098,8.91928291320801,0.537239074707031
Phoenicurus erythronotus,2013,302,4.4462628364563,5.9841775894165,1.53791475296021
Phoenicurus frontalis,2013,923,4.79591703414917,5.52653360366821,0.730616569519043
Phoenicurus leucocephalus,2013,1426,7.7376446723938,8.47570896148682,0.738064289093018
Phoenicurus ochruros,2013,2263,3.26384401321411,4.28403759002686,1.02019357681274
Phoenicurus schisticeps,2013,406,3.07463383674622,3.78527450561523,0.710640668869019
Phylloscopus affinis,2013,666,5.29091310501099,6.00121927261353,0.710306167602539
Phylloscopus burkii,2013,33,2.90200233459473,3.30302214622498,0.401019811630249
Phylloscopus cantator,2013,105,15.6603422164917,16.1878986358643,0.527556419372559
Phylloscopus castaniceps,2013,632,16.0546073913574,16.6384963989258,0.583889007568359
Phylloscopus claudiae,2013,522,9.88924694061279,10.7536754608154,0.864428520202637
Phylloscopus coronatus,2013,414,6.72929191589356,7.12071895599365,0.391427040100098
Phylloscopus emeiensis,2013,22,12.370792388916,13.0813589096069,0.710566520690918
Phylloscopus intermedius,2013,134,14.0922756195068,14.5482721328735,0.455996513366699
Phylloscopus magnirostris,2013,214,6.5604043006897,7.26990127563477,0.709496974945068
Phylloscopus ogilviegranti,2013,381,17.7375507354736,18.1886749267578,0.45112419128418
Phylloscopus omeiensis,2013,138,10.2660341262817,11.0781755447388,0.812141418457031
Phylloscopus pulcher,2013,413,7.9857611656189,8.67678451538086,0.691023349761963
Phylloscopus ricketti,2013,676,15.3157758712769,15.9697303771973,0.65395450592041
Phylloscopus soror,2013,245,13.625864982605,14.4210929870605,0.795228004455566
Phylloscopus subaffinis,2013,1013,11.5190992355347,12.2214279174805,0.702328681945801
Phylloscopus tenellipes,2013,259,4.56703424453735,4.58511447906494,0.0180802345275879
Phylloscopus tephrocephalus,2013,281,12.0046453475952,12.7975273132324,0.792881965637207
Phylloscopus yunnanensis,2013,215,8.02978324890137,8.88984775543213,0.860064506530762
Picumnus innominatus,2013,1093,15.3501920700073,15.9426746368408,0.592482566833496
Picus chlorolophus,2013,236,18.3902645111084,18.7798614501953,0.389596939086914
Pitta nympha,2013,314,17.3351917266846,17.8845329284668,0.549341201782227
Platalea minor,2013,6,9.52713203430176,9.78208255767822,0.254950523376465
Pnoepyga immaculata,2013,5,5.88570213317871,6.40073919296265,0.515037059783936
Podiceps auritus,2013,229,0.136366680264473,1.3491849899292,1.21281830966473
Podiceps grisegena,2013,136,1.74304449558258,2.15274834632874,0.409703850746155
Podiceps nigricollis,2013,481,3.37681865692139,3.72160887718201,0.34479022026062
Podoces biddulphi,2013,276,11.4326000213623,12.7643594741821,1.33175945281982
Pomatorhinus schisticeps,2013,30,17.0419483184814,17.4649257659912,0.422977447509766
Pomatorhinus superciliaris,2013,107,15.5741310119629,16.1090965270996,0.534965515136719
Prinia atrogularis,2013,41,13.7463512420654,14.2520084381104,0.505657196044922
Prinia flaviventris,2013,82,19.0294494628906,19.6540184020996,0.624568939208984
Prinia inornata,2013,815,17.7829418182373,18.2893924713135,0.506450653076172
Prunella collaris,2013,2078,0.881721675395966,1.67139446735382,0.789672791957855
Prunella himalayana,2013,208,-0.780707001686096,0.76943701505661,1.55014401674271
Prunella immaculata,2013,328,2.3754723072052,3.07391333580017,0.698441028594971
Prunella montanella,2013,35,-4.01745891571045,-3.40743231773376,0.610026597976685
Prunella strophiata,2013,581,4.8185076713562,5.5717568397522,0.753249168395996
Psarisomus dalhousiae,2013,108,17.168399810791,17.7538452148438,0.585445404052734
Pseudopodoces humilis,2013,999,-2.24323654174805,-1.48501873016357,0.758217811584473
Psilopogon faber,2013,43,19.2454166412354,19.6238689422607,0.378452301025391
Psilopogon virens,2013,727,16.4328498840332,16.9101161956787,0.477266311645508
Pterorhinus berthemyi,2013,335,15.9220361709595,16.4869918823242,0.564955711364746
Pterorhinus lanceolatus,2013,830,14.0311040878296,14.6421813964844,0.611077308654785
Pterorhinus pectoralis,2013,584,16.4923286437988,17.1107749938965,0.618446350097656
Pterorhinus sannio,2013,723,16.5131092071533,17.0801448822021,0.567035675048828
Pteruthius rufiventer,2013,90,13.7090368270874,14.2617177963257,0.552680969238281
Pteruthius xanthochlorus,2013,307,10.3232049942017,11.0613040924072,0.738099098205566
Ptyonoprogne rupestris,2013,1954,5.37436962127686,6.30606269836426,0.931693077087402
Pycnonotus aurigaster,2013,572,17.6714363098145,18.116039276123,0.444602966308594
Pycnonotus jocosus,2013,415,18.2223873138428,18.6105327606201,0.388145446777344
Pycnonotus sinensis,2013,1342,15.0544948577881,15.6365566253662,0.582061767578125
Pycnonotus xanthorrhous,2013,700,14.8906507492065,15.5196161270142,0.628965377807617
Pyrrhula erythaca,2013,897,8.99915409088135,9.66452312469482,0.665369033813477
Pyrrhula nipalensis,2013,747,14.819185256958,15.2815046310425,0.462319374084473
Rallina eurizonoides,2013,152,20.1719455718994,20.6093311309814,0.437385559082031
Rallus aquaticus,2013,1224,2.42764139175415,3.52022266387939,1.09258127212524
Recurvirostra avosetta,2013,698,1.33939504623413,1.89487171173096,0.555476665496826
Regulus regulus,2013,930,7.1307168006897,7.84301900863648,0.712302207946777
Remiz consobrinus,2013,558,3.35002541542053,3.42513966560364,0.0751142501831055
Remiz coronatus,2013,191,2.46915340423584,3.76039004325867,1.29123663902283
Rhodospiza obsoleta,2013,720,5.24223470687866,6.45820713043213,1.21597242355347
Riparia riparia,2013,784,2.64866471290588,2.98026633262634,0.331601619720459
Rubigula flaviventris,2013,174,18.7557125091553,19.2602634429932,0.504550933837891
Sasia ochracea,2013,132,19.0419464111328,19.4997272491455,0.457780838012695
Saxicola ferreus,2013,1085,14.6986656188965,15.3160934448242,0.617427825927734
Sitta cinnamoventris,2013,123,17.082124710083,17.6700401306152,0.587915420532227
Sitta formosa,2013,141,15.951807975769,16.5413608551025,0.589552879333496
Sitta villosa,2013,798,6.09239196777344,6.74271583557129,0.650323867797852
Sittiparus varius,2013,82,5.76430416107178,5.80290603637695,0.0386018753051758
Spilopelia chinensis,2013,1413,14.8436107635498,15.4704055786133,0.626794815063477
Spilopelia senegalensis,2013,168,3.82531929016113,5.38769626617432,1.56237697601318
Spilornis cheela,2013,652,17.436824798584,17.8750286102295,0.438203811645508
Spinus spinus,2013,295,-0.596706986427307,-0.510678827762604,0.0860281586647034
Spizixos semitorques,2013,944,16.026798248291,16.6498317718506,0.62303352355957
Spodiopsar cineraceus,2013,1439,4.32776212692261,4.7876353263855,0.459873199462891
Spodiopsar sericeus,2013,692,17.4629497528076,17.9659366607666,0.502986907958984
Stachyris humei,2013,39,13.5445995330811,13.9841480255127,0.439548492431641
Staphida torqueola,2013,740,17.3425159454346,17.8559246063232,0.513408660888672
Streptopelia decaocto,2013,1819,7.51734828948975,8.47266864776611,0.955320358276367
Sturnia sinensis,2013,305,19.1309833526611,19.4195327758789,0.288549423217773
Sturnus vulgaris,2013,253,4.91895532608032,6.41616058349609,1.49720525741577
Suthora fulvifrons,2013,136,9.14953327178955,9.80793380737305,0.658400535583496
Syrmaticus humiae,2013,108,16.9307231903076,17.5650463104248,0.634323120117188
Syrmaticus reevesii,2013,256,14.2624092102051,14.9867963790894,0.724387168884277
Syrrhaptes paradoxus,2013,1270,4.20923328399658,4.94529151916504,0.736058235168457
Tarsiger chrysaeus,2013,217,7.12873888015747,7.76460456848145,0.635865688323975
Tarsiger indicus,2013,276,9.35574531555176,10.0156984329224,0.659953117370606
Temnurus temnurus,2013,38,23.8245315551758,23.8861236572266,0.0615921020507813
Tephrodornis virgatus,2013,421,19.5108184814453,19.7782573699951,0.267438888549805
Thalasseus bergii,2013,240,22.2157859802246,22.336483001709,0.120697021484375
Timalia pileata,2013,263,19.225227355957,19.5814876556397,0.356260299682617
Tragopan caboti,2013,186,18.5082702636719,18.7561206817627,0.24785041809082
Tragopan temminckii,2013,529,12.6361389160156,13.2966108322144,0.660471916198731
Treron curvirostra,2013,162,18.7455444335938,19.2313041687012,0.485759735107422
Treron sieboldii,2013,645,17.8530445098877,18.3426475524902,0.489603042602539
Treron sphenurus,2013,294,14.4787168502808,15.0975503921509,0.618833541870117
Turdus boulboul,2013,220,17.376407623291,17.9273052215576,0.550897598266602
Turdus cardis,2013,169,15.0351343154907,15.7815427780151,0.746408462524414
Turdus feae,2013,117,7.37936782836914,7.91898584365845,0.539618015289307
Turdus mandarinus,2013,1032,14.7816362380981,15.4018745422363,0.620238304138184
Turdus pilaris,2013,220,-1.74795424938202,-1.37928831577301,0.368665933609009
Turdus rubrocanus,2013,541,5.81288194656372,6.54424953460693,0.731367588043213
Turdus ruficollis,2013,159,2.9576096534729,4.54429292678833,1.58668327331543
Turdus viscivorus,2013,422,4.64524841308594,6.11931943893433,1.47407102584839
Turnix suscitator,2013,455,17.9373970031738,18.4027481079102,0.465351104736328
Tyto longimembris,2013,685,17.7860012054443,18.1828670501709,0.396865844726563
Urile pelagicus,2013,10,10.4286890029907,10.6234655380249,0.19477653503418
Urosphena squameiceps,2013,112,3.62927651405334,3.65816521644592,0.0288887023925781
Vanellus cinereus,2013,279,3.7433602809906,3.75652098655701,0.0131607055664063
Vanellus indicus,2013,87,17.6243762969971,18.2321376800537,0.607761383056641
Vanellus vanellus,2013,1111,2.88630080223084,3.33413910865784,0.447838306427002
Yuhina nigrimenta,2013,669,15.0526151657105,15.6090002059937,0.556385040283203
Zoothera dixoni,2013,349,11.1787948608398,11.852858543396,0.674063682556152
Zoothera mollissima,2013,155,2.83340001106262,3.48400735855103,0.650607347488403
Zoothera monticola,2013,41,12.9189081192017,13.2055339813232,0.286625862121582
Zosterops erythropleurus,2013,328,4.62363433837891,4.64330720901489,0.0196728706359863
Abroscopus albogularis,2014,562,17.4008522033691,17.8604316711426,0.459579467773438
Accipiter gularis,2014,697,2.65403866767883,3.62198686599731,0.967948198318481
Accipiter soloensis,2014,942,14.6539878845215,15.2426099777222,0.588622093200684
Accipiter trivirgatus,2014,174,20.6737785339356,21.2808246612549,0.607046127319336
Accipiter virgatus,2014,846,15.1853485107422,15.705623626709,0.520275115966797
Acridotheres cristatellus,2014,1081,16.3418083190918,16.894998550415,0.553190231323242
Acridotheres tristis,2014,284,13.0754556655884,13.697998046875,0.622542381286621
Acrocephalus agricola,2014,581,6.84485864639282,7.24067640304565,0.395817756652832
Acrocephalus bistrigiceps,2014,1280,6.68613195419312,7.66101551055908,0.974883556365967
Acrocephalus concinens,2014,766,13.3816928863525,14.2271757125855,0.84548282623291
Acrocephalus orientalis,2014,1446,7.09092283248901,8.08036994934082,0.989447116851807
Acrocephalus tangorum,2014,171,4.11876344680786,5.03029441833496,0.9115309715271
Aegithalos bonvaloti,2014,106,7.6470046043396,8.34345626831055,0.696451663970947
Aegithalos caudatus,2014,754,2.25801730155945,3.12921023368835,0.871192932128906
Aegithalos concinnus,2014,953,15.9409122467041,16.5177059173584,0.576793670654297
Aegithalos fuliginosus,2014,138,9.91040992736816,10.4287033081055,0.518293380737305
Aerodramus brevirostris,2014,603,13.6866846084595,14.2231140136719,0.536429405212402
Aethopyga christinae,2014,23,24.3484706878662,24.7761974334717,0.427726745605469
Aethopyga gouldiae,2014,956,11.0757522583008,11.615122795105,0.539370536804199
Agropsar sturninus,2014,1131,4.8556547164917,5.87601184844971,1.02035713195801
Aix galericulata,2014,422,3.75636386871338,4.58707189559937,0.830708026885986
Alauda gulgula,2014,1994,9.42479801177979,9.98949146270752,0.564693450927734
Alaudala cheleensis,2014,2390,5.02381753921509,5.79319047927856,0.769372940063477
Alcedo hercules,2014,141,19.7236499786377,20.3804416656494,0.656791687011719
Alcippe morrisonia,2014,975,16.4001846313477,16.931999206543,0.531814575195313
Amaurornis phoenicurus,2014,1130,16.0147972106934,16.5755519866943,0.560754776000977
Anastomus oscitans,2014,315,16.1227264404297,16.7436046600342,0.620878219604492
Anser anser,2014,936,2.59998202323914,3.29282402992249,0.69284200668335
Anser fabalis,2014,359,-0.232263207435608,0.573220789432526,0.805483996868134
Anser indicus,2014,441,0.791138470172882,1.30222272872925,0.511084258556366
Anthus godlewskii,2014,157,1.22606432437897,2.59017825126648,1.36411392688751
Anthus gustavi,2014,66,2.94458818435669,3.5753276348114,0.630739450454712
Anthus richardi,2014,2788,8.37556171417236,9.15866470336914,0.783102989196777
Anthus roseatus,2014,1911,3.55629634857178,4.16555309295654,0.609256744384766
Anthus trivialis,2014,126,1.94549369812012,2.27945399284363,0.333960294723511
Aquila fasciata,2014,300,19.3407211303711,19.8604679107666,0.519746780395508
Aquila heliaca,2014,183,0.794729292392731,1.36277878284454,0.568049490451813
Ardea intermedia,2014,806,16.9554290771484,17.4988212585449,0.543392181396484
Ardea purpurea,2014,1542,13.773362159729,14.4756898880005,0.702327728271484
Ardenna pacifica,2014,90,21.6581630706787,22.1684341430664,0.510271072387695
Artamus fuscus,2014,275,20.3747119903564,20.9348030090332,0.560091018676758
Asio flammeus,2014,498,0.647581040859222,1.29689025878906,0.64930921792984
Athene noctua,2014,3280,3.76510715484619,4.50132608413696,0.736218929290772
Aviceda jerdoni,2014,64,20.8588600158691,21.4917259216309,0.632865905761719
Aviceda leuphotes,2014,784,15.98646068573,16.4856243133545,0.499163627624512
Aythya fuligula,2014,613,0.912497222423553,1.79901194572449,0.886514723300934
Aythya nyroca,2014,348,3.64787364006043,4.21168327331543,0.563809633255005
Bombycilla japonica,2014,93,-2.70986938476563,-2.01164317131042,0.6982262134552
Branta canadensis,2014,19,7.6150541305542,9.08069515228271,1.46564102172852
Bubo nipalensis,2014,362,11.4124135971069,12.1125469207764,0.700133323669434
Bucanetes mongolicus,2014,731,5.15714693069458,6.00733661651611,0.850189685821533
Butastur indicus,2014,481,4.17492294311523,5.09128522872925,0.916362285614014
Cacomantis merulinus,2014,411,19.2106418609619,19.7928218841553,0.582180023193359
Calandrella brachydactyla,2014,400,5.59619903564453,6.0307879447937,0.43458890914917
Calliope obscura,2014,74,8.60147857666016,9.13983535766602,0.538356781005859
Caprimulgus macrurus,2014,78,21.0046348571777,21.6367740631104,0.632139205932617
Carpodacus roborowskii,2014,101,-4.03297138214111,-3.62811183929443,0.40485954284668
Carpodacus vinaceus,2014,535,13.1980676651001,13.7619552612305,0.563887596130371
Cecropis daurica,2014,2623,9.16229629516602,9.90435981750488,0.742063522338867
Centropus bengalensis,2014,607,18.6197357177734,19.1607933044434,0.541057586669922
Cephalopyrus flammiceps,2014,98,11.278489112854,11.8929710388184,0.614481925964356
Certhia familiaris,2014,1518,4.10910701751709,4.95663499832153,0.847527980804443
Certhia himalayana,2014,210,9.42436599731445,10.0679349899292,0.643568992614746
Certhia tianquanensis,2014,46,8.03892517089844,8.39897155761719,0.36004638671875
Ceryle rudis,2014,762,17.6190166473389,18.1854209899902,0.566404342651367
Cettia brunnifrons,2014,409,9.04499340057373,9.58169651031494,0.536703109741211
Cettia castaneocoronata,2014,502,12.0057926177979,12.5976028442383,0.59181022644043
Chalcophaps indica,2014,288,20.4205284118652,20.9803905487061,0.55986213684082
Charadrius atrifrons,2014,1360,-0.0825315490365028,0.514648973941803,0.597180522978306
Charadrius dealbatus,2014,82,22.3581027984619,22.8116149902344,0.453512191772461
Charadrius placidus,2014,860,6.81603288650513,7.73817825317383,0.922145366668701
Charadrius veredus,2014,147,1.37415206432343,2.89045667648315,1.51630461215973
Chlidonias leucopterus,2014,1115,3.61852622032166,4.64668703079224,1.02816081047058
Chlidonias niger,2014,65,2.81934809684753,3.08877849578857,0.26943039894104
Chloris ambigua,2014,297,13.6298961639404,14.3687419891357,0.738845825195313
Chloris sinica,2014,2177,10.1043548583984,10.8756685256958,0.771313667297363
Chrysolophus pictus,2014,410,12.3430995941162,12.757381439209,0.414281845092773
Ciconia boyciana,2014,141,3.75946140289307,4.652184009552,0.892722606658936
Ciconia nigra,2014,2186,5.71650981903076,6.55270576477051,0.836195945739746
Circaetus gallicus,2014,228,6.13989019393921,6.75668716430664,0.616796970367432
Circus macrourus,2014,154,2.22476196289063,2.61974716186523,0.394985198974609
Circus spilonotus,2014,631,1.43180251121521,2.41699576377869,0.985193252563477
Cisticola exilis,2014,521,18.3237705230713,18.9133148193359,0.589544296264648
Cisticola juncidis,2014,1233,15.9261827468872,16.5636310577393,0.637448310852051
Clamator coromandus,2014,1069,16.5760765075684,17.1420116424561,0.565935134887695
Clanga clanga,2014,567,1.82915771007538,2.66715502738953,0.837997317314148
Columba oenas,2014,147,1.89062237739563,2.04671406745911,0.156091690063477
Copsychus saularis,2014,1011,16.2842559814453,16.8126449584961,0.528388977050781
Coracias garrulus,2014,83,1.71752464771271,1.84662067890167,0.129096031188965
Coturnicops exquisitus,2014,412,0.116188421845436,0.951285779476166,0.83509735763073
Crex crex,2014,149,1.68861591815948,1.91215479373932,0.223538875579834
Crossoptilon mantchuricum,2014,64,7.99328136444092,9.0945987701416,1.10131740570068
Curruca curruca,2014,961,4.71596050262451,5.20293617248535,0.48697566986084
Cyanistes cyanus,2014,658,0.813704073429108,1.39132356643677,0.57761949300766
Cyanoderma pyrrhops,2014,3,11.5056676864624,12.3135938644409,0.807926177978516
Cygnus cygnus,2014,538,1.97667515277863,3.14538812637329,1.16871297359467
Cygnus olor,2014,250,2.81658434867859,3.52988409996033,0.713299751281738
Cyornis glaucicomans,2014,344,15.2155599594116,15.6070795059204,0.391519546508789
Cyornis hainanus,2014,199,21.3823966979981,21.8649234771729,0.482526779174805
Cyornis rubeculoides,2014,42,16.7205429077148,17.3200817108154,0.599538803100586
Delichon dasypus,2014,1040,7.09097099304199,7.63752269744873,0.546551704406738
Dendrocitta formosae,2014,933,17.1049575805664,17.6435356140137,0.538578033447266
Dendrocopos hyperythrus,2014,413,8.27587223052979,8.96374797821045,0.687875747680664
Dendrocygna javanica,2014,684,18.0148448944092,18.5895328521729,0.574687957763672
Dicaeum cruentatum,2014,519,18.7793598175049,19.3203239440918,0.540964126586914
Dicaeum ignipectus,2014,1035,15.6106557846069,16.1344203948975,0.523764610290527
Dicaeum minullum,2014,835,14.767373085022,15.276439666748,0.509066581726074
Dicrurus annectens,2014,164,19.7741985321045,20.4151515960693,0.640953063964844
Dicrurus hottentottus,2014,1277,14.8924055099487,15.5187454223633,0.626339912414551
Dicrurus remifer,2014,201,17.4981899261475,18.2026653289795,0.704475402832031
Egretta eulophotes,2014,19,9.63973045349121,10.7124814987183,1.07275104522705
Egretta garzetta,2014,1670,12.7392654418945,13.3719892501831,0.632723808288574
Elachura formosa,2014,245,15.8722858428955,16.5386791229248,0.666393280029297
Elanus caeruleus,2014,97,20.0274238586426,20.505184173584,0.477760314941406
Emberiza buchanani,2014,164,0.845942556858063,1.16494238376617,0.318999826908112
Emberiza citrinella,2014,45,1.24440145492554,1.93035495281219,0.685953497886658
Emberiza elegans,2014,1059,8.75524711608887,9.42342567443848,0.668178558349609
Emberiza godlewskii,2014,2040,4.47789907455444,5.13939952850342,0.661500453948975
Emberiza hortulana,2014,93,3.53125858306885,4.07490539550781,0.543646812438965
Emberiza leucocephalos,2014,716,0.0190331656485796,0.617598712444305,0.598565546795726
Emberiza pallasi,2014,141,-2.66091752052307,-1.60817956924438,1.05273795127869
Emberiza pusilla,2014,208,2.53732514381409,3.47722506523132,0.939899921417236
Emberiza rustica,2014,3,-4.41251945495605,-3.62562918663025,0.786890268325806
Emberiza siemsseni,2014,79,10.0293006896973,10.5718469619751,0.542546272277832
Emberiza yessoensis,2014,46,2.82388091087341,3.52018308639526,0.696302175521851
Enicurus leschenaulti,2014,1155,14.9616861343384,15.5038251876831,0.542139053344727
Enicurus maculatus,2014,490,17.4008846282959,17.9967842102051,0.59589958190918
Enicurus schistaceus,2014,598,17.1719207763672,17.6993618011475,0.527441024780273
Erpornis zantholeuca,2014,529,17.9002780914307,18.4732913970947,0.573013305664063
Erythrogenys hypoleucos,2014,50,19.9029903411865,20.3128719329834,0.409881591796875
Eudynamys scolopaceus,2014,1083,16.3084487915039,16.8606643676758,0.552215576171875
Eumyias thalassinus,2014,737,14.3080358505249,14.8359708786011,0.527935028076172
Falco cherrug,2014,2075,2.70873928070068,3.35234498977661,0.643605709075928
Falco severus,2014,359,17.7754745483398,18.3931732177734,0.617698669433594
Ficedula albicilla,2014,89,-2.38578534126282,-1.55979084968567,0.825994491577148
Ficedula elisae,2014,152,7.47436904907227,8.72307109832764,1.24870204925537
Ficedula erithacus,2014,610,7.43311548233032,8.02084064483643,0.587725162506104
Ficedula hyperythra,2014,472,16.0033531188965,16.5658664703369,0.56251335144043
Ficedula mugimaki,2014,678,2.3159077167511,3.26672196388245,0.950814247131348
Ficedula strophiata,2014,621,13.0205202102661,13.5534830093384,0.532962799072266
Ficedula superciliaris,2014,331,5.17182588577271,5.80809164047241,0.636265754699707
Ficedula tricolor,2014,560,11.7169189453125,12.2527875900269,0.535868644714356
Fringilla coelebs,2014,6,-3.64196300506592,-2.86805725097656,0.773905754089356
Fringilla montifringilla,2014,23,-2.54210829734802,-1.78304040431976,0.759067893028259
Galerida cristata,2014,1619,6.56866264343262,7.48681974411011,0.91815710067749
Gallicrex cinerea,2014,1658,13.8156538009644,14.5402917861938,0.724637985229492
Garrulax canorus,2014,757,17.0413055419922,17.5339050292969,0.492599487304688
Garrulax maesi,2014,302,17.0664443969727,17.4932136535645,0.426769256591797
Garrulax monileger,2014,463,19.1697063446045,19.6974201202393,0.527713775634766
Gavia arctica,2014,163,2.2326762676239,2.64370918273926,0.411032915115356
Gelochelidon nilotica,2014,554,7.68231201171875,8.32918357849121,0.646871566772461
Geokichla citrina,2014,505,17.6489105224609,18.2365226745605,0.587612152099609
Glaucidium cuculoides,2014,1012,16.7492389678955,17.2795944213867,0.530355453491211
Gorsachius melanolophus,2014,105,21.6351413726807,22.1632251739502,0.528083801269531
Gracupica nigricollis,2014,510,17.9595203399658,18.5193901062012,0.559869766235352
Grandala coelicolor,2014,621,0.189435198903084,0.723212003707886,0.533776804804802
Grus japonensis,2014,76,2.61315250396729,3.34073829650879,0.727585792541504
Grus monacha,2014,21,-0.20156466960907,0.436197310686111,0.637761980295181
Grus nigricollis,2014,407,-2.81143999099731,-2.30491065979004,0.506529331207275
Gypaetus barbatus,2014,1655,0.90612781047821,1.44223022460938,0.536102414131165
Gyps himalayensis,2014,1392,1.23260295391083,1.74532914161682,0.512726187705994
Halcyon coromanda,2014,131,9.25574684143066,10.0777320861816,0.821985244750977
Halcyon pileata,2014,1245,13.7531538009644,14.5219697952271,0.768815994262695
Halcyon smyrnensis,2014,182,21.6887283325195,22.1109619140625,0.422233581542969
Haliaeetus leucoryphus,2014,34,14.0554161071777,14.573935508728,0.518519401550293
Harpactes wardi,2014,78,8.85727214813232,9.55067253112793,0.693400382995606
Helopsaltes certhiola,2014,1617,4.47727870941162,5.2285590171814,0.751280307769775
Helopsaltes pryeri,2014,166,6.73794746398926,7.62206220626831,0.884114742279053
Hemiprocne coronata,2014,103,16.7578430175781,17.5072975158691,0.749454498291016
Hemitesia pallidipes,2014,155,16.8176536560059,17.5512638092041,0.733610153198242
Hemixos castanonotus,2014,373,19.1924209594727,19.663990020752,0.471569061279297
Heterophasia desgodinsi,2014,283,15.513069152832,16.0694808959961,0.556411743164063
Heteroxenicus stellatus,2014,104,10.5467109680176,11.2162456512451,0.669534683227539
Hieraaetus pennatus,2014,137,-1.33781504631042,-0.68281090259552,0.655004143714905
Hierococcyx nisicolor,2014,639,17.0438480377197,17.6265449523926,0.582696914672852
Hirundapus caudacutus,2014,1023,3.56975531578064,4.34615468978882,0.776399374008179
Hirundo rustica,2014,4116,6.53853988647461,7.22870540618897,0.690165519714356
Histrionicus histrionicus,2014,83,2.51139283180237,3.14102506637573,0.629632234573364
Hydrocoloeus minutus,2014,48,8.87618541717529,9.17911624908447,0.30293083190918
Hydrophasianus chirurgus,2014,865,17.0730152130127,17.6182270050049,0.545211791992188
Hydroprogne caspia,2014,298,13.7203493118286,14.4294118881226,0.709062576293945
Hypothymis azurea,2014,513,17.3541965484619,17.9203243255615,0.566127777099609
Hypsipetes leucocephalus,2014,1126,15.1517972946167,15.6930027008057,0.541205406188965
Ianthocincla lunulata,2014,135,10.4669580459595,11.0084857940674,0.54152774810791
Ibidorhyncha struthersii,2014,1706,2.63580417633057,3.30348873138428,0.667684555053711
Ictinaetus malaiensis,2014,101,17.802188873291,18.3758945465088,0.573705673217773
Iduna caligata,2014,61,2.13780975341797,2.70745158195496,0.569641828536987
Indicator xanthonotus,2014,48,12.2993488311768,12.9404630661011,0.641114234924316
Ixobrychus cinnamomeus,2014,1390,15.337140083313,16.0376853942871,0.700545310974121
Ixobrychus eurhythmus,2014,1430,9.70042896270752,10.5333385467529,0.83290958404541
Ixobrychus minutus,2014,183,3.59522795677185,3.85104608535767,0.255818128585815
Ixos mcclellandii,2014,697,17.6051921844482,18.1331653594971,0.527973175048828
Ketupa flavipes,2014,920,17.0898551940918,17.6170349121094,0.527179718017578
Lalage melaschistos,2014,1331,14.7237720489502,15.3540506362915,0.630278587341309
Lanius borealis,2014,248,1.18080830574036,1.77107012271881,0.590261816978455
Lanius collurioides,2014,302,18.6856880187988,19.2624740600586,0.576786041259766
Lanius isabellinus,2014,1437,4.29488563537598,5.01620531082153,0.721319675445557
Lanius schach,2014,1339,14.2475595474243,14.8163032531738,0.568743705749512
Lanius sphenocercus,2014,817,3.8520245552063,4.88053894042969,1.02851438522339
Lanius tephronotus,2014,638,4.51975870132446,5.05960559844971,0.539846897125244
Larus crassirostris,2014,78,15.5089054107666,16.2748260498047,0.765920639038086
Larvivora brunnea,2014,325,6.83418989181519,7.43935632705689,0.605166435241699
Larvivora cyane,2014,504,1.02699601650238,1.88872742652893,0.86173141002655
Leptopoecile elegans,2014,464,1.16251695156097,1.69280803203583,0.530291080474854
Leptoptilos javanicus,2014,193,17.0435619354248,17.7901840209961,0.746622085571289
Limnodromus semipalmatus,2014,293,0.636016726493835,1.61453461647034,0.978517889976501
Limosa limosa,2014,390,1.07777690887451,1.88197529315948,0.804198384284973
Linaria cannabina,2014,164,3.81024098396301,4.20224332809448,0.39200234413147
Locustella davidi,2014,377,1.02113199234009,1.87617301940918,0.855041027069092
Locustella mandelli,2014,546,16.9194431304932,17.4727954864502,0.553352355957031
Lonchura striata,2014,766,18.0601272583008,18.5589294433594,0.498802185058594
Lophotriorchis kienerii,2014,55,21.8129367828369,22.3160839080811,0.503147125244141
Lophura leucomelanos,2014,150,10.5427417755127,11.2352323532104,0.692490577697754
Lophura nycthemera,2014,260,18.5232791900635,19.146167755127,0.622888565063477
Loxia curvirostra,2014,1375,1.54966580867767,2.25394725799561,0.704281449317932
Macropygia unchall,2014,594,16.1906127929688,16.7448234558105,0.554210662841797
Mareca falcata,2014,366,-0.290807813405991,0.533344626426697,0.824152439832687
Megaceryle lugubris,2014,1428,15.1732769012451,15.8642663955688,0.690989494323731
Melanitta fusca,2014,7,0.868973076343536,1.64940404891968,0.780430972576141
Melanitta stejnegeri,2014,45,-4.25272130966187,-3.39691615104675,0.855805158615112
Melanochlora sultanea,2014,155,18.2084312438965,18.8281154632568,0.619684219360352
Mergus serrator,2014,251,1.3321053981781,2.02275323867798,0.690647840499878
Merops philippinus,2014,293,18.3080310821533,18.9826316833496,0.674600601196289
Mixornis gularis,2014,159,16.6837577819824,17.5138072967529,0.830049514770508
Monticola gularis,2014,646,2.43376898765564,3.36965012550354,0.9358811378479
Monticola rufiventris,2014,869,15.3018579483032,15.8414678573608,0.539609909057617
Monticola solitarius,2014,2043,10.853741645813,11.5279369354248,0.674195289611816
Motacilla citreola,2014,2159,2.20297122001648,2.79032254219055,0.587351322174072
Moupinia poecilotis,2014,145,6.02350807189941,6.58402729034424,0.560519218444824
Muscicapa dauurica,2014,671,1.70671880245209,2.66103839874268,0.954319596290588
Muscicapa ferruginea,2014,600,12.596305847168,13.1604013442993,0.564095497131348
Muscicapa muttui,2014,305,16.68186378479,17.112735748291,0.430871963500977
Mycerobas affinis,2014,417,4.74256801605225,5.35139846801758,0.608830451965332
Mycerobas carnipes,2014,1012,2.43280649185181,2.89225077629089,0.459444284439087
Myiomela leucura,2014,672,15.003249168396,15.5194749832153,0.516225814819336
Myophonus caeruleus,2014,1550,12.4764938354492,13.1016063690186,0.625112533569336
Netta rufina,2014,395,4.57272863388062,4.98695373535156,0.414225101470947
Niltava davidi,2014,684,16.3860206604004,16.9024276733398,0.516407012939453
Niltava grandis,2014,139,15.5507926940918,16.3082485198975,0.757455825805664
Niltava macgrigoriae,2014,278,17.1179103851318,17.7482089996338,0.630298614501953
Niltava sundara,2014,761,11.4049816131592,11.9430723190308,0.538090705871582
Ninox japonica,2014,1327,11.1691026687622,12.0139560699463,0.844853401184082
Nipponia nippon,2014,3,13.224778175354,13.5742158889771,0.349437713623047
Nisaetus nipalensis,2014,501,16.0050029754639,16.6403827667236,0.635379791259766
Numenius madagascariensis,2014,197,0.840074002742767,1.50124728679657,0.661173284053803
Nycticorax nycticorax,2014,1539,14.4904012680054,15.2032270431519,0.712825775146484
Oenanthe deserti,2014,1737,2.79329204559326,3.39925885200501,0.605966806411743
Oenanthe oenanthe,2014,1019,4.16478967666626,5.11298084259033,0.948191165924072
Onychoprion anaethetus,2014,31,20.9556827545166,21.5128326416016,0.557149887084961
Oriolus oriolus,2014,192,3.03185987472534,3.40542650222778,0.373566627502441
Otus lettia,2014,878,17.5054512023926,18.0317573547363,0.52630615234375
Otus semitorques,2014,542,7.6100811958313,8.6152458190918,1.0051646232605
Otus spilocephalus,2014,561,16.5144157409668,17.1053009033203,0.590885162353516
Oxyura leucocephala,2014,149,5.72699737548828,5.87369871139526,0.146701335906982
Panurus biarmicus,2014,1831,4.12009954452515,4.84274959564209,0.722650051116943
Paradoxornis guttaticollis,2014,448,16.6616554260254,17.2308979034424,0.569242477416992
Paradoxornis heudei,2014,323,12.1314287185669,13.0612363815308,0.929807662963867
Parayuhina diademata,2014,471,13.0819683074951,13.663122177124,0.581153869628906
Pardaliparus venustulus,2014,704,13.5442533493042,14.2084093093872,0.664155960083008
Parus monticolus,2014,628,12.7628221511841,13.3039302825928,0.541108131408691
Passer cinnamomeus,2014,1562,12.8010911941528,13.4844465255737,0.683355331420898
Passer domesticus,2014,750,0.82120680809021,1.47022783756256,0.649021029472351
Passer hispaniolensis,2014,153,4.25698804855347,4.50457954406738,0.247591495513916
Pelecanus crispus,2014,151,0.737479865550995,1.13275802135468,0.39527815580368
Pellorneum tickelli,2014,96,18.7574138641357,19.4763240814209,0.718910217285156
Perdix hodgsoniae,2014,460,-1.68631982803345,-1.14584767818451,0.540472149848938
Pericrocotus cantonensis,2014,816,16.4538898468018,16.9463424682617,0.492452621459961
Pericrocotus divaricatus,2014,132,2.67148590087891,3.35786056518555,0.686374664306641
Pericrocotus ethologus,2014,1120,10.0661602020264,10.7583112716675,0.692151069641113
Pericrocotus solaris,2014,630,17.9055347442627,18.4437522888184,0.538217544555664
Periparus rubidiventris,2014,406,1.0057018995285,1.52774667739868,0.522044777870178
Pernis ptilorhynchus,2014,832,3.53393316268921,4.399329662323,0.865396499633789
Phasianus colchicus,2014,2329,8.38204383850098,9.09764003753662,0.715596199035645
Phoenicurus erythronotus,2014,302,4.4462628364563,4.72012758255005,0.27386474609375
Phoenicurus frontalis,2014,923,4.79591703414917,5.33047914505005,0.534562110900879
Phoenicurus leucocephalus,2014,1426,7.7376446723938,8.34312343597412,0.605478763580322
Phoenicurus ochruros,2014,2263,3.26384401321411,3.8607063293457,0.596862316131592
Phoenicurus schisticeps,2014,406,3.07463383674622,3.64871335029602,0.574079513549805
Phylloscopus affinis,2014,666,5.29091310501099,5.81794500350952,0.527031898498535
Phylloscopus burkii,2014,33,2.90200233459473,3.45678091049194,0.554778575897217
Phylloscopus cantator,2014,105,15.6603422164917,16.3624629974365,0.702120780944824
Phylloscopus castaniceps,2014,632,16.0546073913574,16.5979881286621,0.543380737304688
Phylloscopus claudiae,2014,522,9.88924694061279,10.6148300170898,0.725583076477051
Phylloscopus coronatus,2014,414,6.72929191589356,7.28678321838379,0.557491302490234
Phylloscopus emeiensis,2014,22,12.370792388916,12.9079732894897,0.537180900573731
Phylloscopus intermedius,2014,134,14.0922756195068,14.5987901687622,0.506514549255371
Phylloscopus magnirostris,2014,214,6.5604043006897,7.11905431747437,0.558650016784668
Phylloscopus ogilviegranti,2014,381,17.7375507354736,18.3111248016357,0.573574066162109
Phylloscopus omeiensis,2014,138,10.2660341262817,10.7251453399658,0.459111213684082
Phylloscopus pulcher,2014,413,7.9857611656189,8.61591243743897,0.630151271820068
Phylloscopus ricketti,2014,676,15.3157758712769,15.8132934570313,0.497517585754395
Phylloscopus soror,2014,245,13.625864982605,14.0966033935547,0.470738410949707
Phylloscopus subaffinis,2014,1013,11.5190992355347,12.0314636230469,0.512364387512207
Phylloscopus tenellipes,2014,259,4.56703424453735,5.44479322433472,0.877758979797363
Phylloscopus tephrocephalus,2014,281,12.0046453475952,12.5444784164429,0.539833068847656
Phylloscopus yunnanensis,2014,215,8.02978324890137,8.87369441986084,0.843911170959473
Picumnus innominatus,2014,1093,15.3501920700073,15.8901720046997,0.539979934692383
Picus chlorolophus,2014,236,18.3902645111084,19.0246143341064,0.634349822998047
Pitta nympha,2014,314,17.3351917266846,17.957275390625,0.62208366394043
Platalea minor,2014,6,9.52713203430176,10.4861841201782,0.959052085876465
Pnoepyga immaculata,2014,5,5.88570213317871,6.52813816070557,0.642436027526856
Podiceps auritus,2014,229,0.136366680264473,0.468203902244568,0.331837221980095
Podiceps grisegena,2014,136,1.74304449558258,2.30554866790772,0.562504172325134
Podiceps nigricollis,2014,481,3.37681865692139,4.24241924285889,0.8656005859375
Podoces biddulphi,2014,276,11.4326000213623,11.7539901733398,0.321390151977539
Pomatorhinus schisticeps,2014,30,17.0419483184814,17.6093502044678,0.567401885986328
Pomatorhinus superciliaris,2014,107,15.5741310119629,16.2606620788574,0.686531066894531
Prinia atrogularis,2014,41,13.7463512420654,14.3539905548096,0.607639312744141
Prinia flaviventris,2014,82,19.0294494628906,19.8193435668945,0.789894104003906
Prinia inornata,2014,815,17.7829418182373,18.268970489502,0.486028671264648
Prunella collaris,2014,2078,0.881721675395966,1.52578294277191,0.644061267375946
Prunella himalayana,2014,208,-0.780707001686096,-0.491281896829605,0.289425104856491
Prunella immaculata,2014,328,2.3754723072052,2.94947147369385,0.573999166488648
Prunella montanella,2014,35,-4.01745891571045,-3.09083962440491,0.926619291305542
Prunella strophiata,2014,581,4.8185076713562,5.38467407226563,0.566166400909424
Psarisomus dalhousiae,2014,108,17.168399810791,17.9119281768799,0.743528366088867
Pseudopodoces humilis,2014,999,-2.24323654174805,-1.73661816120148,0.50661838054657
Psilopogon faber,2014,43,19.2454166412354,19.5480308532715,0.302614212036133
Psilopogon virens,2014,727,16.4328498840332,17.0178642272949,0.585014343261719
Pterorhinus berthemyi,2014,335,15.9220361709595,16.38108253479,0.459046363830566
Pterorhinus lanceolatus,2014,830,14.0311040878296,14.5556116104126,0.524507522583008
Pterorhinus pectoralis,2014,584,16.4923286437988,16.9966793060303,0.504350662231445
Pterorhinus sannio,2014,723,16.5131092071533,17.0526809692383,0.539571762084961
Pteruthius rufiventer,2014,90,13.7090368270874,14.4058990478516,0.69686222076416
Pteruthius xanthochlorus,2014,307,10.3232049942017,10.9390668869019,0.615861892700195
Ptyonoprogne rupestris,2014,1954,5.37436962127686,6.08605718612671,0.711687564849854
Pycnonotus aurigaster,2014,572,17.6714363098145,18.2395362854004,0.568099975585938
Pycnonotus jocosus,2014,415,18.2223873138428,18.8045883178711,0.58220100402832
Pycnonotus sinensis,2014,1342,15.0544948577881,15.7487239837646,0.694229125976563
Pycnonotus xanthorrhous,2014,700,14.8906507492065,15.4804067611694,0.589756011962891
Pyrrhula erythaca,2014,897,8.99915409088135,9.62714195251465,0.627987861633301
Pyrrhula nipalensis,2014,747,14.819185256958,15.3961915969849,0.577006340026856
Rallina eurizonoides,2014,152,20.1719455718994,20.8044967651367,0.632551193237305
Rallus aquaticus,2014,1224,2.42764139175415,2.84768867492676,0.420047283172607
Recurvirostra avosetta,2014,698,1.33939504623413,2.05239295959473,0.712997913360596
Regulus regulus,2014,930,7.1307168006897,7.63720893859863,0.506492137908936
Remiz consobrinus,2014,558,3.35002541542053,4.31207323074341,0.962047815322876
Remiz coronatus,2014,191,2.46915340423584,3.0347855091095,0.565632104873657
Rhodospiza obsoleta,2014,720,5.24223470687866,5.75482749938965,0.512592792510986
Riparia riparia,2014,784,2.64866471290588,3.4325544834137,0.783889770507813
Rubigula flaviventris,2014,174,18.7557125091553,19.44850730896,0.692794799804688
Sasia ochracea,2014,132,19.0419464111328,19.67041015625,0.628463745117188
Saxicola ferreus,2014,1085,14.6986656188965,15.2519721984863,0.553306579589844
Sitta cinnamoventris,2014,123,17.082124710083,17.8762741088867,0.794149398803711
Sitta formosa,2014,141,15.951807975769,16.7282638549805,0.776455879211426
Sitta villosa,2014,798,6.09239196777344,7.01364231109619,0.921250343322754
Sittiparus varius,2014,82,5.76430416107178,6.715980052948,0.951675891876221
Spilopelia chinensis,2014,1413,14.8436107635498,15.4994707107544,0.65585994720459
Spilopelia senegalensis,2014,168,3.82531929016113,4.02189254760742,0.196573257446289
Spilornis cheela,2014,652,17.436824798584,18.0335788726807,0.59675407409668
Spinus spinus,2014,295,-0.596706986427307,0.174699157476425,0.771406143903732
Spizixos semitorques,2014,944,16.026798248291,16.538143157959,0.511344909667969
Spodiopsar cineraceus,2014,1439,4.32776212692261,5.3290548324585,1.00129270553589
Spodiopsar sericeus,2014,692,17.4629497528076,17.9396095275879,0.476659774780273
Stachyris humei,2014,39,13.5445995330811,14.1255369186401,0.580937385559082
Staphida torqueola,2014,740,17.3425159454346,17.8473529815674,0.504837036132813
Streptopelia decaocto,2014,1819,7.51734828948975,8.23409938812256,0.716751098632813
Sturnia sinensis,2014,305,19.1309833526611,19.5992832183838,0.468299865722656
Sturnus vulgaris,2014,253,4.91895532608032,5.21857357025147,0.299618244171143
Suthora fulvifrons,2014,136,9.14953327178955,9.72172451019287,0.57219123840332
Syrmaticus humiae,2014,108,16.9307231903076,17.7656288146973,0.834905624389648
Syrmaticus reevesii,2014,256,14.2624092102051,14.6651611328125,0.402751922607422
Syrrhaptes paradoxus,2014,1270,4.20923328399658,5.13844966888428,0.929216384887695
Tarsiger chrysaeus,2014,217,7.12873888015747,7.74973487854004,0.620995998382568
Tarsiger indicus,2014,276,9.35574531555176,10.0344715118408,0.678726196289063
Temnurus temnurus,2014,38,23.8245315551758,24.2511444091797,0.426612854003906
Tephrodornis virgatus,2014,421,19.5108184814453,19.9964866638184,0.485668182373047
Thalasseus bergii,2014,240,22.2157859802246,22.7153778076172,0.499591827392578
Timalia pileata,2014,263,19.225227355957,19.7347431182861,0.509515762329102
Tragopan caboti,2014,186,18.5082702636719,19.0581092834473,0.549839019775391
Tragopan temminckii,2014,529,12.6361389160156,13.1223659515381,0.486227035522461
Treron curvirostra,2014,162,18.7455444335938,19.4493808746338,0.703836441040039
Treron sieboldii,2014,645,17.8530445098877,18.3460998535156,0.49305534362793
Treron sphenurus,2014,294,14.4787168502808,15.183126449585,0.704409599304199
Turdus boulboul,2014,220,17.376407623291,18.0327224731445,0.656314849853516
Turdus cardis,2014,169,15.0351343154907,15.5440950393677,0.508960723876953
Turdus feae,2014,117,7.37936782836914,8.56258869171143,1.18322086334229
Turdus mandarinus,2014,1032,14.7816362380981,15.3231363296509,0.541500091552734
Turdus pilaris,2014,220,-1.74795424938202,-0.828891396522522,0.919062852859497
Turdus rubrocanus,2014,541,5.81288194656372,6.33795309066773,0.525071144104004
Turdus ruficollis,2014,159,2.9576096534729,3.24527812004089,0.287668466567993
Turdus viscivorus,2014,422,4.64524841308594,4.98756122589111,0.342312812805176
Turnix suscitator,2014,455,17.9373970031738,18.5463237762451,0.608926773071289
Tyto longimembris,2014,685,17.7860012054443,18.3863887786865,0.600387573242188
Urile pelagicus,2014,10,10.4286890029907,11.5875864028931,1.15889739990234
Urosphena squameiceps,2014,112,3.62927651405334,4.48383617401123,0.854559659957886
Vanellus cinereus,2014,279,3.7433602809906,4.59585237503052,0.852492094039917
Vanellus indicus,2014,87,17.6243762969971,18.4504070281982,0.826030731201172
Vanellus vanellus,2014,1111,2.88630080223084,3.83684897422791,0.95054817199707
Yuhina nigrimenta,2014,669,15.0526151657105,15.6118001937866,0.559185028076172
Zoothera dixoni,2014,349,11.1787948608398,11.8776197433472,0.698824882507324
Zoothera mollissima,2014,155,2.83340001106262,3.45701146125793,0.623611450195313
Zoothera monticola,2014,41,12.9189081192017,13.4599466323853,0.541038513183594
Zosterops erythropleurus,2014,328,4.62363433837891,5.53199863433838,0.908364295959473
Abroscopus albogularis,2015,562,17.4008522033691,18.1303596496582,0.729507446289063
Accipiter gularis,2015,697,2.65403866767883,3.87564492225647,1.22160625457764
Accipiter soloensis,2015,942,14.6539878845215,15.4610795974731,0.80709171295166
Accipiter trivirgatus,2015,174,20.6737785339356,21.475133895874,0.801355361938477
Accipiter virgatus,2015,846,15.1853485107422,15.925853729248,0.740505218505859
Acridotheres cristatellus,2015,1081,16.3418083190918,17.060977935791,0.719169616699219
Acridotheres tristis,2015,284,13.0754556655884,14.1011505126953,1.02569484710693
Acrocephalus agricola,2015,581,6.84485864639282,8.27416610717773,1.42930746078491
Acrocephalus bistrigiceps,2015,1280,6.68613195419312,7.74813747406006,1.06200551986694
Acrocephalus concinens,2015,766,13.3816928863525,14.1697597503662,0.788066864013672
Acrocephalus orientalis,2015,1446,7.09092283248901,8.15291404724121,1.0619912147522
Acrocephalus tangorum,2015,171,4.11876344680786,5.32481479644775,1.20605134963989
Aegithalos bonvaloti,2015,106,7.6470046043396,8.35237503051758,0.705370426177979
Aegithalos caudatus,2015,754,2.25801730155945,3.54104137420654,1.28302407264709
Aegithalos concinnus,2015,953,15.9409122467041,16.6699352264404,0.729022979736328
Aegithalos fuliginosus,2015,138,9.91040992736816,10.6373138427734,0.726903915405273
Aerodramus brevirostris,2015,603,13.6866846084595,14.3631010055542,0.676416397094727
Aethopyga christinae,2015,23,24.3484706878662,25.2839183807373,0.935447692871094
Aethopyga gouldiae,2015,956,11.0757522583008,11.7407960891724,0.665043830871582
Agropsar sturninus,2015,1131,4.8556547164917,5.9977593421936,1.1421046257019
Aix galericulata,2015,422,3.75636386871338,4.94010925292969,1.18374538421631
Alauda gulgula,2015,1994,9.42479801177979,10.0960216522217,0.671223640441895
Alaudala cheleensis,2015,2390,5.02381753921509,6.17581033706665,1.15199279785156
Alcedo hercules,2015,141,19.7236499786377,20.4934635162354,0.769813537597656
Alcippe morrisonia,2015,975,16.4001846313477,17.1224708557129,0.722286224365234
Amaurornis phoenicurus,2015,1130,16.0147972106934,16.7361640930176,0.721366882324219
Anastomus oscitans,2015,315,16.1227264404297,16.9141864776611,0.791460037231445
Anser anser,2015,936,2.59998202323914,4.07119607925415,1.47121405601501
Anser fabalis,2015,359,-0.232263207435608,1.0047652721405,1.23702847957611
Anser indicus,2015,441,0.791138470172882,1.82084453105927,1.02970606088638
Anthus godlewskii,2015,157,1.22606432437897,2.75072526931763,1.52466094493866
Anthus gustavi,2015,66,2.94458818435669,4.12078857421875,1.17620038986206
Anthus richardi,2015,2788,8.37556171417236,9.45071220397949,1.07515048980713
Anthus roseatus,2015,1911,3.55629634857178,4.31537246704102,0.759076118469238
Anthus trivialis,2015,126,1.94549369812012,3.73864889144897,1.79315519332886
Aquila fasciata,2015,300,19.3407211303711,20.1072998046875,0.766578674316406
Aquila heliaca,2015,183,0.794729292392731,2.42323350906372,1.62850421667099
Ardea intermedia,2015,806,16.9554290771484,17.6624965667725,0.707067489624023
Ardea purpurea,2015,1542,13.773362159729,14.6164779663086,0.84311580657959
Ardenna pacifica,2015,90,21.6581630706787,22.5284290313721,0.870265960693359
Artamus fuscus,2015,275,20.3747119903564,21.1916847229004,0.816972732543945
Asio flammeus,2015,498,0.647581040859222,2.11781024932861,1.47022920846939
Athene noctua,2015,3280,3.76510715484619,4.82724475860596,1.06213760375977
Aviceda jerdoni,2015,64,20.8588600158691,21.5935535430908,0.73469352722168
Aviceda leuphotes,2015,784,15.98646068573,16.7179985046387,0.731537818908691
Aythya fuligula,2015,613,0.912497222423553,2.24298453330994,1.33048731088638
Aythya nyroca,2015,348,3.64787364006043,5.29543972015381,1.64756608009338
Bombycilla japonica,2015,93,-2.70986938476563,-1.48842787742615,1.22144150733948
Branta canadensis,2015,19,7.6150541305542,8.91617107391357,1.30111694335938
Bubo nipalensis,2015,362,11.4124135971069,12.136137008667,0.723723411560059
Bucanetes mongolicus,2015,731,5.15714693069458,6.67899417877197,1.52184724807739
Butastur indicus,2015,481,4.17492294311523,5.36539602279663,1.1904730796814
Cacomantis merulinus,2015,411,19.2106418609619,20.0001964569092,0.789554595947266
Calandrella brachydactyla,2015,400,5.59619903564453,7.25544500350952,1.65924596786499
Calliope obscura,2015,74,8.60147857666016,9.38572120666504,0.784242630004883
Caprimulgus macrurus,2015,78,21.0046348571777,21.7717552185059,0.767120361328125
Carpodacus roborowskii,2015,101,-4.03297138214111,-3.57443499565125,0.458536386489868
Carpodacus vinaceus,2015,535,13.1980676651001,13.9473237991333,0.749256134033203
Cecropis daurica,2015,2623,9.16229629516602,10.0516757965088,0.889379501342773
Centropus bengalensis,2015,607,18.6197357177734,19.3598918914795,0.740156173706055
Cephalopyrus flammiceps,2015,98,11.278489112854,11.8432636260986,0.564774513244629
Certhia familiaris,2015,1518,4.10910701751709,5.36573219299316,1.25662517547607
Certhia himalayana,2015,210,9.42436599731445,10.1546745300293,0.730308532714844
Certhia tianquanensis,2015,46,8.03892517089844,8.66883087158203,0.629905700683594
Ceryle rudis,2015,762,17.6190166473389,18.3328990936279,0.713882446289063
Cettia brunnifrons,2015,409,9.04499340057373,9.65645408630371,0.611460685729981
Cettia castaneocoronata,2015,502,12.0057926177979,12.7008008956909,0.695008277893066
Chalcophaps indica,2015,288,20.4205284118652,21.2374153137207,0.816886901855469
Charadrius atrifrons,2015,1360,-0.0825315490365028,0.709622383117676,0.792153932154179
Charadrius dealbatus,2015,82,22.3581027984619,23.2102909088135,0.852188110351563
Charadrius placidus,2015,860,6.81603288650513,7.88811492919922,1.07208204269409
Charadrius veredus,2015,147,1.37415206432343,2.88385820388794,1.50970613956451
Chlidonias leucopterus,2015,1115,3.61852622032166,4.91755962371826,1.29903340339661
Chlidonias niger,2015,65,2.81934809684753,4.59575700759888,1.77640891075134
Chloris ambigua,2015,297,13.6298961639404,14.4074125289917,0.77751636505127
Chloris sinica,2015,2177,10.1043548583984,11.0058135986328,0.901458740234375
Chrysolophus pictus,2015,410,12.3430995941162,13.0256834030151,0.682583808898926
Ciconia boyciana,2015,141,3.75946140289307,4.99740123748779,1.23793983459473
Ciconia nigra,2015,2186,5.71650981903076,6.96563100814819,1.24912118911743
Circaetus gallicus,2015,228,6.13989019393921,7.73535871505737,1.59546852111816
Circus macrourus,2015,154,2.22476196289063,4.00823545455933,1.7834734916687
Circus spilonotus,2015,631,1.43180251121521,2.70644378662109,1.27464127540588
Cisticola exilis,2015,521,18.3237705230713,19.0928287506104,0.769058227539063
Cisticola juncidis,2015,1233,15.9261827468872,16.7003993988037,0.774216651916504
Clamator coromandus,2015,1069,16.5760765075684,17.2932434082031,0.717166900634766
Clanga clanga,2015,567,1.82915771007538,3.071049451828,1.24189174175262
Columba oenas,2015,147,1.89062237739563,3.61190748214722,1.72128510475159
Copsychus saularis,2015,1011,16.2842559814453,16.9876766204834,0.703420639038086
Coracias garrulus,2015,83,1.71752464771271,3.56005024909973,1.84252560138702
Coturnicops exquisitus,2015,412,0.116188421845436,1.35707664489746,1.24088822305202
Crex crex,2015,149,1.68861591815948,3.50522089004517,1.81660497188568
Crossoptilon mantchuricum,2015,64,7.99328136444092,8.97039222717285,0.977110862731934
Curruca curruca,2015,961,4.71596050262451,6.016526222229,1.30056571960449
Cyanistes cyanus,2015,658,0.813704073429108,2.20589375495911,1.39218968153
Cyanoderma pyrrhops,2015,3,11.5056676864624,12.2420310974121,0.736363410949707
Cygnus cygnus,2015,538,1.97667515277863,3.38947415351868,1.41279900074005
Cygnus olor,2015,250,2.81658434867859,3.71413064002991,0.897546291351318
Cyornis glaucicomans,2015,344,15.2155599594116,15.9183645248413,0.702804565429688
Cyornis hainanus,2015,199,21.3823966979981,22.2306575775146,0.848260879516602
Cyornis rubeculoides,2015,42,16.7205429077148,17.0355224609375,0.314979553222656
Delichon dasypus,2015,1040,7.09097099304199,7.7389497756958,0.647978782653809
Dendrocitta formosae,2015,933,17.1049575805664,17.8186836242676,0.713726043701172
Dendrocopos hyperythrus,2015,413,8.27587223052979,8.99786376953125,0.721991539001465
Dendrocygna javanica,2015,684,18.0148448944092,18.7494487762451,0.734603881835938
Dicaeum cruentatum,2015,519,18.7793598175049,19.5541343688965,0.774774551391602
Dicaeum ignipectus,2015,1035,15.6106557846069,16.3188552856445,0.708199501037598
Dicaeum minullum,2015,835,14.767373085022,15.4936475753784,0.726274490356445
Dicrurus annectens,2015,164,19.7741985321045,20.5427951812744,0.768596649169922
Dicrurus hottentottus,2015,1277,14.8924055099487,15.6206932067871,0.728287696838379
Dicrurus remifer,2015,201,17.4981899261475,18.2527675628662,0.75457763671875
Egretta eulophotes,2015,19,9.63973045349121,10.7305335998535,1.0908031463623
Egretta garzetta,2015,1670,12.7392654418945,13.4541730880737,0.714907646179199
Elachura formosa,2015,245,15.8722858428955,16.5910625457764,0.718776702880859
Elanus caeruleus,2015,97,20.0274238586426,20.8259429931641,0.798519134521484
Emberiza buchanani,2015,164,0.845942556858063,2.64153051376343,1.79558795690537
Emberiza citrinella,2015,45,1.24440145492554,2.9393937587738,1.69499230384827
Emberiza elegans,2015,1059,8.75524711608887,9.70794105529785,0.952693939208984
Emberiza godlewskii,2015,2040,4.47789907455444,5.42830276489258,0.950403690338135
Emberiza hortulana,2015,93,3.53125858306885,5.21033048629761,1.67907190322876
Emberiza leucocephalos,2015,716,0.0190331656485796,1.20611333847046,1.18708017282188
Emberiza pallasi,2015,141,-2.66091752052307,-1.25521123409271,1.40570628643036
Emberiza pusilla,2015,208,2.53732514381409,3.78521037101746,1.24788522720337
Emberiza rustica,2015,3,-4.41251945495605,-2.74543118476868,1.66708827018738
Emberiza siemsseni,2015,79,10.0293006896973,10.7816877365112,0.752387046813965
Emberiza yessoensis,2015,46,2.82388091087341,3.98666524887085,1.16278433799744
Enicurus leschenaulti,2015,1155,14.9616861343384,15.664665222168,0.70297908782959
Enicurus maculatus,2015,490,17.4008846282959,18.183385848999,0.782501220703125
Enicurus schistaceus,2015,598,17.1719207763672,17.9204769134522,0.748556137084961
Erpornis zantholeuca,2015,529,17.9002780914307,18.6770343780518,0.776756286621094
Erythrogenys hypoleucos,2015,50,19.9029903411865,20.5325584411621,0.629568099975586
Eudynamys scolopaceus,2015,1083,16.3084487915039,17.0160961151123,0.707647323608398
Eumyias thalassinus,2015,737,14.3080358505249,15.0133762359619,0.705340385437012
Falco cherrug,2015,2075,2.70873928070068,3.80200052261353,1.09326124191284
Falco severus,2015,359,17.7754745483398,18.5615844726563,0.786109924316406
Ficedula albicilla,2015,89,-2.38578534126282,-1.04240262508392,1.34338271617889
Ficedula elisae,2015,152,7.47436904907227,8.55951309204102,1.08514404296875
Ficedula erithacus,2015,610,7.43311548233032,8.08129215240479,0.648176670074463
Ficedula hyperythra,2015,472,16.0033531188965,16.7504825592041,0.747129440307617
Ficedula mugimaki,2015,678,2.3159077167511,3.5446925163269,1.22878479957581
Ficedula strophiata,2015,621,13.0205202102661,13.7273750305176,0.706854820251465
Ficedula superciliaris,2015,331,5.17182588577271,5.76507091522217,0.593245029449463
Ficedula tricolor,2015,560,11.7169189453125,12.3992347717285,0.682315826416016
Fringilla coelebs,2015,6,-3.64196300506592,-1.98499751091003,1.65696549415588
Fringilla montifringilla,2015,23,-2.54210829734802,-0.840594291687012,1.70151400566101
Galerida cristata,2015,1619,6.56866264343262,7.7430477142334,1.17438507080078
Gallicrex cinerea,2015,1658,13.8156538009644,14.6381874084473,0.82253360748291
Garrulax canorus,2015,757,17.0413055419922,17.7510032653809,0.709697723388672
Garrulax maesi,2015,302,17.0664443969727,17.83274269104,0.766298294067383
Garrulax monileger,2015,463,19.1697063446045,19.9391746520996,0.769468307495117
Gavia arctica,2015,163,2.2326762676239,3.92993378639221,1.69725751876831
Gelochelidon nilotica,2015,554,7.68231201171875,9.03254699707031,1.35023498535156
Geokichla citrina,2015,505,17.6489105224609,18.3949108123779,0.746000289916992
Glaucidium cuculoides,2015,1012,16.7492389678955,17.4556560516357,0.706417083740234
Gorsachius melanolophus,2015,105,21.6351413726807,22.5459079742432,0.9107666015625
Gracupica nigricollis,2015,510,17.9595203399658,18.7545928955078,0.795072555541992
Grandala coelicolor,2015,621,0.189435198903084,0.704660296440125,0.515225097537041
Grus japonensis,2015,76,2.61315250396729,3.80896782875061,1.19581532478333
Grus monacha,2015,21,-0.20156466960907,1.10118627548218,1.30275094509125
Grus nigricollis,2015,407,-2.81143999099731,-2.19028449058533,0.621155500411987
Gypaetus barbatus,2015,1655,0.90612781047821,1.7854882478714,0.879360437393189
Gyps himalayensis,2015,1392,1.23260295391083,2.03280806541443,0.800205111503601
Halcyon coromanda,2015,131,9.25574684143066,10.196310043335,0.940563201904297
Halcyon pileata,2015,1245,13.7531538009644,14.5776195526123,0.824465751647949
Halcyon smyrnensis,2015,182,21.6887283325195,22.5130844116211,0.824356079101563
Haliaeetus leucoryphus,2015,34,14.0554161071777,14.2668256759644,0.211409568786621
Harpactes wardi,2015,78,8.85727214813232,9.3220739364624,0.464801788330078
Helopsaltes certhiola,2015,1617,4.47727870941162,5.81486511230469,1.33758640289307
Helopsaltes pryeri,2015,166,6.73794746398926,7.81706523895264,1.07911777496338
Hemiprocne coronata,2015,103,16.7578430175781,17.3195610046387,0.561717987060547
Hemitesia pallidipes,2015,155,16.8176536560059,17.5353622436523,0.717708587646484
Hemixos castanonotus,2015,373,19.1924209594727,19.9865074157715,0.794086456298828
Heterophasia desgodinsi,2015,283,15.513069152832,16.2755222320557,0.762453079223633
Heteroxenicus stellatus,2015,104,10.5467109680176,11.118314743042,0.571603775024414
Hieraaetus pennatus,2015,137,-1.33781504631042,0.231928646564484,1.56974369287491
Hierococcyx nisicolor,2015,639,17.0438480377197,17.8050327301025,0.761184692382813
Hirundapus caudacutus,2015,1023,3.56975531578064,4.52482128143311,0.955065965652466
Hirundo rustica,2015,4116,6.53853988647461,7.52854013442993,0.990000247955322
Histrionicus histrionicus,2015,83,2.51139283180237,3.69561052322388,1.18421769142151
Hydrocoloeus minutus,2015,48,8.87618541717529,10.6016521453857,1.72546672821045
Hydrophasianus chirurgus,2015,865,17.0730152130127,17.8040657043457,0.731050491333008
Hydroprogne caspia,2015,298,13.7203493118286,14.8009080886841,1.08055877685547
Hypothymis azurea,2015,513,17.3541965484619,18.143627166748,0.789430618286133
Hypsipetes leucocephalus,2015,1126,15.1517972946167,15.8399381637573,0.688140869140625
Ianthocincla lunulata,2015,135,10.4669580459595,11.2003688812256,0.733410835266113
Ibidorhyncha struthersii,2015,1706,2.63580417633057,3.4151017665863,0.779297590255737
Ictinaetus malaiensis,2015,101,17.802188873291,18.540153503418,0.737964630126953
Iduna caligata,2015,61,2.13780975341797,3.80176067352295,1.66395092010498
Indicator xanthonotus,2015,48,12.2993488311768,12.6748180389404,0.375469207763672
Ixobrychus cinnamomeus,2015,1390,15.337140083313,16.1275196075439,0.790379524230957
Ixobrychus eurhythmus,2015,1430,9.70042896270752,10.6627149581909,0.962285995483398
Ixobrychus minutus,2015,183,3.59522795677185,5.29039001464844,1.69516205787659
Ixos mcclellandii,2015,697,17.6051921844482,18.3511829376221,0.745990753173828
Ketupa flavipes,2015,920,17.0898551940918,17.7928047180176,0.702949523925781
Lalage melaschistos,2015,1331,14.7237720489502,15.4639196395874,0.740147590637207
Lanius borealis,2015,248,1.18080830574036,2.78339219093323,1.60258388519287
Lanius collurioides,2015,302,18.6856880187988,19.4978618621826,0.812173843383789
Lanius isabellinus,2015,1437,4.29488563537598,5.49669551849365,1.20180988311768
Lanius schach,2015,1339,14.2475595474243,14.9461832046509,0.698623657226563
Lanius sphenocercus,2015,817,3.8520245552063,5.04328012466431,1.19125556945801
Lanius tephronotus,2015,638,4.51975870132446,5.14871549606323,0.62895679473877
Larus crassirostris,2015,78,15.5089054107666,16.3980331420898,0.889127731323242
Larvivora brunnea,2015,325,6.83418989181519,7.49007749557495,0.655887603759766
Larvivora cyane,2015,504,1.02699601650238,2.24294328689575,1.21594727039337
Leptopoecile elegans,2015,464,1.16251695156097,1.78311538696289,0.620598435401917
Leptoptilos javanicus,2015,193,17.0435619354248,17.8761978149414,0.832635879516602
Limnodromus semipalmatus,2015,293,0.636016726493835,1.92103433609009,1.28501760959625
Limosa limosa,2015,390,1.07777690887451,2.55274367332459,1.47496676445007
Linaria cannabina,2015,164,3.81024098396301,5.56416702270508,1.75392603874207
Locustella davidi,2015,377,1.02113199234009,2.22891306877136,1.20778107643127
Locustella mandelli,2015,546,16.9194431304932,17.6955509185791,0.776107788085938
Lonchura striata,2015,766,18.0601272583008,18.773250579834,0.713123321533203
Lophotriorchis kienerii,2015,55,21.8129367828369,22.4759826660156,0.663045883178711
Lophura leucomelanos,2015,150,10.5427417755127,11.019567489624,0.476825714111328
Lophura nycthemera,2015,260,18.5232791900635,19.3351955413818,0.811916351318359
Loxia curvirostra,2015,1375,1.54966580867767,2.5565288066864,1.00686299800873
Macropygia unchall,2015,594,16.1906127929688,16.9383106231689,0.747697830200195
Mareca falcata,2015,366,-0.290807813405991,0.95329487323761,1.2441026866436
Megaceryle lugubris,2015,1428,15.1732769012451,15.9447584152222,0.771481513977051
Melanitta fusca,2015,7,0.868973076343536,2.48066449165344,1.61169141530991
Melanitta stejnegeri,2015,45,-4.25272130966187,-2.9106879234314,1.34203338623047
Melanochlora sultanea,2015,155,18.2084312438965,18.8983726501465,0.68994140625
Mergus serrator,2015,251,1.3321053981781,2.50636672973633,1.17426133155823
Merops philippinus,2015,293,18.3080310821533,19.152551651001,0.844520568847656
Mixornis gularis,2015,159,16.6837577819824,17.4789619445801,0.795204162597656
Monticola gularis,2015,646,2.43376898765564,3.65440058708191,1.22063159942627
Monticola rufiventris,2015,869,15.3018579483032,16.0015068054199,0.699648857116699
Monticola solitarius,2015,2043,10.853741645813,11.6855592727661,0.831817626953125
Motacilla citreola,2015,2159,2.20297122001648,3.19045853614807,0.987487316131592
Moupinia poecilotis,2015,145,6.02350807189941,6.73567914962769,0.712171077728272
Muscicapa dauurica,2015,671,1.70671880245209,2.95786595344543,1.25114715099335
Muscicapa ferruginea,2015,600,12.596305847168,13.3147592544556,0.718453407287598
Muscicapa muttui,2015,305,16.68186378479,17.4011325836182,0.719268798828125
Mycerobas affinis,2015,417,4.74256801605225,5.33458852767944,0.592020511627197
Mycerobas carnipes,2015,1012,2.43280649185181,3.23029708862305,0.79749059677124
Myiomela leucura,2015,672,15.003249168396,15.7270812988281,0.723832130432129
Myophonus caeruleus,2015,1550,12.4764938354492,13.2356662750244,0.759172439575195
Netta rufina,2015,395,4.57272863388062,6.27884769439697,1.70611906051636
Niltava davidi,2015,684,16.3860206604004,17.1518802642822,0.765859603881836
Niltava grandis,2015,139,15.5507926940918,16.16916847229,0.618375778198242
Niltava macgrigoriae,2015,278,17.1179103851318,17.8662204742432,0.748310089111328
Niltava sundara,2015,761,11.4049816131592,12.0732955932617,0.668313980102539
Ninox japonica,2015,1327,11.1691026687622,12.091212272644,0.922109603881836
Nipponia nippon,2015,3,13.224778175354,13.8462200164795,0.621441841125488
Nisaetus nipalensis,2015,501,16.0050029754639,16.7642440795898,0.759241104125977
Numenius madagascariensis,2015,197,0.840074002742767,2.03093934059143,1.19086533784866
Nycticorax nycticorax,2015,1539,14.4904012680054,15.3070411682129,0.81663990020752
Oenanthe deserti,2015,1737,2.79329204559326,3.91828894615173,1.12499690055847
Oenanthe oenanthe,2015,1019,4.16478967666626,5.56971263885498,1.40492296218872
Onychoprion anaethetus,2015,31,20.9556827545166,21.9458675384521,0.990184783935547
Oriolus oriolus,2015,192,3.03185987472534,4.81191062927246,1.78005075454712
Otus lettia,2015,878,17.5054512023926,18.2186012268066,0.713150024414063
Otus semitorques,2015,542,7.6100811958313,8.68778133392334,1.07770013809204
Otus spilocephalus,2015,561,16.5144157409668,17.2624015808105,0.74798583984375
Oxyura leucocephala,2015,149,5.72699737548828,7.44673109054565,1.71973371505737
Panurus biarmicus,2015,1831,4.12009954452515,5.41895246505737,1.29885292053223
Paradoxornis guttaticollis,2015,448,16.6616554260254,17.4474277496338,0.785772323608398
Paradoxornis heudei,2015,323,12.1314287185669,13.0406723022461,0.909243583679199
Parayuhina diademata,2015,471,13.0819683074951,13.838550567627,0.756582260131836
Pardaliparus venustulus,2015,704,13.5442533493042,14.3303899765015,0.786136627197266
Parus monticolus,2015,628,12.7628221511841,13.5004787445068,0.737656593322754
Passer cinnamomeus,2015,1562,12.8010911941528,13.5530567169189,0.751965522766113
Passer domesticus,2015,750,0.82120680809021,2.21988773345947,1.39868092536926
Passer hispaniolensis,2015,153,4.25698804855347,6.04925346374512,1.79226541519165
Pelecanus crispus,2015,151,0.737479865550995,1.93149173259735,1.19401186704636
Pellorneum tickelli,2015,96,18.7574138641357,19.5381507873535,0.780736923217773
Perdix hodgsoniae,2015,460,-1.68631982803345,-1.18508625030518,0.501233577728272
Pericrocotus cantonensis,2015,816,16.4538898468018,17.1566619873047,0.70277214050293
Pericrocotus divaricatus,2015,132,2.67148590087891,3.85158777236939,1.18010187149048
Pericrocotus ethologus,2015,1120,10.0661602020264,10.8066692352295,0.740509033203125
Pericrocotus solaris,2015,630,17.9055347442627,18.6685047149658,0.762969970703125
Periparus rubidiventris,2015,406,1.0057018995285,1.55154204368591,0.54584014415741
Pernis ptilorhynchus,2015,832,3.53393316268921,4.62294626235962,1.08901309967041
Phasianus colchicus,2015,2329,8.38204383850098,9.39559078216553,1.01354694366455
Phoenicurus erythronotus,2015,302,4.4462628364563,6.1595139503479,1.7132511138916
Phoenicurus frontalis,2015,923,4.79591703414917,5.41636848449707,0.6204514503479
Phoenicurus leucocephalus,2015,1426,7.7376446723938,8.39744758605957,0.659802913665772
Phoenicurus ochruros,2015,2263,3.26384401321411,4.27597713470459,1.01213312149048
Phoenicurus schisticeps,2015,406,3.07463383674622,3.67471480369568,0.600080966949463
Phylloscopus affinis,2015,666,5.29091310501099,5.89151573181152,0.600602626800537
Phylloscopus burkii,2015,33,2.90200233459473,3.26045942306519,0.358457088470459
Phylloscopus cantator,2015,105,15.6603422164917,16.2235088348389,0.563166618347168
Phylloscopus castaniceps,2015,632,16.0546073913574,16.751880645752,0.697273254394531
Phylloscopus claudiae,2015,522,9.88924694061279,10.7126188278198,0.823371887207031
Phylloscopus coronatus,2015,414,6.72929191589356,7.70205736160278,0.972765445709229
Phylloscopus emeiensis,2015,22,12.370792388916,13.1863632202148,0.815570831298828
Phylloscopus intermedius,2015,134,14.0922756195068,14.64391040802,0.551634788513184
Phylloscopus magnirostris,2015,214,6.5604043006897,7.1685676574707,0.608163356781006
Phylloscopus ogilviegranti,2015,381,17.7375507354736,18.5530853271484,0.815534591674805
Phylloscopus omeiensis,2015,138,10.2660341262817,10.9666996002197,0.700665473937988
Phylloscopus pulcher,2015,413,7.9857611656189,8.64952373504639,0.66376256942749
Phylloscopus ricketti,2015,676,15.3157758712769,16.0146331787109,0.698857307434082
Phylloscopus soror,2015,245,13.625864982605,14.3240432739258,0.698178291320801
Phylloscopus subaffinis,2015,1013,11.5190992355347,12.1823692321777,0.663269996643066
Phylloscopus tenellipes,2015,259,4.56703424453735,5.71657228469849,1.14953804016113
Phylloscopus tephrocephalus,2015,281,12.0046453475952,12.695122718811,0.69047737121582
Phylloscopus yunnanensis,2015,215,8.02978324890137,8.90595626831055,0.87617301940918
Picumnus innominatus,2015,1093,15.3501920700073,16.0420742034912,0.691882133483887
Picus chlorolophus,2015,236,18.3902645111084,19.0947971343994,0.704532623291016
Pitta nympha,2015,314,17.3351917266846,18.0407009124756,0.705509185791016
Platalea minor,2015,6,9.52713203430176,10.5703496932983,1.04321765899658
Pnoepyga immaculata,2015,5,5.88570213317871,6.49775075912476,0.612048625946045
Podiceps auritus,2015,229,0.136366680264473,1.79526054859161,1.65889386832714
Podiceps grisegena,2015,136,1.74304449558258,3.05632591247559,1.31328141689301
Podiceps nigricollis,2015,481,3.37681865692139,4.73268127441406,1.35586261749268
Podoces biddulphi,2015,276,11.4326000213623,12.8869981765747,1.4543981552124
Pomatorhinus schisticeps,2015,30,17.0419483184814,17.3027839660645,0.260835647583008
Pomatorhinus superciliaris,2015,107,15.5741310119629,16.0991191864014,0.524988174438477
Prinia atrogularis,2015,41,13.7463512420654,14.0723915100098,0.326040267944336
Prinia flaviventris,2015,82,19.0294494628906,19.7987155914307,0.769266128540039
Prinia inornata,2015,815,17.7829418182373,18.4868965148926,0.703954696655273
Prunella collaris,2015,2078,0.881721675395966,1.83200621604919,0.950284540653229
Prunella himalayana,2015,208,-0.780707001686096,0.93769109249115,1.71839809417725
Prunella immaculata,2015,328,2.3754723072052,2.97699999809265,0.601527690887451
Prunella montanella,2015,35,-4.01745891571045,-2.53071045875549,1.48674845695496
Prunella strophiata,2015,581,4.8185076713562,5.44813203811646,0.629624366760254
Psarisomus dalhousiae,2015,108,17.168399810791,17.8426475524902,0.674247741699219
Pseudopodoces humilis,2015,999,-2.24323654174805,-1.62037396430969,0.622862577438355
Psilopogon faber,2015,43,19.2454166412354,19.907787322998,0.662370681762695
Psilopogon virens,2015,727,16.4328498840332,17.1763000488281,0.743450164794922
Pterorhinus berthemyi,2015,335,15.9220361709595,16.5901336669922,0.668097496032715
Pterorhinus lanceolatus,2015,830,14.0311040878296,14.7607870101929,0.729682922363281
Pterorhinus pectoralis,2015,584,16.4923286437988,17.1732559204102,0.680927276611328
Pterorhinus sannio,2015,723,16.5131092071533,17.2381820678711,0.725072860717773
Pteruthius rufiventer,2015,90,13.7090368270874,14.2029647827148,0.493927955627441
Pteruthius xanthochlorus,2015,307,10.3232049942017,10.9715757369995,0.648370742797852
Ptyonoprogne rupestris,2015,1954,5.37436962127686,6.41549396514893,1.04112434387207
Pycnonotus aurigaster,2015,572,17.6714363098145,18.4458293914795,0.774393081665039
Pycnonotus jocosus,2015,415,18.2223873138428,19.0090751647949,0.786687850952148
Pycnonotus sinensis,2015,1342,15.0544948577881,15.8505792617798,0.796084403991699
Pycnonotus xanthorrhous,2015,700,14.8906507492065,15.6417446136475,0.751093864440918
Pyrrhula erythaca,2015,897,8.99915409088135,9.69476985931396,0.695615768432617
Pyrrhula nipalensis,2015,747,14.819185256958,15.5546579360962,0.735472679138184
Rallina eurizonoides,2015,152,20.1719455718994,20.9756336212158,0.803688049316406
Rallus aquaticus,2015,1224,2.42764139175415,3.475830078125,1.04818868637085
Recurvirostra avosetta,2015,698,1.33939504623413,2.76496171951294,1.42556667327881
Regulus regulus,2015,930,7.1307168006897,7.91515588760376,0.784439086914063
Remiz consobrinus,2015,558,3.35002541542053,4.53900861740112,1.18898320198059
Remiz coronatus,2015,191,2.46915340423584,4.08526754379272,1.61611413955688
Rhodospiza obsoleta,2015,720,5.24223470687866,6.46143341064453,1.21919870376587
Riparia riparia,2015,784,2.64866471290588,3.94475531578064,1.29609060287476
Rubigula flaviventris,2015,174,18.7557125091553,19.5613861083984,0.805673599243164
Sasia ochracea,2015,132,19.0419464111328,19.7554588317871,0.713512420654297
Saxicola ferreus,2015,1085,14.6986656188965,15.3812646865845,0.682599067687988
Sitta cinnamoventris,2015,123,17.082124710083,17.837574005127,0.755449295043945
Sitta formosa,2015,141,15.951807975769,16.5988540649414,0.647046089172363
Sitta villosa,2015,798,6.09239196777344,7.05279874801636,0.96040678024292
Sittiparus varius,2015,82,5.76430416107178,6.8459038734436,1.08159971237183
Spilopelia chinensis,2015,1413,14.8436107635498,15.603494644165,0.759883880615234
Spilopelia senegalensis,2015,168,3.82531929016113,5.56115198135376,1.73583269119263
Spilornis cheela,2015,652,17.436824798584,18.199800491333,0.762975692749023
Spinus spinus,2015,295,-0.596706986427307,0.628640055656433,1.22534704208374
Spizixos semitorques,2015,944,16.026798248291,16.7340145111084,0.707216262817383
Spodiopsar cineraceus,2015,1439,4.32776212692261,5.44841527938843,1.12065315246582
Spodiopsar sericeus,2015,692,17.4629497528076,18.1614952087402,0.698545455932617
Stachyris humei,2015,39,13.5445995330811,13.831545829773,0.286946296691895
Staphida torqueola,2015,740,17.3425159454346,18.0741291046143,0.731613159179688
Streptopelia decaocto,2015,1819,7.51734828948975,8.65221786499023,1.13486957550049
Sturnia sinensis,2015,305,19.1309833526611,19.8925724029541,0.761589050292969
Sturnus vulgaris,2015,253,4.91895532608032,6.5940113067627,1.67505598068237
Suthora fulvifrons,2015,136,9.14953327178955,9.75959587097168,0.610062599182129
Syrmaticus humiae,2015,108,16.9307231903076,17.7569808959961,0.826257705688477
Syrmaticus reevesii,2015,256,14.2624092102051,14.9377460479736,0.675336837768555
Syrrhaptes paradoxus,2015,1270,4.20923328399658,5.61249971389771,1.40326642990112
Tarsiger chrysaeus,2015,217,7.12873888015747,7.71430969238281,0.585570812225342
Tarsiger indicus,2015,276,9.35574531555176,10.0329475402832,0.677202224731445
Temnurus temnurus,2015,38,23.8245315551758,24.7476425170898,0.923110961914062
Tephrodornis virgatus,2015,421,19.5108184814453,20.2845516204834,0.773733139038086
Thalasseus bergii,2015,240,22.2157859802246,23.0972003936768,0.881414413452148
Timalia pileata,2015,263,19.225227355957,19.9561786651611,0.730951309204102
Tragopan caboti,2015,186,18.5082702636719,19.291296005249,0.783025741577148
Tragopan temminckii,2015,529,12.6361389160156,13.3132085800171,0.677069664001465
Treron curvirostra,2015,162,18.7455444335938,19.4940509796143,0.748506546020508
Treron sieboldii,2015,645,17.8530445098877,18.5504417419434,0.697397232055664
Treron sphenurus,2015,294,14.4787168502808,15.2357301712036,0.757013320922852
Turdus boulboul,2015,220,17.376407623291,18.1274013519287,0.750993728637695
Turdus cardis,2015,169,15.0351343154907,15.6451663970947,0.610032081604004
Turdus feae,2015,117,7.37936782836914,8.41012191772461,1.03075408935547
Turdus mandarinus,2015,1032,14.7816362380981,15.4861793518066,0.704543113708496
Turdus pilaris,2015,220,-1.74795424938202,-0.347210019826889,1.40074422955513
Turdus rubrocanus,2015,541,5.81288194656372,6.41866397857666,0.60578203201294
Turdus ruficollis,2015,159,2.9576096534729,4.76060390472412,1.80299425125122
Turdus viscivorus,2015,422,4.64524841308594,6.324134349823,1.67888593673706
Turnix suscitator,2015,455,17.9373970031738,18.7371025085449,0.799705505371094
Tyto longimembris,2015,685,17.7860012054443,18.5751438140869,0.789142608642578
Urile pelagicus,2015,10,10.4286890029907,11.5698642730713,1.14117527008057
Urosphena squameiceps,2015,112,3.62927651405334,4.77006340026856,1.14078688621521
Vanellus cinereus,2015,279,3.7433602809906,4.91840028762817,1.17504000663757
Vanellus indicus,2015,87,17.6243762969971,18.3296585083008,0.705282211303711
Vanellus vanellus,2015,1111,2.88630080223084,4.24211502075195,1.35581421852112
Yuhina nigrimenta,2015,669,15.0526151657105,15.7886972427368,0.736082077026367
Zoothera dixoni,2015,349,11.1787948608398,11.9141635894775,0.735368728637695
Zoothera mollissima,2015,155,2.83340001106262,3.38674998283386,0.55334997177124
Zoothera monticola,2015,41,12.9189081192017,13.1565551757813,0.23764705657959
Zosterops erythropleurus,2015,328,4.62363433837891,5.79450082778931,1.1708664894104
Abroscopus albogularis,2016,562,17.4008522033691,18.1396656036377,0.738813400268555
Accipiter gularis,2016,697,2.65403866767883,3.05648589134216,0.40244722366333
Accipiter soloensis,2016,942,14.6539878845215,15.4074602127075,0.753472328186035
Accipiter trivirgatus,2016,174,20.6737785339356,21.3606376647949,0.686859130859375
Accipiter virgatus,2016,846,15.1853485107422,15.9208650588989,0.735516548156738
Acridotheres cristatellus,2016,1081,16.3418083190918,17.1550426483154,0.813234329223633
Acridotheres tristis,2016,284,13.0754556655884,13.9858083724976,0.91035270690918
Acrocephalus agricola,2016,581,6.84485864639282,8.12619209289551,1.28133344650269
Acrocephalus bistrigiceps,2016,1280,6.68613195419312,7.35661268234253,0.670480728149414
Acrocephalus concinens,2016,766,13.3816928863525,14.3827877044678,1.00109481811523
Acrocephalus orientalis,2016,1446,7.09092283248901,7.78914976119995,0.698226928710938
Acrocephalus tangorum,2016,171,4.11876344680786,4.49393939971924,0.375175952911377
Aegithalos bonvaloti,2016,106,7.6470046043396,8.3348560333252,0.687851428985596
Aegithalos caudatus,2016,754,2.25801730155945,2.68560242652893,0.427585124969482
Aegithalos concinnus,2016,953,15.9409122467041,16.7737655639648,0.832853317260742
Aegithalos fuliginosus,2016,138,9.91040992736816,10.759744644165,0.849334716796875
Aerodramus brevirostris,2016,603,13.6866846084595,14.4106664657593,0.723981857299805
Aethopyga christinae,2016,23,24.3484706878662,24.871301651001,0.522830963134766
Aethopyga gouldiae,2016,956,11.0757522583008,11.8718376159668,0.796085357666016
Agropsar sturninus,2016,1131,4.8556547164917,5.51749086380005,0.66183614730835
Aix galericulata,2016,422,3.75636386871338,4.10470962524414,0.348345756530762
Alauda gulgula,2016,1994,9.42479801177979,10.3145713806152,0.889773368835449
Alaudala cheleensis,2016,2390,5.02381753921509,6.03415775299072,1.01034021377563
Alcedo hercules,2016,141,19.7236499786377,20.4070835113525,0.683433532714844
Alcippe morrisonia,2016,975,16.4001846313477,17.1927165985107,0.792531967163086
Amaurornis phoenicurus,2016,1130,16.0147972106934,16.828296661377,0.813499450683594
Anastomus oscitans,2016,315,16.1227264404297,16.7796058654785,0.656879425048828
Anser anser,2016,936,2.59998202323914,3.32238817214966,0.722406148910523
Anser fabalis,2016,359,-0.232263207435608,-0.10901852697134,0.123244680464268
Anser indicus,2016,441,0.791138470172882,2.06927824020386,1.27813977003098
Anthus godlewskii,2016,157,1.22606432437897,1.79429078102112,0.568226456642151
Anthus gustavi,2016,66,2.94458818435669,3.14555549621582,0.200967311859131
Anthus richardi,2016,2788,8.37556171417236,9.22425937652588,0.848697662353516
Anthus roseatus,2016,1911,3.55629634857178,4.57441282272339,1.01811647415161
Anthus trivialis,2016,126,1.94549369812012,3.28750967979431,1.34201598167419
Aquila fasciata,2016,300,19.3407211303711,20.1736965179443,0.832975387573242
Aquila heliaca,2016,183,0.794729292392731,1.66516852378845,0.870439231395721
Ardea intermedia,2016,806,16.9554290771484,17.752290725708,0.79686164855957
Ardea purpurea,2016,1542,13.773362159729,14.5871143341064,0.813752174377441
Ardenna pacifica,2016,90,21.6581630706787,22.5190448760986,0.860881805419922
Artamus fuscus,2016,275,20.3747119903564,21.0320110321045,0.657299041748047
Asio flammeus,2016,498,0.647581040859222,1.26195800304413,0.614376962184906
Athene noctua,2016,3280,3.76510715484619,4.74138402938843,0.976276874542236
Aviceda jerdoni,2016,64,20.8588600158691,21.4706439971924,0.611783981323242
Aviceda leuphotes,2016,784,15.98646068573,16.704719543457,0.718258857727051
Aythya fuligula,2016,613,0.912497222423553,1.21985471248627,0.307357490062714
Aythya nyroca,2016,348,3.64787364006043,4.83444023132324,1.18656659126282
Bombycilla japonica,2016,93,-2.70986938476563,-2.74812340736389,-0.0382540225982666
Branta canadensis,2016,19,7.6150541305542,8.61685371398926,1.00179958343506
Bubo nipalensis,2016,362,11.4124135971069,12.1171941757202,0.704780578613281
Bucanetes mongolicus,2016,731,5.15714693069458,6.32282447814941,1.16567754745483
Butastur indicus,2016,481,4.17492294311523,4.60106134414673,0.426138401031494
Cacomantis merulinus,2016,411,19.2106418609619,19.9039249420166,0.693283081054688
Calandrella brachydactyla,2016,400,5.59619903564453,6.84136819839478,1.24516916275024
Calliope obscura,2016,74,8.60147857666016,9.56150245666504,0.960023880004883
Caprimulgus macrurus,2016,78,21.0046348571777,21.61692237854,0.612287521362305
Carpodacus roborowskii,2016,101,-4.03297138214111,-3.1291356086731,0.903835773468018
Carpodacus vinaceus,2016,535,13.1980676651001,13.9808149337769,0.782747268676758
Cecropis daurica,2016,2623,9.16229629516602,9.9489278793335,0.786631584167481
Centropus bengalensis,2016,607,18.6197357177734,19.4205360412598,0.800800323486328
Cephalopyrus flammiceps,2016,98,11.278489112854,11.9987392425537,0.720250129699707
Certhia familiaris,2016,1518,4.10910701751709,4.88460493087769,0.775497913360596
Certhia himalayana,2016,210,9.42436599731445,10.1936798095703,0.769313812255859
Certhia tianquanensis,2016,46,8.03892517089844,8.73335552215576,0.694430351257324
Ceryle rudis,2016,762,17.6190166473389,18.4030799865723,0.784063339233398
Cettia brunnifrons,2016,409,9.04499340057373,9.79000091552734,0.745007514953613
Cettia castaneocoronata,2016,502,12.0057926177979,12.7040023803711,0.698209762573242
Chalcophaps indica,2016,288,20.4205284118652,21.1196117401123,0.69908332824707
Charadrius atrifrons,2016,1360,-0.0825315490365028,1.04026103019714,1.12279257923365
Charadrius dealbatus,2016,82,22.3581027984619,23.0696182250977,0.711515426635742
Charadrius placidus,2016,860,6.81603288650513,7.47648048400879,0.660447597503662
Charadrius veredus,2016,147,1.37415206432343,1.98441886901855,0.610266804695129
Chlidonias leucopterus,2016,1115,3.61852622032166,4.24605131149292,0.627525091171265
Chlidonias niger,2016,65,2.81934809684753,4.11524248123169,1.29589438438416
Chloris ambigua,2016,297,13.6298961639404,14.3221235275269,0.692227363586426
Chloris sinica,2016,2177,10.1043548583984,10.8798160552979,0.775461196899414
Chrysolophus pictus,2016,410,12.3430995941162,13.0941925048828,0.751092910766602
Ciconia boyciana,2016,141,3.75946140289307,4.0439772605896,0.284515857696533
Ciconia nigra,2016,2186,5.71650981903076,6.61397790908814,0.897468090057373
Circaetus gallicus,2016,228,6.13989019393921,7.24345636367798,1.10356616973877
Circus macrourus,2016,154,2.22476196289063,3.46772503852844,1.24296307563782
Circus spilonotus,2016,631,1.43180251121521,1.74626684188843,0.314464330673218
Cisticola exilis,2016,521,18.3237705230713,19.108211517334,0.784440994262695
Cisticola juncidis,2016,1233,15.9261827468872,16.7603321075439,0.834149360656738
Clamator coromandus,2016,1069,16.5760765075684,17.4114570617676,0.835380554199219
Clanga clanga,2016,567,1.82915771007538,2.21153473854065,0.382377028465271
Columba oenas,2016,147,1.89062237739563,3.50419211387634,1.61356973648071
Copsychus saularis,2016,1011,16.2842559814453,17.0664596557617,0.782203674316406
Coracias garrulus,2016,83,1.71752464771271,3.33797931671143,1.62045466899872
Coturnicops exquisitus,2016,412,0.116188421845436,0.280802756547928,0.164614334702492
Crex crex,2016,149,1.68861591815948,3.18885517120361,1.50023925304413
Crossoptilon mantchuricum,2016,64,7.99328136444092,9.05216503143311,1.05888366699219
Curruca curruca,2016,961,4.71596050262451,5.92703819274902,1.21107769012451
Cyanistes cyanus,2016,658,0.813704073429108,1.49530279636383,0.681598722934723
Cyanoderma pyrrhops,2016,3,11.5056676864624,12.7764539718628,1.27078628540039
Cygnus cygnus,2016,538,1.97667515277863,2.64929866790772,0.672623515129089
Cygnus olor,2016,250,2.81658434867859,3.71386051177979,0.897276163101196
Cyornis glaucicomans,2016,344,15.2155599594116,15.9494113922119,0.733851432800293
Cyornis hainanus,2016,199,21.3823966979981,22.0329780578613,0.650581359863281
Cyornis rubeculoides,2016,42,16.7205429077148,17.3484592437744,0.62791633605957
Delichon dasypus,2016,1040,7.09097099304199,7.95224761962891,0.861276626586914
Dendrocitta formosae,2016,933,17.1049575805664,17.8888244628906,0.783866882324219
Dendrocopos hyperythrus,2016,413,8.27587223052979,8.92931842803955,0.653446197509766
Dendrocygna javanica,2016,684,18.0148448944092,18.8110504150391,0.796205520629883
Dicaeum cruentatum,2016,519,18.7793598175049,19.5263404846191,0.746980667114258
Dicaeum ignipectus,2016,1035,15.6106557846069,16.3775634765625,0.766907691955566
Dicaeum minullum,2016,835,14.767373085022,15.4906511306763,0.723278045654297
Dicrurus annectens,2016,164,19.7741985321045,20.413459777832,0.639261245727539
Dicrurus hottentottus,2016,1277,14.8924055099487,15.733567237854,0.841161727905273
Dicrurus remifer,2016,201,17.4981899261475,18.1626586914063,0.664468765258789
Egretta eulophotes,2016,19,9.63973045349121,10.7599058151245,1.1201753616333
Egretta garzetta,2016,1670,12.7392654418945,13.6260576248169,0.886792182922363
Elachura formosa,2016,245,15.8722858428955,16.5686664581299,0.696380615234375
Elanus caeruleus,2016,97,20.0274238586426,20.8401527404785,0.812728881835938
Emberiza buchanani,2016,164,0.845942556858063,2.18877148628235,1.34282892942429
Emberiza citrinella,2016,45,1.24440145492554,1.99320113658905,0.748799681663513
Emberiza elegans,2016,1059,8.75524711608887,9.28728675842285,0.532039642333984
Emberiza godlewskii,2016,2040,4.47789907455444,5.32468175888062,0.846782684326172
Emberiza hortulana,2016,93,3.53125858306885,4.423668384552,0.892409801483154
Emberiza leucocephalos,2016,716,0.0190331656485796,0.675843238830566,0.656810073181987
Emberiza pallasi,2016,141,-2.66091752052307,-2.39211344718933,0.26880407333374
Emberiza pusilla,2016,208,2.53732514381409,2.82599234580994,0.28866720199585
Emberiza rustica,2016,3,-4.41251945495605,-3.8504958152771,0.562023639678955
Emberiza siemsseni,2016,79,10.0293006896973,10.9182653427124,0.888964653015137
Emberiza yessoensis,2016,46,2.82388091087341,3.03821778297424,0.21433687210083
Enicurus leschenaulti,2016,1155,14.9616861343384,15.7596807479858,0.797994613647461
Enicurus maculatus,2016,490,17.4008846282959,18.1105766296387,0.709692001342773
Enicurus schistaceus,2016,598,17.1719207763672,17.9051246643066,0.733203887939453
Erpornis zantholeuca,2016,529,17.9002780914307,18.6362895965576,0.736011505126953
Erythrogenys hypoleucos,2016,50,19.9029903411865,20.5225429534912,0.619552612304688
Eudynamys scolopaceus,2016,1083,16.3084487915039,17.1190452575684,0.810596466064453
Eumyias thalassinus,2016,737,14.3080358505249,15.0458927154541,0.737856864929199
Falco cherrug,2016,2075,2.70873928070068,3.82406735420227,1.11532807350159
Falco severus,2016,359,17.7754745483398,18.4396991729736,0.664224624633789
Ficedula albicilla,2016,89,-2.38578534126282,-2.32435846328735,0.0614268779754639
Ficedula elisae,2016,152,7.47436904907227,8.51238250732422,1.03801345825195
Ficedula erithacus,2016,610,7.43311548233032,8.20947265625,0.776357173919678
Ficedula hyperythra,2016,472,16.0033531188965,16.6799793243408,0.676626205444336
Ficedula mugimaki,2016,678,2.3159077167511,2.68057894706726,0.364671230316162
Ficedula strophiata,2016,621,13.0205202102661,13.7732744216919,0.752754211425781
Ficedula superciliaris,2016,331,5.17182588577271,5.9833869934082,0.811561107635498
Ficedula tricolor,2016,560,11.7169189453125,12.4437446594238,0.726825714111328
Fringilla coelebs,2016,6,-3.64196300506592,-3.0788152217865,0.563147783279419
Fringilla montifringilla,2016,23,-2.54210829734802,-1.89393270015717,0.648175597190857
Galerida cristata,2016,1619,6.56866264343262,7.58759784698486,1.01893520355225
Gallicrex cinerea,2016,1658,13.8156538009644,14.6538877487183,0.838233947753906
Garrulax canorus,2016,757,17.0413055419922,17.848783493042,0.807477951049805
Garrulax maesi,2016,302,17.0664443969727,17.7859649658203,0.719520568847656
Garrulax monileger,2016,463,19.1697063446045,19.9122428894043,0.742536544799805
Gavia arctica,2016,163,2.2326762676239,3.29003953933716,1.05736327171326
Gelochelidon nilotica,2016,554,7.68231201171875,8.80612182617188,1.12380981445313
Geokichla citrina,2016,505,17.6489105224609,18.4304046630859,0.781494140625
Glaucidium cuculoides,2016,1012,16.7492389678955,17.5420093536377,0.792770385742188
Gorsachius melanolophus,2016,105,21.6351413726807,22.3587379455566,0.723596572875977
Gracupica nigricollis,2016,510,17.9595203399658,18.6828746795654,0.723354339599609
Grandala coelicolor,2016,621,0.189435198903084,1.06882417201996,0.879388973116875
Grus japonensis,2016,76,2.61315250396729,2.78363585472107,0.170483350753784
Grus monacha,2016,21,-0.20156466960907,-0.341469764709473,-0.139905095100403
Grus nigricollis,2016,407,-2.81143999099731,-1.60596513748169,1.20547485351563
Gypaetus barbatus,2016,1655,0.90612781047821,2.03592371940613,1.12979590892792
Gyps himalayensis,2016,1392,1.23260295391083,2.25832295417786,1.02572000026703
Halcyon coromanda,2016,131,9.25574684143066,9.89444732666016,0.638700485229492
Halcyon pileata,2016,1245,13.7531538009644,14.6511945724487,0.898040771484375
Halcyon smyrnensis,2016,182,21.6887283325195,22.3595428466797,0.670814514160156
Haliaeetus leucoryphus,2016,34,14.0554161071777,14.6616477966309,0.606231689453125
Harpactes wardi,2016,78,8.85727214813232,9.56374835968018,0.706476211547852
Helopsaltes certhiola,2016,1617,4.47727870941162,5.36464977264404,0.887371063232422
Helopsaltes pryeri,2016,166,6.73794746398926,7.23860359191895,0.500656127929688
Hemiprocne coronata,2016,103,16.7578430175781,17.415563583374,0.657720565795898
Hemitesia pallidipes,2016,155,16.8176536560059,17.4960784912109,0.678424835205078
Hemixos castanonotus,2016,373,19.1924209594727,19.9356632232666,0.743242263793945
Heterophasia desgodinsi,2016,283,15.513069152832,16.177562713623,0.664493560791016
Heteroxenicus stellatus,2016,104,10.5467109680176,11.2515563964844,0.704845428466797
Hieraaetus pennatus,2016,137,-1.33781504631042,-0.520868062973023,0.816946983337402
Hierococcyx nisicolor,2016,639,17.0438480377197,17.7749862670898,0.731138229370117
Hirundapus caudacutus,2016,1023,3.56975531578064,4.18003702163696,0.610281705856323
Hirundo rustica,2016,4116,6.53853988647461,7.48128414154053,0.942744255065918
Histrionicus histrionicus,2016,83,2.51139283180237,2.64700245857239,0.13560962677002
Hydrocoloeus minutus,2016,48,8.87618541717529,10.1421585083008,1.26597309112549
Hydrophasianus chirurgus,2016,865,17.0730152130127,17.8571491241455,0.784133911132813
Hydroprogne caspia,2016,298,13.7203493118286,14.8173332214355,1.09698390960693
Hypothymis azurea,2016,513,17.3541965484619,18.0371799468994,0.6829833984375
Hypsipetes leucocephalus,2016,1126,15.1517972946167,15.9389381408691,0.787140846252441
Ianthocincla lunulata,2016,135,10.4669580459595,11.2766237258911,0.809665679931641
Ibidorhyncha struthersii,2016,1706,2.63580417633057,3.67654943466187,1.0407452583313
Ictinaetus malaiensis,2016,101,17.802188873291,18.7497520446777,0.947563171386719
Iduna caligata,2016,61,2.13780975341797,2.96090888977051,0.823099136352539
Indicator xanthonotus,2016,48,12.2993488311768,12.9963693618774,0.697020530700684
Ixobrychus cinnamomeus,2016,1390,15.337140083313,16.2079734802246,0.870833396911621
Ixobrychus eurhythmus,2016,1430,9.70042896270752,10.4043970108032,0.703968048095703
Ixobrychus minutus,2016,183,3.59522795677185,5.04374933242798,1.44852137565613
Ixos mcclellandii,2016,697,17.6051921844482,18.3459167480469,0.740724563598633
Ketupa flavipes,2016,920,17.0898551940918,17.9280090332031,0.838153839111328
Lalage melaschistos,2016,1331,14.7237720489502,15.5716428756714,0.847870826721191
Lanius borealis,2016,248,1.18080830574036,1.96306812763214,0.782259821891785
Lanius collurioides,2016,302,18.6856880187988,19.3456554412842,0.659967422485352
Lanius isabellinus,2016,1437,4.29488563537598,5.33257818222046,1.03769254684448
Lanius schach,2016,1339,14.2475595474243,15.0723943710327,0.824834823608398
Lanius sphenocercus,2016,817,3.8520245552063,4.43240118026733,0.580376625061035
Lanius tephronotus,2016,638,4.51975870132446,5.32635307312012,0.806594371795654
Larus crassirostris,2016,78,15.5089054107666,16.61279296875,1.1038875579834
Larvivora brunnea,2016,325,6.83418989181519,7.64013004302979,0.8059401512146
Larvivora cyane,2016,504,1.02699601650238,1.32939600944519,0.30239999294281
Leptopoecile elegans,2016,464,1.16251695156097,2.02374720573425,0.861230254173279
Leptoptilos javanicus,2016,193,17.0435619354248,17.7169799804688,0.673418045043945
Limnodromus semipalmatus,2016,293,0.636016726493835,0.889178812503815,0.253162086009979
Limosa limosa,2016,390,1.07777690887451,1.65966486930847,0.58188796043396
Linaria cannabina,2016,164,3.81024098396301,4.99349021911621,1.1832492351532
Locustella davidi,2016,377,1.02113199234009,1.2768349647522,0.255702972412109
Locustella mandelli,2016,546,16.9194431304932,17.6625843048096,0.743141174316406
Lonchura striata,2016,766,18.0601272583008,18.8520336151123,0.791906356811523
Lophotriorchis kienerii,2016,55,21.8129367828369,22.3661861419678,0.553249359130859
Lophura leucomelanos,2016,150,10.5427417755127,11.2771015167236,0.734359741210938
Lophura nycthemera,2016,260,18.5232791900635,19.199047088623,0.67576789855957
Loxia curvirostra,2016,1375,1.54966580867767,2.22704410552979,0.677378296852112
Macropygia unchall,2016,594,16.1906127929688,16.9140472412109,0.723434448242188
Mareca falcata,2016,366,-0.290807813405991,-0.148951917886734,0.141855895519257
Megaceryle lugubris,2016,1428,15.1732769012451,16.0392990112305,0.866022109985352
Melanitta fusca,2016,7,0.868973076343536,1.39917302131653,0.530199944972992
Melanitta stejnegeri,2016,45,-4.25272130966187,-4.20455074310303,0.0481705665588379
Melanochlora sultanea,2016,155,18.2084312438965,18.90553855896,0.697107315063477
Mergus serrator,2016,251,1.3321053981781,1.51285123825073,0.180745840072632
Merops philippinus,2016,293,18.3080310821533,18.9741477966309,0.666116714477539
Mixornis gularis,2016,159,16.6837577819824,17.3741397857666,0.69038200378418
Monticola gularis,2016,646,2.43376898765564,2.80290651321411,0.369137525558472
Monticola rufiventris,2016,869,15.3018579483032,16.0824241638184,0.780566215515137
Monticola solitarius,2016,2043,10.853741645813,11.6584339141846,0.804692268371582
Motacilla citreola,2016,2159,2.20297122001648,3.25672006607056,1.05374884605408
Moupinia poecilotis,2016,145,6.02350807189941,6.78962135314941,0.76611328125
Muscicapa dauurica,2016,671,1.70671880245209,2.03051471710205,0.323795914649963
Muscicapa ferruginea,2016,600,12.596305847168,13.3494710922241,0.753165245056152
Muscicapa muttui,2016,305,16.68186378479,17.3626327514648,0.680768966674805
Mycerobas affinis,2016,417,4.74256801605225,5.54373931884766,0.80117130279541
Mycerobas carnipes,2016,1012,2.43280649185181,3.42211580276489,0.989309310913086
Myiomela leucura,2016,672,15.003249168396,15.7258062362671,0.722557067871094
Myophonus caeruleus,2016,1550,12.4764938354492,13.3701210021973,0.893627166748047
Netta rufina,2016,395,4.57272863388062,5.85180330276489,1.27907466888428
Niltava davidi,2016,684,16.3860206604004,17.1119041442871,0.725883483886719
Niltava grandis,2016,139,15.5507926940918,16.2382907867432,0.687498092651367
Niltava macgrigoriae,2016,278,17.1179103851318,17.7745838165283,0.656673431396484
Niltava sundara,2016,761,11.4049816131592,12.1685943603516,0.763612747192383
Ninox japonica,2016,1327,11.1691026687622,11.9781503677368,0.809047698974609
Nipponia nippon,2016,3,13.224778175354,14.0610027313232,0.836224555969238
Nisaetus nipalensis,2016,501,16.0050029754639,16.7712497711182,0.766246795654297
Numenius madagascariensis,2016,197,0.840074002742767,0.973470270633698,0.13339626789093
Nycticorax nycticorax,2016,1539,14.4904012680054,15.3241996765137,0.833798408508301
Oenanthe deserti,2016,1737,2.79329204559326,4.00511884689331,1.21182680130005
Oenanthe oenanthe,2016,1019,4.16478967666626,5.15491342544556,0.990123748779297
Onychoprion anaethetus,2016,31,20.9556827545166,22.1253509521484,1.16966819763184
Oriolus oriolus,2016,192,3.03185987472534,4.27297830581665,1.24111843109131
Otus lettia,2016,878,17.5054512023926,18.292163848877,0.786712646484375
Otus semitorques,2016,542,7.6100811958313,8.41198062896729,0.801899433135986
Otus spilocephalus,2016,561,16.5144157409668,17.2749099731445,0.760494232177734
Oxyura leucocephala,2016,149,5.72699737548828,7.29603242874146,1.56903505325317
Panurus biarmicus,2016,1831,4.12009954452515,5.15994358062744,1.03984403610229
Paradoxornis guttaticollis,2016,448,16.6616554260254,17.420862197876,0.759206771850586
Paradoxornis heudei,2016,323,12.1314287185669,13.0619897842407,0.930561065673828
Parayuhina diademata,2016,471,13.0819683074951,13.8248538970947,0.742885589599609
Pardaliparus venustulus,2016,704,13.5442533493042,14.4369449615479,0.892691612243652
Parus monticolus,2016,628,12.7628221511841,13.5535831451416,0.79076099395752
Passer cinnamomeus,2016,1562,12.8010911941528,13.6996831893921,0.898591995239258
Passer domesticus,2016,750,0.82120680809021,1.6653413772583,0.844134569168091
Passer hispaniolensis,2016,153,4.25698804855347,5.68018674850464,1.42319869995117
Pelecanus crispus,2016,151,0.737479865550995,1.80866289138794,1.07118302583694
Pellorneum tickelli,2016,96,18.7574138641357,19.4281826019287,0.670768737792969
Perdix hodgsoniae,2016,460,-1.68631982803345,-0.696908175945282,0.989411652088165
Pericrocotus cantonensis,2016,816,16.4538898468018,17.2672996520996,0.813409805297852
Pericrocotus divaricatus,2016,132,2.67148590087891,2.9859561920166,0.314470291137695
Pericrocotus ethologus,2016,1120,10.0661602020264,10.9178409576416,0.851680755615234
Pericrocotus solaris,2016,630,17.9055347442627,18.6369819641113,0.731447219848633
Periparus rubidiventris,2016,406,1.0057018995285,1.8472386598587,0.8415367603302
Pernis ptilorhynchus,2016,832,3.53393316268921,3.95381140708923,0.419878244400024
Phasianus colchicus,2016,2329,8.38204383850098,9.1275520324707,0.745508193969727
Phoenicurus erythronotus,2016,302,4.4462628364563,5.83894491195679,1.39268207550049
Phoenicurus frontalis,2016,923,4.79591703414917,5.66087484359741,0.864957809448242
Phoenicurus leucocephalus,2016,1426,7.7376446723938,8.61385822296143,0.876213550567627
Phoenicurus ochruros,2016,2263,3.26384401321411,4.40675258636475,1.14290857315063
Phoenicurus schisticeps,2016,406,3.07463383674622,3.92271661758423,0.848082780838013
Phylloscopus affinis,2016,666,5.29091310501099,6.13813161849976,0.84721851348877
Phylloscopus burkii,2016,33,2.90200233459473,3.74096512794495,0.83896279335022
Phylloscopus cantator,2016,105,15.6603422164917,16.3354396820068,0.675097465515137
Phylloscopus castaniceps,2016,632,16.0546073913574,16.8080921173096,0.753484725952148
Phylloscopus claudiae,2016,522,9.88924694061279,10.8355274200439,0.946280479431152
Phylloscopus coronatus,2016,414,6.72929191589356,7.16538953781128,0.436097621917725
Phylloscopus emeiensis,2016,22,12.370792388916,13.1505899429321,0.779797554016113
Phylloscopus intermedius,2016,134,14.0922756195068,14.8482503890991,0.755974769592285
Phylloscopus magnirostris,2016,214,6.5604043006897,7.32062196731567,0.760217666625977
Phylloscopus ogilviegranti,2016,381,17.7375507354736,18.4903717041016,0.75282096862793
Phylloscopus omeiensis,2016,138,10.2660341262817,11.0528335571289,0.786799430847168
Phylloscopus pulcher,2016,413,7.9857611656189,8.73940467834473,0.75364351272583
Phylloscopus ricketti,2016,676,15.3157758712769,16.1325912475586,0.816815376281738
Phylloscopus soror,2016,245,13.625864982605,14.4634132385254,0.83754825592041
Phylloscopus subaffinis,2016,1013,11.5190992355347,12.3523225784302,0.833223342895508
Phylloscopus tenellipes,2016,259,4.56703424453735,5.09017753601074,0.523143291473389
Phylloscopus tephrocephalus,2016,281,12.0046453475952,12.7838745117188,0.779229164123535
Phylloscopus yunnanensis,2016,215,8.02978324890137,9.01811981201172,0.988336563110352
Picumnus innominatus,2016,1093,15.3501920700073,16.1388454437256,0.788653373718262
Picus chlorolophus,2016,236,18.3902645111084,19.081579208374,0.691314697265625
Pitta nympha,2016,314,17.3351917266846,18.2938613891602,0.958669662475586
Platalea minor,2016,6,9.52713203430176,10.6804533004761,1.15332126617432
Pnoepyga immaculata,2016,5,5.88570213317871,6.88185405731201,0.996151924133301
Podiceps auritus,2016,229,0.136366680264473,1.19224166870117,1.0558749884367
Podiceps grisegena,2016,136,1.74304449558258,2.1093807220459,0.366336226463318
Podiceps nigricollis,2016,481,3.37681865692139,4.09246587753296,0.715647220611572
Podoces biddulphi,2016,276,11.4326000213623,12.8845376968384,1.45193767547607
Pomatorhinus schisticeps,2016,30,17.0419483184814,17.673511505127,0.631563186645508
Pomatorhinus superciliaris,2016,107,15.5741310119629,16.2491416931152,0.675010681152344
Prinia atrogularis,2016,41,13.7463512420654,14.4136800765991,0.667328834533691
Prinia flaviventris,2016,82,19.0294494628906,19.7214221954346,0.691972732543945
Prinia inornata,2016,815,17.7829418182373,18.5700874328613,0.787145614624023
Prunella collaris,2016,2078,0.881721675395966,1.83858454227448,0.95686286687851
Prunella himalayana,2016,208,-0.780707001686096,0.671396851539612,1.45210385322571
Prunella immaculata,2016,328,2.3754723072052,3.22046399116516,0.844991683959961
Prunella montanella,2016,35,-4.01745891571045,-3.70224475860596,0.315214157104492
Prunella strophiata,2016,581,4.8185076713562,5.64379024505615,0.825282573699951
Psarisomus dalhousiae,2016,108,17.168399810791,17.8535652160645,0.685165405273438
Pseudopodoces humilis,2016,999,-2.24323654174805,-1.18042314052582,1.06281340122223
Psilopogon faber,2016,43,19.2454166412354,19.8764762878418,0.631059646606445
Psilopogon virens,2016,727,16.4328498840332,17.1966934204102,0.763843536376953
Pterorhinus berthemyi,2016,335,15.9220361709595,16.7214794158936,0.799443244934082
Pterorhinus lanceolatus,2016,830,14.0311040878296,14.7984275817871,0.76732349395752
Pterorhinus pectoralis,2016,584,16.4923286437988,17.3148746490479,0.822546005249023
Pterorhinus sannio,2016,723,16.5131092071533,17.2942657470703,0.781156539916992
Pteruthius rufiventer,2016,90,13.7090368270874,14.3876266479492,0.678589820861816
Pteruthius xanthochlorus,2016,307,10.3232049942017,11.0821170806885,0.758912086486816
Ptyonoprogne rupestris,2016,1954,5.37436962127686,6.4157509803772,1.04138135910034
Pycnonotus aurigaster,2016,572,17.6714363098145,18.4174613952637,0.746025085449219
Pycnonotus jocosus,2016,415,18.2223873138428,18.8925895690918,0.670202255249023
Pycnonotus sinensis,2016,1342,15.0544948577881,15.9499549865723,0.89546012878418
Pycnonotus xanthorrhous,2016,700,14.8906507492065,15.673583984375,0.782933235168457
Pyrrhula erythaca,2016,897,8.99915409088135,9.81755352020264,0.818399429321289
Pyrrhula nipalensis,2016,747,14.819185256958,15.5734443664551,0.75425910949707
Rallina eurizonoides,2016,152,20.1719455718994,20.8980655670166,0.726119995117188
Rallus aquaticus,2016,1224,2.42764139175415,3.64479351043701,1.21715211868286
Recurvirostra avosetta,2016,698,1.33939504623413,1.89180457592011,0.552409529685974
Regulus regulus,2016,930,7.1307168006897,7.92745161056519,0.796734809875488
Remiz consobrinus,2016,558,3.35002541542053,3.76893305778503,0.418907642364502
Remiz coronatus,2016,191,2.46915340423584,3.57441735267639,1.10526394844055
Rhodospiza obsoleta,2016,720,5.24223470687866,6.39817905426025,1.15594434738159
Riparia riparia,2016,784,2.64866471290588,3.20512366294861,0.556458950042725
Rubigula flaviventris,2016,174,18.7557125091553,19.4229831695557,0.667270660400391
Sasia ochracea,2016,132,19.0419464111328,19.693920135498,0.651973724365234
Saxicola ferreus,2016,1085,14.6986656188965,15.5057229995728,0.80705738067627
Sitta cinnamoventris,2016,123,17.082124710083,17.763650894165,0.681526184082031
Sitta formosa,2016,141,15.951807975769,16.6274337768555,0.675625801086426
Sitta villosa,2016,798,6.09239196777344,7.01695108413696,0.924559116363525
Sittiparus varius,2016,82,5.76430416107178,6.60489082336426,0.840586662292481
Spilopelia chinensis,2016,1413,14.8436107635498,15.7150316238403,0.871420860290527
Spilopelia senegalensis,2016,168,3.82531929016113,5.41423797607422,1.58891868591309
Spilornis cheela,2016,652,17.436824798584,18.208568572998,0.771743774414063
Spinus spinus,2016,295,-0.596706986427307,-0.494265228509903,0.102441757917404
Spizixos semitorques,2016,944,16.026798248291,16.8660335540772,0.839235305786133
Spodiopsar cineraceus,2016,1439,4.32776212692261,5.03117847442627,0.703416347503662
Spodiopsar sericeus,2016,692,17.4629497528076,18.265832901001,0.802883148193359
Stachyris humei,2016,39,13.5445995330811,14.1999053955078,0.655305862426758
Staphida torqueola,2016,740,17.3425159454346,18.1207942962646,0.778278350830078
Streptopelia decaocto,2016,1819,7.51734828948975,8.65311241149902,1.13576412200928
Sturnia sinensis,2016,305,19.1309833526611,19.9131870269775,0.782203674316406
Sturnus vulgaris,2016,253,4.91895532608032,6.25592708587647,1.33697175979614
Suthora fulvifrons,2016,136,9.14953327178955,9.8799524307251,0.730419158935547
Syrmaticus humiae,2016,108,16.9307231903076,17.6214504241943,0.690727233886719
Syrmaticus reevesii,2016,256,14.2624092102051,15.0480623245239,0.785653114318848
Syrrhaptes paradoxus,2016,1270,4.20923328399658,5.02813673019409,0.81890344619751
Tarsiger chrysaeus,2016,217,7.12873888015747,7.8414044380188,0.712665557861328
Tarsiger indicus,2016,276,9.35574531555176,10.0722570419312,0.716511726379395
Temnurus temnurus,2016,38,23.8245315551758,24.3630847930908,0.538553237915039
Tephrodornis virgatus,2016,421,19.5108184814453,20.2621002197266,0.75128173828125
Thalasseus bergii,2016,240,22.2157859802246,23.0246753692627,0.808889389038086
Timalia pileata,2016,263,19.225227355957,19.8834438323975,0.65821647644043
Tragopan caboti,2016,186,18.5082702636719,19.3797588348389,0.871488571166992
Tragopan temminckii,2016,529,12.6361389160156,13.3562860488892,0.720147132873535
Treron curvirostra,2016,162,18.7455444335938,19.3943672180176,0.648822784423828
Treron sieboldii,2016,645,17.8530445098877,18.6752529144287,0.822208404541016
Treron sphenurus,2016,294,14.4787168502808,15.1532316207886,0.674514770507813
Turdus boulboul,2016,220,17.376407623291,18.0367736816406,0.660366058349609
Turdus cardis,2016,169,15.0351343154907,15.8795175552368,0.844383239746094
Turdus feae,2016,117,7.37936782836914,8.42068767547607,1.04131984710693
Turdus mandarinus,2016,1032,14.7816362380981,15.6100883483887,0.828452110290527
Turdus pilaris,2016,220,-1.74795424938202,-1.4447466135025,0.303207635879517
Turdus rubrocanus,2016,541,5.81288194656372,6.65671539306641,0.843833446502686
Turdus ruficollis,2016,159,2.9576096534729,4.39218235015869,1.43457269668579
Turdus viscivorus,2016,422,4.64524841308594,5.97790145874023,1.3326530456543
Turnix suscitator,2016,455,17.9373970031738,18.6573352813721,0.719938278198242
Tyto longimembris,2016,685,17.7860012054443,18.6255970001221,0.839595794677734
Urile pelagicus,2016,10,10.4286890029907,11.5542497634888,1.12556076049805
Urosphena squameiceps,2016,112,3.62927651405334,4.26065731048584,0.631380796432495
Vanellus cinereus,2016,279,3.7433602809906,4.03722238540649,0.293862104415894
Vanellus indicus,2016,87,17.6243762969971,18.2898693084717,0.665493011474609
Vanellus vanellus,2016,1111,2.88630080223084,3.53288340568543,0.64658260345459
Yuhina nigrimenta,2016,669,15.0526151657105,15.8179492950439,0.765334129333496
Zoothera dixoni,2016,349,11.1787948608398,11.892014503479,0.71321964263916
Zoothera mollissima,2016,155,2.83340001106262,3.63890409469605,0.805504083633423
Zoothera monticola,2016,41,12.9189081192017,13.5327968597412,0.613888740539551
Zosterops erythropleurus,2016,328,4.62363433837891,5.12189769744873,0.498263359069824
Abroscopus albogularis,2017,562,17.4008522033691,18.0687122344971,0.66786003112793
Accipiter gularis,2017,697,2.65403866767883,3.73991298675537,1.08587431907654
Accipiter soloensis,2017,942,14.6539878845215,15.4987955093384,0.844807624816895
Accipiter trivirgatus,2017,174,20.6737785339356,21.2492542266846,0.575475692749023
Accipiter virgatus,2017,846,15.1853485107422,15.8461256027222,0.660777091979981
Acridotheres cristatellus,2017,1081,16.3418083190918,17.1352500915527,0.793441772460938
Acridotheres tristis,2017,284,13.0754556655884,13.8078231811523,0.732367515563965
Acrocephalus agricola,2017,581,6.84485864639282,8.16911315917969,1.32425451278687
Acrocephalus bistrigiceps,2017,1280,6.68613195419312,7.86269378662109,1.17656183242798
Acrocephalus concinens,2017,766,13.3816928863525,14.5596675872803,1.17797470092773
Acrocephalus orientalis,2017,1446,7.09092283248901,8.28781032562256,1.19688749313355
Acrocephalus tangorum,2017,171,4.11876344680786,5.11868047714233,0.999917030334473
Aegithalos bonvaloti,2017,106,7.6470046043396,8.25008583068848,0.603081226348877
Aegithalos caudatus,2017,754,2.25801730155945,3.34305262565613,1.08503532409668
Aegithalos concinnus,2017,953,15.9409122467041,16.7498435974121,0.808931350708008
Aegithalos fuliginosus,2017,138,9.91040992736816,10.6959762573242,0.785566329956055
Aerodramus brevirostris,2017,603,13.6866846084595,14.3161697387695,0.629485130310059
Aethopyga christinae,2017,23,24.3484706878662,24.9229965209961,0.574525833129883
Aethopyga gouldiae,2017,956,11.0757522583008,11.7999773025513,0.724225044250488
Agropsar sturninus,2017,1131,4.8556547164917,6.06180429458618,1.20614957809448
Aix galericulata,2017,422,3.75636386871338,4.74806499481201,0.991701126098633
Alauda gulgula,2017,1994,9.42479801177979,10.3166236877441,0.891825675964356
Alaudala cheleensis,2017,2390,5.02381753921509,6.297926902771,1.27410936355591
Alcedo hercules,2017,141,19.7236499786377,20.2973613739014,0.573711395263672
Alcippe morrisonia,2017,975,16.4001846313477,17.1533622741699,0.753177642822266
Amaurornis phoenicurus,2017,1130,16.0147972106934,16.8060989379883,0.791301727294922
Anastomus oscitans,2017,315,16.1227264404297,16.6431083679199,0.520381927490234
Anser anser,2017,936,2.59998202323914,3.85062408447266,1.25064206123352
Anser fabalis,2017,359,-0.232263207435608,0.746051728725433,0.978314936161041
Anser indicus,2017,441,0.791138470172882,1.86768317222595,1.07654470205307
Anthus godlewskii,2017,157,1.22606432437897,2.66047787666321,1.43441355228424
Anthus gustavi,2017,66,2.94458818435669,3.86450505256653,0.919916868209839
Anthus richardi,2017,2788,8.37556171417236,9.55014991760254,1.17458820343018
Anthus roseatus,2017,1911,3.55629634857178,4.54662609100342,0.990329742431641
Anthus trivialis,2017,126,1.94549369812012,3.41221189498901,1.4667181968689
Aquila fasciata,2017,300,19.3407211303711,20.1918334960938,0.851112365722656
Aquila heliaca,2017,183,0.794729292392731,2.10192847251892,1.30719918012619
Ardea intermedia,2017,806,16.9554290771484,17.7171783447266,0.761749267578125
Ardea purpurea,2017,1542,13.773362159729,14.7435293197632,0.97016716003418
Ardenna pacifica,2017,90,21.6581630706787,22.5200443267822,0.861881256103516
Artamus fuscus,2017,275,20.3747119903564,20.9617366790771,0.587024688720703
Asio flammeus,2017,498,0.647581040859222,1.81489646434784,1.16731542348862
Athene noctua,2017,3280,3.76510715484619,4.95005035400391,1.18494319915771
Aviceda jerdoni,2017,64,20.8588600158691,21.3699779510498,0.511117935180664
Aviceda leuphotes,2017,784,15.98646068573,16.634593963623,0.648133277893066
Aythya fuligula,2017,613,0.912497222423553,2.04376196861267,1.13126474618912
Aythya nyroca,2017,348,3.64787364006043,5.18434476852417,1.53647112846375
Bombycilla japonica,2017,93,-2.70986938476563,-1.76148176193237,0.948387622833252
Branta canadensis,2017,19,7.6150541305542,9.17441749572754,1.55936336517334
Bubo nipalensis,2017,362,11.4124135971069,11.9976253509521,0.585211753845215
Bucanetes mongolicus,2017,731,5.15714693069458,6.72334432601929,1.56619739532471
Butastur indicus,2017,481,4.17492294311523,5.22977113723755,1.05484819412231
Cacomantis merulinus,2017,411,19.2106418609619,19.8447456359863,0.634103775024414
Calandrella brachydactyla,2017,400,5.59619903564453,7.12286949157715,1.52667045593262
Calliope obscura,2017,74,8.60147857666016,9.5015926361084,0.900114059448242
Caprimulgus macrurus,2017,78,21.0046348571777,21.5324954986572,0.527860641479492
Carpodacus roborowskii,2017,101,-4.03297138214111,-3.12131094932556,0.911660432815552
Carpodacus vinaceus,2017,535,13.1980676651001,13.8987636566162,0.700695991516113
Cecropis daurica,2017,2623,9.16229629516602,10.1547946929932,0.992498397827148
Centropus bengalensis,2017,607,18.6197357177734,19.3955249786377,0.775789260864258
Cephalopyrus flammiceps,2017,98,11.278489112854,11.9385232925415,0.6600341796875
Certhia familiaris,2017,1518,4.10910701751709,5.36645460128784,1.25734758377075
Certhia himalayana,2017,210,9.42436599731445,10.1252183914185,0.700852394104004
Certhia tianquanensis,2017,46,8.03892517089844,8.61581039428711,0.576885223388672
Ceryle rudis,2017,762,17.6190166473389,18.3772315979004,0.758214950561523
Cettia brunnifrons,2017,409,9.04499340057373,9.69801425933838,0.653020858764648
Cettia castaneocoronata,2017,502,12.0057926177979,12.5937051773071,0.587912559509277
Chalcophaps indica,2017,288,20.4205284118652,21.0391902923584,0.618661880493164
Charadrius atrifrons,2017,1360,-0.0825315490365028,1.02492046356201,1.10745201259851
Charadrius dealbatus,2017,82,22.3581027984619,23.0885677337647,0.730464935302734
Charadrius placidus,2017,860,6.81603288650513,7.93406295776367,1.11803007125854
Charadrius veredus,2017,147,1.37415206432343,2.85229444503784,1.47814238071442
Chlidonias leucopterus,2017,1115,3.61852622032166,4.90555477142334,1.28702855110168
Chlidonias niger,2017,65,2.81934809684753,4.25289821624756,1.43355011940002
Chloris ambigua,2017,297,13.6298961639404,14.1839246749878,0.554028511047363
Chloris sinica,2017,2177,10.1043548583984,11.1227788925171,1.01842403411865
Chrysolophus pictus,2017,410,12.3430995941162,13.0223445892334,0.679244995117188
Ciconia boyciana,2017,141,3.75946140289307,4.79554843902588,1.03608703613281
Ciconia nigra,2017,2186,5.71650981903076,7.01364946365356,1.2971396446228
Circaetus gallicus,2017,228,6.13989019393921,7.69536924362183,1.55547904968262
Circus macrourus,2017,154,2.22476196289063,3.70007967948914,1.47531771659851
Circus spilonotus,2017,631,1.43180251121521,2.51800298690796,1.08620047569275
Cisticola exilis,2017,521,18.3237705230713,19.0585079193115,0.734737396240234
Cisticola juncidis,2017,1233,15.9261827468872,16.794116973877,0.867934226989746
Clamator coromandus,2017,1069,16.5760765075684,17.4087371826172,0.832660675048828
Clanga clanga,2017,567,1.82915771007538,2.84094214439392,1.01178443431854
Columba oenas,2017,147,1.89062237739563,3.04877686500549,1.15815448760986
Copsychus saularis,2017,1011,16.2842559814453,17.0325927734375,0.748336791992188
Coracias garrulus,2017,83,1.71752464771271,3.02527976036072,1.30775511264801
Coturnicops exquisitus,2017,412,0.116188421845436,1.0938241481781,0.977635726332664
Crex crex,2017,149,1.68861591815948,3.03167223930359,1.3430563211441
Crossoptilon mantchuricum,2017,64,7.99328136444092,9.43476295471191,1.441481590271
Curruca curruca,2017,961,4.71596050262451,6.02358245849609,1.30762195587158
Cyanistes cyanus,2017,658,0.813704073429108,1.91834700107574,1.10464292764664
Cyanoderma pyrrhops,2017,3,11.5056676864624,12.6487054824829,1.14303779602051
Cygnus cygnus,2017,538,1.97667515277863,3.3856463432312,1.40897119045258
Cygnus olor,2017,250,2.81658434867859,4.01568412780762,1.19909977912903
Cyornis glaucicomans,2017,344,15.2155599594116,15.8501195907593,0.634559631347656
Cyornis hainanus,2017,199,21.3823966979981,21.9923610687256,0.609964370727539
Cyornis rubeculoides,2017,42,16.7205429077148,17.3068256378174,0.586282730102539
Delichon dasypus,2017,1040,7.09097099304199,7.94810438156128,0.857133388519287
Dendrocitta formosae,2017,933,17.1049575805664,17.8523769378662,0.747419357299805
Dendrocopos hyperythrus,2017,413,8.27587223052979,8.9619026184082,0.686030387878418
Dendrocygna javanica,2017,684,18.0148448944092,18.7887535095215,0.773908615112305
Dicaeum cruentatum,2017,519,18.7793598175049,19.4748210906982,0.695461273193359
Dicaeum ignipectus,2017,1035,15.6106557846069,16.3251972198486,0.714541435241699
Dicaeum minullum,2017,835,14.767373085022,15.4152317047119,0.647858619689941
Dicrurus annectens,2017,164,19.7741985321045,20.2791881561279,0.504989624023438
Dicrurus hottentottus,2017,1277,14.8924055099487,15.7557430267334,0.863337516784668
Dicrurus remifer,2017,201,17.4981899261475,18.0207042694092,0.522514343261719
Egretta eulophotes,2017,19,9.63973045349121,10.7753267288208,1.13559627532959
Egretta garzetta,2017,1670,12.7392654418945,13.6317682266235,0.892502784729004
Elachura formosa,2017,245,15.8722858428955,16.4503288269043,0.578042984008789
Elanus caeruleus,2017,97,20.0274238586426,20.8201866149902,0.792762756347656
Emberiza buchanani,2017,164,0.845942556858063,2.27840399742126,1.4324614405632
Emberiza citrinella,2017,45,1.24440145492554,3.03675556182861,1.79235410690308
Emberiza elegans,2017,1059,8.75524711608887,9.57991695404053,0.82466983795166
Emberiza godlewskii,2017,2040,4.47789907455444,5.51304483413696,1.03514575958252
Emberiza hortulana,2017,93,3.53125858306885,5.17411088943481,1.64285230636597
Emberiza leucocephalos,2017,716,0.0190331656485796,1.08676874637604,1.06773558072746
Emberiza pallasi,2017,141,-2.66091752052307,-1.52705204486847,1.1338654756546
Emberiza pusilla,2017,208,2.53732514381409,3.5911591053009,1.05383396148682
Emberiza rustica,2017,3,-4.41251945495605,-2.52240180969238,1.89011764526367
Emberiza siemsseni,2017,79,10.0293006896973,10.8819770812988,0.852676391601563
Emberiza yessoensis,2017,46,2.82388091087341,3.69295287132263,0.869071960449219
Enicurus leschenaulti,2017,1155,14.9616861343384,15.7288722991943,0.767186164855957
Enicurus maculatus,2017,490,17.4008846282959,18.0194492340088,0.618564605712891
Enicurus schistaceus,2017,598,17.1719207763672,17.8284816741943,0.656560897827148
Erpornis zantholeuca,2017,529,17.9002780914307,18.5663394927979,0.666061401367188
Erythrogenys hypoleucos,2017,50,19.9029903411865,20.4467506408691,0.543760299682617
Eudynamys scolopaceus,2017,1083,16.3084487915039,17.1040363311768,0.795587539672852
Eumyias thalassinus,2017,737,14.3080358505249,14.9737710952759,0.665735244750977
Falco cherrug,2017,2075,2.70873928070068,3.95687484741211,1.24813556671143
Falco severus,2017,359,17.7754745483398,18.3533973693848,0.577922821044922
Ficedula albicilla,2017,89,-2.38578534126282,-1.25227916240692,1.1335061788559
Ficedula elisae,2017,152,7.47436904907227,8.97025203704834,1.49588298797607
Ficedula erithacus,2017,610,7.43311548233032,8.12541675567627,0.692301273345947
Ficedula hyperythra,2017,472,16.0033531188965,16.5684509277344,0.565097808837891
Ficedula mugimaki,2017,678,2.3159077167511,3.37796378135681,1.06205606460571
Ficedula strophiata,2017,621,13.0205202102661,13.6846952438355,0.664175033569336
Ficedula superciliaris,2017,331,5.17182588577271,5.89696931838989,0.725143432617188
Ficedula tricolor,2017,560,11.7169189453125,12.3354873657227,0.618568420410156
Fringilla coelebs,2017,6,-3.64196300506592,-1.78682458400726,1.85513842105865
Fringilla montifringilla,2017,23,-2.54210829734802,-0.702491879463196,1.83961641788483
Galerida cristata,2017,1619,6.56866264343262,7.94930601119995,1.38064336776733
Gallicrex cinerea,2017,1658,13.8156538009644,14.7539434432983,0.938289642333984
Garrulax canorus,2017,757,17.0413055419922,17.8368911743164,0.795585632324219
Garrulax maesi,2017,302,17.0664443969727,17.6980972290039,0.63165283203125
Garrulax monileger,2017,463,19.1697063446045,19.8683795928955,0.698673248291016
Gavia arctica,2017,163,2.2326762676239,3.60702729225159,1.37435102462769
Gelochelidon nilotica,2017,554,7.68231201171875,8.82515907287598,1.14284706115723
Geokichla citrina,2017,505,17.6489105224609,18.3902912139893,0.74138069152832
Glaucidium cuculoides,2017,1012,16.7492389678955,17.5113677978516,0.762128829956055
Gorsachius melanolophus,2017,105,21.6351413726807,22.2576732635498,0.622531890869141
Gracupica nigricollis,2017,510,17.9595203399658,18.6126556396484,0.653135299682617
Grandala coelicolor,2017,621,0.189435198903084,1.04872918128967,0.859293982386589
Grus japonensis,2017,76,2.61315250396729,3.61632561683655,1.00317311286926
Grus monacha,2017,21,-0.20156466960907,0.836511671543121,1.03807634115219
Grus nigricollis,2017,407,-2.81143999099731,-1.72387027740479,1.08756971359253
Gypaetus barbatus,2017,1655,0.90612781047821,2.00665760040283,1.10052978992462
Gyps himalayensis,2017,1392,1.23260295391083,2.22746181488037,0.994858860969543
Halcyon coromanda,2017,131,9.25574684143066,10.0316028594971,0.775856018066406
Halcyon pileata,2017,1245,13.7531538009644,14.7356309890747,0.982477188110352
Halcyon smyrnensis,2017,182,21.6887283325195,22.3779373168945,0.689208984375
Haliaeetus leucoryphus,2017,34,14.0554161071777,14.6002731323242,0.544857025146484
Harpactes wardi,2017,78,8.85727214813232,9.53064727783203,0.673375129699707
Helopsaltes certhiola,2017,1617,4.47727870941162,5.78951549530029,1.31223678588867
Helopsaltes pryeri,2017,166,6.73794746398926,7.77414846420288,1.03620100021362
Hemiprocne coronata,2017,103,16.7578430175781,17.2965717315674,0.538728713989258
Hemitesia pallidipes,2017,155,16.8176536560059,17.3428134918213,0.52515983581543
Hemixos castanonotus,2017,373,19.1924209594727,19.9112739562988,0.718852996826172
Heterophasia desgodinsi,2017,283,15.513069152832,16.046838760376,0.533769607543945
Heteroxenicus stellatus,2017,104,10.5467109680176,11.1813526153564,0.634641647338867
Hieraaetus pennatus,2017,137,-1.33781504631042,-0.0875821709632874,1.25023287534714
Hierococcyx nisicolor,2017,639,17.0438480377197,17.7148532867432,0.671005249023438
Hirundapus caudacutus,2017,1023,3.56975531578064,4.52432537078857,0.954570055007935
Hirundo rustica,2017,4116,6.53853988647461,7.64424085617065,1.10570096969604
Histrionicus histrionicus,2017,83,2.51139283180237,3.44841575622559,0.937022924423218
Hydrocoloeus minutus,2017,48,8.87618541717529,10.2898845672607,1.41369915008545
Hydrophasianus chirurgus,2017,865,17.0730152130127,17.8152732849121,0.742258071899414
Hydroprogne caspia,2017,298,13.7203493118286,14.9188747406006,1.19852542877197
Hypothymis azurea,2017,513,17.3541965484619,17.9542942047119,0.60009765625
Hypsipetes leucocephalus,2017,1126,15.1517972946167,15.8989791870117,0.74718189239502
Ianthocincla lunulata,2017,135,10.4669580459595,11.2213344573975,0.754376411437988
Ibidorhyncha struthersii,2017,1706,2.63580417633057,3.70256662368774,1.06676244735718
Ictinaetus malaiensis,2017,101,17.802188873291,18.6817779541016,0.879589080810547
Iduna caligata,2017,61,2.13780975341797,3.79400086402893,1.65619111061096
Indicator xanthonotus,2017,48,12.2993488311768,12.9754905700684,0.676141738891602
Ixobrychus cinnamomeus,2017,1390,15.337140083313,16.2701511383057,0.933011054992676
Ixobrychus eurhythmus,2017,1430,9.70042896270752,10.7787704467773,1.07834148406982
Ixobrychus minutus,2017,183,3.59522795677185,4.94570827484131,1.35048031806946
Ixos mcclellandii,2017,697,17.6051921844482,18.2937774658203,0.68858528137207
Ketupa flavipes,2017,920,17.0898551940918,17.9322605133057,0.842405319213867
Lalage melaschistos,2017,1331,14.7237720489502,15.5971250534058,0.873353004455566
Lanius borealis,2017,248,1.18080830574036,2.52095770835876,1.34014940261841
Lanius collurioides,2017,302,18.6856880187988,19.2464809417725,0.560792922973633
Lanius isabellinus,2017,1437,4.29488563537598,5.62251091003418,1.3276252746582
Lanius schach,2017,1339,14.2475595474243,15.0527963638306,0.80523681640625
Lanius sphenocercus,2017,817,3.8520245552063,5.05694723129273,1.20492267608643
Lanius tephronotus,2017,638,4.51975870132446,5.28165721893311,0.761898517608643
Larus crassirostris,2017,78,15.5089054107666,16.5792694091797,1.07036399841309
Larvivora brunnea,2017,325,6.83418989181519,7.57772874832153,0.743538856506348
Larvivora cyane,2017,504,1.02699601650238,2.03220272064209,1.00520670413971
Leptopoecile elegans,2017,464,1.16251695156097,2.05884575843811,0.896328806877136
Leptoptilos javanicus,2017,193,17.0435619354248,17.5548343658447,0.511272430419922
Limnodromus semipalmatus,2017,293,0.636016726493835,1.66993975639343,1.0339230298996
Limosa limosa,2017,390,1.07777690887451,2.28804898262024,1.21027207374573
Linaria cannabina,2017,164,3.81024098396301,5.3323860168457,1.52214503288269
Locustella davidi,2017,377,1.02113199234009,2.00124573707581,0.980113744735718
Locustella mandelli,2017,546,16.9194431304932,17.5964450836182,0.677001953125
Lonchura striata,2017,766,18.0601272583008,18.82297706604,0.762849807739258
Lophotriorchis kienerii,2017,55,21.8129367828369,22.3580417633057,0.54510498046875
Lophura leucomelanos,2017,150,10.5427417755127,11.2125196456909,0.669777870178223
Lophura nycthemera,2017,260,18.5232791900635,19.0928382873535,0.569559097290039
Loxia curvirostra,2017,1375,1.54966580867767,2.56394124031067,1.014275431633
Macropygia unchall,2017,594,16.1906127929688,16.8309841156006,0.640371322631836
Mareca falcata,2017,366,-0.290807813405991,0.684795081615448,0.975602895021439
Megaceryle lugubris,2017,1428,15.1732769012451,16.094898223877,0.921621322631836
Melanitta fusca,2017,7,0.868973076343536,2.84410643577576,1.97513335943222
Melanitta stejnegeri,2017,45,-4.25272130966187,-3.16988158226013,1.08283972740173
Melanochlora sultanea,2017,155,18.2084312438965,18.8189239501953,0.610492706298828
Mergus serrator,2017,251,1.3321053981781,2.25833487510681,0.926229476928711
Merops philippinus,2017,293,18.3080310821533,18.8639736175537,0.555942535400391
Mixornis gularis,2017,159,16.6837577819824,17.2034072875977,0.519649505615234
Monticola gularis,2017,646,2.43376898765564,3.49656462669373,1.06279563903809
Monticola rufiventris,2017,869,15.3018579483032,16.026969909668,0.725111961364746
Monticola solitarius,2017,2043,10.853741645813,11.7625904083252,0.908848762512207
Motacilla citreola,2017,2159,2.20297122001648,3.34873819351196,1.14576697349548
Moupinia poecilotis,2017,145,6.02350807189941,6.70404720306397,0.680539131164551
Muscicapa dauurica,2017,671,1.70671880245209,2.76179814338684,1.05507934093475
Muscicapa ferruginea,2017,600,12.596305847168,13.2505550384521,0.65424919128418
Muscicapa muttui,2017,305,16.68186378479,17.2362117767334,0.554347991943359
Mycerobas affinis,2017,417,4.74256801605225,5.48284482955933,0.74027681350708
Mycerobas carnipes,2017,1012,2.43280649185181,3.3394615650177,0.906655073165894
Myiomela leucura,2017,672,15.003249168396,15.6359090805054,0.632659912109375
Myophonus caeruleus,2017,1550,12.4764938354492,13.3745412826538,0.89804744720459
Netta rufina,2017,395,4.57272863388062,6.0743522644043,1.50162363052368
Niltava davidi,2017,684,16.3860206604004,17.0327777862549,0.646757125854492
Niltava grandis,2017,139,15.5507926940918,16.1080951690674,0.557302474975586
Niltava macgrigoriae,2017,278,17.1179103851318,17.6504936218262,0.532583236694336
Niltava sundara,2017,761,11.4049816131592,12.0793046951294,0.674323081970215
Ninox japonica,2017,1327,11.1691026687622,12.2849102020264,1.11580753326416
Nipponia nippon,2017,3,13.224778175354,13.9395771026611,0.714798927307129
Nisaetus nipalensis,2017,501,16.0050029754639,16.6800117492676,0.675008773803711
Numenius madagascariensis,2017,197,0.840074002742767,1.75634145736694,0.916267454624176
Nycticorax nycticorax,2017,1539,14.4904012680054,15.4281692504883,0.93776798248291
Oenanthe deserti,2017,1737,2.79329204559326,4.07355499267578,1.28026294708252
Oenanthe oenanthe,2017,1019,4.16478967666626,5.60218286514282,1.43739318847656
Onychoprion anaethetus,2017,31,20.9556827545166,21.9017181396484,0.946035385131836
Oriolus oriolus,2017,192,3.03185987472534,4.53373432159424,1.5018744468689
Otus lettia,2017,878,17.5054512023926,18.2601909637451,0.754739761352539
Otus semitorques,2017,542,7.6100811958313,8.81561374664307,1.20553255081177
Otus spilocephalus,2017,561,16.5144157409668,17.2325897216797,0.718173980712891
Oxyura leucocephala,2017,149,5.72699737548828,6.92280864715576,1.19581127166748
Panurus biarmicus,2017,1831,4.12009954452515,5.41106271743774,1.2909631729126
Paradoxornis guttaticollis,2017,448,16.6616554260254,17.3428440093994,0.681188583374023
Paradoxornis heudei,2017,323,12.1314287185669,13.3409843444824,1.20955562591553
Parayuhina diademata,2017,471,13.0819683074951,13.7282743453979,0.646306037902832
Pardaliparus venustulus,2017,704,13.5442533493042,14.5220603942871,0.97780704498291
Parus monticolus,2017,628,12.7628221511841,13.4902677536011,0.727445602416992
Passer cinnamomeus,2017,1562,12.8010911941528,13.7461519241333,0.945060729980469
Passer domesticus,2017,750,0.82120680809021,1.98359060287476,1.16238379478455
Passer hispaniolensis,2017,153,4.25698804855347,5.6303973197937,1.37340927124023
Pelecanus crispus,2017,151,0.737479865550995,2.02574229240417,1.28826242685318
Pellorneum tickelli,2017,96,18.7574138641357,19.2489776611328,0.49156379699707
Perdix hodgsoniae,2017,460,-1.68631982803345,-0.75952011346817,0.926799714565277
Pericrocotus cantonensis,2017,816,16.4538898468018,17.249382019043,0.795492172241211
Pericrocotus divaricatus,2017,132,2.67148590087891,3.58476567268372,0.91327977180481
Pericrocotus ethologus,2017,1120,10.0661602020264,10.9564733505249,0.890313148498535
Pericrocotus solaris,2017,630,17.9055347442627,18.5747814178467,0.669246673583984
Periparus rubidiventris,2017,406,1.0057018995285,1.81497490406036,0.80927300453186
Pernis ptilorhynchus,2017,832,3.53393316268921,4.47647333145142,0.942540168762207
Phasianus colchicus,2017,2329,8.38204383850098,9.40398693084717,1.02194309234619
Phoenicurus erythronotus,2017,302,4.4462628364563,5.7620792388916,1.3158164024353
Phoenicurus frontalis,2017,923,4.79591703414917,5.62500143051148,0.829084396362305
Phoenicurus leucocephalus,2017,1426,7.7376446723938,8.64001274108887,0.902368068695068
Phoenicurus ochruros,2017,2263,3.26384401321411,4.4486665725708,1.18482255935669
Phoenicurus schisticeps,2017,406,3.07463383674622,3.87599873542786,0.801364898681641
Phylloscopus affinis,2017,666,5.29091310501099,6.07391452789307,0.78300142288208
Phylloscopus burkii,2017,33,2.90200233459473,3.64246320724487,0.740460872650147
Phylloscopus cantator,2017,105,15.6603422164917,16.1958389282227,0.535496711730957
Phylloscopus castaniceps,2017,632,16.0546073913574,16.7421245574951,0.687517166137695
Phylloscopus claudiae,2017,522,9.88924694061279,10.9550790786743,1.06583213806152
Phylloscopus coronatus,2017,414,6.72929191589356,7.54996585845947,0.820673942565918
Phylloscopus emeiensis,2017,22,12.370792388916,13.0132598876953,0.642467498779297
Phylloscopus intermedius,2017,134,14.0922756195068,14.8283004760742,0.736024856567383
Phylloscopus magnirostris,2017,214,6.5604043006897,7.24902296066284,0.688618659973145
Phylloscopus ogilviegranti,2017,381,17.7375507354736,18.4279499053955,0.690399169921875
Phylloscopus omeiensis,2017,138,10.2660341262817,10.9651250839233,0.699090957641602
Phylloscopus pulcher,2017,413,7.9857611656189,8.65476036071777,0.668999195098877
Phylloscopus ricketti,2017,676,15.3157758712769,16.1161022186279,0.800326347351074
Phylloscopus soror,2017,245,13.625864982605,14.419228553772,0.793363571166992
Phylloscopus subaffinis,2017,1013,11.5190992355347,12.3336563110352,0.814557075500488
Phylloscopus tenellipes,2017,259,4.56703424453735,5.57315397262573,1.00611972808838
Phylloscopus tephrocephalus,2017,281,12.0046453475952,12.7031631469727,0.698517799377441
Phylloscopus yunnanensis,2017,215,8.02978324890137,9.21188545227051,1.18210220336914
Picumnus innominatus,2017,1093,15.3501920700073,16.1047554016113,0.754563331604004
Picus chlorolophus,2017,236,18.3902645111084,19.0008106231689,0.610546112060547
Pitta nympha,2017,314,17.3351917266846,18.3378505706787,1.00265884399414
Platalea minor,2017,6,9.52713203430176,10.5339231491089,1.00679111480713
Pnoepyga immaculata,2017,5,5.88570213317871,6.86568021774292,0.979978084564209
Podiceps auritus,2017,229,0.136366680264473,1.38176107406616,1.24539439380169
Podiceps grisegena,2017,136,1.74304449558258,2.75418925285339,1.01114475727081
Podiceps nigricollis,2017,481,3.37681865692139,4.51397848129273,1.13715982437134
Podoces biddulphi,2017,276,11.4326000213623,12.6158237457275,1.18322372436523
Pomatorhinus schisticeps,2017,30,17.0419483184814,17.6558570861816,0.613908767700195
Pomatorhinus superciliaris,2017,107,15.5741310119629,16.1322650909424,0.558134078979492
Prinia atrogularis,2017,41,13.7463512420654,14.4037408828735,0.657389640808106
Prinia flaviventris,2017,82,19.0294494628906,19.5059299468994,0.476480484008789
Prinia inornata,2017,815,17.7829418182373,18.536153793335,0.753211975097656
Prunella collaris,2017,2078,0.881721675395966,1.98015820980072,1.09843653440475
Prunella himalayana,2017,208,-0.780707001686096,0.510148167610169,1.29085516929626
Prunella immaculata,2017,328,2.3754723072052,3.171795129776,0.796322822570801
Prunella montanella,2017,35,-4.01745891571045,-2.67589259147644,1.34156632423401
Prunella strophiata,2017,581,4.8185076713562,5.6205472946167,0.802039623260498
Psarisomus dalhousiae,2017,108,17.168399810791,17.6929244995117,0.524524688720703
Pseudopodoces humilis,2017,999,-2.24323654174805,-1.25938737392426,0.983849167823792
Psilopogon faber,2017,43,19.2454166412354,19.8704605102539,0.625043869018555
Psilopogon virens,2017,727,16.4328498840332,17.1461658477783,0.713315963745117
Pterorhinus berthemyi,2017,335,15.9220361709595,16.690034866333,0.767998695373535
Pterorhinus lanceolatus,2017,830,14.0311040878296,14.7280921936035,0.696988105773926
Pterorhinus pectoralis,2017,584,16.4923286437988,17.3091621398926,0.81683349609375
Pterorhinus sannio,2017,723,16.5131092071533,17.2444801330566,0.73137092590332
Pteruthius rufiventer,2017,90,13.7090368270874,14.3217544555664,0.612717628479004
Pteruthius xanthochlorus,2017,307,10.3232049942017,11.0152378082275,0.692032814025879
Ptyonoprogne rupestris,2017,1954,5.37436962127686,6.51872062683106,1.1443510055542
Pycnonotus aurigaster,2017,572,17.6714363098145,18.3607311248779,0.689294815063477
Pycnonotus jocosus,2017,415,18.2223873138428,18.8214797973633,0.599092483520508
Pycnonotus sinensis,2017,1342,15.0544948577881,16.037145614624,0.982650756835938
Pycnonotus xanthorrhous,2017,700,14.8906507492065,15.6114883422852,0.720837593078613
Pyrrhula erythaca,2017,897,8.99915409088135,9.80765438079834,0.808500289916992
Pyrrhula nipalensis,2017,747,14.819185256958,15.5086517333984,0.68946647644043
Rallina eurizonoides,2017,152,20.1719455718994,20.742603302002,0.570657730102539
Rallus aquaticus,2017,1224,2.42764139175415,3.50588870048523,1.07824730873108
Recurvirostra avosetta,2017,698,1.33939504623413,2.49845099449158,1.15905594825745
Regulus regulus,2017,930,7.1307168006897,7.94922494888306,0.818508148193359
Remiz consobrinus,2017,558,3.35002541542053,4.46293497085571,1.11290955543518
Remiz coronatus,2017,191,2.46915340423584,3.90145516395569,1.43230175971985
Rhodospiza obsoleta,2017,720,5.24223470687866,6.54859113693237,1.30635643005371
Riparia riparia,2017,784,2.64866471290588,3.71905922889709,1.07039451599121
Rubigula flaviventris,2017,174,18.7557125091553,19.2692527770996,0.513540267944336
Sasia ochracea,2017,132,19.0419464111328,19.5464630126953,0.5045166015625
Saxicola ferreus,2017,1085,14.6986656188965,15.4733400344849,0.774674415588379
Sitta cinnamoventris,2017,123,17.082124710083,17.5986595153809,0.516534805297852
Sitta formosa,2017,141,15.951807975769,16.4870147705078,0.53520679473877
Sitta villosa,2017,798,6.09239196777344,7.30254507064819,1.21015310287476
Sittiparus varius,2017,82,5.76430416107178,6.81723165512085,1.05292749404907
Spilopelia chinensis,2017,1413,14.8436107635498,15.7442779541016,0.900667190551758
Spilopelia senegalensis,2017,168,3.82531929016113,5.03839874267578,1.21307945251465
Spilornis cheela,2017,652,17.436824798584,18.156400680542,0.719575881958008
Spinus spinus,2017,295,-0.596706986427307,0.365490466356277,0.962197452783585
Spizixos semitorques,2017,944,16.026798248291,16.860294342041,0.83349609375
Spodiopsar cineraceus,2017,1439,4.32776212692261,5.55548906326294,1.22772693634033
Spodiopsar sericeus,2017,692,17.4629497528076,18.2585430145264,0.79559326171875
Stachyris humei,2017,39,13.5445995330811,14.1867370605469,0.64213752746582
Staphida torqueola,2017,740,17.3425159454346,18.0773887634277,0.734872817993164
Streptopelia decaocto,2017,1819,7.51734828948975,8.7860918045044,1.26874351501465
Sturnia sinensis,2017,305,19.1309833526611,19.9082374572754,0.777254104614258
Sturnus vulgaris,2017,253,4.91895532608032,6.22338533401489,1.30443000793457
Suthora fulvifrons,2017,136,9.14953327178955,9.79173851013184,0.642205238342285
Syrmaticus humiae,2017,108,16.9307231903076,17.44260597229,0.511882781982422
Syrmaticus reevesii,2017,256,14.2624092102051,14.9786128997803,0.716203689575195
Syrrhaptes paradoxus,2017,1270,4.20923328399658,5.61110210418701,1.40186882019043
Tarsiger chrysaeus,2017,217,7.12873888015747,7.7712664604187,0.642527580261231
Tarsiger indicus,2017,276,9.35574531555176,9.97196769714355,0.616222381591797
Temnurus temnurus,2017,38,23.8245315551758,24.3723850250244,0.547853469848633
Tephrodornis virgatus,2017,421,19.5108184814453,20.2404117584229,0.729593276977539
Thalasseus bergii,2017,240,22.2157859802246,23.0358409881592,0.82005500793457
Timalia pileata,2017,263,19.225227355957,19.8101959228516,0.584968566894531
Tragopan caboti,2017,186,18.5082702636719,19.3905906677246,0.882320404052734
Tragopan temminckii,2017,529,12.6361389160156,13.269923210144,0.633784294128418
Treron curvirostra,2017,162,18.7455444335938,19.255090713501,0.509546279907227
Treron sieboldii,2017,645,17.8530445098877,18.6847286224365,0.831684112548828
Treron sphenurus,2017,294,14.4787168502808,15.016339302063,0.537622451782227
Turdus boulboul,2017,220,17.376407623291,17.8849067687988,0.508499145507813
Turdus cardis,2017,169,15.0351343154907,15.9415054321289,0.906371116638184
Turdus feae,2017,117,7.37936782836914,8.85228824615479,1.47292041778564
Turdus mandarinus,2017,1032,14.7816362380981,15.6100168228149,0.828380584716797
Turdus pilaris,2017,220,-1.74795424938202,-0.566779732704163,1.18117451667786
Turdus rubrocanus,2017,541,5.81288194656372,6.61502933502197,0.802147388458252
Turdus ruficollis,2017,159,2.9576096534729,4.32888746261597,1.37127780914307
Turdus viscivorus,2017,422,4.64524841308594,6.03988981246948,1.39464139938355
Turnix suscitator,2017,455,17.9373970031738,18.5803146362305,0.642917633056641
Tyto longimembris,2017,685,17.7860012054443,18.62135887146,0.835357666015625
Urile pelagicus,2017,10,10.4286890029907,11.6336908340454,1.20500183105469
Urosphena squameiceps,2017,112,3.62927651405334,4.58014726638794,0.950870752334595
Vanellus cinereus,2017,279,3.7433602809906,4.76009178161621,1.01673150062561
Vanellus indicus,2017,87,17.6243762969971,18.1158924102783,0.49151611328125
Vanellus vanellus,2017,1111,2.88630080223084,4.15753555297852,1.27123475074768
Yuhina nigrimenta,2017,669,15.0526151657105,15.7614641189575,0.70884895324707
Zoothera dixoni,2017,349,11.1787948608398,11.773024559021,0.594229698181152
Zoothera mollissima,2017,155,2.83340001106262,3.5808596611023,0.747459650039673
Zoothera monticola,2017,41,12.9189081192017,13.500394821167,0.581486701965332
Zosterops erythropleurus,2017,328,4.62363433837891,5.6670093536377,1.04337501525879
Abroscopus albogularis,2018,562,17.4008522033691,17.9698238372803,0.568971633911133
Accipiter gularis,2018,697,2.65403866767883,3.53780293464661,0.883764266967773
Accipiter soloensis,2018,942,14.6539878845215,15.3786926269531,0.724704742431641
Accipiter trivirgatus,2018,174,20.6737785339356,21.1277313232422,0.453952789306641
Accipiter virgatus,2018,846,15.1853485107422,15.72287940979,0.537530899047852
Acridotheres cristatellus,2018,1081,16.3418083190918,17.0275249481201,0.68571662902832
Acridotheres tristis,2018,284,13.0754556655884,13.5307149887085,0.455259323120117
Acrocephalus agricola,2018,581,6.84485864639282,7.36646461486816,0.521605968475342
Acrocephalus bistrigiceps,2018,1280,6.68613195419312,7.62530660629273,0.939174652099609
Acrocephalus concinens,2018,766,13.3816928863525,14.3221712112427,0.940478324890137
Acrocephalus orientalis,2018,1446,7.09092283248901,8.03831958770752,0.947396755218506
Acrocephalus tangorum,2018,171,4.11876344680786,4.99777364730835,0.879010200500488
Aegithalos bonvaloti,2018,106,7.6470046043396,8.10463809967041,0.457633495330811
Aegithalos caudatus,2018,754,2.25801730155945,3.10260081291199,0.844583511352539
Aegithalos concinnus,2018,953,15.9409122467041,16.6320705413818,0.691158294677734
Aegithalos fuliginosus,2018,138,9.91040992736816,10.5396642684937,0.629254341125488
Aerodramus brevirostris,2018,603,13.6866846084595,14.2006931304932,0.514008522033691
Aethopyga christinae,2018,23,24.3484706878662,24.8007793426514,0.452308654785156
Aethopyga gouldiae,2018,956,11.0757522583008,11.6496028900146,0.573850631713867
Agropsar sturninus,2018,1131,4.8556547164917,5.76586008071899,0.910205364227295
Aix galericulata,2018,422,3.75636386871338,4.5976505279541,0.841286659240723
Alauda gulgula,2018,1994,9.42479801177979,10.0885391235352,0.663741111755371
Alaudala cheleensis,2018,2390,5.02381753921509,5.77917575836182,0.755358219146729
Alcedo hercules,2018,141,19.7236499786377,20.1616344451904,0.437984466552734
Alcippe morrisonia,2018,975,16.4001846313477,17.0495109558105,0.649326324462891
Amaurornis phoenicurus,2018,1130,16.0147972106934,16.6937828063965,0.678985595703125
Anastomus oscitans,2018,315,16.1227264404297,16.551778793335,0.429052352905273
Anser anser,2018,936,2.59998202323914,3.37963342666626,0.779651403427124
Anser fabalis,2018,359,-0.232263207435608,0.63052499294281,0.862788200378418
Anser indicus,2018,441,0.791138470172882,1.56817448139191,0.777036011219025
Anthus godlewskii,2018,157,1.22606432437897,2.36586761474609,1.13980329036713
Anthus gustavi,2018,66,2.94458818435669,3.77364087104797,0.829052686691284
Anthus richardi,2018,2788,8.37556171417236,9.18126201629639,0.805700302124023
Anthus roseatus,2018,1911,3.55629634857178,4.24401521682739,0.687718868255615
Anthus trivialis,2018,126,1.94549369812012,2.56338667869568,0.617892980575562
Aquila fasciata,2018,300,19.3407211303711,20.0712947845459,0.730573654174805
Aquila heliaca,2018,183,0.794729292392731,1.47634100914001,0.681611716747284
Ardea intermedia,2018,806,16.9554290771484,17.6203155517578,0.664886474609375
Ardea purpurea,2018,1542,13.773362159729,14.5700349807739,0.796672821044922
Ardenna pacifica,2018,90,21.6581630706787,22.3760089874268,0.717845916748047
Artamus fuscus,2018,275,20.3747119903564,20.8536834716797,0.478971481323242
Asio flammeus,2018,498,0.647581040859222,1.40972852706909,0.762147486209869
Athene noctua,2018,3280,3.76510715484619,4.52626705169678,0.761159896850586
Aviceda jerdoni,2018,64,20.8588600158691,21.2064170837402,0.347557067871094
Aviceda leuphotes,2018,784,15.98646068573,16.5378646850586,0.551403999328613
Aythya fuligula,2018,613,0.912497222423553,1.7828152179718,0.870317995548248
Aythya nyroca,2018,348,3.64787364006043,4.29395437240601,0.646080732345581
Bombycilla japonica,2018,93,-2.70986938476563,-1.92041206359863,0.789457321166992
Branta canadensis,2018,19,7.6150541305542,8.6417350769043,1.0266809463501
Bubo nipalensis,2018,362,11.4124135971069,11.8567333221436,0.444319725036621
Bucanetes mongolicus,2018,731,5.15714693069458,5.97850799560547,0.821361064910889
Butastur indicus,2018,481,4.17492294311523,5.0254545211792,0.850531578063965
Cacomantis merulinus,2018,411,19.2106418609619,19.7249145507813,0.514272689819336
Calandrella brachydactyla,2018,400,5.59619903564453,6.15543746948242,0.559238433837891
Calliope obscura,2018,74,8.60147857666016,9.27939319610596,0.677914619445801
Caprimulgus macrurus,2018,78,21.0046348571777,21.3836288452148,0.378993988037109
Carpodacus roborowskii,2018,101,-4.03297138214111,-3.4719557762146,0.561015605926514
Carpodacus vinaceus,2018,535,13.1980676651001,13.7601661682129,0.562098503112793
Cecropis daurica,2018,2623,9.16229629516602,9.92734909057617,0.765052795410156
Centropus bengalensis,2018,607,18.6197357177734,19.280122756958,0.66038703918457
Cephalopyrus flammiceps,2018,98,11.278489112854,11.7667369842529,0.488247871398926
Certhia familiaris,2018,1518,4.10910701751709,4.91043472290039,0.801327705383301
Certhia himalayana,2018,210,9.42436599731445,9.9685697555542,0.544203758239746
Certhia tianquanensis,2018,46,8.03892517089844,8.48002910614014,0.441103935241699
Ceryle rudis,2018,762,17.6190166473389,18.2660102844238,0.646993637084961
Cettia brunnifrons,2018,409,9.04499340057373,9.52722454071045,0.482231140136719
Cettia castaneocoronata,2018,502,12.0057926177979,12.4540681838989,0.448275566101074
Chalcophaps indica,2018,288,20.4205284118652,20.920238494873,0.499710083007813
Charadrius atrifrons,2018,1360,-0.0825315490365028,0.632577538490295,0.715109087526798
Charadrius dealbatus,2018,82,22.3581027984619,22.9715042114258,0.613401412963867
Charadrius placidus,2018,860,6.81603288650513,7.68998575210571,0.873952865600586
Charadrius veredus,2018,147,1.37415206432343,2.56777620315552,1.19362413883209
Chlidonias leucopterus,2018,1115,3.61852622032166,4.52132987976074,0.902803659439087
Chlidonias niger,2018,65,2.81934809684753,3.32788705825806,0.508538961410523
Chloris ambigua,2018,297,13.6298961639404,14.073296546936,0.443400382995605
Chloris sinica,2018,2177,10.1043548583984,10.9056186676025,0.801263809204102
Chrysolophus pictus,2018,410,12.3430995941162,12.9121980667114,0.569098472595215
Ciconia boyciana,2018,141,3.75946140289307,4.67384672164917,0.914385318756104
Ciconia nigra,2018,2186,5.71650981903076,6.53088808059692,0.814378261566162
Circaetus gallicus,2018,228,6.13989019393921,6.76908731460571,0.629197120666504
Circus macrourus,2018,154,2.22476196289063,2.79072189331055,0.565959930419922
Circus spilonotus,2018,631,1.43180251121521,2.35853338241577,0.926730871200562
Cisticola exilis,2018,521,18.3237705230713,18.9342975616455,0.610527038574219
Cisticola juncidis,2018,1233,15.9261827468872,16.6468811035156,0.720698356628418
Clamator coromandus,2018,1069,16.5760765075684,17.2896766662598,0.713600158691406
Clanga clanga,2018,567,1.82915771007538,2.67591285705566,0.846755146980286
Columba oenas,2018,147,1.89062237739563,2.51713347434998,0.626511096954346
Copsychus saularis,2018,1011,16.2842559814453,16.9285678863525,0.644311904907227
Coracias garrulus,2018,83,1.71752464771271,2.28870677947998,0.571182131767273
Coturnicops exquisitus,2018,412,0.116188421845436,0.992736876010895,0.876548454165459
Crex crex,2018,149,1.68861591815948,2.27554106712341,0.586925148963928
Crossoptilon mantchuricum,2018,64,7.99328136444092,9.04203796386719,1.04875659942627
Curruca curruca,2018,961,4.71596050262451,5.28996133804321,0.574000835418701
Cyanistes cyanus,2018,658,0.813704073429108,1.55839669704437,0.744692623615265
Cyanoderma pyrrhops,2018,3,11.5056676864624,12.3504695892334,0.844801902770996
Cygnus cygnus,2018,538,1.97667515277863,2.98134636878967,1.00467121601105
Cygnus olor,2018,250,2.81658434867859,3.45914626121521,0.642561912536621
Cyornis glaucicomans,2018,344,15.2155599594116,15.76744556427,0.551885604858398
Cyornis hainanus,2018,199,21.3823966979981,21.8990039825439,0.516607284545898
Cyornis rubeculoides,2018,42,16.7205429077148,16.9676342010498,0.247091293334961
Delichon dasypus,2018,1040,7.09097099304199,7.71477222442627,0.623801231384277
Dendrocitta formosae,2018,933,17.1049575805664,17.7488765716553,0.643918991088867
Dendrocopos hyperythrus,2018,413,8.27587223052979,8.793701171875,0.517828941345215
Dendrocygna javanica,2018,684,18.0148448944092,18.683069229126,0.668224334716797
Dicaeum cruentatum,2018,519,18.7793598175049,19.364086151123,0.584726333618164
Dicaeum ignipectus,2018,1035,15.6106557846069,16.2131481170654,0.602492332458496
Dicaeum minullum,2018,835,14.767373085022,15.2939777374268,0.526604652404785
Dicrurus annectens,2018,164,19.7741985321045,20.1507053375244,0.376506805419922
Dicrurus hottentottus,2018,1277,14.8924055099487,15.6078004837036,0.715394973754883
Dicrurus remifer,2018,201,17.4981899261475,17.8886909484863,0.390501022338867
Egretta eulophotes,2018,19,9.63973045349121,10.4132823944092,0.773551940917969
Egretta garzetta,2018,1670,12.7392654418945,13.455846786499,0.716581344604492
Elachura formosa,2018,245,15.8722858428955,16.3146915435791,0.442405700683594
Elanus caeruleus,2018,97,20.0274238586426,20.7172298431396,0.68980598449707
Emberiza buchanani,2018,164,0.845942556858063,1.41706025600433,0.571117699146271
Emberiza citrinella,2018,45,1.24440145492554,1.84112894535065,0.59672749042511
Emberiza elegans,2018,1059,8.75524711608887,9.45962429046631,0.704377174377441
Emberiza godlewskii,2018,2040,4.47789907455444,5.1670241355896,0.689125061035156
Emberiza hortulana,2018,93,3.53125858306885,4.04550790786743,0.514249324798584
Emberiza leucocephalos,2018,716,0.0190331656485796,0.709600389003754,0.690567223355174
Emberiza pallasi,2018,141,-2.66091752052307,-1.69529092311859,0.96562659740448
Emberiza pusilla,2018,208,2.53732514381409,3.42076086997986,0.883435726165772
Emberiza rustica,2018,3,-4.41251945495605,-3.73858952522278,0.673929929733276
Emberiza siemsseni,2018,79,10.0293006896973,10.7082538604736,0.678953170776367
Emberiza yessoensis,2018,46,2.82388091087341,3.63421082496643,0.810329914093018
Enicurus leschenaulti,2018,1155,14.9616861343384,15.6025123596191,0.640826225280762
Enicurus maculatus,2018,490,17.4008846282959,17.9111175537109,0.510232925415039
Enicurus schistaceus,2018,598,17.1719207763672,17.7219753265381,0.550054550170898
Erpornis zantholeuca,2018,529,17.9002780914307,18.4489231109619,0.54864501953125
Erythrogenys hypoleucos,2018,50,19.9029903411865,20.30544090271,0.402450561523438
Eudynamys scolopaceus,2018,1083,16.3084487915039,16.9928703308105,0.684421539306641
Eumyias thalassinus,2018,737,14.3080358505249,14.8604364395142,0.552400588989258
Falco cherrug,2018,2075,2.70873928070068,3.41195607185364,0.703216791152954
Falco severus,2018,359,17.7754745483398,18.2342300415039,0.458755493164063
Ficedula albicilla,2018,89,-2.38578534126282,-1.5274224281311,0.858362913131714
Ficedula elisae,2018,152,7.47436904907227,8.52019023895264,1.04582118988037
Ficedula erithacus,2018,610,7.43311548233032,7.92929553985596,0.496180057525635
Ficedula hyperythra,2018,472,16.0033531188965,16.4616012573242,0.458248138427734
Ficedula mugimaki,2018,678,2.3159077167511,3.19900441169739,0.883096694946289
Ficedula strophiata,2018,621,13.0205202102661,13.5539636611938,0.533443450927734
Ficedula superciliaris,2018,331,5.17182588577271,5.68990182876587,0.518075942993164
Ficedula tricolor,2018,560,11.7169189453125,12.204532623291,0.487613677978516
Fringilla coelebs,2018,6,-3.64196300506592,-2.99183869361877,0.650124311447144
Fringilla montifringilla,2018,23,-2.54210829734802,-1.91111493110657,0.630993366241455
Galerida cristata,2018,1619,6.56866264343262,7.40027809143066,0.831615447998047
Gallicrex cinerea,2018,1658,13.8156538009644,14.5743970870972,0.758743286132813
Garrulax canorus,2018,757,17.0413055419922,17.733060836792,0.691755294799805
Garrulax maesi,2018,302,17.0664443969727,17.6187477111816,0.552303314208984
Garrulax monileger,2018,463,19.1697063446045,19.7494716644287,0.579765319824219
Gavia arctica,2018,163,2.2326762676239,2.83763122558594,0.604954957962036
Gelochelidon nilotica,2018,554,7.68231201171875,8.46831035614014,0.785998344421387
Geokichla citrina,2018,505,17.6489105224609,18.2807445526123,0.631834030151367
Glaucidium cuculoides,2018,1012,16.7492389678955,17.4035415649414,0.654302597045898
Gorsachius melanolophus,2018,105,21.6351413726807,22.1474437713623,0.512302398681641
Gracupica nigricollis,2018,510,17.9595203399658,18.5125579833984,0.553037643432617
Grandala coelicolor,2018,621,0.189435198903084,0.760095477104187,0.570660278201103
Grus japonensis,2018,76,2.61315250396729,3.46529626846314,0.85214376449585
Grus monacha,2018,21,-0.20156466960907,0.646703481674194,0.848268151283264
Grus nigricollis,2018,407,-2.81143999099731,-2.02481937408447,0.786620616912842
Gypaetus barbatus,2018,1655,0.90612781047821,1.58525550365448,0.67912769317627
Gyps himalayensis,2018,1392,1.23260295391083,1.82787275314331,0.595269799232483
Halcyon coromanda,2018,131,9.25574684143066,9.864914894104,0.60916805267334
Halcyon pileata,2018,1245,13.7531538009644,14.5275115966797,0.774357795715332
Halcyon smyrnensis,2018,182,21.6887283325195,22.2705993652344,0.581871032714844
Haliaeetus leucoryphus,2018,34,14.0554161071777,14.2318296432495,0.176413536071777
Harpactes wardi,2018,78,8.85727214813232,9.24495697021484,0.38768482208252
Helopsaltes certhiola,2018,1617,4.47727870941162,5.22502326965332,0.747744560241699
Helopsaltes pryeri,2018,166,6.73794746398926,7.68836307525635,0.95041561126709
Hemiprocne coronata,2018,103,16.7578430175781,17.0820026397705,0.324159622192383
Hemitesia pallidipes,2018,155,16.8176536560059,17.1747245788574,0.357070922851563
Hemixos castanonotus,2018,373,19.1924209594727,19.8038997650147,0.611478805541992
Heterophasia desgodinsi,2018,283,15.513069152832,15.9596948623657,0.446625709533691
Heteroxenicus stellatus,2018,104,10.5467109680176,10.9480447769165,0.401333808898926
Hieraaetus pennatus,2018,137,-1.33781504631042,-0.563716888427734,0.77409815788269
Hierococcyx nisicolor,2018,639,17.0438480377197,17.5991191864014,0.555271148681641
Hirundapus caudacutus,2018,1023,3.56975531578064,4.32461977005005,0.754864454269409
Hirundo rustica,2018,4116,6.53853988647461,7.2883152961731,0.749775409698486
Histrionicus histrionicus,2018,83,2.51139283180237,3.33337092399597,0.821978092193604
Hydrocoloeus minutus,2018,48,8.87618541717529,9.32948303222656,0.45329761505127
Hydrophasianus chirurgus,2018,865,17.0730152130127,17.7137336730957,0.640718460083008
Hydroprogne caspia,2018,298,13.7203493118286,14.4745597839355,0.754210472106934
Hypothymis azurea,2018,513,17.3541965484619,17.8483200073242,0.494123458862305
Hypsipetes leucocephalus,2018,1126,15.1517972946167,15.7796144485474,0.627817153930664
Ianthocincla lunulata,2018,135,10.4669580459595,11.0923128128052,0.625354766845703
Ibidorhyncha struthersii,2018,1706,2.63580417633057,3.38473629951477,0.748932123184204
Ictinaetus malaiensis,2018,101,17.802188873291,18.5130844116211,0.710895538330078
Iduna caligata,2018,61,2.13780975341797,2.64734673500061,0.509536981582642
Indicator xanthonotus,2018,48,12.2993488311768,12.6493549346924,0.350006103515625
Ixobrychus cinnamomeus,2018,1390,15.337140083313,16.0972595214844,0.760119438171387
Ixobrychus eurhythmus,2018,1430,9.70042896270752,10.5879278182983,0.88749885559082
Ixobrychus minutus,2018,183,3.59522795677185,4.19076871871948,0.595540761947632
Ixos mcclellandii,2018,697,17.6051921844482,18.1942768096924,0.589084625244141
Ketupa flavipes,2018,920,17.0898551940918,17.8216857910156,0.731830596923828
Lalage melaschistos,2018,1331,14.7237720489502,15.4410791397095,0.717307090759277
Lanius borealis,2018,248,1.18080830574036,1.8734632730484,0.692654967308044
Lanius collurioides,2018,302,18.6856880187988,19.1537208557129,0.468032836914063
Lanius isabellinus,2018,1437,4.29488563537598,4.98150682449341,0.686621189117432
Lanius schach,2018,1339,14.2475595474243,14.9087409973145,0.661181449890137
Lanius sphenocercus,2018,817,3.8520245552063,4.77536678314209,0.923342227935791
Lanius tephronotus,2018,638,4.51975870132446,5.00883197784424,0.489073276519775
Larus crassirostris,2018,78,15.5089054107666,16.3421974182129,0.833292007446289
Larvivora brunnea,2018,325,6.83418989181519,7.35931301116943,0.525123119354248
Larvivora cyane,2018,504,1.02699601650238,1.87776625156403,0.850770235061646
Leptopoecile elegans,2018,464,1.16251695156097,1.67993974685669,0.517422795295715
Leptoptilos javanicus,2018,193,17.0435619354248,17.456392288208,0.412830352783203
Limnodromus semipalmatus,2018,293,0.636016726493835,1.58870542049408,0.952688694000244
Limosa limosa,2018,390,1.07777690887451,1.89874374866486,0.820966839790344
Linaria cannabina,2018,164,3.81024098396301,4.35419893264771,0.543957948684692
Locustella davidi,2018,377,1.02113199234009,1.87233555316925,0.851203560829163
Locustella mandelli,2018,546,16.9194431304932,17.4934539794922,0.574010848999023
Lonchura striata,2018,766,18.0601272583008,18.7183799743652,0.658252716064453
Lophotriorchis kienerii,2018,55,21.8129367828369,22.1519584655762,0.339021682739258
Lophura leucomelanos,2018,150,10.5427417755127,10.9349889755249,0.392247200012207
Lophura nycthemera,2018,260,18.5232791900635,18.9890899658203,0.465810775756836
Loxia curvirostra,2018,1375,1.54966580867767,2.25666165351868,0.706995844841003
Macropygia unchall,2018,594,16.1906127929688,16.7195987701416,0.528985977172852
Mareca falcata,2018,366,-0.290807813405991,0.583513975143433,0.874321788549423
Megaceryle lugubris,2018,1428,15.1732769012451,15.9189529418945,0.745676040649414
Melanitta fusca,2018,7,0.868973076343536,1.59015142917633,0.721178352832794
Melanitta stejnegeri,2018,45,-4.25272130966187,-3.38579845428467,0.866922855377197
Melanochlora sultanea,2018,155,18.2084312438965,18.6416816711426,0.433250427246094
Mergus serrator,2018,251,1.3321053981781,2.12983083724976,0.797725439071655
Merops philippinus,2018,293,18.3080310821533,18.7691917419434,0.461160659790039
Mixornis gularis,2018,159,16.6837577819824,17.0847396850586,0.400981903076172
Monticola gularis,2018,646,2.43376898765564,3.3232250213623,0.889456033706665
Monticola rufiventris,2018,869,15.3018579483032,15.9170980453491,0.615240097045898
Monticola solitarius,2018,2043,10.853741645813,11.5814189910889,0.727677345275879
Motacilla citreola,2018,2159,2.20297122001648,2.87652897834778,0.673557758331299
Moupinia poecilotis,2018,145,6.02350807189941,6.53876543045044,0.515257358551025
Muscicapa dauurica,2018,671,1.70671880245209,2.60944533348084,0.902726531028748
Muscicapa ferruginea,2018,600,12.596305847168,13.1107511520386,0.514445304870606
Muscicapa muttui,2018,305,16.68186378479,17.1498107910156,0.467947006225586
Mycerobas affinis,2018,417,4.74256801605225,5.25594472885132,0.513376712799072
Mycerobas carnipes,2018,1012,2.43280649185181,2.94676446914673,0.513957977294922
Myiomela leucura,2018,672,15.003249168396,15.5293407440186,0.526091575622559
Myophonus caeruleus,2018,1550,12.4764938354492,13.1916179656982,0.715124130249023
Netta rufina,2018,395,4.57272863388062,5.17019081115723,0.597462177276611
Niltava davidi,2018,684,16.3860206604004,16.9368076324463,0.550786972045898
Niltava grandis,2018,139,15.5507926940918,15.9073171615601,0.356524467468262
Niltava macgrigoriae,2018,278,17.1179103851318,17.5307445526123,0.412834167480469
Niltava sundara,2018,761,11.4049816131592,11.9342088699341,0.529227256774902
Ninox japonica,2018,1327,11.1691026687622,12.0669240951538,0.897821426391602
Nipponia nippon,2018,3,13.224778175354,13.9340543746948,0.70927619934082
Nisaetus nipalensis,2018,501,16.0050029754639,16.5430583953857,0.538055419921875
Numenius madagascariensis,2018,197,0.840074002742767,1.64245820045471,0.802384197711945
Nycticorax nycticorax,2018,1539,14.4904012680054,15.2536020278931,0.763200759887695
Oenanthe deserti,2018,1737,2.79329204559326,3.49890351295471,0.70561146736145
Oenanthe oenanthe,2018,1019,4.16478967666626,5.04994916915894,0.885159492492676
Onychoprion anaethetus,2018,31,20.9556827545166,21.7614517211914,0.805768966674805
Oriolus oriolus,2018,192,3.03185987472534,3.5935389995575,0.561679124832153
Otus lettia,2018,878,17.5054512023926,18.1593780517578,0.653926849365234
Otus semitorques,2018,542,7.6100811958313,8.52546691894531,0.915385723114014
Otus spilocephalus,2018,561,16.5144157409668,17.1026668548584,0.588251113891602
Oxyura leucocephala,2018,149,5.72699737548828,6.29084587097168,0.563848495483398
Panurus biarmicus,2018,1831,4.12009954452515,4.86386728286743,0.743767738342285
Paradoxornis guttaticollis,2018,448,16.6616554260254,17.2327442169189,0.571088790893555
Paradoxornis heudei,2018,323,12.1314287185669,13.0819110870361,0.950482368469238
Parayuhina diademata,2018,471,13.0819683074951,13.6067113876343,0.52474308013916
Pardaliparus venustulus,2018,704,13.5442533493042,14.330641746521,0.786388397216797
Parus monticolus,2018,628,12.7628221511841,13.3408765792847,0.578054428100586
Passer cinnamomeus,2018,1562,12.8010911941528,13.5431861877441,0.742094993591309
Passer domesticus,2018,750,0.82120680809021,1.61787891387939,0.796672105789185
Passer hispaniolensis,2018,153,4.25698804855347,4.781813621521,0.524825572967529
Pelecanus crispus,2018,151,0.737479865550995,1.17765414714813,0.440174281597137
Pellorneum tickelli,2018,96,18.7574138641357,19.1134662628174,0.356052398681641
Perdix hodgsoniae,2018,460,-1.68631982803345,-1.02450609207153,0.661813735961914
Pericrocotus cantonensis,2018,816,16.4538898468018,17.1455135345459,0.691623687744141
Pericrocotus divaricatus,2018,132,2.67148590087891,3.49220943450928,0.820723533630371
Pericrocotus ethologus,2018,1120,10.0661602020264,10.7391033172607,0.672943115234375
Pericrocotus solaris,2018,630,17.9055347442627,18.4671764373779,0.561641693115234
Periparus rubidiventris,2018,406,1.0057018995285,1.54435276985168,0.538650870323181
Pernis ptilorhynchus,2018,832,3.53393316268921,4.31236553192139,0.778432369232178
Phasianus colchicus,2018,2329,8.38204383850098,9.10900497436523,0.726961135864258
Phoenicurus erythronotus,2018,302,4.4462628364563,5.02255010604858,0.576287269592285
Phoenicurus frontalis,2018,923,4.79591703414917,5.37157917022705,0.575662136077881
Phoenicurus leucocephalus,2018,1426,7.7376446723938,8.39067554473877,0.653030872344971
Phoenicurus ochruros,2018,2263,3.26384401321411,3.94866156578064,0.684817552566528
Phoenicurus schisticeps,2018,406,3.07463383674622,3.61980104446411,0.545167207717896
Phylloscopus affinis,2018,666,5.29091310501099,5.85701560974121,0.566102504730225
Phylloscopus burkii,2018,33,2.90200233459473,3.33338332176209,0.431380987167358
Phylloscopus cantator,2018,105,15.6603422164917,15.9703855514526,0.310043334960938
Phylloscopus castaniceps,2018,632,16.0546073913574,16.6368427276611,0.582235336303711
Phylloscopus claudiae,2018,522,9.88924694061279,10.6758365631104,0.786589622497559
Phylloscopus coronatus,2018,414,6.72929191589356,7.45030689239502,0.721014976501465
Phylloscopus emeiensis,2018,22,12.370792388916,12.9873704910278,0.616578102111816
Phylloscopus intermedius,2018,134,14.0922756195068,14.6247043609619,0.532428741455078
Phylloscopus magnirostris,2018,214,6.5604043006897,7.00868606567383,0.448281764984131
Phylloscopus ogilviegranti,2018,381,17.7375507354736,18.31418800354,0.576637268066406
Phylloscopus omeiensis,2018,138,10.2660341262817,10.8281478881836,0.562113761901856
Phylloscopus pulcher,2018,413,7.9857611656189,8.45768356323242,0.471922397613525
Phylloscopus ricketti,2018,676,15.3157758712769,16.0064811706543,0.690705299377441
Phylloscopus soror,2018,245,13.625864982605,14.2956199645996,0.669754981994629
Phylloscopus subaffinis,2018,1013,11.5190992355347,12.1730012893677,0.653902053833008
Phylloscopus tenellipes,2018,259,4.56703424453735,5.38500738143921,0.817973136901856
Phylloscopus tephrocephalus,2018,281,12.0046453475952,12.5715713500977,0.566926002502441
Phylloscopus yunnanensis,2018,215,8.02978324890137,8.85463523864746,0.824851989746094
Picumnus innominatus,2018,1093,15.3501920700073,15.9900703430176,0.639878273010254
Picus chlorolophus,2018,236,18.3902645111084,18.844409942627,0.454145431518555
Pitta nympha,2018,314,17.3351917266846,18.2076148986816,0.87242317199707
Platalea minor,2018,6,9.52713203430176,10.2619009017944,0.734768867492676
Pnoepyga immaculata,2018,5,5.88570213317871,6.63431739807129,0.748615264892578
Podiceps auritus,2018,229,0.136366680264473,0.776759147644043,0.64039246737957
Podiceps grisegena,2018,136,1.74304449558258,2.52852559089661,0.785481095314026
Podiceps nigricollis,2018,481,3.37681865692139,4.21830320358276,0.841484546661377
Podoces biddulphi,2018,276,11.4326000213623,11.9587707519531,0.52617073059082
Pomatorhinus schisticeps,2018,30,17.0419483184814,17.29736328125,0.255414962768555
Pomatorhinus superciliaris,2018,107,15.5741310119629,15.8924942016602,0.318363189697266
Prinia atrogularis,2018,41,13.7463512420654,14.0726480484009,0.326296806335449
Prinia flaviventris,2018,82,19.0294494628906,19.3731498718262,0.343700408935547
Prinia inornata,2018,815,17.7829418182373,18.4370574951172,0.654115676879883
Prunella collaris,2018,2078,0.881721675395966,1.62153422832489,0.739812552928925
Prunella himalayana,2018,208,-0.780707001686096,-0.1283248513937,0.652382150292397
Prunella immaculata,2018,328,2.3754723072052,2.93964576721191,0.564173460006714
Prunella montanella,2018,35,-4.01745891571045,-3.15710139274597,0.860357522964478
Prunella strophiata,2018,581,4.8185076713562,5.33058881759644,0.512081146240234
Psarisomus dalhousiae,2018,108,17.168399810791,17.5084609985352,0.340061187744141
Pseudopodoces humilis,2018,999,-2.24323654174805,-1.59518313407898,0.648053407669067
Psilopogon faber,2018,43,19.2454166412354,19.7613792419434,0.515962600708008
Psilopogon virens,2018,727,16.4328498840332,17.029842376709,0.596992492675781
Pterorhinus berthemyi,2018,335,15.9220361709595,16.6010913848877,0.679055213928223
Pterorhinus lanceolatus,2018,830,14.0311040878296,14.6099185943604,0.578814506530762
Pterorhinus pectoralis,2018,584,16.4923286437988,17.2020092010498,0.709680557250977
Pterorhinus sannio,2018,723,16.5131092071533,17.1470642089844,0.633955001831055
Pteruthius rufiventer,2018,90,13.7090368270874,14.0629720687866,0.353935241699219
Pteruthius xanthochlorus,2018,307,10.3232049942017,10.8426389694214,0.519433975219727
Ptyonoprogne rupestris,2018,1954,5.37436962127686,6.07670068740845,0.702331066131592
Pycnonotus aurigaster,2018,572,17.6714363098145,18.2648315429688,0.593395233154297
Pycnonotus jocosus,2018,415,18.2223873138428,18.7069644927979,0.484577178955078
Pycnonotus sinensis,2018,1342,15.0544948577881,15.8513078689575,0.796813011169434
Pycnonotus xanthorrhous,2018,700,14.8906507492065,15.5014314651489,0.610780715942383
Pyrrhula erythaca,2018,897,8.99915409088135,9.59825611114502,0.599102020263672
Pyrrhula nipalensis,2018,747,14.819185256958,15.3785266876221,0.559341430664063
Rallina eurizonoides,2018,152,20.1719455718994,20.6028728485107,0.430927276611328
Rallus aquaticus,2018,1224,2.42764139175415,3.0137050151825,0.586063623428345
Recurvirostra avosetta,2018,698,1.33939504623413,2.13767957687378,0.798284530639648
Regulus regulus,2018,930,7.1307168006897,7.70743131637573,0.576714515686035
Remiz consobrinus,2018,558,3.35002541542053,4.22973346710205,0.879708051681519
Remiz coronatus,2018,191,2.46915340423584,3.13549065589905,0.666337251663208
Rhodospiza obsoleta,2018,720,5.24223470687866,5.80053091049194,0.558296203613281
Riparia riparia,2018,784,2.64866471290588,3.4660267829895,0.817362070083618
Rubigula flaviventris,2018,174,18.7557125091553,19.1651878356934,0.409475326538086
Sasia ochracea,2018,132,19.0419464111328,19.4006290435791,0.358682632446289
Saxicola ferreus,2018,1085,14.6986656188965,15.3499507904053,0.651285171508789
Sitta cinnamoventris,2018,123,17.082124710083,17.4541168212891,0.371992111206055
Sitta formosa,2018,141,15.951807975769,16.3052139282227,0.353405952453613
Sitta villosa,2018,798,6.09239196777344,6.91647529602051,0.82408332824707
Sittiparus varius,2018,82,5.76430416107178,6.52958679199219,0.76528263092041
Spilopelia chinensis,2018,1413,14.8436107635498,15.580587387085,0.736976623535156
Spilopelia senegalensis,2018,168,3.82531929016113,4.44574689865112,0.62042760848999
Spilornis cheela,2018,652,17.436824798584,18.035285949707,0.598461151123047
Spinus spinus,2018,295,-0.596706986427307,0.252316653728485,0.849023640155792
Spizixos semitorques,2018,944,16.026798248291,16.7437286376953,0.716930389404297
Spodiopsar cineraceus,2018,1439,4.32776212692261,5.22426700592041,0.896504878997803
Spodiopsar sericeus,2018,692,17.4629497528076,18.1590061187744,0.696056365966797
Stachyris humei,2018,39,13.5445995330811,13.8296680450439,0.285068511962891
Staphida torqueola,2018,740,17.3425159454346,17.9882736206055,0.645757675170898
Streptopelia decaocto,2018,1819,7.51734828948975,8.25402069091797,0.736672401428223
Sturnia sinensis,2018,305,19.1309833526611,19.8092746734619,0.678291320800781
Sturnus vulgaris,2018,253,4.91895532608032,5.50995063781738,0.590995311737061
Suthora fulvifrons,2018,136,9.14953327178955,9.59743213653564,0.447898864746094
Syrmaticus humiae,2018,108,16.9307231903076,17.343542098999,0.412818908691406
Syrmaticus reevesii,2018,256,14.2624092102051,14.8880968093872,0.625687599182129
Syrrhaptes paradoxus,2018,1270,4.20923328399658,5.0601077079773,0.850874423980713
Tarsiger chrysaeus,2018,217,7.12873888015747,7.56405687332153,0.435317993164063
Tarsiger indicus,2018,276,9.35574531555176,9.80981922149658,0.454073905944824
Temnurus temnurus,2018,38,23.8245315551758,24.2658767700195,0.44134521484375
Tephrodornis virgatus,2018,421,19.5108184814453,20.126745223999,0.615926742553711
Thalasseus bergii,2018,240,22.2157859802246,22.9060287475586,0.690242767333984
Timalia pileata,2018,263,19.225227355957,19.6872081756592,0.461980819702148
Tragopan caboti,2018,186,18.5082702636719,19.2632236480713,0.754953384399414
Tragopan temminckii,2018,529,12.6361389160156,13.1568727493286,0.520733833312988
Treron curvirostra,2018,162,18.7455444335938,19.107629776001,0.362085342407227
Treron sieboldii,2018,645,17.8530445098877,18.5810489654541,0.728004455566406
Treron sphenurus,2018,294,14.4787168502808,14.8973836898804,0.418666839599609
Turdus boulboul,2018,220,17.376407623291,17.7553787231445,0.378971099853516
Turdus cardis,2018,169,15.0351343154907,15.8315515518188,0.796417236328125
Turdus feae,2018,117,7.37936782836914,8.4170732498169,1.03770542144775
Turdus mandarinus,2018,1032,14.7816362380981,15.4836225509644,0.701986312866211
Turdus pilaris,2018,220,-1.74795424938202,-0.877768456935883,0.870185792446137
Turdus rubrocanus,2018,541,5.81288194656372,6.40401840209961,0.591136455535889
Turdus ruficollis,2018,159,2.9576096534729,3.53302216529846,0.575412511825562
Turdus viscivorus,2018,422,4.64524841308594,5.23741149902344,0.5921630859375
Turnix suscitator,2018,455,17.9373970031738,18.4541625976563,0.516765594482422
Tyto longimembris,2018,685,17.7860012054443,18.4777641296387,0.691762924194336
Urile pelagicus,2018,10,10.4286890029907,11.2060956954956,0.777406692504883
Urosphena squameiceps,2018,112,3.62927651405334,4.42955493927002,0.800278425216675
Vanellus cinereus,2018,279,3.7433602809906,4.58743762969971,0.844077348709106
Vanellus indicus,2018,87,17.6243762969971,17.973217010498,0.348840713500977
Vanellus vanellus,2018,1111,2.88630080223084,3.76047253608704,0.874171733856201
Yuhina nigrimenta,2018,669,15.0526151657105,15.6482992172241,0.595684051513672
Zoothera dixoni,2018,349,11.1787948608398,11.6319007873535,0.453105926513672
Zoothera mollissima,2018,155,2.83340001106262,3.33753776550293,0.504137754440308
Zoothera monticola,2018,41,12.9189081192017,13.1208209991455,0.201912879943848
Zosterops erythropleurus,2018,328,4.62363433837891,5.45623254776001,0.832598209381104
Abroscopus albogularis,2019,562,17.4008522033691,18.2400703430176,0.839218139648438
Accipiter gularis,2019,697,2.65403866767883,3.99176621437073,1.33772754669189
Accipiter soloensis,2019,942,14.6539878845215,15.6711502075195,1.01716232299805
Accipiter trivirgatus,2019,174,20.6737785339356,21.7587146759033,1.08493614196777
Accipiter virgatus,2019,846,15.1853485107422,16.0569019317627,0.871553421020508
Acridotheres cristatellus,2019,1081,16.3418083190918,17.2587623596191,0.916954040527344
Acridotheres tristis,2019,284,13.0754556655884,14.2708988189697,1.19544315338135
Acrocephalus agricola,2019,581,6.84485864639282,7.95934295654297,1.11448431015015
Acrocephalus bistrigiceps,2019,1280,6.68613195419312,7.9549822807312,1.26885032653809
Acrocephalus concinens,2019,766,13.3816928863525,14.4556379318237,1.07394504547119
Acrocephalus orientalis,2019,1446,7.09092283248901,8.33749198913574,1.24656915664673
Acrocephalus tangorum,2019,171,4.11876344680786,5.5416955947876,1.42293214797974
Aegithalos bonvaloti,2019,106,7.6470046043396,8.56318855285645,0.916183948516846
Aegithalos caudatus,2019,754,2.25801730155945,3.58099126815796,1.32297396659851
Aegithalos concinnus,2019,953,15.9409122467041,16.8545379638672,0.913625717163086
Aegithalos fuliginosus,2019,138,9.91040992736816,10.613377571106,0.702967643737793
Aerodramus brevirostris,2019,603,13.6866846084595,14.4740610122681,0.787376403808594
Aethopyga christinae,2019,23,24.3484706878662,25.5873756408691,1.23890495300293
Aethopyga gouldiae,2019,956,11.0757522583008,11.8414678573608,0.765715599060059
Agropsar sturninus,2019,1131,4.8556547164917,6.12990522384644,1.27425050735474
Aix galericulata,2019,422,3.75636386871338,5.09292411804199,1.33656024932861
Alauda gulgula,2019,1994,9.42479801177979,10.2258071899414,0.801009178161621
Alaudala cheleensis,2019,2390,5.02381753921509,6.15025424957275,1.12643671035767
Alcedo hercules,2019,141,19.7236499786377,20.7810382843018,1.05738830566406
Alcippe morrisonia,2019,975,16.4001846313477,17.298656463623,0.898471832275391
Amaurornis phoenicurus,2019,1130,16.0147972106934,16.9333057403564,0.918508529663086
Anastomus oscitans,2019,315,16.1227264404297,17.0972633361816,0.974536895751953
Anser anser,2019,936,2.59998202323914,3.91140794754028,1.31142592430115
Anser fabalis,2019,359,-0.232263207435608,0.994296371936798,1.22655957937241
Anser indicus,2019,441,0.791138470172882,1.7136607170105,0.922522246837616
Anthus godlewskii,2019,157,1.22606432437897,2.66984677314758,1.44378244876862
Anthus gustavi,2019,66,2.94458818435669,4.13345909118652,1.18887090682983
Anthus richardi,2019,2788,8.37556171417236,9.49396800994873,1.11840629577637
Anthus roseatus,2019,1911,3.55629634857178,4.34810161590576,0.791805267333984
Anthus trivialis,2019,126,1.94549369812012,3.3265860080719,1.38109230995178
Aquila fasciata,2019,300,19.3407211303711,20.4112148284912,1.07049369812012
Aquila heliaca,2019,183,0.794729292392731,2.08171629905701,1.28698700666428
Ardea intermedia,2019,806,16.9554290771484,17.86794090271,0.912511825561523
Ardea purpurea,2019,1542,13.773362159729,14.8387765884399,1.06541442871094
Ardenna pacifica,2019,90,21.6581630706787,22.8634719848633,1.20530891418457
Artamus fuscus,2019,275,20.3747119903564,21.4442348480225,1.06952285766602
Asio flammeus,2019,498,0.647581040859222,1.92254137992859,1.27496033906937
Athene noctua,2019,3280,3.76510715484619,4.81769704818726,1.05258989334106
Aviceda jerdoni,2019,64,20.8588600158691,21.8695087432861,1.01064872741699
Aviceda leuphotes,2019,784,15.98646068573,16.8473682403564,0.860907554626465
Aythya fuligula,2019,613,0.912497222423553,2.17662882804871,1.26413160562515
Aythya nyroca,2019,348,3.64787364006043,4.90775728225708,1.25988364219666
Bombycilla japonica,2019,93,-2.70986938476563,-1.65756070613861,1.05230867862701
Branta canadensis,2019,19,7.6150541305542,9.11566734313965,1.50061321258545
Bubo nipalensis,2019,362,11.4124135971069,12.3509302139282,0.938516616821289
Bucanetes mongolicus,2019,731,5.15714693069458,6.43301343917847,1.27586650848389
Butastur indicus,2019,481,4.17492294311523,5.52858209609985,1.35365915298462
Cacomantis merulinus,2019,411,19.2106418609619,20.2600135803223,1.04937171936035
Calandrella brachydactyla,2019,400,5.59619903564453,6.85418462753296,1.25798559188843
Calliope obscura,2019,74,8.60147857666016,9.28050422668457,0.679025650024414
Caprimulgus macrurus,2019,78,21.0046348571777,22.0864944458008,1.08185958862305
Carpodacus roborowskii,2019,101,-4.03297138214111,-3.52548217773438,0.507489204406738
Carpodacus vinaceus,2019,535,13.1980676651001,14.0014533996582,0.803385734558106
Cecropis daurica,2019,2623,9.16229629516602,10.2076101303101,1.04531383514404
Centropus bengalensis,2019,607,18.6197357177734,19.6205520629883,1.00081634521484
Cephalopyrus flammiceps,2019,98,11.278489112854,12.0275945663452,0.749105453491211
Certhia familiaris,2019,1518,4.10910701751709,5.32256460189819,1.2134575843811
Certhia himalayana,2019,210,9.42436599731445,10.2813673019409,0.857001304626465
Certhia tianquanensis,2019,46,8.03892517089844,8.61727237701416,0.578347206115723
Ceryle rudis,2019,762,17.6190166473389,18.5889530181885,0.969936370849609
Cettia brunnifrons,2019,409,9.04499340057373,9.74278259277344,0.697789192199707
Cettia castaneocoronata,2019,502,12.0057926177979,12.8470182418823,0.841225624084473
Chalcophaps indica,2019,288,20.4205284118652,21.5076065063477,1.08707809448242
Charadrius atrifrons,2019,1360,-0.0825315490365028,0.678859233856201,0.761390782892704
Charadrius dealbatus,2019,82,22.3581027984619,23.5135612487793,1.15545845031738
Charadrius placidus,2019,860,6.81603288650513,8.05302047729492,1.2369875907898
Charadrius veredus,2019,147,1.37415206432343,2.85899519920349,1.48484313488007
Chlidonias leucopterus,2019,1115,3.61852622032166,4.93945503234863,1.32092881202698
Chlidonias niger,2019,65,2.81934809684753,4.1607608795166,1.34141278266907
Chloris ambigua,2019,297,13.6298961639404,14.6441984176636,1.01430225372314
Chloris sinica,2019,2177,10.1043548583984,11.1694011688232,1.0650463104248
Chrysolophus pictus,2019,410,12.3430995941162,13.0069093704224,0.663809776306152
Ciconia boyciana,2019,141,3.75946140289307,5.1306300163269,1.37116861343384
Ciconia nigra,2019,2186,5.71650981903076,6.93978595733643,1.22327613830566
Circaetus gallicus,2019,228,6.13989019393921,7.33922147750855,1.19933128356934
Circus macrourus,2019,154,2.22476196289063,3.52451252937317,1.29975056648254
Circus spilonotus,2019,631,1.43180251121521,2.76844263076782,1.33664011955261
Cisticola exilis,2019,521,18.3237705230713,19.3623275756836,1.0385570526123
Cisticola juncidis,2019,1233,15.9261827468872,16.9140949249268,0.987912178039551
Clamator coromandus,2019,1069,16.5760765075684,17.4966945648193,0.920618057250977
Clanga clanga,2019,567,1.82915771007538,3.15670776367188,1.3275500535965
Columba oenas,2019,147,1.89062237739563,3.47139167785645,1.58076930046082
Copsychus saularis,2019,1011,16.2842559814453,17.173885345459,0.889629364013672
Coracias garrulus,2019,83,1.71752464771271,3.32968044281006,1.61215579509735
Coturnicops exquisitus,2019,412,0.116188421845436,1.37558662891388,1.25939820706844
Crex crex,2019,149,1.68861591815948,3.22126436233521,1.53264844417572
Crossoptilon mantchuricum,2019,64,7.99328136444092,9.28338718414307,1.29010581970215
Curruca curruca,2019,961,4.71596050262451,5.78462171554565,1.06866121292114
Cyanistes cyanus,2019,658,0.813704073429108,2.07821702957153,1.26451295614243
Cyanoderma pyrrhops,2019,3,11.5056676864624,12.2585029602051,0.752835273742676
Cygnus cygnus,2019,538,1.97667515277863,3.29813480377197,1.32145965099335
Cygnus olor,2019,250,2.81658434867859,3.618168592453,0.801584243774414
Cyornis glaucicomans,2019,344,15.2155599594116,15.8872289657593,0.671669006347656
Cyornis hainanus,2019,199,21.3823966979981,22.46018409729,1.07778739929199
Cyornis rubeculoides,2019,42,16.7205429077148,17.3044128417969,0.583869934082031
Delichon dasypus,2019,1040,7.09097099304199,7.85257625579834,0.761605262756348
Dendrocitta formosae,2019,933,17.1049575805664,18.0286521911621,0.923694610595703
Dendrocopos hyperythrus,2019,413,8.27587223052979,9.19113731384277,0.915265083312988
Dendrocygna javanica,2019,684,18.0148448944092,19.0183906555176,1.0035457611084
Dicaeum cruentatum,2019,519,18.7793598175049,19.7791137695313,0.999753952026367
Dicaeum ignipectus,2019,1035,15.6106557846069,16.481107711792,0.870451927185059
Dicaeum minullum,2019,835,14.767373085022,15.6194915771484,0.852118492126465
Dicrurus annectens,2019,164,19.7741985321045,20.8159503936768,1.04175186157227
Dicrurus hottentottus,2019,1277,14.8924055099487,15.8319749832153,0.939569473266602
Dicrurus remifer,2019,201,17.4981899261475,18.52028465271,1.0220947265625
Egretta eulophotes,2019,19,9.63973045349121,10.9742107391357,1.33448028564453
Egretta garzetta,2019,1670,12.7392654418945,13.6479015350342,0.908636093139648
Elachura formosa,2019,245,15.8722858428955,16.8160991668701,0.943813323974609
Elanus caeruleus,2019,97,20.0274238586426,21.0850162506104,1.05759239196777
Emberiza buchanani,2019,164,0.845942556858063,2.23623585700989,1.39029330015183
Emberiza citrinella,2019,45,1.24440145492554,2.17683911323547,0.932437658309937
Emberiza elegans,2019,1059,8.75524711608887,9.78814220428467,1.0328950881958
Emberiza godlewskii,2019,2040,4.47789907455444,5.45578718185425,0.977888107299805
Emberiza hortulana,2019,93,3.53125858306885,4.55401563644409,1.02275705337524
Emberiza leucocephalos,2019,716,0.0190331656485796,1.09723818302155,1.07820501737297
Emberiza pallasi,2019,141,-2.66091752052307,-1.37689745426178,1.28402006626129
Emberiza pusilla,2019,208,2.53732514381409,3.90747499465942,1.37014985084534
Emberiza rustica,2019,3,-4.41251945495605,-3.57014107704163,0.842378377914429
Emberiza siemsseni,2019,79,10.0293006896973,10.7607154846191,0.731414794921875
Emberiza yessoensis,2019,46,2.82388091087341,4.08458232879639,1.26070141792297
Enicurus leschenaulti,2019,1155,14.9616861343384,15.8324842453003,0.870798110961914
Enicurus maculatus,2019,490,17.4008846282959,18.4159355163574,1.01505088806152
Enicurus schistaceus,2019,598,17.1719207763672,18.0871047973633,0.915184020996094
Erpornis zantholeuca,2019,529,17.9002780914307,18.9055233001709,1.00524520874023
Erythrogenys hypoleucos,2019,50,19.9029903411865,20.6607437133789,0.757753372192383
Eudynamys scolopaceus,2019,1083,16.3084487915039,17.215747833252,0.907299041748047
Eumyias thalassinus,2019,737,14.3080358505249,15.1236486434937,0.81561279296875
Falco cherrug,2019,2075,2.70873928070068,3.699875831604,0.99113655090332
Falco severus,2019,359,17.7754745483398,18.79709815979,1.0216236114502
Ficedula albicilla,2019,89,-2.38578534126282,-1.29187524318695,1.09391009807587
Ficedula elisae,2019,152,7.47436904907227,8.84890270233154,1.37453365325928
Ficedula erithacus,2019,610,7.43311548233032,8.19527721405029,0.762161731719971
Ficedula hyperythra,2019,472,16.0033531188965,16.9050331115723,0.901679992675781
Ficedula mugimaki,2019,678,2.3159077167511,3.65079951286316,1.33489179611206
Ficedula strophiata,2019,621,13.0205202102661,13.7897100448608,0.769189834594727
Ficedula superciliaris,2019,331,5.17182588577271,5.93507051467896,0.76324462890625
Ficedula tricolor,2019,560,11.7169189453125,12.4785223007202,0.761603355407715
Fringilla coelebs,2019,6,-3.64196300506592,-2.81673216819763,0.825230836868286
Fringilla montifringilla,2019,23,-2.54210829734802,-1.68599379062653,0.856114506721497
Galerida cristata,2019,1619,6.56866264343262,7.73474740982056,1.16608476638794
Gallicrex cinerea,2019,1658,13.8156538009644,14.8664093017578,1.05075550079346
Garrulax canorus,2019,757,17.0413055419922,17.9157791137695,0.874473571777344
Garrulax maesi,2019,302,17.0664443969727,17.8876876831055,0.821243286132813
Garrulax monileger,2019,463,19.1697063446045,20.1744213104248,1.00471496582031
Gavia arctica,2019,163,2.2326762676239,3.54643607139587,1.31375980377197
Gelochelidon nilotica,2019,554,7.68231201171875,9.07408237457275,1.391770362854
Geokichla citrina,2019,505,17.6489105224609,18.6504249572754,1.00151443481445
Glaucidium cuculoides,2019,1012,16.7492389678955,17.6416397094727,0.892400741577148
Gorsachius melanolophus,2019,105,21.6351413726807,22.80641746521,1.1712760925293
Gracupica nigricollis,2019,510,17.9595203399658,18.9641876220703,1.00466728210449
Grandala coelicolor,2019,621,0.189435198903084,0.790295660495758,0.600860461592674
Grus japonensis,2019,76,2.61315250396729,3.84830570220947,1.23515319824219
Grus monacha,2019,21,-0.20156466960907,0.837053596973419,1.03861826658249
Grus nigricollis,2019,407,-2.81143999099731,-2.20409083366394,0.607349157333374
Gypaetus barbatus,2019,1655,0.90612781047821,1.72190463542938,0.815776824951172
Gyps himalayensis,2019,1392,1.23260295391083,2.00037789344788,0.767774939537048
Halcyon coromanda,2019,131,9.25574684143066,10.4796600341797,1.22391319274902
Halcyon pileata,2019,1245,13.7531538009644,14.8213472366333,1.06819343566895
Halcyon smyrnensis,2019,182,21.6887283325195,22.7620697021484,1.07334136962891
Haliaeetus leucoryphus,2019,34,14.0554161071777,14.5121841430664,0.456768035888672
Harpactes wardi,2019,78,8.85727214813232,9.59289646148682,0.735624313354492
Helopsaltes certhiola,2019,1617,4.47727870941162,5.68181610107422,1.2045373916626
Helopsaltes pryeri,2019,166,6.73794746398926,8.01156616210938,1.27361869812012
Hemiprocne coronata,2019,103,16.7578430175781,17.635139465332,0.877296447753906
Hemitesia pallidipes,2019,155,16.8176536560059,17.8126106262207,0.994956970214844
Hemixos castanonotus,2019,373,19.1924209594727,20.1929359436035,1.00051498413086
Heterophasia desgodinsi,2019,283,15.513069152832,16.4071350097656,0.894065856933594
Heteroxenicus stellatus,2019,104,10.5467109680176,11.3339309692383,0.787220001220703
Hieraaetus pennatus,2019,137,-1.33781504631042,0.0190033353865147,1.35681838169694
Hierococcyx nisicolor,2019,639,17.0438480377197,18.0493488311768,1.00550079345703
Hirundapus caudacutus,2019,1023,3.56975531578064,4.61946392059326,1.04970860481262
Hirundo rustica,2019,4116,6.53853988647461,7.56207084655762,1.02353096008301
Histrionicus histrionicus,2019,83,2.51139283180237,3.68925213813782,1.17785930633545
Hydrocoloeus minutus,2019,48,8.87618541717529,10.2063484191895,1.33016300201416
Hydrophasianus chirurgus,2019,865,17.0730152130127,18.0198593139648,0.946844100952148
Hydroprogne caspia,2019,298,13.7203493118286,14.9442281723022,1.22387886047363
Hypothymis azurea,2019,513,17.3541965484619,18.3486232757568,0.994426727294922
Hypsipetes leucocephalus,2019,1126,15.1517972946167,16.0313186645508,0.879521369934082
Ianthocincla lunulata,2019,135,10.4669580459595,11.2276258468628,0.76066780090332
Ibidorhyncha struthersii,2019,1706,2.63580417633057,3.45154190063477,0.815737724304199
Ictinaetus malaiensis,2019,101,17.802188873291,18.8687744140625,1.06658554077148
Iduna caligata,2019,61,2.13780975341797,3.10287714004517,0.965067386627197
Indicator xanthonotus,2019,48,12.2993488311768,12.9357414245605,0.636392593383789
Ixobrychus cinnamomeus,2019,1390,15.337140083313,16.3627471923828,1.02560710906982
Ixobrychus eurhythmus,2019,1430,9.70042896270752,10.8837480545044,1.18331909179688
Ixobrychus minutus,2019,183,3.59522795677185,4.96906280517578,1.37383484840393
Ixos mcclellandii,2019,697,17.6051921844482,18.5401611328125,0.934968948364258
Ketupa flavipes,2019,920,17.0898551940918,17.9933128356934,0.903457641601562
Lalage melaschistos,2019,1331,14.7237720489502,15.6656932830811,0.941921234130859
Lanius borealis,2019,248,1.18080830574036,2.42235851287842,1.24155020713806
Lanius collurioides,2019,302,18.6856880187988,19.7015380859375,1.01585006713867
Lanius isabellinus,2019,1437,4.29488563537598,5.34179067611694,1.04690504074097
Lanius schach,2019,1339,14.2475595474243,15.1262607574463,0.878701210021973
Lanius sphenocercus,2019,817,3.8520245552063,5.1536660194397,1.3016414642334
Lanius tephronotus,2019,638,4.51975870132446,5.21602058410645,0.696261882781982
Larus crassirostris,2019,78,15.5089054107666,16.7194766998291,1.2105712890625
Larvivora brunnea,2019,325,6.83418989181519,7.58125257492065,0.747062683105469
Larvivora cyane,2019,504,1.02699601650238,2.29267001152039,1.26567399501801
Leptopoecile elegans,2019,464,1.16251695156097,1.7999894618988,0.63747251033783
Leptoptilos javanicus,2019,193,17.0435619354248,18.1310329437256,1.08747100830078
Limnodromus semipalmatus,2019,293,0.636016726493835,1.97803318500519,1.34201645851135
Limosa limosa,2019,390,1.07777690887451,2.38722705841064,1.30945014953613
Linaria cannabina,2019,164,3.81024098396301,5.07370042800903,1.26345944404602
Locustella davidi,2019,377,1.02113199234009,2.31833171844482,1.29719972610474
Locustella mandelli,2019,546,16.9194431304932,17.8906517028809,0.971208572387695
Lonchura striata,2019,766,18.0601272583008,18.977954864502,0.917827606201172
Lophotriorchis kienerii,2019,55,21.8129367828369,22.7797355651855,0.966798782348633
Lophura leucomelanos,2019,150,10.5427417755127,11.2920799255371,0.749338150024414
Lophura nycthemera,2019,260,18.5232791900635,19.5852394104004,1.06196022033691
Loxia curvirostra,2019,1375,1.54966580867767,2.60409164428711,1.05442583560944
Macropygia unchall,2019,594,16.1906127929688,17.1130886077881,0.922475814819336
Mareca falcata,2019,366,-0.290807813405991,0.945598423480988,1.23640623688698
Megaceryle lugubris,2019,1428,15.1732769012451,16.1758346557617,1.0025577545166
Melanitta fusca,2019,7,0.868973076343536,1.71003532409668,0.841062247753143
Melanitta stejnegeri,2019,45,-4.25272130966187,-3.15111684799194,1.10160446166992
Melanochlora sultanea,2019,155,18.2084312438965,19.1875057220459,0.979074478149414
Mergus serrator,2019,251,1.3321053981781,2.54869270324707,1.21658730506897
Merops philippinus,2019,293,18.3080310821533,19.4221038818359,1.11407279968262
Mixornis gularis,2019,159,16.6837577819824,17.7939472198486,1.11018943786621
Monticola gularis,2019,646,2.43376898765564,3.75881028175354,1.3250412940979
Monticola rufiventris,2019,869,15.3018579483032,16.1609802246094,0.859122276306152
Monticola solitarius,2019,2043,10.853741645813,11.853401184082,0.999659538269043
Motacilla citreola,2019,2159,2.20297122001648,3.09232974052429,0.889358520507813
Moupinia poecilotis,2019,145,6.02350807189941,6.78915357589722,0.765645503997803
Muscicapa dauurica,2019,671,1.70671880245209,3.04220342636108,1.335484623909
Muscicapa ferruginea,2019,600,12.596305847168,13.3985147476196,0.80220890045166
Muscicapa muttui,2019,305,16.68186378479,17.4386425018311,0.756778717041016
Mycerobas affinis,2019,417,4.74256801605225,5.46977806091309,0.72721004486084
Mycerobas carnipes,2019,1012,2.43280649185181,3.20783567428589,0.775029182434082
Myiomela leucura,2019,672,15.003249168396,15.8263654708862,0.823116302490234
Myophonus caeruleus,2019,1550,12.4764938354492,13.4146747589111,0.938180923461914
Netta rufina,2019,395,4.57272863388062,5.88987350463867,1.31714487075806
Niltava davidi,2019,684,16.3860206604004,17.2956218719482,0.909601211547852
Niltava grandis,2019,139,15.5507926940918,16.4702548980713,0.919462203979492
Niltava macgrigoriae,2019,278,17.1179103851318,18.0778656005859,0.959955215454102
Niltava sundara,2019,761,11.4049816131592,12.1640567779541,0.759075164794922
Ninox japonica,2019,1327,11.1691026687622,12.3560094833374,1.1869068145752
Nipponia nippon,2019,3,13.224778175354,13.7381706237793,0.513392448425293
Nisaetus nipalensis,2019,501,16.0050029754639,17.0002174377441,0.995214462280273
Numenius madagascariensis,2019,197,0.840074002742767,2.01351261138916,1.17343860864639
Nycticorax nycticorax,2019,1539,14.4904012680054,15.5365009307861,1.04609966278076
Oenanthe deserti,2019,1737,2.79329204559326,3.76677656173706,0.973484516143799
Oenanthe oenanthe,2019,1019,4.16478967666626,5.47516489028931,1.31037521362305
Onychoprion anaethetus,2019,31,20.9556827545166,22.2861824035645,1.33049964904785
Oriolus oriolus,2019,192,3.03185987472534,4.3471736907959,1.31531381607056
Otus lettia,2019,878,17.5054512023926,18.4359378814697,0.930486679077148
Otus semitorques,2019,542,7.6100811958313,8.92336940765381,1.31328821182251
Otus spilocephalus,2019,561,16.5144157409668,17.515474319458,1.00105857849121
Oxyura leucocephala,2019,149,5.72699737548828,7.2623085975647,1.53531122207642
Panurus biarmicus,2019,1831,4.12009954452515,5.30407285690308,1.18397331237793
Paradoxornis guttaticollis,2019,448,16.6616554260254,17.6192646026611,0.957609176635742
Paradoxornis heudei,2019,323,12.1314287185669,13.3626585006714,1.23122978210449
Parayuhina diademata,2019,471,13.0819683074951,13.9366512298584,0.854682922363281
Pardaliparus venustulus,2019,704,13.5442533493042,14.4550695419312,0.910816192626953
Parus monticolus,2019,628,12.7628221511841,13.5483703613281,0.785548210144043
Passer cinnamomeus,2019,1562,12.8010911941528,13.7411212921143,0.940030097961426
Passer domesticus,2019,750,0.82120680809021,2.04237413406372,1.22116732597351
Passer hispaniolensis,2019,153,4.25698804855347,5.69497489929199,1.43798685073853
Pelecanus crispus,2019,151,0.737479865550995,1.59740567207336,0.859925806522369
Pellorneum tickelli,2019,96,18.7574138641357,19.8012676239014,1.04385375976563
Perdix hodgsoniae,2019,460,-1.68631982803345,-1.08773124217987,0.598588585853577
Pericrocotus cantonensis,2019,816,16.4538898468018,17.3126621246338,0.858772277832031
Pericrocotus divaricatus,2019,132,2.67148590087891,3.93825602531433,1.26677012443542
Pericrocotus ethologus,2019,1120,10.0661602020264,10.9511766433716,0.885016441345215
Pericrocotus solaris,2019,630,17.9055347442627,18.8692760467529,0.963741302490234
Periparus rubidiventris,2019,406,1.0057018995285,1.62068200111389,0.614980101585388
Pernis ptilorhynchus,2019,832,3.53393316268921,4.74388694763184,1.20995378494263
Phasianus colchicus,2019,2329,8.38204383850098,9.4696159362793,1.08757209777832
Phoenicurus erythronotus,2019,302,4.4462628364563,5.85530138015747,1.40903854370117
Phoenicurus frontalis,2019,923,4.79591703414917,5.45742797851563,0.661510944366455
Phoenicurus leucocephalus,2019,1426,7.7376446723938,8.51457977294922,0.77693510055542
Phoenicurus ochruros,2019,2263,3.26384401321411,4.19247627258301,0.928632259368896
Phoenicurus schisticeps,2019,406,3.07463383674622,3.75366115570068,0.679027318954468
Phylloscopus affinis,2019,666,5.29091310501099,5.94681978225708,0.655906677246094
Phylloscopus burkii,2019,33,2.90200233459473,3.43441152572632,0.532409191131592
Phylloscopus cantator,2019,105,15.6603422164917,16.4987449645996,0.83840274810791
Phylloscopus castaniceps,2019,632,16.0546073913574,16.9090442657471,0.854436874389648
Phylloscopus claudiae,2019,522,9.88924694061279,10.7757863998413,0.886539459228516
Phylloscopus coronatus,2019,414,6.72929191589356,7.62093162536621,0.891639709472656
Phylloscopus emeiensis,2019,22,12.370792388916,13.2330083847046,0.862215995788574
Phylloscopus intermedius,2019,134,14.0922756195068,14.8350667953491,0.742791175842285
Phylloscopus magnirostris,2019,214,6.5604043006897,7.255126953125,0.694722652435303
Phylloscopus ogilviegranti,2019,381,17.7375507354736,18.7450294494629,1.00747871398926
Phylloscopus omeiensis,2019,138,10.2660341262817,10.9305744171143,0.66454029083252
Phylloscopus pulcher,2019,413,7.9857611656189,8.7868709564209,0.801109790802002
Phylloscopus ricketti,2019,676,15.3157758712769,16.1354598999023,0.819684028625488
Phylloscopus soror,2019,245,13.625864982605,14.35484790802,0.728982925415039
Phylloscopus subaffinis,2019,1013,11.5190992355347,12.2822513580322,0.763152122497559
Phylloscopus tenellipes,2019,259,4.56703424453735,5.92976188659668,1.36272764205933
Phylloscopus tephrocephalus,2019,281,12.0046453475952,12.7638549804688,0.759209632873535
Phylloscopus yunnanensis,2019,215,8.02978324890137,9.00450801849365,0.974724769592285
Picumnus innominatus,2019,1093,15.3501920700073,16.2241096496582,0.873917579650879
Picus chlorolophus,2019,236,18.3902645111084,19.3876705169678,0.997406005859375
Pitta nympha,2019,314,17.3351917266846,18.4155712127686,1.08037948608398
Platalea minor,2019,6,9.52713203430176,10.8142127990723,1.28708076477051
Pnoepyga immaculata,2019,5,5.88570213317871,6.50150012969971,0.615797996520996
Podiceps auritus,2019,229,0.136366680264473,1.51925802230835,1.38289134204388
Podiceps grisegena,2019,136,1.74304449558258,2.9779999256134,1.23495543003082
Podiceps nigricollis,2019,481,3.37681865692139,4.826171875,1.44935321807861
Podoces biddulphi,2019,276,11.4326000213623,12.691517829895,1.25891780853271
Pomatorhinus schisticeps,2019,30,17.0419483184814,17.5484085083008,0.506460189819336
Pomatorhinus superciliaris,2019,107,15.5741310119629,16.3749694824219,0.800838470458984
Prinia atrogularis,2019,41,13.7463512420654,14.3162393569946,0.569888114929199
Prinia flaviventris,2019,82,19.0294494628906,20.101676940918,1.07222747802734
Prinia inornata,2019,815,17.7829418182373,18.671422958374,0.888481140136719
Prunella collaris,2019,2078,0.881721675395966,1.7957649230957,0.914043247699738
Prunella himalayana,2019,208,-0.780707001686096,0.655637383460999,1.43634438514709
Prunella immaculata,2019,328,2.3754723072052,3.06721258163452,0.691740274429321
Prunella montanella,2019,35,-4.01745891571045,-2.85859942436218,1.15885949134827
Prunella strophiata,2019,581,4.8185076713562,5.5009822845459,0.682474613189697
Psarisomus dalhousiae,2019,108,17.168399810791,18.1327972412109,0.964397430419922
Pseudopodoces humilis,2019,999,-2.24323654174805,-1.60773551464081,0.635501027107239
Psilopogon faber,2019,43,19.2454166412354,19.9726047515869,0.727188110351563
Psilopogon virens,2019,727,16.4328498840332,17.4120025634766,0.979152679443359
Pterorhinus berthemyi,2019,335,15.9220361709595,16.716890335083,0.794854164123535
Pterorhinus lanceolatus,2019,830,14.0311040878296,14.8672285079956,0.836124420166016
Pterorhinus pectoralis,2019,584,16.4923286437988,17.3230934143066,0.830764770507813
Pterorhinus sannio,2019,723,16.5131092071533,17.414192199707,0.901082992553711
Pteruthius rufiventer,2019,90,13.7090368270874,14.4801530838013,0.771116256713867
Pteruthius xanthochlorus,2019,307,10.3232049942017,11.117582321167,0.794377326965332
Ptyonoprogne rupestris,2019,1954,5.37436962127686,6.38831472396851,1.01394510269165
Pycnonotus aurigaster,2019,572,17.6714363098145,18.667610168457,0.996173858642578
Pycnonotus jocosus,2019,415,18.2223873138428,19.2384967803955,1.01610946655273
Pycnonotus sinensis,2019,1342,15.0544948577881,16.0686721801758,1.0141773223877
Pycnonotus xanthorrhous,2019,700,14.8906507492065,15.8182649612427,0.927614212036133
Pyrrhula erythaca,2019,897,8.99915409088135,9.80541133880615,0.806257247924805
Pyrrhula nipalensis,2019,747,14.819185256958,15.761477470398,0.942292213439941
Rallina eurizonoides,2019,152,20.1719455718994,21.2603511810303,1.08840560913086
Rallus aquaticus,2019,1224,2.42764139175415,3.3570671081543,0.929425716400146
Recurvirostra avosetta,2019,698,1.33939504623413,2.64008355140686,1.30068850517273
Regulus regulus,2019,930,7.1307168006897,7.93079042434692,0.800073623657227
Remiz consobrinus,2019,558,3.35002541542053,4.67762660980225,1.32760119438171
Remiz coronatus,2019,191,2.46915340423584,3.73499894142151,1.26584553718567
Rhodospiza obsoleta,2019,720,5.24223470687866,6.25387287139893,1.01163816452026
Riparia riparia,2019,784,2.64866471290588,3.97437453269959,1.3257098197937
Rubigula flaviventris,2019,174,18.7557125091553,19.8214874267578,1.06577491760254
Sasia ochracea,2019,132,19.0419464111328,20.010425567627,0.968479156494141
Saxicola ferreus,2019,1085,14.6986656188965,15.5651226043701,0.866456985473633
Sitta cinnamoventris,2019,123,17.082124710083,18.1476364135742,1.06551170349121
Sitta formosa,2019,141,15.951807975769,16.9140529632568,0.962244987487793
Sitta villosa,2019,798,6.09239196777344,7.16114139556885,1.06874942779541
Sittiparus varius,2019,82,5.76430416107178,7.12490940093994,1.36060523986816
Spilopelia chinensis,2019,1413,14.8436107635498,15.8164215087891,0.972810745239258
Spilopelia senegalensis,2019,168,3.82531929016113,5.38153982162476,1.55622053146362
Spilornis cheela,2019,652,17.436824798584,18.4598255157471,1.02300071716309
Spinus spinus,2019,295,-0.596706986427307,0.595647692680359,1.19235467910767
Spizixos semitorques,2019,944,16.026798248291,16.9000473022461,0.873249053955078
Spodiopsar cineraceus,2019,1439,4.32776212692261,5.52357149124146,1.19580936431885
Spodiopsar sericeus,2019,692,17.4629497528076,18.3479423522949,0.884992599487305
Stachyris humei,2019,39,13.5445995330811,14.0752754211426,0.530675888061523
Staphida torqueola,2019,740,17.3425159454346,18.2474994659424,0.904983520507812
Streptopelia decaocto,2019,1819,7.51734828948975,8.65957069396973,1.14222240447998
Sturnia sinensis,2019,305,19.1309833526611,20.0839424133301,0.952959060668945
Sturnus vulgaris,2019,253,4.91895532608032,6.29076147079468,1.37180614471436
Suthora fulvifrons,2019,136,9.14953327178955,9.8743839263916,0.724850654602051
Syrmaticus humiae,2019,108,16.9307231903076,18.0609149932861,1.13019180297852
Syrmaticus reevesii,2019,256,14.2624092102051,14.9207525253296,0.658343315124512
Syrrhaptes paradoxus,2019,1270,4.20923328399658,5.51793098449707,1.30869770050049
Tarsiger chrysaeus,2019,217,7.12873888015747,7.888671875,0.759932994842529
Tarsiger indicus,2019,276,9.35574531555176,10.2395811080933,0.883835792541504
Temnurus temnurus,2019,38,23.8245315551758,25.0146198272705,1.19008827209473
Tephrodornis virgatus,2019,421,19.5108184814453,20.5066452026367,0.995826721191406
Thalasseus bergii,2019,240,22.2157859802246,23.4173583984375,1.20157241821289
Timalia pileata,2019,263,19.225227355957,20.136962890625,0.911735534667969
Tragopan caboti,2019,186,18.5082702636719,19.5847873687744,1.07651710510254
Tragopan temminckii,2019,529,12.6361389160156,13.3717584609985,0.73561954498291
Treron curvirostra,2019,162,18.7455444335938,19.7934303283691,1.04788589477539
Treron sieboldii,2019,645,17.8530445098877,18.7747802734375,0.921735763549805
Treron sphenurus,2019,294,14.4787168502808,15.4650526046753,0.986335754394531
Turdus boulboul,2019,220,17.376407623291,18.3529205322266,0.976512908935547
Turdus cardis,2019,169,15.0351343154907,15.8303079605103,0.795173645019531
Turdus feae,2019,117,7.37936782836914,8.71092033386231,1.33155250549316
Turdus mandarinus,2019,1032,14.7816362380981,15.6537523269653,0.872116088867188
Turdus pilaris,2019,220,-1.74795424938202,-0.555577456951141,1.19237679243088
Turdus rubrocanus,2019,541,5.81288194656372,6.46676540374756,0.653883457183838
Turdus ruficollis,2019,159,2.9576096534729,4.42180919647217,1.46419954299927
Turdus viscivorus,2019,422,4.64524841308594,5.9797534942627,1.33450508117676
Turnix suscitator,2019,455,17.9373970031738,18.9614658355713,1.02406883239746
Tyto longimembris,2019,685,17.7860012054443,18.8113918304443,1.025390625
Urile pelagicus,2019,10,10.4286890029907,11.8093013763428,1.38061237335205
Urosphena squameiceps,2019,112,3.62927651405334,5.00816059112549,1.37888407707214
Vanellus cinereus,2019,279,3.7433602809906,5.06532859802246,1.32196831703186
Vanellus indicus,2019,87,17.6243762969971,18.6701831817627,1.04580688476563
Vanellus vanellus,2019,1111,2.88630080223084,4.22695827484131,1.34065747261047
Yuhina nigrimenta,2019,669,15.0526151657105,15.955099105835,0.902483940124512
Zoothera dixoni,2019,349,11.1787948608398,12.1134414672852,0.934646606445312
Zoothera mollissima,2019,155,2.83340001106262,3.54324150085449,0.70984148979187
Zoothera monticola,2019,41,12.9189081192017,13.3925971984863,0.473689079284668
Zosterops erythropleurus,2019,328,4.62363433837891,5.98844385147095,1.36480951309204
Abroscopus albogularis,2020,562,17.4008522033691,18.2327575683594,0.831905364990234
Accipiter gularis,2020,697,2.65403866767883,4.07186889648438,1.41783022880554
Accipiter soloensis,2020,942,14.6539878845215,15.6554527282715,1.00146484375
Accipiter trivirgatus,2020,174,20.6737785339356,21.5787410736084,0.904962539672852
Accipiter virgatus,2020,846,15.1853485107422,15.9996852874756,0.814336776733398
Acridotheres cristatellus,2020,1081,16.3418083190918,17.234920501709,0.893112182617188
Acridotheres tristis,2020,284,13.0754556655884,14.0441226959229,0.968667030334473
Acrocephalus agricola,2020,581,6.84485864639282,7.86231374740601,1.01745510101318
Acrocephalus bistrigiceps,2020,1280,6.68613195419312,7.93942451477051,1.25329256057739
Acrocephalus concinens,2020,766,13.3816928863525,14.365273475647,0.983580589294434
Acrocephalus orientalis,2020,1446,7.09092283248901,8.32010841369629,1.22918558120728
Acrocephalus tangorum,2020,171,4.11876344680786,5.47447872161865,1.35571527481079
Aegithalos bonvaloti,2020,106,7.6470046043396,8.39833831787109,0.751333713531494
Aegithalos caudatus,2020,754,2.25801730155945,3.69616866111755,1.43815135955811
Aegithalos concinnus,2020,953,15.9409122467041,16.8296222686768,0.888710021972656
Aegithalos fuliginosus,2020,138,9.91040992736816,10.5918350219727,0.681425094604492
Aerodramus brevirostris,2020,603,13.6866846084595,14.4004688262939,0.713784217834473
Aethopyga christinae,2020,23,24.3484706878662,25.4068698883057,1.05839920043945
Aethopyga gouldiae,2020,956,11.0757522583008,11.7861223220825,0.710370063781738
Agropsar sturninus,2020,1131,4.8556547164917,6.09356021881104,1.23790550231934
Aix galericulata,2020,422,3.75636386871338,5.10522985458374,1.34886598587036
Alauda gulgula,2020,1994,9.42479801177979,10.1993618011475,0.774563789367676
Alaudala cheleensis,2020,2390,5.02381753921509,6.05787229537964,1.03405475616455
Alcedo hercules,2020,141,19.7236499786377,20.6126384735107,0.888988494873047
Alcippe morrisonia,2020,975,16.4001846313477,17.2783336639404,0.878149032592773
Amaurornis phoenicurus,2020,1130,16.0147972106934,16.9052448272705,0.890447616577148
Anastomus oscitans,2020,315,16.1227264404297,16.9104633331299,0.787736892700195
Anser anser,2020,936,2.59998202323914,4.01779651641846,1.41781449317932
Anser fabalis,2020,359,-0.232263207435608,1.31710088253021,1.54936408996582
Anser indicus,2020,441,0.791138470172882,1.53694987297058,0.745811402797699
Anthus godlewskii,2020,157,1.22606432437897,2.71233677864075,1.48627245426178
Anthus gustavi,2020,66,2.94458818435669,4.23699855804443,1.29241037368774
Anthus richardi,2020,2788,8.37556171417236,9.48015403747559,1.10459232330322
Anthus roseatus,2020,1911,3.55629634857178,4.26334524154663,0.707048892974854
Anthus trivialis,2020,126,1.94549369812012,3.31311297416687,1.36761927604675
Aquila fasciata,2020,300,19.3407211303711,20.4551677703857,1.11444664001465
Aquila heliaca,2020,183,0.794729292392731,2.36661601066589,1.57188671827316
Ardea intermedia,2020,806,16.9554290771484,17.8527545928955,0.89732551574707
Ardea purpurea,2020,1542,13.773362159729,14.7838191986084,1.01045703887939
Ardenna pacifica,2020,90,21.6581630706787,22.8797397613525,1.22157669067383
Artamus fuscus,2020,275,20.3747119903564,21.2994709014893,0.924758911132812
Asio flammeus,2020,498,0.647581040859222,2.17041683197021,1.52283579111099
Athene noctua,2020,3280,3.76510715484619,4.75039672851563,0.985289573669434
Aviceda jerdoni,2020,64,20.8588600158691,21.6805782318115,0.821718215942383
Aviceda leuphotes,2020,784,15.98646068573,16.80344581604,0.816985130310059
Aythya fuligula,2020,613,0.912497222423553,2.41261506080627,1.50011783838272
Aythya nyroca,2020,348,3.64787364006043,4.94565439224243,1.29778075218201
Bombycilla japonica,2020,93,-2.70986938476563,-1.05038714408875,1.65948224067688
Branta canadensis,2020,19,7.6150541305542,8.91703701019287,1.30198287963867
Bubo nipalensis,2020,362,11.4124135971069,12.1727952957153,0.760381698608398
Bucanetes mongolicus,2020,731,5.15714693069458,6.34979152679443,1.19264459609985
Butastur indicus,2020,481,4.17492294311523,5.49852609634399,1.32360315322876
Cacomantis merulinus,2020,411,19.2106418609619,20.1540203094482,0.943378448486328
Calandrella brachydactyla,2020,400,5.59619903564453,6.86108303070068,1.26488399505615
Calliope obscura,2020,74,8.60147857666016,9.29858493804932,0.69710636138916
Caprimulgus macrurus,2020,78,21.0046348571777,21.8681869506836,0.863552093505859
Carpodacus roborowskii,2020,101,-4.03297138214111,-3.4864616394043,0.546509742736816
Carpodacus vinaceus,2020,535,13.1980676651001,13.9294309616089,0.731363296508789
Cecropis daurica,2020,2623,9.16229629516602,10.1777944564819,1.01549816131592
Centropus bengalensis,2020,607,18.6197357177734,19.6057586669922,0.98602294921875
Cephalopyrus flammiceps,2020,98,11.278489112854,11.9432487487793,0.664759635925293
Certhia familiaris,2020,1518,4.10910701751709,5.33842945098877,1.22932243347168
Certhia himalayana,2020,210,9.42436599731445,10.1541481018066,0.729782104492188
Certhia tianquanensis,2020,46,8.03892517089844,8.5572452545166,0.518320083618164
Ceryle rudis,2020,762,17.6190166473389,18.5608291625977,0.941812515258789
Cettia brunnifrons,2020,409,9.04499340057373,9.67681789398193,0.631824493408203
Cettia castaneocoronata,2020,502,12.0057926177979,12.7225208282471,0.716728210449219
Chalcophaps indica,2020,288,20.4205284118652,21.3713092803955,0.950780868530273
Charadrius atrifrons,2020,1360,-0.0825315490365028,0.604941844940186,0.687473393976688
Charadrius dealbatus,2020,82,22.3581027984619,23.4624710083008,1.10436820983887
Charadrius placidus,2020,860,6.81603288650513,7.99910163879395,1.18306875228882
Charadrius veredus,2020,147,1.37415206432343,2.83919644355774,1.46504437923431
Chlidonias leucopterus,2020,1115,3.61852622032166,4.95472240447998,1.33619618415833
Chlidonias niger,2020,65,2.81934809684753,4.21846961975098,1.39912152290344
Chloris ambigua,2020,297,13.6298961639404,14.4330244064331,0.803128242492676
Chloris sinica,2020,2177,10.1043548583984,11.1297826766968,1.02542781829834
Chrysolophus pictus,2020,410,12.3430995941162,13.0086975097656,0.665597915649414
Ciconia boyciana,2020,141,3.75946140289307,5.15903854370117,1.39957714080811
Ciconia nigra,2020,2186,5.71650981903076,6.88654088973999,1.17003107070923
Circaetus gallicus,2020,228,6.13989019393921,7.44890928268433,1.30901908874512
Circus macrourus,2020,154,2.22476196289063,3.63151407241821,1.40675210952759
Circus spilonotus,2020,631,1.43180251121521,2.90262699127197,1.47082448005676
Cisticola exilis,2020,521,18.3237705230713,19.3179969787598,0.994226455688477
Cisticola juncidis,2020,1233,15.9261827468872,16.867618560791,0.941435813903809
Clamator coromandus,2020,1069,16.5760765075684,17.4788780212402,0.902801513671875
Clanga clanga,2020,567,1.82915771007538,3.25636696815491,1.42720925807953
Columba oenas,2020,147,1.89062237739563,3.09851884841919,1.20789647102356
Copsychus saularis,2020,1011,16.2842559814453,17.1536064147949,0.869350433349609
Coracias garrulus,2020,83,1.71752464771271,3.09525680541992,1.37773215770721
Coturnicops exquisitus,2020,412,0.116188421845436,1.64914381504059,1.53295539319515
Crex crex,2020,149,1.68861591815948,3.07222533226013,1.38360941410065
Crossoptilon mantchuricum,2020,64,7.99328136444092,9.00595951080322,1.0126781463623
Curruca curruca,2020,961,4.71596050262451,5.6941704750061,0.978209972381592
Cyanistes cyanus,2020,658,0.813704073429108,2.1889750957489,1.37527102231979
Cyanoderma pyrrhops,2020,3,11.5056676864624,11.970685005188,0.465017318725586
Cygnus cygnus,2020,538,1.97667515277863,3.3938045501709,1.41712939739227
Cygnus olor,2020,250,2.81658434867859,3.59396243095398,0.777378082275391
Cyornis glaucicomans,2020,344,15.2155599594116,15.8933305740356,0.677770614624023
Cyornis hainanus,2020,199,21.3823966979981,22.3506507873535,0.968254089355469
Cyornis rubeculoides,2020,42,16.7205429077148,17.2474880218506,0.526945114135742
Delichon dasypus,2020,1040,7.09097099304199,7.83412075042725,0.743149757385254
Dendrocitta formosae,2020,933,17.1049575805664,18.0071830749512,0.902225494384766
Dendrocopos hyperythrus,2020,413,8.27587223052979,9.08049583435059,0.804623603820801
Dendrocygna javanica,2020,684,18.0148448944092,18.9896488189697,0.974803924560547
Dicaeum cruentatum,2020,519,18.7793598175049,19.7424278259277,0.963068008422852
Dicaeum ignipectus,2020,1035,15.6106557846069,16.4554004669189,0.844744682312012
Dicaeum minullum,2020,835,14.767373085022,15.5686225891113,0.801249504089356
Dicrurus annectens,2020,164,19.7741985321045,20.6036911010742,0.829492568969727
Dicrurus hottentottus,2020,1277,14.8924055099487,15.7847566604614,0.892351150512695
Dicrurus remifer,2020,201,17.4981899261475,18.3051834106445,0.80699348449707
Egretta eulophotes,2020,19,9.63973045349121,10.6870374679565,1.04730701446533
Egretta garzetta,2020,1670,12.7392654418945,13.5885829925537,0.84931755065918
Elachura formosa,2020,245,15.8722858428955,16.6812934875488,0.80900764465332
Elanus caeruleus,2020,97,20.0274238586426,21.117956161499,1.09053230285645
Emberiza buchanani,2020,164,0.845942556858063,2.24416708946228,1.39822453260422
Emberiza citrinella,2020,45,1.24440145492554,2.65102314949036,1.40662169456482
Emberiza elegans,2020,1059,8.75524711608887,9.83434867858887,1.0791015625
Emberiza godlewskii,2020,2040,4.47789907455444,5.43350315093994,0.955604076385498
Emberiza hortulana,2020,93,3.53125858306885,4.90790367126465,1.3766450881958
Emberiza leucocephalos,2020,716,0.0190331656485796,1.24585723876953,1.22682407312095
Emberiza pallasi,2020,141,-2.66091752052307,-0.883292376995087,1.77762514352798
Emberiza pusilla,2020,208,2.53732514381409,4.04080104827881,1.50347590446472
Emberiza rustica,2020,3,-4.41251945495605,-3.04283905029297,1.36968040466309
Emberiza siemsseni,2020,79,10.0293006896973,10.741961479187,0.712660789489746
Emberiza yessoensis,2020,46,2.82388091087341,4.18136787414551,1.35748696327209
Enicurus leschenaulti,2020,1155,14.9616861343384,15.8109827041626,0.849296569824219
Enicurus maculatus,2020,490,17.4008846282959,18.2994003295898,0.898515701293945
Enicurus schistaceus,2020,598,17.1719207763672,18.0475883483887,0.875667572021484
Erpornis zantholeuca,2020,529,17.9002780914307,18.8357887268066,0.935510635375977
Erythrogenys hypoleucos,2020,50,19.9029903411865,20.5991249084473,0.696134567260742
Eudynamys scolopaceus,2020,1083,16.3084487915039,17.1927299499512,0.884281158447266
Eumyias thalassinus,2020,737,14.3080358505249,15.07373046875,0.765694618225098
Falco cherrug,2020,2075,2.70873928070068,3.62071537971497,0.911976099014282
Falco severus,2020,359,17.7754745483398,18.6350708007813,0.859596252441406
Ficedula albicilla,2020,89,-2.38578534126282,-0.608770847320557,1.77701449394226
Ficedula elisae,2020,152,7.47436904907227,8.64672470092773,1.17235565185547
Ficedula erithacus,2020,610,7.43311548233032,8.11192131042481,0.678805828094482
Ficedula hyperythra,2020,472,16.0033531188965,16.7736282348633,0.770275115966797
Ficedula mugimaki,2020,678,2.3159077167511,3.7485454082489,1.4326376914978
Ficedula strophiata,2020,621,13.0205202102661,13.7287788391113,0.708258628845215
Ficedula superciliaris,2020,331,5.17182588577271,5.8008828163147,0.629056930541992
Ficedula tricolor,2020,560,11.7169189453125,12.3979749679565,0.681056022644043
Fringilla coelebs,2020,6,-3.64196300506592,-2.26489782333374,1.37706518173218
Fringilla montifringilla,2020,23,-2.54210829734802,-1.16877710819244,1.37333118915558
Galerida cristata,2020,1619,6.56866264343262,7.63913249969482,1.07046985626221
Gallicrex cinerea,2020,1658,13.8156538009644,14.7834320068359,0.967778205871582
Garrulax canorus,2020,757,17.0413055419922,17.9383373260498,0.897031784057617
Garrulax maesi,2020,302,17.0664443969727,17.8728809356689,0.806436538696289
Garrulax monileger,2020,463,19.1697063446045,20.1418170928955,0.972110748291016
Gavia arctica,2020,163,2.2326762676239,3.76478457450867,1.53210830688477
Gelochelidon nilotica,2020,554,7.68231201171875,8.94312286376953,1.26081085205078
Geokichla citrina,2020,505,17.6489105224609,18.6087417602539,0.959831237792969
Glaucidium cuculoides,2020,1012,16.7492389678955,17.6285800933838,0.879341125488281
Gorsachius melanolophus,2020,105,21.6351413726807,22.6357898712158,1.00064849853516
Gracupica nigricollis,2020,510,17.9595203399658,18.8894577026367,0.929937362670898
Grandala coelicolor,2020,621,0.189435198903084,0.768727004528046,0.579291805624962
Grus japonensis,2020,76,2.61315250396729,3.97555017471314,1.36239767074585
Grus monacha,2020,21,-0.20156466960907,1.35319018363953,1.5547548532486
Grus nigricollis,2020,407,-2.81143999099731,-2.23153448104858,0.579905509948731
Gypaetus barbatus,2020,1655,0.90612781047821,1.66203510761261,0.755907297134399
Gyps himalayensis,2020,1392,1.23260295391083,1.94257092475891,0.709967970848084
Halcyon coromanda,2020,131,9.25574684143066,10.2726440429688,1.01689720153809
Halcyon pileata,2020,1245,13.7531538009644,14.7294702529907,0.976316452026367
Halcyon smyrnensis,2020,182,21.6887283325195,22.724796295166,1.03606796264648
Haliaeetus leucoryphus,2020,34,14.0554161071777,14.4666118621826,0.411195755004883
Harpactes wardi,2020,78,8.85727214813232,9.50818157196045,0.650909423828125
Helopsaltes certhiola,2020,1617,4.47727870941162,5.66873645782471,1.19145774841309
Helopsaltes pryeri,2020,166,6.73794746398926,8.11641216278076,1.3784646987915
Hemiprocne coronata,2020,103,16.7578430175781,17.4500312805176,0.692188262939453
Hemitesia pallidipes,2020,155,16.8176536560059,17.5935211181641,0.775867462158203
Hemixos castanonotus,2020,373,19.1924209594727,20.1899356842041,0.997514724731445
Heterophasia desgodinsi,2020,283,15.513069152832,16.2700862884522,0.757017135620117
Heteroxenicus stellatus,2020,104,10.5467109680176,11.203971862793,0.657260894775391
Hieraaetus pennatus,2020,137,-1.33781504631042,0.287663817405701,1.62547886371613
Hierococcyx nisicolor,2020,639,17.0438480377197,17.9612255096436,0.917377471923828
Hirundapus caudacutus,2020,1023,3.56975531578064,4.63674688339233,1.06699156761169
Hirundo rustica,2020,4116,6.53853988647461,7.50974702835083,0.971207141876221
Histrionicus histrionicus,2020,83,2.51139283180237,3.83948850631714,1.32809567451477
Hydrocoloeus minutus,2020,48,8.87618541717529,10.3384799957275,1.46229457855225
Hydrophasianus chirurgus,2020,865,17.0730152130127,17.9926280975342,0.919612884521484
Hydroprogne caspia,2020,298,13.7203493118286,14.8957939147949,1.17544460296631
Hypothymis azurea,2020,513,17.3541965484619,18.2240562438965,0.86985969543457
Hypsipetes leucocephalus,2020,1126,15.1517972946167,16.0056896209717,0.853892326354981
Ianthocincla lunulata,2020,135,10.4669580459595,11.1622190475464,0.695261001586914
Ibidorhyncha struthersii,2020,1706,2.63580417633057,3.37619113922119,0.740386962890625
Ictinaetus malaiensis,2020,101,17.802188873291,18.906436920166,1.104248046875
Iduna caligata,2020,61,2.13780975341797,3.52259922027588,1.38478946685791
Indicator xanthonotus,2020,48,12.2993488311768,12.8952360153198,0.595887184143066
Ixobrychus cinnamomeus,2020,1390,15.337140083313,16.2893180847168,0.952178001403809
Ixobrychus eurhythmus,2020,1430,9.70042896270752,10.9077386856079,1.20730972290039
Ixobrychus minutus,2020,183,3.59522795677185,4.90256452560425,1.3073365688324
Ixos mcclellandii,2020,697,17.6051921844482,18.5095958709717,0.904403686523438
Ketupa flavipes,2020,920,17.0898551940918,18.0075988769531,0.917743682861328
Lalage melaschistos,2020,1331,14.7237720489502,15.6145505905151,0.890778541564941
Lanius borealis,2020,248,1.18080830574036,2.75166320800781,1.57085490226746
Lanius collurioides,2020,302,18.6856880187988,19.5496616363525,0.863973617553711
Lanius isabellinus,2020,1437,4.29488563537598,5.2821536064148,0.987267971038818
Lanius schach,2020,1339,14.2475595474243,15.0973167419434,0.849757194519043
Lanius sphenocercus,2020,817,3.8520245552063,5.13525342941284,1.28322887420654
Lanius tephronotus,2020,638,4.51975870132446,5.15016889572144,0.630410194396973
Larus crassirostris,2020,78,15.5089054107666,16.6630382537842,1.15413284301758
Larvivora brunnea,2020,325,6.83418989181519,7.51488876342773,0.680698871612549
Larvivora cyane,2020,504,1.02699601650238,2.47782826423645,1.45083224773407
Leptopoecile elegans,2020,464,1.16251695156097,1.77441430091858,0.611897349357605
Leptoptilos javanicus,2020,193,17.0435619354248,17.8860721588135,0.842510223388672
Limnodromus semipalmatus,2020,293,0.636016726493835,2.18646645545959,1.55044972896576
Limosa limosa,2020,390,1.07777690887451,2.63051962852478,1.55274271965027
Linaria cannabina,2020,164,3.81024098396301,5.1998143196106,1.38957333564758
Locustella davidi,2020,377,1.02113199234009,2.49654650688171,1.47541451454163
Locustella mandelli,2020,546,16.9194431304932,17.8379497528076,0.918506622314453
Lonchura striata,2020,766,18.0601272583008,18.989143371582,0.92901611328125
Lophotriorchis kienerii,2020,55,21.8129367828369,22.6287441253662,0.815807342529297
Lophura leucomelanos,2020,150,10.5427417755127,11.1865730285645,0.643831253051758
Lophura nycthemera,2020,260,18.5232791900635,19.4141941070557,0.890914916992188
Loxia curvirostra,2020,1375,1.54966580867767,2.63149261474609,1.08182680606842
Macropygia unchall,2020,594,16.1906127929688,17.0450592041016,0.854446411132813
Mareca falcata,2020,366,-0.290807813405991,1.26185584068298,1.55266365408897
Megaceryle lugubris,2020,1428,15.1732769012451,16.104305267334,0.931028366088867
Melanitta fusca,2020,7,0.868973076343536,2.18245100975037,1.31347793340683
Melanitta stejnegeri,2020,45,-4.25272130966187,-2.28477072715759,1.96795058250427
Melanochlora sultanea,2020,155,18.2084312438965,19.059045791626,0.850614547729492
Mergus serrator,2020,251,1.3321053981781,2.71830224990845,1.38619685173035
Merops philippinus,2020,293,18.3080310821533,19.215539932251,0.907508850097656
Mixornis gularis,2020,159,16.6837577819824,17.5272006988525,0.843442916870117
Monticola gularis,2020,646,2.43376898765564,3.86327600479126,1.42950701713562
Monticola rufiventris,2020,869,15.3018579483032,16.1428833007813,0.841025352478027
Monticola solitarius,2020,2043,10.853741645813,11.7999706268311,0.946228981018066
Motacilla citreola,2020,2159,2.20297122001648,3.06507015228272,0.862098932266235
Moupinia poecilotis,2020,145,6.02350807189941,6.69712686538696,0.673618793487549
Muscicapa dauurica,2020,671,1.70671880245209,3.16149353981018,1.45477473735809
Muscicapa ferruginea,2020,600,12.596305847168,13.3128499984741,0.716544151306152
Muscicapa muttui,2020,305,16.68186378479,17.3836078643799,0.701744079589844
Mycerobas affinis,2020,417,4.74256801605225,5.39657306671143,0.65400505065918
Mycerobas carnipes,2020,1012,2.43280649185181,3.11304664611816,0.680240154266357
Myiomela leucura,2020,672,15.003249168396,15.7544689178467,0.751219749450684
Myophonus caeruleus,2020,1550,12.4764938354492,13.3439655303955,0.867471694946289
Netta rufina,2020,395,4.57272863388062,5.87381887435913,1.30109024047852
Niltava davidi,2020,684,16.3860206604004,17.2442569732666,0.858236312866211
Niltava grandis,2020,139,15.5507926940918,16.2812061309814,0.730413436889648
Niltava macgrigoriae,2020,278,17.1179103851318,17.9056205749512,0.787710189819336
Niltava sundara,2020,761,11.4049816131592,12.0922584533691,0.687276840209961
Ninox japonica,2020,1327,11.1691026687622,12.301944732666,1.13284206390381
Nipponia nippon,2020,3,13.224778175354,13.7989778518677,0.574199676513672
Nisaetus nipalensis,2020,501,16.0050029754639,16.8993263244629,0.894323348999023
Numenius madagascariensis,2020,197,0.840074002742767,2.25611209869385,1.41603809595108
Nycticorax nycticorax,2020,1539,14.4904012680054,15.4617385864258,0.97133731842041
Oenanthe deserti,2020,1737,2.79329204559326,3.66777205467224,0.87448000907898
Oenanthe oenanthe,2020,1019,4.16478967666626,5.41919612884522,1.25440645217896
Onychoprion anaethetus,2020,31,20.9556827545166,22.1776371002197,1.22195434570313
Oriolus oriolus,2020,192,3.03185987472534,4.43480539321899,1.40294551849365
Otus lettia,2020,878,17.5054512023926,18.4221115112305,0.916660308837891
Otus semitorques,2020,542,7.6100811958313,8.75468158721924,1.14460039138794
Otus spilocephalus,2020,561,16.5144157409668,17.4657459259033,0.951330184936523
Oxyura leucocephala,2020,149,5.72699737548828,6.96987104415894,1.24287366867065
Panurus biarmicus,2020,1831,4.12009954452515,5.20050287246704,1.08040332794189
Paradoxornis guttaticollis,2020,448,16.6616554260254,17.553747177124,0.892091751098633
Paradoxornis heudei,2020,323,12.1314287185669,13.2345476150513,1.10311889648438
Parayuhina diademata,2020,471,13.0819683074951,13.8276567459106,0.745688438415527
Pardaliparus venustulus,2020,704,13.5442533493042,14.4231977462769,0.878944396972656
Parus monticolus,2020,628,12.7628221511841,13.4957609176636,0.732938766479492
Passer cinnamomeus,2020,1562,12.8010911941528,13.678277015686,0.877185821533203
Passer domesticus,2020,750,0.82120680809021,2.13594007492065,1.31473326683044
Passer hispaniolensis,2020,153,4.25698804855347,5.65714263916016,1.40015459060669
Pelecanus crispus,2020,151,0.737479865550995,1.60745751857758,0.869977653026581
Pellorneum tickelli,2020,96,18.7574138641357,19.5644779205322,0.807064056396484
Perdix hodgsoniae,2020,460,-1.68631982803345,-1.10536134243011,0.580958485603333
Pericrocotus cantonensis,2020,816,16.4538898468018,17.3381195068359,0.88422966003418
Pericrocotus divaricatus,2020,132,2.67148590087891,3.9647970199585,1.29331111907959
Pericrocotus ethologus,2020,1120,10.0661602020264,10.856448173523,0.790287971496582
Pericrocotus solaris,2020,630,17.9055347442627,18.817834854126,0.912300109863281
Periparus rubidiventris,2020,406,1.0057018995285,1.60871648788452,0.603014588356018
Pernis ptilorhynchus,2020,832,3.53393316268921,4.81006956100464,1.27613639831543
Phasianus colchicus,2020,2329,8.38204383850098,9.46963787078857,1.0875940322876
Phoenicurus erythronotus,2020,302,4.4462628364563,5.71979951858521,1.27353668212891
Phoenicurus frontalis,2020,923,4.79591703414917,5.42577934265137,0.629862308502197
Phoenicurus leucocephalus,2020,1426,7.7376446723938,8.45918083190918,0.721536159515381
Phoenicurus ochruros,2020,2263,3.26384401321411,4.09826850891113,0.834424495697022
Phoenicurus schisticeps,2020,406,3.07463383674622,3.71428275108337,0.639648914337158
Phylloscopus affinis,2020,666,5.29091310501099,5.92062759399414,0.629714488983154
Phylloscopus burkii,2020,33,2.90200233459473,3.33437871932983,0.432376384735107
Phylloscopus cantator,2020,105,15.6603422164917,16.3363571166992,0.67601490020752
Phylloscopus castaniceps,2020,632,16.0546073913574,16.8773746490479,0.82276725769043
Phylloscopus claudiae,2020,522,9.88924694061279,10.6997671127319,0.810520172119141
Phylloscopus coronatus,2020,414,6.72929191589356,7.84986400604248,1.12057209014893
Phylloscopus emeiensis,2020,22,12.370792388916,13.1121397018433,0.741347312927246
Phylloscopus intermedius,2020,134,14.0922756195068,14.8655004501343,0.773224830627441
Phylloscopus magnirostris,2020,214,6.5604043006897,7.17775058746338,0.617346286773682
Phylloscopus ogilviegranti,2020,381,17.7375507354736,18.6758937835693,0.938343048095703
Phylloscopus omeiensis,2020,138,10.2660341262817,10.904052734375,0.638018608093262
Phylloscopus pulcher,2020,413,7.9857611656189,8.67315196990967,0.687390804290772
Phylloscopus ricketti,2020,676,15.3157758712769,16.1620407104492,0.846264839172363
Phylloscopus soror,2020,245,13.625864982605,14.3803243637085,0.754459381103516
Phylloscopus subaffinis,2020,1013,11.5190992355347,12.2921676635742,0.773068428039551
Phylloscopus tenellipes,2020,259,4.56703424453735,5.80048513412476,1.2334508895874
Phylloscopus tephrocephalus,2020,281,12.0046453475952,12.6989345550537,0.694289207458496
Phylloscopus yunnanensis,2020,215,8.02978324890137,8.89168453216553,0.86190128326416
Picumnus innominatus,2020,1093,15.3501920700073,16.2045497894287,0.854357719421387
Picus chlorolophus,2020,236,18.3902645111084,19.2628269195557,0.872562408447266
Pitta nympha,2020,314,17.3351917266846,18.4549522399902,1.11976051330566
Platalea minor,2020,6,9.52713203430176,10.4818315505981,0.954699516296387
Pnoepyga immaculata,2020,5,5.88570213317871,6.33607196807861,0.450369834899902
Podiceps auritus,2020,229,0.136366680264473,1.58704817295074,1.45068149268627
Podiceps grisegena,2020,136,1.74304449558258,3.16090202331543,1.41785752773285
Podiceps nigricollis,2020,481,3.37681865692139,4.74019908905029,1.36338043212891
Podoces biddulphi,2020,276,11.4326000213623,12.3905010223389,0.957901000976562
Pomatorhinus schisticeps,2020,30,17.0419483184814,17.5462322235107,0.504283905029297
Pomatorhinus superciliaris,2020,107,15.5741310119629,16.2260112762451,0.651880264282227
Prinia atrogularis,2020,41,13.7463512420654,14.3017272949219,0.555376052856445
Prinia flaviventris,2020,82,19.0294494628906,19.8381748199463,0.808725357055664
Prinia inornata,2020,815,17.7829418182373,18.682092666626,0.899150848388672
Prunella collaris,2020,2078,0.881721675395966,1.79667699337006,0.914955317974091
Prunella himalayana,2020,208,-0.780707001686096,0.446412593126297,1.22711959481239
Prunella immaculata,2020,328,2.3754723072052,3.02565908432007,0.650186777114868
Prunella montanella,2020,35,-4.01745891571045,-2.05255746841431,1.96490144729614
Prunella strophiata,2020,581,4.8185076713562,5.45211887359619,0.63361120223999
Psarisomus dalhousiae,2020,108,17.168399810791,17.9204292297363,0.752029418945313
Pseudopodoces humilis,2020,999,-2.24323654174805,-1.6485880613327,0.594648480415344
Psilopogon faber,2020,43,19.2454166412354,19.9961528778076,0.750736236572266
Psilopogon virens,2020,727,16.4328498840332,17.3559226989746,0.923072814941406
Pterorhinus berthemyi,2020,335,15.9220361709595,16.7756805419922,0.853644371032715
Pterorhinus lanceolatus,2020,830,14.0311040878296,14.835018157959,0.803914070129395
Pterorhinus pectoralis,2020,584,16.4923286437988,17.3692836761475,0.876955032348633
Pterorhinus sannio,2020,723,16.5131092071533,17.3956279754639,0.882518768310547
Pteruthius rufiventer,2020,90,13.7090368270874,14.372483253479,0.663446426391602
Pteruthius xanthochlorus,2020,307,10.3232049942017,11.024130821228,0.700925827026367
Ptyonoprogne rupestris,2020,1954,5.37436962127686,6.27405786514282,0.899688243865967
Pycnonotus aurigaster,2020,572,17.6714363098145,18.6133327484131,0.941896438598633
Pycnonotus jocosus,2020,415,18.2223873138428,19.1096000671387,0.887212753295898
Pycnonotus sinensis,2020,1342,15.0544948577881,16.0114707946777,0.956975936889648
Pycnonotus xanthorrhous,2020,700,14.8906507492065,15.756983757019,0.8663330078125
Pyrrhula erythaca,2020,897,8.99915409088135,9.73697471618652,0.737820625305176
Pyrrhula nipalensis,2020,747,14.819185256958,15.7007665634155,0.88158130645752
Rallina eurizonoides,2020,152,20.1719455718994,21.0632724761963,0.891326904296875
Rallus aquaticus,2020,1224,2.42764139175415,3.21924328804016,0.791601896286011
Recurvirostra avosetta,2020,698,1.33939504623413,2.8162522315979,1.47685718536377
Regulus regulus,2020,930,7.1307168006897,7.90521049499512,0.77449369430542
Remiz consobrinus,2020,558,3.35002541542053,4.68496656417847,1.33494114875793
Remiz coronatus,2020,191,2.46915340423584,3.82781910896301,1.35866570472717
Rhodospiza obsoleta,2020,720,5.24223470687866,6.19242429733276,0.950189590454102
Riparia riparia,2020,784,2.64866471290588,4.01051568984985,1.36185097694397
Rubigula flaviventris,2020,174,18.7557125091553,19.5973320007324,0.841619491577148
Sasia ochracea,2020,132,19.0419464111328,19.8151531219482,0.77320671081543
Saxicola ferreus,2020,1085,14.6986656188965,15.5390892028809,0.840423583984375
Sitta cinnamoventris,2020,123,17.082124710083,17.8922100067139,0.810085296630859
Sitta formosa,2020,141,15.951807975769,16.6991844177246,0.747376441955566
Sitta villosa,2020,798,6.09239196777344,7.03654766082764,0.944155693054199
Sittiparus varius,2020,82,5.76430416107178,6.87149953842163,1.10719537734985
Spilopelia chinensis,2020,1413,14.8436107635498,15.7545909881592,0.910980224609375
Spilopelia senegalensis,2020,168,3.82531929016113,5.07257843017578,1.24725914001465
Spilornis cheela,2020,652,17.436824798584,18.4003887176514,0.963563919067383
Spinus spinus,2020,295,-0.596706986427307,0.950955092906952,1.54766207933426
Spizixos semitorques,2020,944,16.026798248291,16.9151248931885,0.888326644897461
Spodiopsar cineraceus,2020,1439,4.32776212692261,5.50309801101685,1.17533588409424
Spodiopsar sericeus,2020,692,17.4629497528076,18.3845882415772,0.921638488769531
Stachyris humei,2020,39,13.5445995330811,14.0685977935791,0.523998260498047
Staphida torqueola,2020,740,17.3425159454346,18.2468090057373,0.904293060302734
Streptopelia decaocto,2020,1819,7.51734828948975,8.50466728210449,0.987318992614746
Sturnia sinensis,2020,305,19.1309833526611,20.1407318115234,1.0097484588623
Sturnus vulgaris,2020,253,4.91895532608032,6.17064714431763,1.2516918182373
Suthora fulvifrons,2020,136,9.14953327178955,9.76665592193604,0.617122650146484
Syrmaticus humiae,2020,108,16.9307231903076,17.7877101898193,0.856986999511719
Syrmaticus reevesii,2020,256,14.2624092102051,14.9387941360474,0.676384925842285
Syrrhaptes paradoxus,2020,1270,4.20923328399658,5.51666879653931,1.30743551254272
Tarsiger chrysaeus,2020,217,7.12873888015747,7.78519296646118,0.656454086303711
Tarsiger indicus,2020,276,9.35574531555176,10.0824012756348,0.726655960083008
Temnurus temnurus,2020,38,23.8245315551758,24.8299789428711,1.00544738769531
Tephrodornis virgatus,2020,421,19.5108184814453,20.5100364685059,0.999217987060547
Thalasseus bergii,2020,240,22.2157859802246,23.4085369110107,1.19275093078613
Timalia pileata,2020,263,19.225227355957,20.0425968170166,0.81736946105957
Tragopan caboti,2020,186,18.5082702636719,19.6634731292725,1.15520286560059
Tragopan temminckii,2020,529,12.6361389160156,13.3317613601685,0.695622444152832
Treron curvirostra,2020,162,18.7455444335938,19.5635509490967,0.81800651550293
Treron sieboldii,2020,645,17.8530445098877,18.8145980834961,0.961553573608398
Treron sphenurus,2020,294,14.4787168502808,15.2576570510864,0.778940200805664
Turdus boulboul,2020,220,17.376407623291,18.1534004211426,0.776992797851563
Turdus cardis,2020,169,15.0351343154907,15.8586368560791,0.823502540588379
Turdus feae,2020,117,7.37936782836914,8.47201061248779,1.09264278411865
Turdus mandarinus,2020,1032,14.7816362380981,15.6552410125732,0.873604774475098
Turdus pilaris,2020,220,-1.74795424938202,-0.0732700675725937,1.67468418180943
Turdus rubrocanus,2020,541,5.81288194656372,6.45253372192383,0.639651775360107
Turdus ruficollis,2020,159,2.9576096534729,4.35922384262085,1.40161418914795
Turdus viscivorus,2020,422,4.64524841308594,5.90436458587647,1.25911617279053
Turnix suscitator,2020,455,17.9373970031738,18.8317165374756,0.894319534301758
Tyto longimembris,2020,685,17.7860012054443,18.7786540985107,0.992652893066406
Urile pelagicus,2020,10,10.4286890029907,11.5044088363647,1.07571983337402
Urosphena squameiceps,2020,112,3.62927651405334,4.84468078613281,1.21540427207947
Vanellus cinereus,2020,279,3.7433602809906,5.1185622215271,1.3752019405365
Vanellus indicus,2020,87,17.6243762969971,18.4017486572266,0.777372360229492
Vanellus vanellus,2020,1111,2.88630080223084,4.26541042327881,1.37910962104797
Yuhina nigrimenta,2020,669,15.0526151657105,15.9242992401123,0.871684074401856
Zoothera dixoni,2020,349,11.1787948608398,11.9357481002808,0.756953239440918
Zoothera mollissima,2020,155,2.83340001106262,3.49788904190064,0.664489030838013
Zoothera monticola,2020,41,12.9189081192017,13.3610019683838,0.442093849182129
Zosterops erythropleurus,2020,328,4.62363433837891,5.88626003265381,1.2626256942749
Abroscopus albogularis,2021,562,17.4008522033691,18.4918594360352,1.09100723266602
Accipiter gularis,2021,697,2.65403866767883,3.91068005561829,1.25664138793945
Accipiter soloensis,2021,942,14.6539878845215,15.9013366699219,1.24734878540039
Accipiter trivirgatus,2021,174,20.6737785339356,21.7131519317627,1.03937339782715
Accipiter virgatus,2021,846,15.1853485107422,16.2646808624268,1.07933235168457
Acridotheres cristatellus,2021,1081,16.3418083190918,17.5520248413086,1.2102165222168
Acridotheres tristis,2021,284,13.0754556655884,14.2779674530029,1.20251178741455
Acrocephalus agricola,2021,581,6.84485864639282,8.15480804443359,1.30994939804077
Acrocephalus bistrigiceps,2021,1280,6.68613195419312,8.01900863647461,1.33287668228149
Acrocephalus concinens,2021,766,13.3816928863525,14.7635669708252,1.38187408447266
Acrocephalus orientalis,2021,1446,7.09092283248901,8.44007205963135,1.34914922714233
Acrocephalus tangorum,2021,171,4.11876344680786,5.41139984130859,1.29263639450073
Aegithalos bonvaloti,2021,106,7.6470046043396,8.75188064575195,1.10487604141235
Aegithalos caudatus,2021,754,2.25801730155945,3.54122734069824,1.28321003913879
Aegithalos concinnus,2021,953,15.9409122467041,17.1507987976074,1.20988655090332
Aegithalos fuliginosus,2021,138,9.91040992736816,10.939905166626,1.02949523925781
Aerodramus brevirostris,2021,603,13.6866846084595,14.7234563827515,1.03677177429199
Aethopyga christinae,2021,23,24.3484706878662,25.4020652770996,1.0535945892334
Aethopyga gouldiae,2021,956,11.0757522583008,12.1070184707642,1.03126621246338
Agropsar sturninus,2021,1131,4.8556547164917,6.14818716049194,1.29253244400024
Aix galericulata,2021,422,3.75636386871338,4.9978461265564,1.24148225784302
Alauda gulgula,2021,1994,9.42479801177979,10.51340675354,1.08860874176025
Alaudala cheleensis,2021,2390,5.02381753921509,6.30327367782593,1.27945613861084
Alcedo hercules,2021,141,19.7236499786377,20.7830829620361,1.05943298339844
Alcippe morrisonia,2021,975,16.4001846313477,17.5808868408203,1.18070220947266
Amaurornis phoenicurus,2021,1130,16.0147972106934,17.2236785888672,1.20888137817383
Anastomus oscitans,2021,315,16.1227264404297,17.1520805358887,1.02935409545898
Anser anser,2021,936,2.59998202323914,4.00089311599731,1.40091109275818
Anser fabalis,2021,359,-0.232263207435608,0.934826195240021,1.16708940267563
Anser indicus,2021,441,0.791138470172882,1.94522500038147,1.15408653020859
Anthus godlewskii,2021,157,1.22606432437897,2.76983165740967,1.5437673330307
Anthus gustavi,2021,66,2.94458818435669,4.18617677688599,1.2415885925293
Anthus richardi,2021,2788,8.37556171417236,9.68972873687744,1.31416702270508
Anthus roseatus,2021,1911,3.55629634857178,4.58391857147217,1.02762222290039
Anthus trivialis,2021,126,1.94549369812012,3.62372636795044,1.67823266983032
Aquila fasciata,2021,300,19.3407211303711,20.6865730285645,1.34585189819336
Aquila heliaca,2021,183,0.794729292392731,2.24523186683655,1.45050257444382
Ardea intermedia,2021,806,16.9554290771484,18.1657733917236,1.2103443145752
Ardea purpurea,2021,1542,13.773362159729,15.0510492324829,1.27768707275391
Ardenna pacifica,2021,90,21.6581630706787,23.00172996521,1.34356689453125
Artamus fuscus,2021,275,20.3747119903564,21.4549121856689,1.0802001953125
Asio flammeus,2021,498,0.647581040859222,1.98849785327911,1.34091681241989
Athene noctua,2021,3280,3.76510715484619,4.97875165939331,1.21364450454712
Aviceda jerdoni,2021,64,20.8588600158691,21.816198348999,0.957338333129883
Aviceda leuphotes,2021,784,15.98646068573,17.0805816650391,1.09412097930908
Aythya fuligula,2021,613,0.912497222423553,2.20918369293213,1.29668647050858
Aythya nyroca,2021,348,3.64787364006043,5.22865581512451,1.58078217506409
Bombycilla japonica,2021,93,-2.70986938476563,-1.71544182300568,0.994427561759949
Branta canadensis,2021,19,7.6150541305542,9.06402492523193,1.44897079467773
Bubo nipalensis,2021,362,11.4124135971069,12.4546365737915,1.04222297668457
Bucanetes mongolicus,2021,731,5.15714693069458,6.69268465042114,1.53553771972656
Butastur indicus,2021,481,4.17492294311523,5.44036960601807,1.26544666290283
Cacomantis merulinus,2021,411,19.2106418609619,20.3451957702637,1.13455390930176
Calandrella brachydactyla,2021,400,5.59619903564453,7.13513660430908,1.53893756866455
Calliope obscura,2021,74,8.60147857666016,9.62215423583984,1.02067565917969
Caprimulgus macrurus,2021,78,21.0046348571777,22.0036125183105,0.998977661132812
Carpodacus roborowskii,2021,101,-4.03297138214111,-3.21936225891113,0.813609123229981
Carpodacus vinaceus,2021,535,13.1980676651001,14.231632232666,1.03356456756592
Cecropis daurica,2021,2623,9.16229629516602,10.3812694549561,1.21897315979004
Centropus bengalensis,2021,607,18.6197357177734,19.8527946472168,1.23305892944336
Cephalopyrus flammiceps,2021,98,11.278489112854,12.3579998016357,1.07951068878174
Certhia familiaris,2021,1518,4.10910701751709,5.42543315887451,1.31632614135742
Certhia himalayana,2021,210,9.42436599731445,10.497127532959,1.07276153564453
Certhia tianquanensis,2021,46,8.03892517089844,8.85991191864014,0.820986747741699
Ceryle rudis,2021,762,17.6190166473389,18.8474540710449,1.22843742370605
Cettia brunnifrons,2021,409,9.04499340057373,10.0184450149536,0.973451614379883
Cettia castaneocoronata,2021,502,12.0057926177979,13.0088233947754,1.00303077697754
Chalcophaps indica,2021,288,20.4205284118652,21.5137424468994,1.09321403503418
Charadrius atrifrons,2021,1360,-0.0825315490365028,0.936930239200592,1.01946178823709
Charadrius dealbatus,2021,82,22.3581027984619,23.5725555419922,1.21445274353027
Charadrius placidus,2021,860,6.81603288650513,8.09707450866699,1.28104162216187
Charadrius veredus,2021,147,1.37415206432343,2.89777326583862,1.5236212015152
Chlidonias leucopterus,2021,1115,3.61852622032166,4.98370933532715,1.36518311500549
Chlidonias niger,2021,65,2.81934809684753,4.41560554504395,1.59625744819641
Chloris ambigua,2021,297,13.6298961639404,14.7033662796021,1.07347011566162
Chloris sinica,2021,2177,10.1043548583984,11.3432350158691,1.2388801574707
Chrysolophus pictus,2021,410,12.3430995941162,13.3436031341553,1.00050354003906
Ciconia boyciana,2021,141,3.75946140289307,5.07015609741211,1.31069469451904
Ciconia nigra,2021,2186,5.71650981903076,7.06656265258789,1.35005283355713
Circaetus gallicus,2021,228,6.13989019393921,7.71366786956787,1.57377767562866
Circus macrourus,2021,154,2.22476196289063,3.8379979133606,1.61323595046997
Circus spilonotus,2021,631,1.43180251121521,2.70308303833008,1.27128052711487
Cisticola exilis,2021,521,18.3237705230713,19.541618347168,1.21784782409668
Cisticola juncidis,2021,1233,15.9261827468872,17.1681232452393,1.24194049835205
Clamator coromandus,2021,1069,16.5760765075684,17.8057441711426,1.22966766357422
Clanga clanga,2021,567,1.82915771007538,3.07848739624023,1.24932968616486
Columba oenas,2021,147,1.89062237739563,3.46740698814392,1.57678461074829
Copsychus saularis,2021,1011,16.2842559814453,17.4629459381104,1.17868995666504
Coracias garrulus,2021,83,1.71752464771271,3.34703731536865,1.62951266765594
Coturnicops exquisitus,2021,412,0.116188421845436,1.30814158916473,1.1919531673193
Crex crex,2021,149,1.68861591815948,3.32820796966553,1.63959205150604
Crossoptilon mantchuricum,2021,64,7.99328136444092,9.40473175048828,1.41145038604736
Curruca curruca,2021,961,4.71596050262451,5.99227619171143,1.27631568908691
Cyanistes cyanus,2021,658,0.813704073429108,2.12544465065002,1.31174057722092
Cyanoderma pyrrhops,2021,3,11.5056676864624,12.3177461624146,0.812078475952148
Cygnus cygnus,2021,538,1.97667515277863,3.39141154289246,1.41473639011383
Cygnus olor,2021,250,2.81658434867859,3.86468958854675,1.04810523986816
Cyornis glaucicomans,2021,344,15.2155599594116,16.2085075378418,0.992947578430176
Cyornis hainanus,2021,199,21.3823966979981,22.4801559448242,1.09775924682617
Cyornis rubeculoides,2021,42,16.7205429077148,17.6354637145996,0.914920806884766
Delichon dasypus,2021,1040,7.09097099304199,8.11400985717773,1.02303886413574
Dendrocitta formosae,2021,933,17.1049575805664,18.3036346435547,1.19867706298828
Dendrocopos hyperythrus,2021,413,8.27587223052979,9.3416805267334,1.06580829620361
Dendrocygna javanica,2021,684,18.0148448944092,19.26540184021,1.25055694580078
Dicaeum cruentatum,2021,519,18.7793598175049,19.9564895629883,1.1771297454834
Dicaeum ignipectus,2021,1035,15.6106557846069,16.7510070800781,1.14035129547119
Dicaeum minullum,2021,835,14.767373085022,15.8335838317871,1.06621074676514
Dicrurus annectens,2021,164,19.7741985321045,20.7590293884277,0.984830856323242
Dicrurus hottentottus,2021,1277,14.8924055099487,16.1171016693115,1.22469615936279
Dicrurus remifer,2021,201,17.4981899261475,18.5154705047607,1.01728057861328
Egretta eulophotes,2021,19,9.63973045349121,11.0577688217163,1.4180383682251
Egretta garzetta,2021,1670,12.7392654418945,13.9214000701904,1.1821346282959
Elachura formosa,2021,245,15.8722858428955,16.954683303833,1.0823974609375
Elanus caeruleus,2021,97,20.0274238586426,21.3024806976318,1.27505683898926
Emberiza buchanani,2021,164,0.845942556858063,2.48206686973572,1.63612431287766
Emberiza citrinella,2021,45,1.24440145492554,3.004225730896,1.75982427597046
Emberiza elegans,2021,1059,8.75524711608887,9.89905548095703,1.14380836486816
Emberiza godlewskii,2021,2040,4.47789907455444,5.62078523635864,1.1428861618042
Emberiza hortulana,2021,93,3.53125858306885,5.15513229370117,1.62387371063232
Emberiza leucocephalos,2021,716,0.0190331656485796,1.17783296108246,1.15879979543388
Emberiza pallasi,2021,141,-2.66091752052307,-1.36366927623749,1.29724824428558
Emberiza pusilla,2021,208,2.53732514381409,3.77511405944824,1.23778891563416
Emberiza rustica,2021,3,-4.41251945495605,-2.51865386962891,1.89386558532715
Emberiza siemsseni,2021,79,10.0293006896973,11.0988454818726,1.06954479217529
Emberiza yessoensis,2021,46,2.82388091087341,4.03383207321167,1.20995116233826
Enicurus leschenaulti,2021,1155,14.9616861343384,16.1227836608887,1.16109752655029
Enicurus maculatus,2021,490,17.4008846282959,18.5170707702637,1.11618614196777
Enicurus schistaceus,2021,598,17.1719207763672,18.2912044525147,1.11928367614746
Erpornis zantholeuca,2021,529,17.9002780914307,19.0522918701172,1.15201377868652
Erythrogenys hypoleucos,2021,50,19.9029903411865,20.8678722381592,0.964881896972656
Eudynamys scolopaceus,2021,1083,16.3084487915039,17.5151767730713,1.20672798156738
Eumyias thalassinus,2021,737,14.3080358505249,15.3843507766724,1.07631492614746
Falco cherrug,2021,2075,2.70873928070068,3.90950107574463,1.20076179504395
Falco severus,2021,359,17.7754745483398,18.8473930358887,1.07191848754883
Ficedula albicilla,2021,89,-2.38578534126282,-1.25779020786285,1.12799513339996
Ficedula elisae,2021,152,7.47436904907227,8.89160251617432,1.41723346710205
Ficedula erithacus,2021,610,7.43311548233032,8.39815425872803,0.965038776397705
Ficedula hyperythra,2021,472,16.0033531188965,17.0285663604736,1.02521324157715
Ficedula mugimaki,2021,678,2.3159077167511,3.56872725486755,1.25281953811646
Ficedula strophiata,2021,621,13.0205202102661,14.0459394454956,1.02541923522949
Ficedula superciliaris,2021,331,5.17182588577271,6.1484956741333,0.976669788360596
Ficedula tricolor,2021,560,11.7169189453125,12.7136459350586,0.996726989746094
Fringilla coelebs,2021,6,-3.64196300506592,-1.77731776237488,1.86464524269104
Fringilla montifringilla,2021,23,-2.54210829734802,-0.71064019203186,1.83146810531616
Galerida cristata,2021,1619,6.56866264343262,7.92719221115112,1.35852956771851
Gallicrex cinerea,2021,1658,13.8156538009644,15.0754861831665,1.25983238220215
Garrulax canorus,2021,757,17.0413055419922,18.2503643035889,1.20905876159668
Garrulax maesi,2021,302,17.0664443969727,18.1103782653809,1.0439338684082
Garrulax monileger,2021,463,19.1697063446045,20.3430995941162,1.17339324951172
Gavia arctica,2021,163,2.2326762676239,3.72251081466675,1.48983454704285
Gelochelidon nilotica,2021,554,7.68231201171875,9.1050329208374,1.42272090911865
Geokichla citrina,2021,505,17.6489105224609,18.8660984039307,1.21718788146973
Glaucidium cuculoides,2021,1012,16.7492389678955,17.9375534057617,1.18831443786621
Gorsachius melanolophus,2021,105,21.6351413726807,22.694995880127,1.05985450744629
Gracupica nigricollis,2021,510,17.9595203399658,19.1113185882568,1.15179824829102
Grandala coelicolor,2021,621,0.189435198903084,1.06780898571014,0.87837378680706
Grus japonensis,2021,76,2.61315250396729,3.83853507041931,1.22538256645203
Grus monacha,2021,21,-0.20156466960907,0.869217455387116,1.07078212499619
Grus nigricollis,2021,407,-2.81143999099731,-1.91335487365723,0.898085117340088
Gypaetus barbatus,2021,1655,0.90612781047821,1.9885311126709,1.08240330219269
Gyps himalayensis,2021,1392,1.23260295391083,2.24726247787476,1.01465952396393
Halcyon coromanda,2021,131,9.25574684143066,10.4157629013062,1.16001605987549
Halcyon pileata,2021,1245,13.7531538009644,15.037389755249,1.28423595428467
Halcyon smyrnensis,2021,182,21.6887283325195,22.8778800964356,1.18915176391602
Haliaeetus leucoryphus,2021,34,14.0554161071777,14.8663721084595,0.810956001281738
Harpactes wardi,2021,78,8.85727214813232,9.91381168365479,1.05653953552246
Helopsaltes certhiola,2021,1617,4.47727870941162,5.81523752212524,1.33795881271362
Helopsaltes pryeri,2021,166,6.73794746398926,8.1021900177002,1.36424255371094
Hemiprocne coronata,2021,103,16.7578430175781,17.7635288238525,1.00568580627441
Hemitesia pallidipes,2021,155,16.8176536560059,17.7767086029053,0.959054946899414
Hemixos castanonotus,2021,373,19.1924209594727,20.382719039917,1.19029808044434
Heterophasia desgodinsi,2021,283,15.513069152832,16.5221290588379,1.00905990600586
Heteroxenicus stellatus,2021,104,10.5467109680176,11.5753526687622,1.02864170074463
Hieraaetus pennatus,2021,137,-1.33781504631042,0.092744417488575,1.430559463799
Hierococcyx nisicolor,2021,639,17.0438480377197,18.2036533355713,1.15980529785156
Hirundapus caudacutus,2021,1023,3.56975531578064,4.6833119392395,1.11355662345886
Hirundo rustica,2021,4116,6.53853988647461,7.75466108322144,1.21612119674683
Histrionicus histrionicus,2021,83,2.51139283180237,3.71824955940247,1.2068567276001
Hydrocoloeus minutus,2021,48,8.87618541717529,10.3094444274902,1.43325901031494
Hydrophasianus chirurgus,2021,865,17.0730152130127,18.2757415771484,1.20272636413574
Hydroprogne caspia,2021,298,13.7203493118286,15.1205701828003,1.40022087097168
Hypothymis azurea,2021,513,17.3541965484619,18.4468517303467,1.09265518188477
Hypsipetes leucocephalus,2021,1126,15.1517972946167,16.3164901733398,1.16469287872314
Ianthocincla lunulata,2021,135,10.4669580459595,11.5171775817871,1.05021953582764
Ibidorhyncha struthersii,2021,1706,2.63580417633057,3.69784069061279,1.06203651428223
Ictinaetus malaiensis,2021,101,17.802188873291,19.108512878418,1.30632400512695
Iduna caligata,2021,61,2.13780975341797,3.77807259559631,1.64026284217834
Indicator xanthonotus,2021,48,12.2993488311768,13.2978677749634,0.998518943786621
Ixobrychus cinnamomeus,2021,1390,15.337140083313,16.6041717529297,1.2670316696167
Ixobrychus eurhythmus,2021,1430,9.70042896270752,11.0301351547241,1.3297061920166
Ixobrychus minutus,2021,183,3.59522795677185,5.11398839950562,1.51876044273376
Ixos mcclellandii,2021,697,17.6051921844482,18.769021987915,1.1638298034668
Ketupa flavipes,2021,920,17.0898551940918,18.334508895874,1.24465370178223
Lalage melaschistos,2021,1331,14.7237720489502,15.9458799362183,1.22210788726807
Lanius borealis,2021,248,1.18080830574036,2.6104142665863,1.42960596084595
Lanius collurioides,2021,302,18.6856880187988,19.7509059906006,1.06521797180176
Lanius isabellinus,2021,1437,4.29488563537598,5.54172086715698,1.24683523178101
Lanius schach,2021,1339,14.2475595474243,15.4153690338135,1.16780948638916
Lanius sphenocercus,2021,817,3.8520245552063,5.15949869155884,1.30747413635254
Lanius tephronotus,2021,638,4.51975870132446,5.42220640182495,0.902447700500488
Larus crassirostris,2021,78,15.5089054107666,16.9456653594971,1.43675994873047
Larvivora brunnea,2021,325,6.83418989181519,7.84983634948731,1.01564645767212
Larvivora cyane,2021,504,1.02699601650238,2.23980569839478,1.2128096818924
Leptopoecile elegans,2021,464,1.16251695156097,2.06495237350464,0.902435421943665
Leptoptilos javanicus,2021,193,17.0435619354248,18.085298538208,1.0417366027832
Limnodromus semipalmatus,2021,293,0.636016726493835,1.9157155752182,1.27969884872437
Limosa limosa,2021,390,1.07777690887451,2.46561980247498,1.38784289360046
Linaria cannabina,2021,164,3.81024098396301,5.43817281723023,1.62793183326721
Locustella davidi,2021,377,1.02113199234009,2.21372151374817,1.19258952140808
Locustella mandelli,2021,546,16.9194431304932,18.081413269043,1.1619701385498
Lonchura striata,2021,766,18.0601272583008,19.2667083740234,1.20658111572266
Lophotriorchis kienerii,2021,55,21.8129367828369,22.7885646820068,0.975627899169922
Lophura leucomelanos,2021,150,10.5427417755127,11.563458442688,1.02071666717529
Lophura nycthemera,2021,260,18.5232791900635,19.5922527313232,1.06897354125977
Loxia curvirostra,2021,1375,1.54966580867767,2.69481086730957,1.1451450586319
Macropygia unchall,2021,594,16.1906127929688,17.2978534698486,1.10724067687988
Mareca falcata,2021,366,-0.290807813405991,0.887320339679718,1.17812815308571
Megaceryle lugubris,2021,1428,15.1732769012451,16.4283752441406,1.25509834289551
Melanitta fusca,2021,7,0.868973076343536,2.81155204772949,1.94257897138596
Melanitta stejnegeri,2021,45,-4.25272130966187,-3.22588109970093,1.02684020996094
Melanochlora sultanea,2021,155,18.2084312438965,19.2532806396484,1.04484939575195
Mergus serrator,2021,251,1.3321053981781,2.4909348487854,1.1588294506073
Merops philippinus,2021,293,18.3080310821533,19.401834487915,1.09380340576172
Mixornis gularis,2021,159,16.6837577819824,17.7472648620605,1.06350708007813
Monticola gularis,2021,646,2.43376898765564,3.68548631668091,1.25171732902527
Monticola rufiventris,2021,869,15.3018579483032,16.455717086792,1.15385913848877
Monticola solitarius,2021,2043,10.853741645813,12.0472106933594,1.19346904754639
Motacilla citreola,2021,2159,2.20297122001648,3.33541059494019,1.13243937492371
Moupinia poecilotis,2021,145,6.02350807189941,7.00838375091553,0.984875679016113
Muscicapa dauurica,2021,671,1.70671880245209,2.96540093421936,1.25868213176727
Muscicapa ferruginea,2021,600,12.596305847168,13.6130485534668,1.01674270629883
Muscicapa muttui,2021,305,16.68186378479,17.6352310180664,0.953367233276367
Mycerobas affinis,2021,417,4.74256801605225,5.72513914108276,0.982571125030518
Mycerobas carnipes,2021,1012,2.43280649185181,3.41836023330689,0.985553741455078
Myiomela leucura,2021,672,15.003249168396,16.0481357574463,1.04488658905029
Myophonus caeruleus,2021,1550,12.4764938354492,13.6847877502441,1.20829391479492
Netta rufina,2021,395,4.57272863388062,6.16471147537231,1.5919828414917
Niltava davidi,2021,684,16.3860206604004,17.4971179962158,1.11109733581543
Niltava grandis,2021,139,15.5507926940918,16.5595321655273,1.00873947143555
Niltava macgrigoriae,2021,278,17.1179103851318,18.1446552276611,1.0267448425293
Niltava sundara,2021,761,11.4049816131592,12.4084777832031,1.00349617004395
Ninox japonica,2021,1327,11.1691026687622,12.528639793396,1.35953712463379
Nipponia nippon,2021,3,13.224778175354,14.234974861145,1.01019668579102
Nisaetus nipalensis,2021,501,16.0050029754639,17.1378517150879,1.13284873962402
Numenius madagascariensis,2021,197,0.840074002742767,1.98571217060089,1.14563816785812
Nycticorax nycticorax,2021,1539,14.4904012680054,15.7520656585693,1.26166439056396
Oenanthe deserti,2021,1737,2.79329204559326,3.99510860443115,1.20181655883789
Oenanthe oenanthe,2021,1019,4.16478967666626,5.63838624954224,1.47359657287598
Onychoprion anaethetus,2021,31,20.9556827545166,22.2077159881592,1.25203323364258
Oriolus oriolus,2021,192,3.03185987472534,4.67164039611816,1.63978052139282
Otus lettia,2021,878,17.5054512023926,18.711498260498,1.20604705810547
Otus semitorques,2021,542,7.6100811958313,8.95337772369385,1.34329652786255
Otus spilocephalus,2021,561,16.5144157409668,17.7197437286377,1.2053279876709
Oxyura leucocephala,2021,149,5.72699737548828,7.26029109954834,1.53329372406006
Panurus biarmicus,2021,1831,4.12009954452515,5.43404245376587,1.31394290924072
Paradoxornis guttaticollis,2021,448,16.6616554260254,17.7901649475098,1.12850952148438
Paradoxornis heudei,2021,323,12.1314287185669,13.5364370346069,1.40500831604004
Parayuhina diademata,2021,471,13.0819683074951,14.1235456466675,1.04157733917236
Pardaliparus venustulus,2021,704,13.5442533493042,14.7721710205078,1.22791767120361
Parus monticolus,2021,628,12.7628221511841,13.8089838027954,1.04616165161133
Passer cinnamomeus,2021,1562,12.8010911941528,14.0189723968506,1.21788120269775
Passer domesticus,2021,750,0.82120680809021,2.1463782787323,1.32517147064209
Passer hispaniolensis,2021,153,4.25698804855347,5.81108808517456,1.55410003662109
Pelecanus crispus,2021,151,0.737479865550995,1.90155041217804,1.16407054662704
Pellorneum tickelli,2021,96,18.7574138641357,19.6933631896973,0.935949325561523
Perdix hodgsoniae,2021,460,-1.68631982803345,-0.786411106586456,0.899908721446991
Pericrocotus cantonensis,2021,816,16.4538898468018,17.6612567901611,1.20736694335938
Pericrocotus divaricatus,2021,132,2.67148590087891,3.91692519187927,1.24543929100037
Pericrocotus ethologus,2021,1120,10.0661602020264,11.1766986846924,1.11053848266602
Pericrocotus solaris,2021,630,17.9055347442627,19.0528926849365,1.14735794067383
Periparus rubidiventris,2021,406,1.0057018995285,1.90804708003998,0.902345180511475
Pernis ptilorhynchus,2021,832,3.53393316268921,4.73120880126953,1.19727563858032
Phasianus colchicus,2021,2329,8.38204383850098,9.62432384490967,1.24228000640869
Phoenicurus erythronotus,2021,302,4.4462628364563,6.02153301239014,1.57527017593384
Phoenicurus frontalis,2021,923,4.79591703414917,5.73212146759033,0.936204433441162
Phoenicurus leucocephalus,2021,1426,7.7376446723938,8.79353713989258,1.05589246749878
Phoenicurus ochruros,2021,2263,3.26384401321411,4.43043994903564,1.16659593582153
Phoenicurus schisticeps,2021,406,3.07463383674622,4.02729558944702,0.952661752700806
Phylloscopus affinis,2021,666,5.29091310501099,6.24591112136841,0.954998016357422
Phylloscopus burkii,2021,33,2.90200233459473,3.69988608360291,0.797883749008179
Phylloscopus cantator,2021,105,15.6603422164917,16.5881404876709,0.927798271179199
Phylloscopus castaniceps,2021,632,16.0546073913574,17.185510635376,1.13090324401855
Phylloscopus claudiae,2021,522,9.88924694061279,11.0475931167603,1.15834617614746
Phylloscopus coronatus,2021,414,6.72929191589356,7.79771423339844,1.06842231750488
Phylloscopus emeiensis,2021,22,12.370792388916,13.4240732192993,1.0532808303833
Phylloscopus intermedius,2021,134,14.0922756195068,15.2020702362061,1.10979461669922
Phylloscopus magnirostris,2021,214,6.5604043006897,7.47418785095215,0.913783550262451
Phylloscopus ogilviegranti,2021,381,17.7375507354736,18.8895645141602,1.15201377868652
Phylloscopus omeiensis,2021,138,10.2660341262817,11.2365951538086,0.970561027526855
Phylloscopus pulcher,2021,413,7.9857611656189,8.97092437744141,0.98516321182251
Phylloscopus ricketti,2021,676,15.3157758712769,16.5044956207275,1.18871974945068
Phylloscopus soror,2021,245,13.625864982605,14.729962348938,1.10409736633301
Phylloscopus subaffinis,2021,1013,11.5190992355347,12.6258792877197,1.10678005218506
Phylloscopus tenellipes,2021,259,4.56703424453735,5.84921884536743,1.28218460083008
Phylloscopus tephrocephalus,2021,281,12.0046453475952,13.0418176651001,1.03717231750488
Phylloscopus yunnanensis,2021,215,8.02978324890137,9.20322608947754,1.17344284057617
Picumnus innominatus,2021,1093,15.3501920700073,16.5231552124023,1.17296314239502
Picus chlorolophus,2021,236,18.3902645111084,19.4708385467529,1.08057403564453
Pitta nympha,2021,314,17.3351917266846,18.7738246917725,1.43863296508789
Platalea minor,2021,6,9.52713203430176,10.9812421798706,1.45411014556885
Pnoepyga immaculata,2021,5,5.88570213317871,6.76309967041016,0.877397537231445
Podiceps auritus,2021,229,0.136366680264473,1.58969032764435,1.45332364737988
Podiceps grisegena,2021,136,1.74304449558258,2.9927875995636,1.24974310398102
Podiceps nigricollis,2021,481,3.37681865692139,4.75713348388672,1.38031482696533
Podoces biddulphi,2021,276,11.4326000213623,12.717791557312,1.28519153594971
Pomatorhinus schisticeps,2021,30,17.0419483184814,17.9437885284424,0.901840209960938
Pomatorhinus superciliaris,2021,107,15.5741310119629,16.511589050293,0.937458038330078
Prinia atrogularis,2021,41,13.7463512420654,14.7119464874268,0.965595245361328
Prinia flaviventris,2021,82,19.0294494628906,19.9845886230469,0.95513916015625
Prinia inornata,2021,815,17.7829418182373,18.96923828125,1.1862964630127
Prunella collaris,2021,2078,0.881721675395966,2.00469517707825,1.12297350168228
Prunella himalayana,2021,208,-0.780707001686096,0.836480855941773,1.61718785762787
Prunella immaculata,2021,328,2.3754723072052,3.34481358528137,0.969341278076172
Prunella montanella,2021,35,-4.01745891571045,-2.74301242828369,1.27444648742676
Prunella strophiata,2021,581,4.8185076713562,5.74193143844605,0.923423767089844
Psarisomus dalhousiae,2021,108,17.168399810791,18.1211681365967,0.952768325805664
Pseudopodoces humilis,2021,999,-2.24323654174805,-1.33998203277588,0.903254508972168
Psilopogon faber,2021,43,19.2454166412354,20.2576084136963,1.01219177246094
Psilopogon virens,2021,727,16.4328498840332,17.6267223358154,1.19387245178223
Pterorhinus berthemyi,2021,335,15.9220361709595,17.1130638122559,1.19102764129639
Pterorhinus lanceolatus,2021,830,14.0311040878296,15.1277236938477,1.09661960601807
Pterorhinus pectoralis,2021,584,16.4923286437988,17.7166118621826,1.22428321838379
Pterorhinus sannio,2021,723,16.5131092071533,17.6916370391846,1.17852783203125
Pteruthius rufiventer,2021,90,13.7090368270874,14.714316368103,1.00527954101563
Pteruthius xanthochlorus,2021,307,10.3232049942017,11.3793983459473,1.05619335174561
Ptyonoprogne rupestris,2021,1954,5.37436962127686,6.58684015274048,1.21247053146362
Pycnonotus aurigaster,2021,572,17.6714363098145,18.8600826263428,1.18864631652832
Pycnonotus jocosus,2021,415,18.2223873138428,19.3241519927979,1.10176467895508
Pycnonotus sinensis,2021,1342,15.0544948577881,16.333345413208,1.27885055541992
Pycnonotus xanthorrhous,2021,700,14.8906507492065,16.0529327392578,1.16228199005127
Pyrrhula erythaca,2021,897,8.99915409088135,10.0455303192139,1.04637622833252
Pyrrhula nipalensis,2021,747,14.819185256958,15.9606857299805,1.14150047302246
Rallina eurizonoides,2021,152,20.1719455718994,21.172887802124,1.00094223022461
Rallus aquaticus,2021,1224,2.42764139175415,3.54199957847595,1.1143581867218
Recurvirostra avosetta,2021,698,1.33939504623413,2.68705081939697,1.34765577316284
Regulus regulus,2021,930,7.1307168006897,8.19387340545654,1.06315660476685
Remiz consobrinus,2021,558,3.35002541542053,4.614577293396,1.26455187797546
Remiz coronatus,2021,191,2.46915340423584,4.01584911346436,1.54669570922852
Rhodospiza obsoleta,2021,720,5.24223470687866,6.46589231491089,1.22365760803223
Riparia riparia,2021,784,2.64866471290588,3.94696807861328,1.2983033657074
Rubigula flaviventris,2021,174,18.7557125091553,19.7749328613281,1.01922035217285
Sasia ochracea,2021,132,19.0419464111328,19.9879512786865,0.946004867553711
Saxicola ferreus,2021,1085,14.6986656188965,15.8675651550293,1.16889953613281
Sitta cinnamoventris,2021,123,17.082124710083,18.0940837860107,1.01195907592773
Sitta formosa,2021,141,15.951807975769,16.9698677062988,1.01805973052979
Sitta villosa,2021,798,6.09239196777344,7.29249048233032,1.20009851455688
Sittiparus varius,2021,82,5.76430416107178,7.06752824783325,1.30322408676147
Spilopelia chinensis,2021,1413,14.8436107635498,16.0806827545166,1.2370719909668
Spilopelia senegalensis,2021,168,3.82531929016113,5.39018487930298,1.56486558914185
Spilornis cheela,2021,652,17.436824798584,18.6444454193115,1.20762062072754
Spinus spinus,2021,295,-0.596706986427307,0.544258058071137,1.14096504449844
Spizixos semitorques,2021,944,16.026798248291,17.2383651733398,1.21156692504883
Spodiopsar cineraceus,2021,1439,4.32776212692261,5.59186697006226,1.26410484313965
Spodiopsar sericeus,2021,692,17.4629497528076,18.6919918060303,1.22904205322266
Stachyris humei,2021,39,13.5445995330811,14.4695110321045,0.924911499023438
Staphida torqueola,2021,740,17.3425159454346,18.5313701629639,1.1888542175293
Streptopelia decaocto,2021,1819,7.51734828948975,8.81497192382813,1.29762363433838
Sturnia sinensis,2021,305,19.1309833526611,20.3852882385254,1.25430488586426
Sturnus vulgaris,2021,253,4.91895532608032,6.48477363586426,1.56581830978394
Suthora fulvifrons,2021,136,9.14953327178955,10.1225967407227,0.973063468933105
Syrmaticus humiae,2021,108,16.9307231903076,18.0136260986328,1.0829029083252
Syrmaticus reevesii,2021,256,14.2624092102051,15.2920150756836,1.02960586547852
Syrrhaptes paradoxus,2021,1270,4.20923328399658,5.6454610824585,1.43622779846191
Tarsiger chrysaeus,2021,217,7.12873888015747,8.13521862030029,1.00647974014282
Tarsiger indicus,2021,276,9.35574531555176,10.3955783843994,1.03983306884766
Temnurus temnurus,2021,38,23.8245315551758,24.8494968414307,1.02496528625488
Tephrodornis virgatus,2021,421,19.5108184814453,20.7125129699707,1.20169448852539
Thalasseus bergii,2021,240,22.2157859802246,23.5304641723633,1.31467819213867
Timalia pileata,2021,263,19.225227355957,20.2618713378906,1.03664398193359
Tragopan caboti,2021,186,18.5082702636719,19.8844318389893,1.37616157531738
Tragopan temminckii,2021,529,12.6361389160156,13.6653738021851,1.02923488616943
Treron curvirostra,2021,162,18.7455444335938,19.7333717346191,0.987827301025391
Treron sieboldii,2021,645,17.8530445098877,19.1202926635742,1.26724815368652
Treron sphenurus,2021,294,14.4787168502808,15.5204591751099,1.0417423248291
Turdus boulboul,2021,220,17.376407623291,18.3583431243897,0.981935501098633
Turdus cardis,2021,169,15.0351343154907,16.2898559570313,1.25472164154053
Turdus feae,2021,117,7.37936782836914,8.79012298583984,1.4107551574707
Turdus mandarinus,2021,1032,14.7816362380981,15.9876775741577,1.20604133605957
Turdus pilaris,2021,220,-1.74795424938202,-0.453978955745697,1.29397529363632
Turdus rubrocanus,2021,541,5.81288194656372,6.776047706604,0.963165760040283
Turdus ruficollis,2021,159,2.9576096534729,4.55259847640991,1.59498882293701
Turdus viscivorus,2021,422,4.64524841308594,6.20421361923218,1.55896520614624
Turnix suscitator,2021,455,17.9373970031738,19.0459995269775,1.10860252380371
Tyto longimembris,2021,685,17.7860012054443,19.034065246582,1.2480640411377
Urile pelagicus,2021,10,10.4286890029907,11.8441066741943,1.41541767120361
Urosphena squameiceps,2021,112,3.62927651405334,4.91862535476685,1.2893488407135
Vanellus cinereus,2021,279,3.7433602809906,4.96806526184082,1.22470498085022
Vanellus indicus,2021,87,17.6243762969971,18.6637058258057,1.03932952880859
Vanellus vanellus,2021,1111,2.88630080223084,4.25724649429321,1.37094569206238
Yuhina nigrimenta,2021,669,15.0526151657105,16.2140827178955,1.16146755218506
Zoothera dixoni,2021,349,11.1787948608398,12.222785949707,1.04399108886719
Zoothera mollissima,2021,155,2.83340001106262,3.85161066055298,1.01821064949036
Zoothera monticola,2021,41,12.9189081192017,13.755765914917,0.836857795715332
Zosterops erythropleurus,2021,328,4.62363433837891,5.90583276748657,1.28219842910767
Abroscopus albogularis,2022,562,17.4008522033691,18.2172241210938,0.816371917724609
Accipiter gularis,2022,697,2.65403866767883,3.57208776473999,0.918049097061157
Accipiter soloensis,2022,942,14.6539878845215,15.582501411438,0.928513526916504
Accipiter trivirgatus,2022,174,20.6737785339356,21.2700977325439,0.596319198608398
Accipiter virgatus,2022,846,15.1853485107422,15.9556379318237,0.770289421081543
Acridotheres cristatellus,2022,1081,16.3418083190918,17.278076171875,0.936267852783203
Acridotheres tristis,2022,284,13.0754556655884,14.0361185073853,0.960662841796875
Acrocephalus agricola,2022,581,6.84485864639282,8.37998962402344,1.53513097763062
Acrocephalus bistrigiceps,2022,1280,6.68613195419312,7.73477554321289,1.04864358901978
Acrocephalus concinens,2022,766,13.3816928863525,14.5679531097412,1.18626022338867
Acrocephalus orientalis,2022,1446,7.09092283248901,8.14426612854004,1.05334329605103
Acrocephalus tangorum,2022,171,4.11876344680786,5.01777696609497,0.899013519287109
Aegithalos bonvaloti,2022,106,7.6470046043396,8.29296970367432,0.645965099334717
Aegithalos caudatus,2022,754,2.25801730155945,3.23534226417542,0.977324962615967
Aegithalos concinnus,2022,953,15.9409122467041,16.8995609283447,0.958648681640625
Aegithalos fuliginosus,2022,138,9.91040992736816,10.926417350769,1.01600742340088
Aerodramus brevirostris,2022,603,13.6866846084595,14.463059425354,0.776374816894531
Aethopyga christinae,2022,23,24.3484706878662,24.8375549316406,0.489084243774414
Aethopyga gouldiae,2022,956,11.0757522583008,11.884352684021,0.808600425720215
Agropsar sturninus,2022,1131,4.8556547164917,5.88580465316773,1.03014993667603
Aix galericulata,2022,422,3.75636386871338,4.67869377136231,0.922329902648926
Alauda gulgula,2022,1994,9.42479801177979,10.323413848877,0.898615837097168
Alaudala cheleensis,2022,2390,5.02381753921509,6.22761297225952,1.20379543304443
Alcedo hercules,2022,141,19.7236499786377,20.3429908752441,0.619340896606445
Alcippe morrisonia,2022,975,16.4001846313477,17.3002815246582,0.900096893310547
Amaurornis phoenicurus,2022,1130,16.0147972106934,16.9462089538574,0.931411743164062
Anastomus oscitans,2022,315,16.1227264404297,16.7546977996826,0.63197135925293
Anser anser,2022,936,2.59998202323914,3.87631034851074,1.27632832527161
Anser fabalis,2022,359,-0.232263207435608,0.683399498462677,0.915662705898285
Anser indicus,2022,441,0.791138470172882,2.12399244308472,1.33285397291183
Anthus godlewskii,2022,157,1.22606432437897,2.18203330039978,0.955968976020813
Anthus gustavi,2022,66,2.94458818435669,4.03671979904175,1.09213161468506
Anthus richardi,2022,2788,8.37556171417236,9.50061702728271,1.12505531311035
Anthus roseatus,2022,1911,3.55629634857178,4.55626106262207,0.999964714050293
Anthus trivialis,2022,126,1.94549369812012,3.70047736167908,1.75498366355896
Aquila fasciata,2022,300,19.3407211303711,20.2258358001709,0.885114669799805
Aquila heliaca,2022,183,0.794729292392731,2.21099996566772,1.41627067327499
Ardea intermedia,2022,806,16.9554290771484,17.8661251068115,0.910696029663086
Ardea purpurea,2022,1542,13.773362159729,14.7767305374146,1.00336837768555
Ardenna pacifica,2022,90,21.6581630706787,22.4867763519287,0.82861328125
Artamus fuscus,2022,275,20.3747119903564,20.9866638183594,0.61195182800293
Asio flammeus,2022,498,0.647581040859222,1.89001512527466,1.24243408441544
Athene noctua,2022,3280,3.76510715484619,4.90593671798706,1.14082956314087
Aviceda jerdoni,2022,64,20.8588600158691,21.3605117797852,0.501651763916016
Aviceda leuphotes,2022,784,15.98646068573,16.7635917663574,0.777131080627441
Aythya fuligula,2022,613,0.912497222423553,1.8618175983429,0.949320375919342
Aythya nyroca,2022,348,3.64787364006043,5.19265174865723,1.5447781085968
Bombycilla japonica,2022,93,-2.70986938476563,-1.78712201118469,0.922747373580933
Branta canadensis,2022,19,7.6150541305542,8.65556621551514,1.04051208496094
Bubo nipalensis,2022,362,11.4124135971069,12.0513391494751,0.638925552368164
Bucanetes mongolicus,2022,731,5.15714693069458,6.61302375793457,1.45587682723999
Butastur indicus,2022,481,4.17492294311523,5.09474849700928,0.919825553894043
Cacomantis merulinus,2022,411,19.2106418609619,19.8746109008789,0.663969039916992
Calandrella brachydactyla,2022,400,5.59619903564453,7.21003389358521,1.61383485794067
Calliope obscura,2022,74,8.60147857666016,9.74651718139648,1.14503860473633
Caprimulgus macrurus,2022,78,21.0046348571777,21.5304012298584,0.525766372680664
Carpodacus roborowskii,2022,101,-4.03297138214111,-3.30598163604736,0.72698974609375
Carpodacus vinaceus,2022,535,13.1980676651001,14.0832252502441,0.885157585144043
Cecropis daurica,2022,2623,9.16229629516602,10.1468448638916,0.984548568725586
Centropus bengalensis,2022,607,18.6197357177734,19.4708499908447,0.851114273071289
Cephalopyrus flammiceps,2022,98,11.278489112854,12.0524053573608,0.773916244506836
Certhia familiaris,2022,1518,4.10910701751709,5.26705074310303,1.15794372558594
Certhia himalayana,2022,210,9.42436599731445,10.2443580627441,0.819992065429688
Certhia tianquanensis,2022,46,8.03892517089844,8.82600784301758,0.787082672119141
Ceryle rudis,2022,762,17.6190166473389,18.4731559753418,0.85413932800293
Cettia brunnifrons,2022,409,9.04499340057373,9.77643585205078,0.731442451477051
Cettia castaneocoronata,2022,502,12.0057926177979,12.6662759780884,0.660483360290527
Chalcophaps indica,2022,288,20.4205284118652,21.0509967803955,0.630468368530273
Charadrius atrifrons,2022,1360,-0.0825315490365028,0.974971950054169,1.05750349909067
Charadrius dealbatus,2022,82,22.3581027984619,23.0389842987061,0.680881500244141
Charadrius placidus,2022,860,6.81603288650513,7.84297704696655,1.02694416046143
Charadrius veredus,2022,147,1.37415206432343,2.33471131324768,0.960559248924255
Chlidonias leucopterus,2022,1115,3.61852622032166,4.67634296417236,1.05781674385071
Chlidonias niger,2022,65,2.81934809684753,4.53756189346314,1.7182137966156
Chloris ambigua,2022,297,13.6298961639404,14.2668037414551,0.636907577514648
Chloris sinica,2022,2177,10.1043548583984,11.1018447875977,0.997489929199219
Chrysolophus pictus,2022,410,12.3430995941162,13.2351980209351,0.892098426818848
Ciconia boyciana,2022,141,3.75946140289307,4.72202968597412,0.962568283081055
Ciconia nigra,2022,2186,5.71650981903076,6.94862699508667,1.23211717605591
Circaetus gallicus,2022,228,6.13989019393921,7.62869644165039,1.48880624771118
Circus macrourus,2022,154,2.22476196289063,3.91962742805481,1.69486546516418
Circus spilonotus,2022,631,1.43180251121521,2.35141587257385,0.919613361358643
Cisticola exilis,2022,521,18.3237705230713,19.1098136901855,0.786043167114258
Cisticola juncidis,2022,1233,15.9261827468872,16.8730239868164,0.946841239929199
Clamator coromandus,2022,1069,16.5760765075684,17.5465240478516,0.970447540283203
Clanga clanga,2022,567,1.82915771007538,2.79430532455444,0.965147614479065
Columba oenas,2022,147,1.89062237739563,3.93452334403992,2.04390096664429
Copsychus saularis,2022,1011,16.2842559814453,17.1747894287109,0.890533447265625
Coracias garrulus,2022,83,1.71752464771271,3.78881311416626,2.07128846645355
Coturnicops exquisitus,2022,412,0.116188421845436,1.02745151519775,0.911263093352318
Crex crex,2022,149,1.68861591815948,3.6422233581543,1.95360743999481
Crossoptilon mantchuricum,2022,64,7.99328136444092,9.26142692565918,1.26814556121826
Curruca curruca,2022,961,4.71596050262451,6.14177465438843,1.42581415176392
Cyanistes cyanus,2022,658,0.813704073429108,2.09025001525879,1.27654594182968
Cyanoderma pyrrhops,2022,3,11.5056676864624,12.2963800430298,0.790712356567383
Cygnus cygnus,2022,538,1.97667515277863,3.10249710083008,1.12582194805145
Cygnus olor,2022,250,2.81658434867859,3.85564565658569,1.0390613079071
Cyornis glaucicomans,2022,344,15.2155599594116,16.0950412750244,0.879481315612793
Cyornis hainanus,2022,199,21.3823966979981,22.0013294219971,0.618932723999023
Cyornis rubeculoides,2022,42,16.7205429077148,17.256498336792,0.535955429077148
Delichon dasypus,2022,1040,7.09097099304199,7.9080114364624,0.81704044342041
Dendrocitta formosae,2022,933,17.1049575805664,17.9814987182617,0.876541137695313
Dendrocopos hyperythrus,2022,413,8.27587223052979,8.99346923828125,0.717597007751465
Dendrocygna javanica,2022,684,18.0148448944092,18.8838214874268,0.868976593017578
Dicaeum cruentatum,2022,519,18.7793598175049,19.5352993011475,0.755939483642578
Dicaeum ignipectus,2022,1035,15.6106557846069,16.450309753418,0.839653968811035
Dicaeum minullum,2022,835,14.767373085022,15.5156354904175,0.748262405395508
Dicrurus annectens,2022,164,19.7741985321045,20.3125286102295,0.538330078125
Dicrurus hottentottus,2022,1277,14.8924055099487,15.8513078689575,0.958902359008789
Dicrurus remifer,2022,201,17.4981899261475,18.0766162872314,0.578426361083984
Egretta eulophotes,2022,19,9.63973045349121,10.6162042617798,0.976473808288574
Egretta garzetta,2022,1670,12.7392654418945,13.6840171813965,0.944751739501953
Elachura formosa,2022,245,15.8722858428955,16.5360908508301,0.66380500793457
Elanus caeruleus,2022,97,20.0274238586426,20.8410205841064,0.813596725463867
Emberiza buchanani,2022,164,0.845942556858063,2.61953830718994,1.77359575033188
Emberiza citrinella,2022,45,1.24440145492554,2.30429100990295,1.05988955497742
Emberiza elegans,2022,1059,8.75524711608887,9.63939762115479,0.884150505065918
Emberiza godlewskii,2022,2040,4.47789907455444,5.52167749404907,1.04377841949463
Emberiza hortulana,2022,93,3.53125858306885,4.78353643417358,1.25227785110474
Emberiza leucocephalos,2022,716,0.0190331656485796,1.11114656925201,1.09211340360343
Emberiza pallasi,2022,141,-2.66091752052307,-1.76105499267578,0.89986252784729
Emberiza pusilla,2022,208,2.53732514381409,3.43249583244324,0.89517068862915
Emberiza rustica,2022,3,-4.41251945495605,-3.5037784576416,0.908740997314453
Emberiza siemsseni,2022,79,10.0293006896973,11.1148509979248,1.08555030822754
Emberiza yessoensis,2022,46,2.82388091087341,3.77208256721497,0.948201656341553
Enicurus leschenaulti,2022,1155,14.9616861343384,15.8623485565186,0.900662422180176
Enicurus maculatus,2022,490,17.4008846282959,18.0831470489502,0.682262420654297
Enicurus schistaceus,2022,598,17.1719207763672,17.9331912994385,0.761270523071289
Erpornis zantholeuca,2022,529,17.9002780914307,18.6308879852295,0.730609893798828
Erythrogenys hypoleucos,2022,50,19.9029903411865,20.5202693939209,0.617279052734375
Eudynamys scolopaceus,2022,1083,16.3084487915039,17.2437438964844,0.935295104980469
Eumyias thalassinus,2022,737,14.3080358505249,15.1175365447998,0.809500694274902
Falco cherrug,2022,2075,2.70873928070068,3.9177258014679,1.20898652076721
Falco severus,2022,359,17.7754745483398,18.4009113311768,0.625436782836914
Ficedula albicilla,2022,89,-2.38578534126282,-1.39041817188263,0.995367169380188
Ficedula elisae,2022,152,7.47436904907227,8.64242553710938,1.16805648803711
Ficedula erithacus,2022,610,7.43311548233032,8.14366626739502,0.710550785064697
Ficedula hyperythra,2022,472,16.0033531188965,16.674409866333,0.671056747436523
Ficedula mugimaki,2022,678,2.3159077167511,3.22525525093079,0.909347534179688
Ficedula strophiata,2022,621,13.0205202102661,13.858943939209,0.838423728942871
Ficedula superciliaris,2022,331,5.17182588577271,5.83554029464722,0.663714408874512
Ficedula tricolor,2022,560,11.7169189453125,12.4649963378906,0.748077392578125
Fringilla coelebs,2022,6,-3.64196300506592,-2.72359704971314,0.918365955352783
Fringilla montifringilla,2022,23,-2.54210829734802,-1.56799805164337,0.974110245704651
Galerida cristata,2022,1619,6.56866264343262,7.77556657791138,1.20690393447876
Gallicrex cinerea,2022,1658,13.8156538009644,14.782208442688,0.966554641723633
Garrulax canorus,2022,757,17.0413055419922,17.9873752593994,0.946069717407227
Garrulax maesi,2022,302,17.0664443969727,17.8571853637695,0.790740966796875
Garrulax monileger,2022,463,19.1697063446045,19.9143238067627,0.744617462158203
Gavia arctica,2022,163,2.2326762676239,3.82291555404663,1.59023928642273
Gelochelidon nilotica,2022,554,7.68231201171875,9.05792617797852,1.37561416625977
Geokichla citrina,2022,505,17.6489105224609,18.4829483032227,0.834037780761719
Glaucidium cuculoides,2022,1012,16.7492389678955,17.6565971374512,0.907358169555664
Gorsachius melanolophus,2022,105,21.6351413726807,22.2645244598389,0.629383087158203
Gracupica nigricollis,2022,510,17.9595203399658,18.6879653930664,0.728445053100586
Grandala coelicolor,2022,621,0.189435198903084,0.910330057144165,0.720894858241081
Grus japonensis,2022,76,2.61315250396729,3.64000535011292,1.02685284614563
Grus monacha,2022,21,-0.20156466960907,0.878360986709595,1.07992565631866
Grus nigricollis,2022,407,-2.81143999099731,-1.86174821853638,0.949691772460938
Gypaetus barbatus,2022,1655,0.90612781047821,2.02862644195557,1.12249863147736
Gyps himalayensis,2022,1392,1.23260295391083,2.2246241569519,0.992021203041077
Halcyon coromanda,2022,131,9.25574684143066,10.0234832763672,0.767736434936523
Halcyon pileata,2022,1245,13.7531538009644,14.7463369369507,0.993183135986328
Halcyon smyrnensis,2022,182,21.6887283325195,22.356575012207,0.6678466796875
Haliaeetus leucoryphus,2022,34,14.0554161071777,14.5511665344238,0.495750427246094
Harpactes wardi,2022,78,8.85727214813232,9.47051239013672,0.613240242004395
Helopsaltes certhiola,2022,1617,4.47727870941162,5.74538278579712,1.2681040763855
Helopsaltes pryeri,2022,166,6.73794746398926,7.71869039535523,0.980742931365967
Hemiprocne coronata,2022,103,16.7578430175781,17.3345909118652,0.576747894287109
Hemitesia pallidipes,2022,155,16.8176536560059,17.378511428833,0.560857772827148
Hemixos castanonotus,2022,373,19.1924209594727,19.959774017334,0.767353057861328
Heterophasia desgodinsi,2022,283,15.513069152832,16.1906833648682,0.677614212036133
Heteroxenicus stellatus,2022,104,10.5467109680176,11.2255296707153,0.678818702697754
Hieraaetus pennatus,2022,137,-1.33781504631042,0.0171911660581827,1.35500621236861
Hierococcyx nisicolor,2022,639,17.0438480377197,17.7819194793701,0.738071441650391
Hirundapus caudacutus,2022,1023,3.56975531578064,4.42723369598389,0.857478380203247
Hirundo rustica,2022,4116,6.53853988647461,7.63876962661743,1.10022974014282
Histrionicus histrionicus,2022,83,2.51139283180237,3.5763304233551,1.06493759155273
Hydrocoloeus minutus,2022,48,8.87618541717529,10.5495519638062,1.67336654663086
Hydrophasianus chirurgus,2022,865,17.0730152130127,17.9304485321045,0.857433319091797
Hydroprogne caspia,2022,298,13.7203493118286,14.9205150604248,1.20016574859619
Hypothymis azurea,2022,513,17.3541965484619,18.0261688232422,0.671972274780273
Hypsipetes leucocephalus,2022,1126,15.1517972946167,16.01344871521,0.861651420593262
Ianthocincla lunulata,2022,135,10.4669580459595,11.4365167617798,0.969558715820312
Ibidorhyncha struthersii,2022,1706,2.63580417633057,3.65743589401245,1.02163171768188
Ictinaetus malaiensis,2022,101,17.802188873291,18.7160453796387,0.913856506347656
Iduna caligata,2022,61,2.13780975341797,3.31644296646118,1.17863321304321
Indicator xanthonotus,2022,48,12.2993488311768,12.8986701965332,0.599321365356445
Ixobrychus cinnamomeus,2022,1390,15.337140083313,16.3164100646973,0.979269981384277
Ixobrychus eurhythmus,2022,1430,9.70042896270752,10.7294359207153,1.02900695800781
Ixobrychus minutus,2022,183,3.59522795677185,5.40642690658569,1.81119894981384
Ixos mcclellandii,2022,697,17.6051921844482,18.3963241577148,0.791131973266602
Ketupa flavipes,2022,920,17.0898551940918,18.0786037445068,0.988748550415039
Lalage melaschistos,2022,1331,14.7237720489502,15.6957674026489,0.97199535369873
Lanius borealis,2022,248,1.18080830574036,2.54691529273987,1.36610698699951
Lanius collurioides,2022,302,18.6856880187988,19.3268489837646,0.64116096496582
Lanius isabellinus,2022,1437,4.29488563537598,5.5291166305542,1.23423099517822
Lanius schach,2022,1339,14.2475595474243,15.1652765274048,0.917716979980469
Lanius sphenocercus,2022,817,3.8520245552063,4.88298559188843,1.03096103668213
Lanius tephronotus,2022,638,4.51975870132446,5.25692653656006,0.737167835235596
Larus crassirostris,2022,78,15.5089054107666,16.559606552124,1.05070114135742
Larvivora brunnea,2022,325,6.83418989181519,7.64135456085205,0.807164669036865
Larvivora cyane,2022,504,1.02699601650238,1.94210076332092,0.915104746818542
Leptopoecile elegans,2022,464,1.16251695156097,1.95709419250488,0.794577240943909
Leptoptilos javanicus,2022,193,17.0435619354248,17.6440830230713,0.600521087646484
Limnodromus semipalmatus,2022,293,0.636016726493835,1.52846789360046,0.892451167106628
Limosa limosa,2022,390,1.07777690887451,2.21249651908875,1.13471961021423
Linaria cannabina,2022,164,3.81024098396301,5.38991594314575,1.57967495918274
Locustella davidi,2022,377,1.02113199234009,1.90937125682831,0.88823926448822
Locustella mandelli,2022,546,16.9194431304932,17.68971824646,0.770275115966797
Lonchura striata,2022,766,18.0601272583008,18.9431343078613,0.883007049560547
Lophotriorchis kienerii,2022,55,21.8129367828369,22.3077011108398,0.49476432800293
Lophura leucomelanos,2022,150,10.5427417755127,11.1543340682983,0.611592292785645
Lophura nycthemera,2022,260,18.5232791900635,19.1573581695557,0.634078979492188
Loxia curvirostra,2022,1375,1.54966580867767,2.48963832855225,0.939972519874573
Macropygia unchall,2022,594,16.1906127929688,16.9334297180176,0.742816925048828
Mareca falcata,2022,366,-0.290807813405991,0.629854738712311,0.920662552118301
Megaceryle lugubris,2022,1428,15.1732769012451,16.1448059082031,0.971529006958008
Melanitta fusca,2022,7,0.868973076343536,1.69889235496521,0.829919278621674
Melanitta stejnegeri,2022,45,-4.25272130966187,-3.23543071746826,1.0172905921936
Melanochlora sultanea,2022,155,18.2084312438965,18.82275390625,0.614322662353516
Mergus serrator,2022,251,1.3321053981781,2.29084181785584,0.958736419677734
Merops philippinus,2022,293,18.3080310821533,18.9208717346191,0.61284065246582
Mixornis gularis,2022,159,16.6837577819824,17.2839756011963,0.600217819213867
Monticola gularis,2022,646,2.43376898765564,3.36403632164001,0.930267333984375
Monticola rufiventris,2022,869,15.3018579483032,16.1656360626221,0.863778114318848
Monticola solitarius,2022,2043,10.853741645813,11.7948722839355,0.941130638122559
Motacilla citreola,2022,2159,2.20297122001648,3.32802867889404,1.12505745887756
Moupinia poecilotis,2022,145,6.02350807189941,6.81531763076782,0.791809558868408
Muscicapa dauurica,2022,671,1.70671880245209,2.6138288974762,0.907110095024109
Muscicapa ferruginea,2022,600,12.596305847168,13.4001235961914,0.803817749023438
Muscicapa muttui,2022,305,16.68186378479,17.4322986602783,0.750434875488281
Mycerobas affinis,2022,417,4.74256801605225,5.44860506057739,0.706037044525147
Mycerobas carnipes,2022,1012,2.43280649185181,3.4437882900238,1.010981798172
Myiomela leucura,2022,672,15.003249168396,15.7922105789185,0.788961410522461
Myophonus caeruleus,2022,1550,12.4764938354492,13.4816799163818,1.00518608093262
Netta rufina,2022,395,4.57272863388062,6.24471426010132,1.6719856262207
Niltava davidi,2022,684,16.3860206604004,17.1534652709961,0.767444610595703
Niltava grandis,2022,139,15.5507926940918,16.1297359466553,0.578943252563477
Niltava macgrigoriae,2022,278,17.1179103851318,17.7313919067383,0.613481521606445
Niltava sundara,2022,761,11.4049816131592,12.1859254837036,0.780943870544434
Ninox japonica,2022,1327,11.1691026687622,12.2373676300049,1.06826496124268
Nipponia nippon,2022,3,13.224778175354,14.2853679656982,1.06058979034424
Nisaetus nipalensis,2022,501,16.0050029754639,16.7568016052246,0.751798629760742
Numenius madagascariensis,2022,197,0.840074002742767,1.83888614177704,0.998812139034271
Nycticorax nycticorax,2022,1539,14.4904012680054,15.4633026123047,0.972901344299316
Oenanthe deserti,2022,1737,2.79329204559326,4.08664083480835,1.29334878921509
Oenanthe oenanthe,2022,1019,4.16478967666626,5.49181890487671,1.32702922821045
Onychoprion anaethetus,2022,31,20.9556827545166,21.9748420715332,1.0191593170166
Oriolus oriolus,2022,192,3.03185987472534,4.69331455230713,1.66145467758179
Otus lettia,2022,878,17.5054512023926,18.3878173828125,0.882366180419922
Otus semitorques,2022,542,7.6100811958313,8.68034553527832,1.07026433944702
Otus spilocephalus,2022,561,16.5144157409668,17.2683639526367,0.753948211669922
Oxyura leucocephala,2022,149,5.72699737548828,7.72378301620483,1.99678564071655
Panurus biarmicus,2022,1831,4.12009954452515,5.42485189437866,1.30475234985352
Paradoxornis guttaticollis,2022,448,16.6616554260254,17.4547843933105,0.793128967285156
Paradoxornis heudei,2022,323,12.1314287185669,13.2615699768066,1.13014125823975
Parayuhina diademata,2022,471,13.0819683074951,13.8939552307129,0.811986923217773
Pardaliparus venustulus,2022,704,13.5442533493042,14.6137351989746,1.06948184967041
Parus monticolus,2022,628,12.7628221511841,13.6598043441772,0.896982192993164
Passer cinnamomeus,2022,1562,12.8010911941528,13.8112926483154,1.0102014541626
Passer domesticus,2022,750,0.82120680809021,2.12007164955139,1.29886484146118
Passer hispaniolensis,2022,153,4.25698804855347,6.14367723464966,1.88668918609619
Pelecanus crispus,2022,151,0.737479865550995,1.9271057844162,1.1896259188652
Pellorneum tickelli,2022,96,18.7574138641357,19.293851852417,0.53643798828125
Perdix hodgsoniae,2022,460,-1.68631982803345,-0.940157115459442,0.746162712574005
Pericrocotus cantonensis,2022,816,16.4538898468018,17.4120464324951,0.958156585693359
Pericrocotus divaricatus,2022,132,2.67148590087891,3.71121573448181,1.03972983360291
Pericrocotus ethologus,2022,1120,10.0661602020264,10.9832029342651,0.91704273223877
Pericrocotus solaris,2022,630,17.9055347442627,18.652530670166,0.74699592590332
Periparus rubidiventris,2022,406,1.0057018995285,1.73894143104553,0.733239531517029
Pernis ptilorhynchus,2022,832,3.53393316268921,4.38120031356812,0.847267150878906
Phasianus colchicus,2022,2329,8.38204383850098,9.3758020401001,0.993758201599121
Phoenicurus erythronotus,2022,302,4.4462628364563,6.24994802474976,1.80368518829346
Phoenicurus frontalis,2022,923,4.79591703414917,5.61600112915039,0.820084095001221
Phoenicurus leucocephalus,2022,1426,7.7376446723938,8.64936542510986,0.911720752716064
Phoenicurus ochruros,2022,2263,3.26384401321411,4.47352266311646,1.20967864990234
Phoenicurus schisticeps,2022,406,3.07463383674622,3.84504127502441,0.770407438278198
Phylloscopus affinis,2022,666,5.29091310501099,6.10086107254028,0.809947967529297
Phylloscopus burkii,2022,33,2.90200233459473,3.51540684700012,0.613404512405396
Phylloscopus cantator,2022,105,15.6603422164917,16.1957683563232,0.535426139831543
Phylloscopus castaniceps,2022,632,16.0546073913574,16.8861598968506,0.831552505493164
Phylloscopus claudiae,2022,522,9.88924694061279,11.0246820449829,1.13543510437012
Phylloscopus coronatus,2022,414,6.72929191589356,7.69693517684937,0.967643260955811
Phylloscopus emeiensis,2022,22,12.370792388916,13.2516212463379,0.880828857421875
Phylloscopus intermedius,2022,134,14.0922756195068,14.8789863586426,0.786710739135742
Phylloscopus magnirostris,2022,214,6.5604043006897,7.29454565048218,0.734141349792481
Phylloscopus ogilviegranti,2022,381,17.7375507354736,18.5149040222168,0.777353286743164
Phylloscopus omeiensis,2022,138,10.2660341262817,11.1886320114136,0.922597885131836
Phylloscopus pulcher,2022,413,7.9857611656189,8.69797039031982,0.712209224700928
Phylloscopus ricketti,2022,676,15.3157758712769,16.2919616699219,0.97618579864502
Phylloscopus soror,2022,245,13.625864982605,14.6486930847168,1.02282810211182
Phylloscopus subaffinis,2022,1013,11.5190992355347,12.4614906311035,0.942391395568848
Phylloscopus tenellipes,2022,259,4.56703424453735,5.49517107009888,0.928136825561523
Phylloscopus tephrocephalus,2022,281,12.0046453475952,12.8953695297241,0.890724182128906
Phylloscopus yunnanensis,2022,215,8.02978324890137,9.18655776977539,1.15677452087402
Picumnus innominatus,2022,1093,15.3501920700073,16.2375793457031,0.887387275695801
Picus chlorolophus,2022,236,18.3902645111084,19.0145282745361,0.624263763427734
Pitta nympha,2022,314,17.3351917266846,18.4232330322266,1.08804130554199
Platalea minor,2022,6,9.52713203430176,10.5111618041992,0.984029769897461
Pnoepyga immaculata,2022,5,5.88570213317871,6.57654571533203,0.69084358215332
Podiceps auritus,2022,229,0.136366680264473,1.8413360118866,1.70496933162212
Podiceps grisegena,2022,136,1.74304449558258,2.97507309913635,1.23202860355377
Podiceps nigricollis,2022,481,3.37681865692139,4.49584579467773,1.11902713775635
Podoces biddulphi,2022,276,11.4326000213623,13.151517868042,1.71891784667969
Pomatorhinus schisticeps,2022,30,17.0419483184814,17.5684108734131,0.526462554931641
Pomatorhinus superciliaris,2022,107,15.5741310119629,16.1219062805176,0.547775268554688
Prinia atrogularis,2022,41,13.7463512420654,14.3150777816772,0.568726539611816
Prinia flaviventris,2022,82,19.0294494628906,19.5699100494385,0.540460586547852
Prinia inornata,2022,815,17.7829418182373,18.6745891571045,0.891647338867188
Prunella collaris,2022,2078,0.881721675395966,1.95977735519409,1.07805567979813
Prunella himalayana,2022,208,-0.780707001686096,1.08525145053864,1.86595845222473
Prunella immaculata,2022,328,2.3754723072052,3.13262844085693,0.757156133651733
Prunella montanella,2022,35,-4.01745891571045,-2.95512557029724,1.06233334541321
Prunella strophiata,2022,581,4.8185076713562,5.61171197891235,0.793204307556152
Psarisomus dalhousiae,2022,108,17.168399810791,17.721248626709,0.552848815917969
Pseudopodoces humilis,2022,999,-2.24323654174805,-1.34383678436279,0.899399757385254
Psilopogon faber,2022,43,19.2454166412354,20.014518737793,0.769102096557617
Psilopogon virens,2022,727,16.4328498840332,17.223331451416,0.790481567382813
Pterorhinus berthemyi,2022,335,15.9220361709595,16.862096786499,0.940060615539551
Pterorhinus lanceolatus,2022,830,14.0311040878296,14.8737640380859,0.842659950256348
Pterorhinus pectoralis,2022,584,16.4923286437988,17.4770336151123,0.984704971313477
Pterorhinus sannio,2022,723,16.5131092071533,17.389835357666,0.876726150512695
Pteruthius rufiventer,2022,90,13.7090368270874,14.2901077270508,0.581070899963379
Pteruthius xanthochlorus,2022,307,10.3232049942017,11.1051979064941,0.781992912292481
Ptyonoprogne rupestris,2022,1954,5.37436962127686,6.53469610214233,1.16032648086548
Pycnonotus aurigaster,2022,572,17.6714363098145,18.4464988708496,0.775062561035156
Pycnonotus jocosus,2022,415,18.2223873138428,18.8718967437744,0.649509429931641
Pycnonotus sinensis,2022,1342,15.0544948577881,16.0823154449463,1.0278205871582
Pycnonotus xanthorrhous,2022,700,14.8906507492065,15.7508211135864,0.860170364379883
Pyrrhula erythaca,2022,897,8.99915409088135,9.84085559844971,0.841701507568359
Pyrrhula nipalensis,2022,747,14.819185256958,15.5551147460938,0.735929489135742
Rallina eurizonoides,2022,152,20.1719455718994,20.7702140808106,0.598268508911133
Rallus aquaticus,2022,1224,2.42764139175415,3.72067999839783,1.29303860664368
Recurvirostra avosetta,2022,698,1.33939504623413,2.5055947303772,1.16619968414307
Regulus regulus,2022,930,7.1307168006897,8.05381488800049,0.923098087310791
Remiz consobrinus,2022,558,3.35002541542053,4.2953667640686,0.945341348648071
Remiz coronatus,2022,191,2.46915340423584,3.94609618186951,1.47694277763367
Rhodospiza obsoleta,2022,720,5.24223470687866,6.60243988037109,1.36020517349243
Riparia riparia,2022,784,2.64866471290588,3.73206329345703,1.08339858055115
Rubigula flaviventris,2022,174,18.7557125091553,19.3366775512695,0.580965042114258
Sasia ochracea,2022,132,19.0419464111328,19.5747375488281,0.532791137695313
Saxicola ferreus,2022,1085,14.6986656188965,15.6035213470459,0.904855728149414
Sitta cinnamoventris,2022,123,17.082124710083,17.6553153991699,0.573190689086914
Sitta formosa,2022,141,15.951807975769,16.5278968811035,0.576088905334473
Sitta villosa,2022,798,6.09239196777344,7.16949892044067,1.07710695266724
Sittiparus varius,2022,82,5.76430416107178,6.64209651947022,0.877792358398438
Spilopelia chinensis,2022,1413,14.8436107635498,15.8247623443604,0.981151580810547
Spilopelia senegalensis,2022,168,3.82531929016113,5.85005855560303,2.02473926544189
Spilornis cheela,2022,652,17.436824798584,18.2139472961426,0.777122497558594
Spinus spinus,2022,295,-0.596706986427307,0.340252816677094,0.936959803104401
Spizixos semitorques,2022,944,16.026798248291,17.0154495239258,0.988651275634766
Spodiopsar cineraceus,2022,1439,4.32776212692261,5.35858583450317,1.03082370758057
Spodiopsar sericeus,2022,692,17.4629497528076,18.4012298583984,0.93828010559082
Stachyris humei,2022,39,13.5445995330811,14.0922718048096,0.547672271728516
Staphida torqueola,2022,740,17.3425159454346,18.2186717987061,0.876155853271484
Streptopelia decaocto,2022,1819,7.51734828948975,8.83486938476563,1.31752109527588
Sturnia sinensis,2022,305,19.1309833526611,19.9755630493164,0.844579696655273
Sturnus vulgaris,2022,253,4.91895532608032,6.65445423126221,1.73549890518188
Suthora fulvifrons,2022,136,9.14953327178955,9.8948974609375,0.745364189147949
Syrmaticus humiae,2022,108,16.9307231903076,17.555778503418,0.625055313110352
Syrmaticus reevesii,2022,256,14.2624092102051,15.2245807647705,0.96217155456543
Syrrhaptes paradoxus,2022,1270,4.20923328399658,5.43091726303101,1.22168397903442
Tarsiger chrysaeus,2022,217,7.12873888015747,7.78386545181274,0.655126571655273
Tarsiger indicus,2022,276,9.35574531555176,10.0119552612305,0.656209945678711
Temnurus temnurus,2022,38,23.8245315551758,24.3123054504395,0.487773895263672
Tephrodornis virgatus,2022,421,19.5108184814453,20.2836818695068,0.772863388061523
Thalasseus bergii,2022,240,22.2157859802246,22.9984245300293,0.782638549804688
Timalia pileata,2022,263,19.225227355957,19.8813018798828,0.656074523925781
Tragopan caboti,2022,186,18.5082702636719,19.4268970489502,0.91862678527832
Tragopan temminckii,2022,529,12.6361389160156,13.4304723739624,0.794333457946777
Treron curvirostra,2022,162,18.7455444335938,19.2900333404541,0.544488906860352
Treron sieboldii,2022,645,17.8530445098877,18.8107376098633,0.957693099975586
Treron sphenurus,2022,294,14.4787168502808,15.1009817123413,0.622264862060547
Turdus boulboul,2022,220,17.376407623291,17.9579982757568,0.58159065246582
Turdus cardis,2022,169,15.0351343154907,16.1672592163086,1.13212490081787
Turdus feae,2022,117,7.37936782836914,8.5809211730957,1.20155334472656
Turdus mandarinus,2022,1032,14.7816362380981,15.7419118881226,0.960275650024414
Turdus pilaris,2022,220,-1.74795424938202,-0.804760038852692,0.943194210529327
Turdus rubrocanus,2022,541,5.81288194656372,6.65344142913818,0.840559482574463
Turdus ruficollis,2022,159,2.9576096534729,4.84851932525635,1.89090967178345
Turdus viscivorus,2022,422,4.64524841308594,6.37212133407593,1.72687292098999
Turnix suscitator,2022,455,17.9373970031738,18.6412906646729,0.703893661499023
Tyto longimembris,2022,685,17.7860012054443,18.6634826660156,0.877481460571289
Urile pelagicus,2022,10,10.4286890029907,11.4198007583618,0.991111755371094
Urosphena squameiceps,2022,112,3.62927651405334,4.57066440582275,0.941387891769409
Vanellus cinereus,2022,279,3.7433602809906,4.63322067260742,0.889860391616821
Vanellus indicus,2022,87,17.6243762969971,18.2074069976807,0.583030700683594
Vanellus vanellus,2022,1111,2.88630080223084,3.99831891059876,1.11201810836792
Yuhina nigrimenta,2022,669,15.0526151657105,15.8675689697266,0.814953804016113
Zoothera dixoni,2022,349,11.1787948608398,11.8519840240479,0.673189163208008
Zoothera mollissima,2022,155,2.83340001106262,3.51399278640747,0.680592775344849
Zoothera monticola,2022,41,12.9189081192017,13.4221887588501,0.503280639648438
Zosterops erythropleurus,2022,328,4.62363433837891,5.55213642120361,0.928502082824707
Abroscopus albogularis,2023,562,17.4008522033691,18.6688327789307,1.26798057556152
Accipiter gularis,2023,697,2.65403866767883,4.01287794113159,1.35883927345276
Accipiter soloensis,2023,942,14.6539878845215,16.0106678009033,1.35667991638184
Accipiter trivirgatus,2023,174,20.6737785339356,21.9013385772705,1.22756004333496
Accipiter virgatus,2023,846,15.1853485107422,16.4455986022949,1.26025009155273
Acridotheres cristatellus,2023,1081,16.3418083190918,17.6671352386475,1.32532691955566
Acridotheres tristis,2023,284,13.0754556655884,14.6022863388062,1.52683067321777
Acrocephalus agricola,2023,581,6.84485864639282,8.5759744644165,1.73111581802368
Acrocephalus bistrigiceps,2023,1280,6.68613195419312,8.12439632415772,1.4382643699646
Acrocephalus concinens,2023,766,13.3816928863525,14.8827133178711,1.50102043151855
Acrocephalus orientalis,2023,1446,7.09092283248901,8.53346252441406,1.44253969192505
Acrocephalus tangorum,2023,171,4.11876344680786,5.5032320022583,1.38446855545044
Aegithalos bonvaloti,2023,106,7.6470046043396,8.9620943069458,1.3150897026062
Aegithalos caudatus,2023,754,2.25801730155945,3.63117146492004,1.3731541633606
Aegithalos concinnus,2023,953,15.9409122467041,17.2833976745605,1.34248542785645
Aegithalos fuliginosus,2023,138,9.91040992736816,11.1863059997559,1.2758960723877
Aerodramus brevirostris,2023,603,13.6866846084595,14.955114364624,1.26842975616455
Aethopyga christinae,2023,23,24.3484706878662,25.5157356262207,1.16726493835449
Aethopyga gouldiae,2023,956,11.0757522583008,12.2733736038208,1.19762134552002
Agropsar sturninus,2023,1131,4.8556547164917,6.28621339797974,1.43055868148804
Aix galericulata,2023,422,3.75636386871338,5.09518337249756,1.33881950378418
Alauda gulgula,2023,1994,9.42479801177979,10.6074075698853,1.18260955810547
Alaudala cheleensis,2023,2390,5.02381753921509,6.5237832069397,1.49996566772461
Alcedo hercules,2023,141,19.7236499786377,20.9901180267334,1.2664680480957
Alcippe morrisonia,2023,975,16.4001846313477,17.7096176147461,1.30943298339844
Amaurornis phoenicurus,2023,1130,16.0147972106934,17.3396759033203,1.32487869262695
Anastomus oscitans,2023,315,16.1227264404297,17.4772529602051,1.35452651977539
Anser anser,2023,936,2.59998202323914,4.14292907714844,1.5429470539093
Anser fabalis,2023,359,-0.232263207435608,0.922237455844879,1.15450066328049
Anser indicus,2023,441,0.791138470172882,2.20940947532654,1.41827100515366
Anthus godlewskii,2023,157,1.22606432437897,2.55050945281982,1.32444512844086
Anthus gustavi,2023,66,2.94458818435669,4.31857442855835,1.37398624420166
Anthus richardi,2023,2788,8.37556171417236,9.84327125549316,1.4677095413208
Anthus roseatus,2023,1911,3.55629634857178,4.77419853210449,1.21790218353271
Anthus trivialis,2023,126,1.94549369812012,3.92417621612549,1.97868251800537
Aquila fasciata,2023,300,19.3407211303711,20.6270790100098,1.28635787963867
Aquila heliaca,2023,183,0.794729292392731,2.45113778114319,1.65640848875046
Ardea intermedia,2023,806,16.9554290771484,18.285795211792,1.33036613464355
Ardea purpurea,2023,1542,13.773362159729,15.1767950057983,1.40343284606934
Ardenna pacifica,2023,90,21.6581630706787,22.9151706695557,1.25700759887695
Artamus fuscus,2023,275,20.3747119903564,21.6333484649658,1.25863647460938
Asio flammeus,2023,498,0.647581040859222,2.11218905448914,1.46460801362991
Athene noctua,2023,3280,3.76510715484619,5.17273998260498,1.40763282775879
Aviceda jerdoni,2023,64,20.8588600158691,22.0256252288818,1.1667652130127
Aviceda leuphotes,2023,784,15.98646068573,17.2640686035156,1.27760791778564
Aythya fuligula,2023,613,0.912497222423553,2.17831587791443,1.26581865549088
Aythya nyroca,2023,348,3.64787364006043,5.48779058456421,1.83991694450378
Bombycilla japonica,2023,93,-2.70986938476563,-1.67404913902283,1.0358202457428
Branta canadensis,2023,19,7.6150541305542,9.35915184020996,1.74409770965576
Bubo nipalensis,2023,362,11.4124135971069,12.7059936523438,1.29358005523682
Bucanetes mongolicus,2023,731,5.15714693069458,6.92608547210693,1.76893854141235
Butastur indicus,2023,481,4.17492294311523,5.57864046096802,1.40371751785278
Cacomantis merulinus,2023,411,19.2106418609619,20.4763622283936,1.26572036743164
Calandrella brachydactyla,2023,400,5.59619903564453,7.4960994720459,1.89990043640137
Calliope obscura,2023,74,8.60147857666016,9.86592483520508,1.26444625854492
Caprimulgus macrurus,2023,78,21.0046348571777,22.2167224884033,1.21208763122559
Carpodacus roborowskii,2023,101,-4.03297138214111,-3.2015016078949,0.831469774246216
Carpodacus vinaceus,2023,535,13.1980676651001,14.5046377182007,1.30657005310059
Cecropis daurica,2023,2623,9.16229629516602,10.5119180679321,1.34962177276611
Centropus bengalensis,2023,607,18.6197357177734,19.9058780670166,1.28614234924316
Cephalopyrus flammiceps,2023,98,11.278489112854,12.5026969909668,1.22420787811279
Certhia familiaris,2023,1518,4.10910701751709,5.60432863235474,1.49522161483765
Certhia himalayana,2023,210,9.42436599731445,10.7264404296875,1.30207443237305
Certhia tianquanensis,2023,46,8.03892517089844,9.17619609832764,1.1372709274292
Ceryle rudis,2023,762,17.6190166473389,18.9269866943359,1.30797004699707
Cettia brunnifrons,2023,409,9.04499340057373,10.2102737426758,1.16528034210205
Cettia castaneocoronata,2023,502,12.0057926177979,13.2568740844727,1.2510814666748
Chalcophaps indica,2023,288,20.4205284118652,21.657112121582,1.2365837097168
Charadrius atrifrons,2023,1360,-0.0825315490365028,1.08185923099518,1.16439078003168
Charadrius dealbatus,2023,82,22.3581027984619,23.5470161437988,1.18891334533691
Charadrius placidus,2023,860,6.81603288650513,8.25235271453857,1.43631982803345
Charadrius veredus,2023,147,1.37415206432343,2.74123978614807,1.36708772182465
Chlidonias leucopterus,2023,1115,3.61852622032166,5.10021924972534,1.48169302940369
Chlidonias niger,2023,65,2.81934809684753,4.79391241073608,1.97456431388855
Chloris ambigua,2023,297,13.6298961639404,15.0028886795044,1.37299251556396
Chloris sinica,2023,2177,10.1043548583984,11.4765491485596,1.37219429016113
Chrysolophus pictus,2023,410,12.3430995941162,13.5940647125244,1.2509651184082
Ciconia boyciana,2023,141,3.75946140289307,5.09323263168335,1.33377122879028
Ciconia nigra,2023,2186,5.71650981903076,7.27855825424194,1.56204843521118
Circaetus gallicus,2023,228,6.13989019393921,7.95479679107666,1.81490659713745
Circus macrourus,2023,154,2.22476196289063,4.15421199798584,1.92945003509521
Circus spilonotus,2023,631,1.43180251121521,2.71561455726624,1.28381204605103
Cisticola exilis,2023,521,18.3237705230713,19.6107559204102,1.28698539733887
Cisticola juncidis,2023,1233,15.9261827468872,17.2934970855713,1.36731433868408
Clamator coromandus,2023,1069,16.5760765075684,17.908390045166,1.33231353759766
Clanga clanga,2023,567,1.82915771007538,3.16756772994995,1.33841001987457
Columba oenas,2023,147,1.89062237739563,4.02713489532471,2.13651251792908
Copsychus saularis,2023,1011,16.2842559814453,17.5865573883057,1.30230140686035
Coracias garrulus,2023,83,1.71752464771271,3.86394762992859,2.14642298221588
Coturnicops exquisitus,2023,412,0.116188421845436,1.29636466503143,1.180176243186
Crex crex,2023,149,1.68861591815948,3.76846194267273,2.07984602451324
Crossoptilon mantchuricum,2023,64,7.99328136444092,9.6240119934082,1.63073062896729
Curruca curruca,2023,961,4.71596050262451,6.34097719192505,1.62501668930054
Cyanistes cyanus,2023,658,0.813704073429108,2.29481983184814,1.48111575841904
Cyanoderma pyrrhops,2023,3,11.5056676864624,12.3977355957031,0.892067909240723
Cygnus cygnus,2023,538,1.97667515277863,3.43528747558594,1.45861232280731
Cygnus olor,2023,250,2.81658434867859,4.05521965026855,1.23863530158997
Cyornis glaucicomans,2023,344,15.2155599594116,16.4930801391602,1.27752017974854
Cyornis hainanus,2023,199,21.3823966979981,22.6154918670654,1.23309516906738
Cyornis rubeculoides,2023,42,16.7205429077148,17.6654376983643,0.944894790649414
Delichon dasypus,2023,1040,7.09097099304199,8.18259811401367,1.09162712097168
Dendrocitta formosae,2023,933,17.1049575805664,18.4126796722412,1.3077220916748
Dendrocopos hyperythrus,2023,413,8.27587223052979,9.50545215606689,1.22957992553711
Dendrocygna javanica,2023,684,18.0148448944092,19.3383483886719,1.3235034942627
Dicaeum cruentatum,2023,519,18.7793598175049,20.0583000183105,1.27894020080566
Dicaeum ignipectus,2023,1035,15.6106557846069,16.8859367370605,1.27528095245361
Dicaeum minullum,2023,835,14.767373085022,16.0141906738281,1.24681758880615
Dicrurus annectens,2023,164,19.7741985321045,21.0229244232178,1.24872589111328
Dicrurus hottentottus,2023,1277,14.8924055099487,16.2455024719238,1.3530969619751
Dicrurus remifer,2023,201,17.4981899261475,18.790714263916,1.29252433776855
Egretta eulophotes,2023,19,9.63973045349121,11.3040285110474,1.66429805755615
Egretta garzetta,2023,1670,12.7392654418945,14.0328187942505,1.29355335235596
Elachura formosa,2023,245,15.8722858428955,17.1839962005615,1.31171035766602
Elanus caeruleus,2023,97,20.0274238586426,21.2863292694092,1.2589054107666
Emberiza buchanani,2023,164,0.845942556858063,2.84040927886963,1.99446672201157
Emberiza citrinella,2023,45,1.24440145492554,2.92074704170227,1.67634558677673
Emberiza elegans,2023,1059,8.75524711608887,10.0621576309204,1.30691051483154
Emberiza godlewskii,2023,2040,4.47789907455444,5.79483985900879,1.31694078445435
Emberiza hortulana,2023,93,3.53125858306885,5.27159404754639,1.74033546447754
Emberiza leucocephalos,2023,716,0.0190331656485796,1.29887878894806,1.27984562329948
Emberiza pallasi,2023,141,-2.66091752052307,-1.48033702373505,1.18058049678803
Emberiza pusilla,2023,208,2.53732514381409,3.83355021476746,1.29622507095337
Emberiza rustica,2023,3,-4.41251945495605,-2.80521488189697,1.60730457305908
Emberiza siemsseni,2023,79,10.0293006896973,11.3236017227173,1.29430103302002
Emberiza yessoensis,2023,46,2.82388091087341,4.12069320678711,1.2968122959137
Enicurus leschenaulti,2023,1155,14.9616861343384,16.2492561340332,1.28756999969482
Enicurus maculatus,2023,490,17.4008846282959,18.7078857421875,1.3070011138916
Enicurus schistaceus,2023,598,17.1719207763672,18.4579181671143,1.28599739074707
Erpornis zantholeuca,2023,529,17.9002780914307,19.1923027038574,1.29202461242676
Erythrogenys hypoleucos,2023,50,19.9029903411865,21.0065402984619,1.10354995727539
Eudynamys scolopaceus,2023,1083,16.3084487915039,17.6289806365967,1.32053184509277
Eumyias thalassinus,2023,737,14.3080358505249,15.5874290466309,1.27939319610596
Falco cherrug,2023,2075,2.70873928070068,4.12065362930298,1.4119143486023
Falco severus,2023,359,17.7754745483398,19.0614147186279,1.28594017028809
Ficedula albicilla,2023,89,-2.38578534126282,-1.23141264915466,1.15437269210815
Ficedula elisae,2023,152,7.47436904907227,9.1699161529541,1.69554710388184
Ficedula erithacus,2023,610,7.43311548233032,8.58489608764648,1.15178060531616
Ficedula hyperythra,2023,472,16.0033531188965,17.2879066467285,1.28455352783203
Ficedula mugimaki,2023,678,2.3159077167511,3.64534568786621,1.32943797111511
Ficedula strophiata,2023,621,13.0205202102661,14.3001756668091,1.27965545654297
Ficedula superciliaris,2023,331,5.17182588577271,6.26406717300415,1.09224128723145
Ficedula tricolor,2023,560,11.7169189453125,12.9620599746704,1.24514102935791
Fringilla coelebs,2023,6,-3.64196300506592,-2.044029712677,1.59793329238892
Fringilla montifringilla,2023,23,-2.54210829734802,-0.926412165164948,1.61569613218308
Galerida cristata,2023,1619,6.56866264343262,8.13926410675049,1.57060146331787
Gallicrex cinerea,2023,1658,13.8156538009644,15.2292451858521,1.4135913848877
Garrulax canorus,2023,757,17.0413055419922,18.3438091278076,1.30250358581543
Garrulax maesi,2023,302,17.0664443969727,18.3396110534668,1.27316665649414
Garrulax monileger,2023,463,19.1697063446045,20.4282379150391,1.25853157043457
Gavia arctica,2023,163,2.2326762676239,4.06258010864258,1.82990384101868
Gelochelidon nilotica,2023,554,7.68231201171875,9.37267875671387,1.69036674499512
Geokichla citrina,2023,505,17.6489105224609,18.9670085906982,1.3180980682373
Glaucidium cuculoides,2023,1012,16.7492389678955,18.0544681549072,1.30522918701172
Gorsachius melanolophus,2023,105,21.6351413726807,22.8612289428711,1.22608757019043
Gracupica nigricollis,2023,510,17.9595203399658,19.2667255401611,1.30720520019531
Grandala coelicolor,2023,621,0.189435198903084,1.11723184585571,0.927796646952629
Grus japonensis,2023,76,2.61315250396729,3.89282751083374,1.27967500686646
Grus monacha,2023,21,-0.20156466960907,0.858055472373962,1.05962014198303
Grus nigricollis,2023,407,-2.81143999099731,-1.87551999092102,0.935920000076294
Gypaetus barbatus,2023,1655,0.90612781047821,2.15820932388306,1.25208151340485
Gyps himalayensis,2023,1392,1.23260295391083,2.41972899436951,1.18712604045868
Halcyon coromanda,2023,131,9.25574684143066,10.7133731842041,1.45762634277344
Halcyon pileata,2023,1245,13.7531538009644,15.1916341781616,1.43848037719727
Halcyon smyrnensis,2023,182,21.6887283325195,22.8847465515137,1.19601821899414
Haliaeetus leucoryphus,2023,34,14.0554161071777,14.8650598526001,0.809643745422363
Harpactes wardi,2023,78,8.85727214813232,9.9367733001709,1.07950115203857
Helopsaltes certhiola,2023,1617,4.47727870941162,6.02854871749878,1.55127000808716
Helopsaltes pryeri,2023,166,6.73794746398926,7.99806690216065,1.26011943817139
Hemiprocne coronata,2023,103,16.7578430175781,17.9541797637939,1.19633674621582
Hemitesia pallidipes,2023,155,16.8176536560059,18.0679550170898,1.25030136108398
Hemixos castanonotus,2023,373,19.1924209594727,20.4525947570801,1.26017379760742
Heterophasia desgodinsi,2023,283,15.513069152832,16.8472461700439,1.33417701721191
Heteroxenicus stellatus,2023,104,10.5467109680176,11.7371244430542,1.19041347503662
Hieraaetus pennatus,2023,137,-1.33781504631042,0.263829618692398,1.60164466500282
Hierococcyx nisicolor,2023,639,17.0438480377197,18.3484687805176,1.30462074279785
Hirundapus caudacutus,2023,1023,3.56975531578064,4.80107307434082,1.23131775856018
Hirundo rustica,2023,4116,6.53853988647461,7.92684650421143,1.38830661773682
Histrionicus histrionicus,2023,83,2.51139283180237,3.80669856071472,1.29530572891235
Hydrocoloeus minutus,2023,48,8.87618541717529,10.8806571960449,2.00447177886963
Hydrophasianus chirurgus,2023,865,17.0730152130127,18.3829040527344,1.30988883972168
Hydroprogne caspia,2023,298,13.7203493118286,15.3163909912109,1.59604167938232
Hypothymis azurea,2023,513,17.3541965484619,18.6507568359375,1.29656028747559
Hypsipetes leucocephalus,2023,1126,15.1517972946167,16.4272632598877,1.275465965271
Ianthocincla lunulata,2023,135,10.4669580459595,11.7646713256836,1.29771327972412
Ibidorhyncha struthersii,2023,1706,2.63580417633057,3.85740542411804,1.22160124778748
Ictinaetus malaiensis,2023,101,17.802188873291,19.0278072357178,1.22561836242676
Iduna caligata,2023,61,2.13780975341797,3.83754873275757,1.6997389793396
Indicator xanthonotus,2023,48,12.2993488311768,13.2951078414917,0.995759010314941
Ixobrychus cinnamomeus,2023,1390,15.337140083313,16.7473163604736,1.41017627716064
Ixobrychus eurhythmus,2023,1430,9.70042896270752,11.1010904312134,1.40066146850586
Ixobrychus minutus,2023,183,3.59522795677185,5.54861164093018,1.95338368415833
Ixos mcclellandii,2023,697,17.6051921844482,18.9008388519287,1.29564666748047
Ketupa flavipes,2023,920,17.0898551940918,18.4046192169189,1.31476402282715
Lalage melaschistos,2023,1331,14.7237720489502,16.0769691467285,1.35319709777832
Lanius borealis,2023,248,1.18080830574036,2.79582405090332,1.61501574516296
Lanius collurioides,2023,302,18.6856880187988,19.9970226287842,1.31133460998535
Lanius isabellinus,2023,1437,4.29488563537598,5.77546834945679,1.48058271408081
Lanius schach,2023,1339,14.2475595474243,15.5295209884644,1.28196144104004
Lanius sphenocercus,2023,817,3.8520245552063,5.27343130111694,1.42140674591064
Lanius tephronotus,2023,638,4.51975870132446,5.59956502914429,1.07980632781982
Larus crassirostris,2023,78,15.5089054107666,16.9781856536865,1.46928024291992
Larvivora brunnea,2023,325,6.83418989181519,8.02249145507813,1.18830156326294
Larvivora cyane,2023,504,1.02699601650238,2.31713151931763,1.29013550281525
Leptopoecile elegans,2023,464,1.16251695156097,2.19869661331177,1.03617966175079
Leptoptilos javanicus,2023,193,17.0435619354248,18.4285717010498,1.385009765625
Limnodromus semipalmatus,2023,293,0.636016726493835,1.84430754184723,1.20829081535339
Limosa limosa,2023,390,1.07777690887451,2.4985728263855,1.42079591751099
Linaria cannabina,2023,164,3.81024098396301,5.72354078292847,1.91329979896545
Locustella davidi,2023,377,1.02113199234009,2.28253531455994,1.26140332221985
Locustella mandelli,2023,546,16.9194431304932,18.2356395721436,1.31619644165039
Lonchura striata,2023,766,18.0601272583008,19.343433380127,1.28330612182617
Lophotriorchis kienerii,2023,55,21.8129367828369,22.8981132507324,1.08517646789551
Lophura leucomelanos,2023,150,10.5427417755127,11.6267261505127,1.083984375
Lophura nycthemera,2023,260,18.5232791900635,19.8321781158447,1.30889892578125
Loxia curvirostra,2023,1375,1.54966580867767,2.81079792976379,1.26113212108612
Macropygia unchall,2023,594,16.1906127929688,17.4852161407471,1.29460334777832
Mareca falcata,2023,366,-0.290807813405991,0.8741814494133,1.16498926281929
Megaceryle lugubris,2023,1428,15.1732769012451,16.5712375640869,1.3979606628418
Melanitta fusca,2023,7,0.868973076343536,2.47087025642395,1.60189718008041
Melanitta stejnegeri,2023,45,-4.25272130966187,-3.08662247657776,1.16609883308411
Melanochlora sultanea,2023,155,18.2084312438965,19.4025440216064,1.19411277770996
Mergus serrator,2023,251,1.3321053981781,2.59903168678284,1.26692628860474
Merops philippinus,2023,293,18.3080310821533,19.658748626709,1.35071754455566
Mixornis gularis,2023,159,16.6837577819824,18.0705242156982,1.38676643371582
Monticola gularis,2023,646,2.43376898765564,3.76536417007446,1.33159518241882
Monticola rufiventris,2023,869,15.3018579483032,16.5939388275147,1.29208087921143
Monticola solitarius,2023,2043,10.853741645813,12.1728076934814,1.31906604766846
Motacilla citreola,2023,2159,2.20297122001648,3.518470287323,1.31549906730652
Moupinia poecilotis,2023,145,6.02350807189941,7.25937700271606,1.23586893081665
Muscicapa dauurica,2023,671,1.70671880245209,2.99746179580689,1.2907429933548
Muscicapa ferruginea,2023,600,12.596305847168,13.8723907470703,1.27608489990234
Muscicapa muttui,2023,305,16.68186378479,17.9444217681885,1.26255798339844
Mycerobas affinis,2023,417,4.74256801605225,5.83994770050049,1.09737968444824
Mycerobas carnipes,2023,1012,2.43280649185181,3.64964318275452,1.21683669090271
Myiomela leucura,2023,672,15.003249168396,16.2838401794434,1.28059101104736
Myophonus caeruleus,2023,1550,12.4764938354492,13.8314504623413,1.35495662689209
Netta rufina,2023,395,4.57272863388062,6.50790452957153,1.93517589569092
Niltava davidi,2023,684,16.3860206604004,17.6846179962158,1.29859733581543
Niltava grandis,2023,139,15.5507926940918,16.7675151824951,1.21672248840332
Niltava macgrigoriae,2023,278,17.1179103851318,18.4134273529053,1.29551696777344
Niltava sundara,2023,761,11.4049816131592,12.620680809021,1.21569919586182
Ninox japonica,2023,1327,11.1691026687622,12.6260261535645,1.45692348480225
Nipponia nippon,2023,3,13.224778175354,14.3922967910767,1.16751861572266
Nisaetus nipalensis,2023,501,16.0050029754639,17.3042659759522,1.29926300048828
Numenius madagascariensis,2023,197,0.840074002742767,2.08782458305359,1.24775058031082
Nycticorax nycticorax,2023,1539,14.4904012680054,15.8918838500977,1.40148258209229
Oenanthe deserti,2023,1737,2.79329204559326,4.25195074081421,1.45865869522095
Oenanthe oenanthe,2023,1019,4.16478967666626,5.8286828994751,1.66389322280884
Onychoprion anaethetus,2023,31,20.9556827545166,22.1666946411133,1.21101188659668
Oriolus oriolus,2023,192,3.03185987472534,4.97869062423706,1.94683074951172
Otus lettia,2023,878,17.5054512023926,18.8090381622314,1.30358695983887
Otus semitorques,2023,542,7.6100811958313,9.18026256561279,1.57018136978149
Otus spilocephalus,2023,561,16.5144157409668,17.7826061248779,1.26819038391113
Oxyura leucocephala,2023,149,5.72699737548828,7.81949710845947,2.09249973297119
Panurus biarmicus,2023,1831,4.12009954452515,5.70357942581177,1.58347988128662
Paradoxornis guttaticollis,2023,448,16.6616554260254,17.9823894500732,1.32073402404785
Paradoxornis heudei,2023,323,12.1314287185669,13.6682577133179,1.53682899475098
Parayuhina diademata,2023,471,13.0819683074951,14.4110803604126,1.32911205291748
Pardaliparus venustulus,2023,704,13.5442533493042,14.9488334655762,1.40458011627197
Parus monticolus,2023,628,12.7628221511841,14.051007270813,1.28818511962891
Passer cinnamomeus,2023,1562,12.8010911941528,14.1625337600708,1.36144256591797
Passer domesticus,2023,750,0.82120680809021,2.3016402721405,1.48043346405029
Passer hispaniolensis,2023,153,4.25698804855347,6.29459142684937,2.0376033782959
Pelecanus crispus,2023,151,0.737479865550995,2.14040470123291,1.40292483568192
Pellorneum tickelli,2023,96,18.7574138641357,20.0260791778564,1.2686653137207
Perdix hodgsoniae,2023,460,-1.68631982803345,-0.803400218486786,0.882919609546661
Pericrocotus cantonensis,2023,816,16.4538898468018,17.7574405670166,1.30355072021484
Pericrocotus divaricatus,2023,132,2.67148590087891,4.09994459152222,1.42845869064331
Pericrocotus ethologus,2023,1120,10.0661602020264,11.3732423782349,1.3070821762085
Pericrocotus solaris,2023,630,17.9055347442627,19.1854286193848,1.27989387512207
Periparus rubidiventris,2023,406,1.0057018995285,1.99116802215576,0.985466122627258
Pernis ptilorhynchus,2023,832,3.53393316268921,4.81703090667725,1.28309774398804
Phasianus colchicus,2023,2329,8.38204383850098,9.77520942687988,1.39316558837891
Phoenicurus erythronotus,2023,302,4.4462628364563,6.45280170440674,2.00653886795044
Phoenicurus frontalis,2023,923,4.79591703414917,5.86766672134399,1.07174968719482
Phoenicurus leucocephalus,2023,1426,7.7376446723938,8.93517398834229,1.19752931594849
Phoenicurus ochruros,2023,2263,3.26384401321411,4.65831327438355,1.39446926116943
Phoenicurus schisticeps,2023,406,3.07463383674622,4.13875675201416,1.06412291526794
Phylloscopus affinis,2023,666,5.29091310501099,6.3739595413208,1.08304643630981
Phylloscopus burkii,2023,33,2.90200233459473,3.71980452537537,0.81780219078064
Phylloscopus cantator,2023,105,15.6603422164917,16.7783794403076,1.11803722381592
Phylloscopus castaniceps,2023,632,16.0546073913574,17.3540000915527,1.29939270019531
Phylloscopus claudiae,2023,522,9.88924694061279,11.2722845077515,1.38303756713867
Phylloscopus coronatus,2023,414,6.72929191589356,7.96741437911987,1.23812246322632
Phylloscopus emeiensis,2023,22,12.370792388916,13.7565889358521,1.38579654693604
Phylloscopus intermedius,2023,134,14.0922756195068,15.2327165603638,1.14044094085693
Phylloscopus magnirostris,2023,214,6.5604043006897,7.66411828994751,1.10371398925781
Phylloscopus ogilviegranti,2023,381,17.7375507354736,19.0433673858643,1.30581665039063
Phylloscopus omeiensis,2023,138,10.2660341262817,11.5015306472778,1.23549652099609
Phylloscopus pulcher,2023,413,7.9857611656189,9.18198585510254,1.19622468948364
Phylloscopus ricketti,2023,676,15.3157758712769,16.6153354644775,1.29955959320068
Phylloscopus soror,2023,245,13.625864982605,14.9222383499146,1.29637336730957
Phylloscopus subaffinis,2023,1013,11.5190992355347,12.7517795562744,1.23268032073975
Phylloscopus tenellipes,2023,259,4.56703424453735,6.06575298309326,1.49871873855591
Phylloscopus tephrocephalus,2023,281,12.0046453475952,13.2764310836792,1.27178573608398
Phylloscopus yunnanensis,2023,215,8.02978324890137,9.44807147979736,1.418288230896
Picumnus innominatus,2023,1093,15.3501920700073,16.6437091827393,1.29351711273193
Picus chlorolophus,2023,236,18.3902645111084,19.6113376617432,1.22107315063477
Pitta nympha,2023,314,17.3351917266846,18.6916122436523,1.35642051696777
Platalea minor,2023,6,9.52713203430176,11.159273147583,1.63214111328125
Pnoepyga immaculata,2023,5,5.88570213317871,6.76697111129761,0.881268978118897
Podiceps auritus,2023,229,0.136366680264473,1.94131112098694,1.80494444072247
Podiceps grisegena,2023,136,1.74304449558258,3.17750000953674,1.43445551395416
Podiceps nigricollis,2023,481,3.37681865692139,4.93700456619263,1.56018590927124
Podoces biddulphi,2023,276,11.4326000213623,13.2927732467651,1.86017322540283
Pomatorhinus schisticeps,2023,30,17.0419483184814,17.9105987548828,0.868650436401367
Pomatorhinus superciliaris,2023,107,15.5741310119629,16.6690635681152,1.09493255615234
Prinia atrogularis,2023,41,13.7463512420654,14.6723070144653,0.925955772399902
Prinia flaviventris,2023,82,19.0294494628906,20.3396587371826,1.31020927429199
Prinia inornata,2023,815,17.7829418182373,19.0641441345215,1.28120231628418
Prunella collaris,2023,2078,0.881721675395966,2.14482927322388,1.26310759782791
Prunella himalayana,2023,208,-0.780707001686096,1.26894080638886,2.04964780807495
Prunella immaculata,2023,328,2.3754723072052,3.44901347160339,1.07354116439819
Prunella montanella,2023,35,-4.01745891571045,-2.60984683036804,1.40761208534241
Prunella strophiata,2023,581,4.8185076713562,5.90466928482056,1.08616161346436
Psarisomus dalhousiae,2023,108,17.168399810791,18.3941135406494,1.2257137298584
Pseudopodoces humilis,2023,999,-2.24323654174805,-1.23195862770081,1.01127791404724
Psilopogon faber,2023,43,19.2454166412354,20.3940734863281,1.14865684509277
Psilopogon virens,2023,727,16.4328498840332,17.7446460723877,1.31179618835449
Pterorhinus berthemyi,2023,335,15.9220361709595,17.2101364135742,1.28810024261475
Pterorhinus lanceolatus,2023,830,14.0311040878296,15.3189334869385,1.28782939910889
Pterorhinus pectoralis,2023,584,16.4923286437988,17.7919616699219,1.29963302612305
Pterorhinus sannio,2023,723,16.5131092071533,17.8328151702881,1.31970596313477
Pteruthius rufiventer,2023,90,13.7090368270874,14.8033971786499,1.0943603515625
Pteruthius xanthochlorus,2023,307,10.3232049942017,11.5544300079346,1.23122501373291
Ptyonoprogne rupestris,2023,1954,5.37436962127686,6.82504987716675,1.45068025588989
Pycnonotus aurigaster,2023,572,17.6714363098145,18.993371963501,1.32193565368652
Pycnonotus jocosus,2023,415,18.2223873138428,19.5060253143311,1.28363800048828
Pycnonotus sinensis,2023,1342,15.0544948577881,16.4672355651855,1.41274070739746
Pycnonotus xanthorrhous,2023,700,14.8906507492065,16.2359848022461,1.34533405303955
Pyrrhula erythaca,2023,897,8.99915409088135,10.238805770874,1.23965167999268
Pyrrhula nipalensis,2023,747,14.819185256958,16.0823993682861,1.26321411132813
Rallina eurizonoides,2023,152,20.1719455718994,21.3899421691895,1.21799659729004
Rallus aquaticus,2023,1224,2.42764139175415,3.86885595321655,1.4412145614624
Recurvirostra avosetta,2023,698,1.33939504623413,2.76674866676331,1.42735362052917
Regulus regulus,2023,930,7.1307168006897,8.38518810272217,1.25447130203247
Remiz consobrinus,2023,558,3.35002541542053,4.7284140586853,1.37838864326477
Remiz coronatus,2023,191,2.46915340423584,4.22049283981323,1.75133943557739
Rhodospiza obsoleta,2023,720,5.24223470687866,6.79584264755249,1.55360794067383
Riparia riparia,2023,784,2.64866471290588,4.11149787902832,1.46283316612244
Rubigula flaviventris,2023,174,18.7557125091553,20.0750675201416,1.31935501098633
Sasia ochracea,2023,132,19.0419464111328,20.2508926391602,1.20894622802734
Saxicola ferreus,2023,1085,14.6986656188965,15.986722946167,1.28805732727051
Sitta cinnamoventris,2023,123,17.082124710083,18.4095211029053,1.32739639282227
Sitta formosa,2023,141,15.951807975769,17.2045440673828,1.25273609161377
Sitta villosa,2023,798,6.09239196777344,7.52733516693115,1.43494319915771
Sittiparus varius,2023,82,5.76430416107178,7.37970399856567,1.6153998374939
Spilopelia chinensis,2023,1413,14.8436107635498,16.2222785949707,1.3786678314209
Spilopelia senegalensis,2023,168,3.82531929016113,5.93470573425293,2.1093864440918
Spilornis cheela,2023,652,17.436824798584,18.73659324646,1.29976844787598
Spinus spinus,2023,295,-0.596706986427307,0.558936238288879,1.15564322471619
Spizixos semitorques,2023,944,16.026798248291,17.329891204834,1.30309295654297
Spodiopsar cineraceus,2023,1439,4.32776212692261,5.71956443786621,1.3918023109436
Spodiopsar sericeus,2023,692,17.4629497528076,18.7596302032471,1.29668045043945
Stachyris humei,2023,39,13.5445995330811,14.4285497665405,0.883950233459473
Staphida torqueola,2023,740,17.3425159454346,18.651876449585,1.30936050415039
Streptopelia decaocto,2023,1819,7.51734828948975,9.11316967010498,1.59582138061523
Sturnia sinensis,2023,305,19.1309833526611,20.389440536499,1.25845718383789
Sturnus vulgaris,2023,253,4.91895532608032,6.90300035476685,1.98404502868652
Suthora fulvifrons,2023,136,9.14953327178955,10.3292989730835,1.17976570129395
Syrmaticus humiae,2023,108,16.9307231903076,18.3622951507568,1.43157196044922
Syrmaticus reevesii,2023,256,14.2624092102051,15.5351705551147,1.27276134490967
Syrrhaptes paradoxus,2023,1270,4.20923328399658,5.79762077331543,1.58838748931885
Tarsiger chrysaeus,2023,217,7.12873888015747,8.29151916503906,1.16278028488159
Tarsiger indicus,2023,276,9.35574531555176,10.6048994064331,1.24915409088135
Temnurus temnurus,2023,38,23.8245315551758,25.0009078979492,1.17637634277344
Tephrodornis virgatus,2023,421,19.5108184814453,20.7565574645996,1.2457389831543
Thalasseus bergii,2023,240,22.2157859802246,23.4744873046875,1.25870132446289
Timalia pileata,2023,263,19.225227355957,20.4488849639893,1.22365760803223
Tragopan caboti,2023,186,18.5082702636719,19.8074722290039,1.29920196533203
Tragopan temminckii,2023,529,12.6361389160156,13.8964500427246,1.26031112670898
Treron curvirostra,2023,162,18.7455444335938,20.0105724334717,1.26502799987793
Treron sieboldii,2023,645,17.8530445098877,19.1428661346436,1.28982162475586
Treron sphenurus,2023,294,14.4787168502808,15.8238191604614,1.34510231018066
Turdus boulboul,2023,220,17.376407623291,18.669605255127,1.29319763183594
Turdus cardis,2023,169,15.0351343154907,16.3830223083496,1.34788799285889
Turdus feae,2023,117,7.37936782836914,9.05662536621094,1.6772575378418
Turdus mandarinus,2023,1032,14.7816362380981,16.0928688049316,1.3112325668335
Turdus pilaris,2023,220,-1.74795424938202,-0.515212118625641,1.23274213075638
Turdus rubrocanus,2023,541,5.81288194656372,6.91328525543213,1.10040330886841
Turdus ruficollis,2023,159,2.9576096534729,4.98484373092651,2.02723407745361
Turdus viscivorus,2023,422,4.64524841308594,6.59034013748169,1.94509172439575
Turnix suscitator,2023,455,17.9373970031738,19.2203712463379,1.28297424316406
Tyto longimembris,2023,685,17.7860012054443,19.1323223114014,1.34632110595703
Urile pelagicus,2023,10,10.4286890029907,12.1464033126831,1.71771430969238
Urosphena squameiceps,2023,112,3.62927651405334,5.2460150718689,1.61673855781555
Vanellus cinereus,2023,279,3.7433602809906,5.01993942260742,1.27657914161682
Vanellus indicus,2023,87,17.6243762969971,18.9671077728272,1.34273147583008
Vanellus vanellus,2023,1111,2.88630080223084,4.39056444168091,1.50426363945007
Yuhina nigrimenta,2023,669,15.0526151657105,16.3573436737061,1.30472850799561
Zoothera dixoni,2023,349,11.1787948608398,12.4880685806274,1.3092737197876
Zoothera mollissima,2023,155,2.83340001106262,3.93147754669189,1.09807753562927
Zoothera monticola,2023,41,12.9189081192017,13.7529773712158,0.83406925201416
Zosterops erythropleurus,2023,328,4.62363433837891,6.09624099731445,1.47260665893555
Abroscopus albogularis,2024,562,17.4008522033691,18.767972946167,1.36712074279785
Accipiter gularis,2024,697,2.65403866767883,4.31911325454712,1.66507458686829
Accipiter soloensis,2024,942,14.6539878845215,16.182165145874,1.52817726135254
Accipiter trivirgatus,2024,174,20.6737785339356,21.9147338867188,1.2409553527832
Accipiter virgatus,2024,846,15.1853485107422,16.5094108581543,1.32406234741211
Acridotheres cristatellus,2024,1081,16.3418083190918,17.7980155944824,1.45620727539063
Acridotheres tristis,2024,284,13.0754556655884,14.3624696731567,1.28701400756836
Acrocephalus agricola,2024,581,6.84485864639282,8.49911212921143,1.6542534828186
Acrocephalus bistrigiceps,2024,1280,6.68613195419312,8.40240669250488,1.71627473831177
Acrocephalus concinens,2024,766,13.3816928863525,15.0943393707275,1.712646484375
Acrocephalus orientalis,2024,1446,7.09092283248901,8.80647659301758,1.71555376052856
Acrocephalus tangorum,2024,171,4.11876344680786,5.80989933013916,1.6911358833313
Aegithalos bonvaloti,2024,106,7.6470046043396,8.83751678466797,1.19051218032837
Aegithalos caudatus,2024,754,2.25801730155945,3.91360402107239,1.65558671951294
Aegithalos concinnus,2024,953,15.9409122467041,17.4098358154297,1.46892356872559
Aegithalos fuliginosus,2024,138,9.91040992736816,11.3548412322998,1.44443130493164
Aerodramus brevirostris,2024,603,13.6866846084595,14.976954460144,1.29026985168457
Aethopyga christinae,2024,23,24.3484706878662,25.5868892669678,1.23841857910156
Aethopyga gouldiae,2024,956,11.0757522583008,12.349383354187,1.27363109588623
Agropsar sturninus,2024,1131,4.8556547164917,6.56614828109741,1.71049356460571
Aix galericulata,2024,422,3.75636386871338,5.37748908996582,1.62112522125244
Alauda gulgula,2024,1994,9.42479801177979,10.7675647735596,1.34276676177979
Alaudala cheleensis,2024,2390,5.02381753921509,6.65156364440918,1.62774610519409
Alcedo hercules,2024,141,19.7236499786377,20.9661159515381,1.24246597290039
Alcippe morrisonia,2024,975,16.4001846313477,17.8265228271484,1.42633819580078
Amaurornis phoenicurus,2024,1130,16.0147972106934,17.4637355804443,1.44893836975098
Anastomus oscitans,2024,315,16.1227264404297,17.4102935791016,1.28756713867188
Anser anser,2024,936,2.59998202323914,4.28112125396729,1.68113923072815
Anser fabalis,2024,359,-0.232263207435608,1.29826498031616,1.53052818775177
Anser indicus,2024,441,0.791138470172882,2.23425221443176,1.44311374425888
Anthus godlewskii,2024,157,1.22606432437897,3.04601168632507,1.81994736194611
Anthus gustavi,2024,66,2.94458818435669,4.40771436691284,1.46312618255615
Anthus richardi,2024,2788,8.37556171417236,10.0338487625122,1.65828704833984
Anthus roseatus,2024,1911,3.55629634857178,4.90387868881226,1.34758234024048
Anthus trivialis,2024,126,1.94549369812012,3.62695980072022,1.6814661026001
Aquila fasciata,2024,300,19.3407211303711,20.8105239868164,1.46980285644531
Aquila heliaca,2024,183,0.794729292392731,2.46864414215088,1.67391484975815
Ardea intermedia,2024,806,16.9554290771484,18.3982162475586,1.44278717041016
Ardea purpurea,2024,1542,13.773362159729,15.3695001602173,1.59613800048828
Ardenna pacifica,2024,90,21.6581630706787,23.1365013122559,1.47833824157715
Artamus fuscus,2024,275,20.3747119903564,21.6618251800537,1.28711318969727
Asio flammeus,2024,498,0.647581040859222,2.25739002227783,1.60980898141861
Athene noctua,2024,3280,3.76510715484619,5.30885124206543,1.54374408721924
Aviceda jerdoni,2024,64,20.8588600158691,21.9820404052734,1.1231803894043
Aviceda leuphotes,2024,784,15.98646068573,17.3262577056885,1.3397970199585
Aythya fuligula,2024,613,0.912497222423553,2.55400276184082,1.64150553941727
Aythya nyroca,2024,348,3.64787364006043,5.41416454315186,1.76629090309143
Bombycilla japonica,2024,93,-2.70986938476563,-1.26633417606354,1.44353520870209
Branta canadensis,2024,19,7.6150541305542,9.52768516540527,1.91263103485107
Bubo nipalensis,2024,362,11.4124135971069,12.6214351654053,1.20902156829834
Bucanetes mongolicus,2024,731,5.15714693069458,6.98982906341553,1.83268213272095
Butastur indicus,2024,481,4.17492294311523,5.84295177459717,1.66802883148193
Cacomantis merulinus,2024,411,19.2106418609619,20.5134925842285,1.3028507232666
Calandrella brachydactyla,2024,400,5.59619903564453,7.41529893875122,1.81909990310669
Calliope obscura,2024,74,8.60147857666016,10.1112489700317,1.50977039337158
Caprimulgus macrurus,2024,78,21.0046348571777,22.1785430908203,1.17390823364258
Carpodacus roborowskii,2024,101,-4.03297138214111,-2.95718955993652,1.07578182220459
Carpodacus vinaceus,2024,535,13.1980676651001,14.5790138244629,1.38094615936279
Cecropis daurica,2024,2623,9.16229629516602,10.6835947036743,1.5212984085083
Centropus bengalensis,2024,607,18.6197357177734,20.0461025238037,1.42636680603027
Cephalopyrus flammiceps,2024,98,11.278489112854,12.4833068847656,1.20481777191162
Certhia familiaris,2024,1518,4.10910701751709,5.80591773986816,1.69681072235107
Certhia himalayana,2024,210,9.42436599731445,10.7396659851074,1.31529998779297
Certhia tianquanensis,2024,46,8.03892517089844,9.30155658721924,1.2626314163208
Ceryle rudis,2024,762,17.6190166473389,19.0324020385742,1.41338539123535
Cettia brunnifrons,2024,409,9.04499340057373,10.2352933883667,1.19029998779297
Cettia castaneocoronata,2024,502,12.0057926177979,13.2268753051758,1.22108268737793
Chalcophaps indica,2024,288,20.4205284118652,21.7125873565674,1.29205894470215
Charadrius atrifrons,2024,1360,-0.0825315490365028,1.23675131797791,1.31928286701441
Charadrius dealbatus,2024,82,22.3581027984619,23.7202587127686,1.36215591430664
Charadrius placidus,2024,860,6.81603288650513,8.50842189788818,1.69238901138306
Charadrius veredus,2024,147,1.37415206432343,3.18536639213562,1.81121432781219
Chlidonias leucopterus,2024,1115,3.61852622032166,5.35854530334473,1.74001908302307
Chlidonias niger,2024,65,2.81934809684753,4.44543027877808,1.62608218193054
Chloris ambigua,2024,297,13.6298961639404,14.884801864624,1.25490570068359
Chloris sinica,2024,2177,10.1043548583984,11.6881065368652,1.5837516784668
Chrysolophus pictus,2024,410,12.3430995941162,13.7078256607056,1.36472606658936
Ciconia boyciana,2024,141,3.75946140289307,5.37941026687622,1.61994886398315
Ciconia nigra,2024,2186,5.71650981903076,7.43485641479492,1.71834659576416
Circaetus gallicus,2024,228,6.13989019393921,7.98729801177979,1.84740781784058
Circus macrourus,2024,154,2.22476196289063,3.9911413192749,1.76637935638428
Circus spilonotus,2024,631,1.43180251121521,3.07276320457459,1.64096069335938
Cisticola exilis,2024,521,18.3237705230713,19.700569152832,1.37679862976074
Cisticola juncidis,2024,1233,15.9261827468872,17.4397754669189,1.51359272003174
Clamator coromandus,2024,1069,16.5760765075684,18.061840057373,1.48576354980469
Clanga clanga,2024,567,1.82915771007538,3.45032000541687,1.62116229534149
Columba oenas,2024,147,1.89062237739563,3.44287490844727,1.55225253105164
Copsychus saularis,2024,1011,16.2842559814453,17.6986446380615,1.41438865661621
Coracias garrulus,2024,83,1.71752464771271,3.21630358695984,1.49877893924713
Coturnicops exquisitus,2024,412,0.116188421845436,1.67318654060364,1.5569981187582
Crex crex,2024,149,1.68861591815948,3.26843357086182,1.57981765270233
Crossoptilon mantchuricum,2024,64,7.99328136444092,9.87532520294189,1.88204383850098
Curruca curruca,2024,961,4.71596050262451,6.32315492630005,1.60719442367554
Cyanistes cyanus,2024,658,0.813704073429108,2.37419748306274,1.56049340963364
Cyanoderma pyrrhops,2024,3,11.5056676864624,12.491455078125,0.985787391662598
Cygnus cygnus,2024,538,1.97667515277863,3.72587943077087,1.74920427799225
Cygnus olor,2024,250,2.81658434867859,4.30555248260498,1.48896813392639
Cyornis glaucicomans,2024,344,15.2155599594116,16.5976085662842,1.38204860687256
Cyornis hainanus,2024,199,21.3823966979981,22.6979999542236,1.31560325622559
Cyornis rubeculoides,2024,42,16.7205429077148,17.6445922851563,0.924049377441406
Delichon dasypus,2024,1040,7.09097099304199,8.35844802856445,1.26747703552246
Dendrocitta formosae,2024,933,17.1049575805664,18.5192279815674,1.41427040100098
Dendrocopos hyperythrus,2024,413,8.27587223052979,9.47574424743652,1.19987201690674
Dendrocygna javanica,2024,684,18.0148448944092,19.4533805847168,1.43853569030762
Dicaeum cruentatum,2024,519,18.7793598175049,20.147891998291,1.36853218078613
Dicaeum ignipectus,2024,1035,15.6106557846069,16.9779319763184,1.36727619171143
Dicaeum minullum,2024,835,14.767373085022,16.0704669952393,1.30309391021729
Dicrurus annectens,2024,164,19.7741985321045,20.9726867675781,1.19848823547363
Dicrurus hottentottus,2024,1277,14.8924055099487,16.371561050415,1.47915554046631
Dicrurus remifer,2024,201,17.4981899261475,18.7070274353027,1.20883750915527
Egretta eulophotes,2024,19,9.63973045349121,11.5266799926758,1.88694953918457
Egretta garzetta,2024,1670,12.7392654418945,14.177375793457,1.4381103515625
Elachura formosa,2024,245,15.8722858428955,17.1275005340576,1.25521469116211
Elanus caeruleus,2024,97,20.0274238586426,21.4570465087891,1.42962265014648
Emberiza buchanani,2024,164,0.845942556858063,2.53760957717896,1.69166702032089
Emberiza citrinella,2024,45,1.24440145492554,3.30800223350525,2.06360077857971
Emberiza elegans,2024,1059,8.75524711608887,10.2498807907104,1.49463367462158
Emberiza godlewskii,2024,2040,4.47789907455444,5.92716073989868,1.44926166534424
Emberiza hortulana,2024,93,3.53125858306885,5.47162103652954,1.94036245346069
Emberiza leucocephalos,2024,716,0.0190331656485796,1.50309717655182,1.48406401090324
Emberiza pallasi,2024,141,-2.66091752052307,-0.948527812957764,1.71238970756531
Emberiza pusilla,2024,208,2.53732514381409,4.20307111740112,1.66574597358704
Emberiza rustica,2024,3,-4.41251945495605,-2.27856659889221,2.13395285606384
Emberiza siemsseni,2024,79,10.0293006896973,11.5208740234375,1.49157333374023
Emberiza yessoensis,2024,46,2.82388091087341,4.36018991470337,1.53630900382996
Enicurus leschenaulti,2024,1155,14.9616861343384,16.3677177429199,1.40603160858154
Enicurus maculatus,2024,490,17.4008846282959,18.7238502502441,1.32296562194824
Enicurus schistaceus,2024,598,17.1719207763672,18.5220317840576,1.35011100769043
Erpornis zantholeuca,2024,529,17.9002780914307,19.2470951080322,1.34681701660156
Erythrogenys hypoleucos,2024,50,19.9029903411865,21.0761547088623,1.17316436767578
Eudynamys scolopaceus,2024,1083,16.3084487915039,17.7622699737549,1.45382118225098
Eumyias thalassinus,2024,737,14.3080358505249,15.6394901275635,1.33145427703857
Falco cherrug,2024,2075,2.70873928070068,4.20608139038086,1.49734210968018
Falco severus,2024,359,17.7754745483398,19.0357284545898,1.26025390625
Ficedula albicilla,2024,89,-2.38578534126282,-0.801214993000031,1.58457034826279
Ficedula elisae,2024,152,7.47436904907227,9.35216999053955,1.87780094146729
Ficedula erithacus,2024,610,7.43311548233032,8.62667655944824,1.19356107711792
Ficedula hyperythra,2024,472,16.0033531188965,17.276424407959,1.2730712890625
Ficedula mugimaki,2024,678,2.3159077167511,3.97149014472961,1.65558242797852
Ficedula strophiata,2024,621,13.0205202102661,14.3546171188355,1.33409690856934
Ficedula superciliaris,2024,331,5.17182588577271,6.25983381271362,1.08800792694092
Ficedula tricolor,2024,560,11.7169189453125,12.9740352630615,1.25711631774902
Fringilla coelebs,2024,6,-3.64196300506592,-1.52463698387146,2.11732602119446
Fringilla montifringilla,2024,23,-2.54210829734802,-0.415452659130096,2.12665563821793
Galerida cristata,2024,1619,6.56866264343262,8.31029033660889,1.74162769317627
Gallicrex cinerea,2024,1658,13.8156538009644,15.379786491394,1.56413269042969
Garrulax canorus,2024,757,17.0413055419922,18.5030097961426,1.46170425415039
Garrulax maesi,2024,302,17.0664443969727,18.4411907196045,1.37474632263184
Garrulax monileger,2024,463,19.1697063446045,20.529426574707,1.35972023010254
Gavia arctica,2024,163,2.2326762676239,3.90706610679626,1.67438983917236
Gelochelidon nilotica,2024,554,7.68231201171875,9.32211017608643,1.63979816436768
Geokichla citrina,2024,505,17.6489105224609,19.0583477020264,1.40943717956543
Glaucidium cuculoides,2024,1012,16.7492389678955,18.1774387359619,1.42819976806641
Gorsachius melanolophus,2024,105,21.6351413726807,22.9627380371094,1.32759666442871
Gracupica nigricollis,2024,510,17.9595203399658,19.3165874481201,1.3570671081543
Grandala coelicolor,2024,621,0.189435198903084,1.25419652462006,1.06476132571697
Grus japonensis,2024,76,2.61315250396729,4.08686399459839,1.4737114906311
Grus monacha,2024,21,-0.20156466960907,1.15609812736511,1.35766279697418
Grus nigricollis,2024,407,-2.81143999099731,-1.63044285774231,1.18099713325501
Gypaetus barbatus,2024,1655,0.90612781047821,2.25872611999512,1.35259830951691
Gyps himalayensis,2024,1392,1.23260295391083,2.50523591041565,1.27263295650482
Halcyon coromanda,2024,131,9.25574684143066,10.8029794692993,1.54723262786865
Halcyon pileata,2024,1245,13.7531538009644,15.333291053772,1.58013725280762
Halcyon smyrnensis,2024,182,21.6887283325195,23.0296268463135,1.34089851379395
Haliaeetus leucoryphus,2024,34,14.0554161071777,14.914176940918,0.858760833740234
Harpactes wardi,2024,78,8.85727214813232,9.87585830688477,1.01858615875244
Helopsaltes certhiola,2024,1617,4.47727870941162,6.16061687469482,1.6833381652832
Helopsaltes pryeri,2024,166,6.73794746398926,8.39418411254883,1.65623664855957
Hemiprocne coronata,2024,103,16.7578430175781,17.8442077636719,1.08636474609375
Hemitesia pallidipes,2024,155,16.8176536560059,17.9919166564941,1.17426300048828
Hemixos castanonotus,2024,373,19.1924209594727,20.5898361206055,1.39741516113281
Heterophasia desgodinsi,2024,283,15.513069152832,16.8187732696533,1.30570411682129
Heteroxenicus stellatus,2024,104,10.5467109680176,11.6790189743042,1.13230800628662
Hieraaetus pennatus,2024,137,-1.33781504631042,0.349855154752731,1.68767020106316
Hierococcyx nisicolor,2024,639,17.0438480377197,18.392671585083,1.34882354736328
Hirundapus caudacutus,2024,1023,3.56975531578064,5.00812530517578,1.43836998939514
Hirundo rustica,2024,4116,6.53853988647461,8.067307472229,1.52876758575439
Histrionicus histrionicus,2024,83,2.51139283180237,3.9377236366272,1.42633080482483
Hydrocoloeus minutus,2024,48,8.87618541717529,10.6297016143799,1.75351619720459
Hydrophasianus chirurgus,2024,865,17.0730152130127,18.4821872711182,1.40917205810547
Hydroprogne caspia,2024,298,13.7203493118286,15.4282312393188,1.70788192749023
Hypothymis azurea,2024,513,17.3541965484619,18.6634559631348,1.30925941467285
Hypsipetes leucocephalus,2024,1126,15.1517972946167,16.5256824493408,1.37388515472412
Ianthocincla lunulata,2024,135,10.4669580459595,11.8967514038086,1.42979335784912
Ibidorhyncha struthersii,2024,1706,2.63580417633057,4.01347827911377,1.3776741027832
Ictinaetus malaiensis,2024,101,17.802188873291,19.2340068817139,1.43181800842285
Iduna caligata,2024,61,2.13780975341797,4.08969116210938,1.95188140869141
Indicator xanthonotus,2024,48,12.2993488311768,13.258279800415,0.958930969238281
Ixobrychus cinnamomeus,2024,1390,15.337140083313,16.8925952911377,1.55545520782471
Ixobrychus eurhythmus,2024,1430,9.70042896270752,11.3565034866333,1.65607452392578
Ixobrychus minutus,2024,183,3.59522795677185,5.19443321228027,1.59920525550842
Ixos mcclellandii,2024,697,17.6051921844482,18.9775848388672,1.37239265441895
Ketupa flavipes,2024,920,17.0898551940918,18.5782890319824,1.48843383789063
Lalage melaschistos,2024,1331,14.7237720489502,16.2107353210449,1.48696327209473
Lanius borealis,2024,248,1.18080830574036,2.88336968421936,1.702561378479
Lanius collurioides,2024,302,18.6856880187988,19.9872417449951,1.30155372619629
Lanius isabellinus,2024,1437,4.29488563537598,5.91974020004273,1.62485456466675
Lanius schach,2024,1339,14.2475595474243,15.65442943573,1.40686988830566
Lanius sphenocercus,2024,817,3.8520245552063,5.55923938751221,1.70721483230591
Lanius tephronotus,2024,638,4.51975870132446,5.70340824127197,1.18364953994751
Larus crassirostris,2024,78,15.5089054107666,17.2270832061768,1.71817779541016
Larvivora brunnea,2024,325,6.83418989181519,8.07734107971191,1.24315118789673
Larvivora cyane,2024,504,1.02699601650238,2.64639592170715,1.61939990520477
Leptopoecile elegans,2024,464,1.16251695156097,2.35850262641907,1.19598567485809
Leptoptilos javanicus,2024,193,17.0435619354248,18.3190994262695,1.27553749084473
Limnodromus semipalmatus,2024,293,0.636016726493835,2.25757670402527,1.62155997753143
Limosa limosa,2024,390,1.07777690887451,2.7488009929657,1.67102408409119
Linaria cannabina,2024,164,3.81024098396301,5.59432458877564,1.78408360481262
Locustella davidi,2024,377,1.02113199234009,2.64094614982605,1.61981415748596
Locustella mandelli,2024,546,16.9194431304932,18.2966690063477,1.37722587585449
Lonchura striata,2024,766,18.0601272583008,19.4830837249756,1.4229564666748
Lophotriorchis kienerii,2024,55,21.8129367828369,22.926248550415,1.11331176757813
Lophura leucomelanos,2024,150,10.5427417755127,11.5741281509399,1.03138637542725
Lophura nycthemera,2024,260,18.5232791900635,19.8174591064453,1.29417991638184
Loxia curvirostra,2024,1375,1.54966580867767,2.98788595199585,1.43822014331818
Macropygia unchall,2024,594,16.1906127929688,17.5219917297363,1.33137893676758
Mareca falcata,2024,366,-0.290807813405991,1.25256192684174,1.54336974024773
Megaceryle lugubris,2024,1428,15.1732769012451,16.7108001708984,1.53752326965332
Melanitta fusca,2024,7,0.868973076343536,2.97474908828735,2.10577601194382
Melanitta stejnegeri,2024,45,-4.25272130966187,-2.61244249343872,1.64027881622314
Melanochlora sultanea,2024,155,18.2084312438965,19.4130535125732,1.20462226867676
Mergus serrator,2024,251,1.3321053981781,2.86239743232727,1.53029203414917
Merops philippinus,2024,293,18.3080310821533,19.5996723175049,1.29164123535156
Mixornis gularis,2024,159,16.6837577819824,17.9189052581787,1.23514747619629
Monticola gularis,2024,646,2.43376898765564,4.09274864196777,1.65897965431213
Monticola rufiventris,2024,869,15.3018579483032,16.6822547912598,1.38039684295654
Monticola solitarius,2024,2043,10.853741645813,12.334059715271,1.48031806945801
Motacilla citreola,2024,2159,2.20297122001648,3.63515114784241,1.43217992782593
Moupinia poecilotis,2024,145,6.02350807189941,7.29814910888672,1.2746410369873
Muscicapa dauurica,2024,671,1.70671880245209,3.34842991828918,1.6417111158371
Muscicapa ferruginea,2024,600,12.596305847168,13.909462928772,1.313157081604
Muscicapa muttui,2024,305,16.68186378479,17.9968910217285,1.31502723693848
Mycerobas affinis,2024,417,4.74256801605225,5.88250017166138,1.13993215560913
Mycerobas carnipes,2024,1012,2.43280649185181,3.68628764152527,1.25348114967346
Myiomela leucura,2024,672,15.003249168396,16.3276462554932,1.32439708709717
Myophonus caeruleus,2024,1550,12.4764938354492,13.9423933029175,1.46589946746826
Netta rufina,2024,395,4.57272863388062,6.36906814575195,1.79633951187134
Niltava davidi,2024,684,16.3860206604004,17.7374229431152,1.35140228271484
Niltava grandis,2024,139,15.5507926940918,16.66335105896,1.11255836486816
Niltava macgrigoriae,2024,278,17.1179103851318,18.3536911010742,1.23578071594238
Niltava sundara,2024,761,11.4049816131592,12.6642894744873,1.25930786132813
Ninox japonica,2024,1327,11.1691026687622,12.8517160415649,1.68261337280273
Nipponia nippon,2024,3,13.224778175354,14.6777610778809,1.45298290252686
Nisaetus nipalensis,2024,501,16.0050029754639,17.3361225128174,1.33111953735352
Numenius madagascariensis,2024,197,0.840074002742767,2.33866405487061,1.49859005212784
Nycticorax nycticorax,2024,1539,14.4904012680054,16.0495491027832,1.55914783477783
Oenanthe deserti,2024,1737,2.79329204559326,4.31908464431763,1.52579259872437
Oenanthe oenanthe,2024,1019,4.16478967666626,5.95528078079224,1.79049110412598
Onychoprion anaethetus,2024,31,20.9556827545166,22.5027236938477,1.54704093933105
Oriolus oriolus,2024,192,3.03185987472534,4.78531932830811,1.75345945358276
Otus lettia,2024,878,17.5054512023926,18.931131362915,1.42568016052246
Otus semitorques,2024,542,7.6100811958313,9.39062213897705,1.78054094314575
Otus spilocephalus,2024,561,16.5144157409668,17.8426113128662,1.32819557189941
Oxyura leucocephala,2024,149,5.72699737548828,7.2683482170105,1.54135084152222
Panurus biarmicus,2024,1831,4.12009954452515,5.78624868392944,1.6661491394043
Paradoxornis guttaticollis,2024,448,16.6616554260254,18.0543994903564,1.39274406433105
Paradoxornis heudei,2024,323,12.1314287185669,13.8951101303101,1.76368141174316
Parayuhina diademata,2024,471,13.0819683074951,14.4361362457275,1.35416793823242
Pardaliparus venustulus,2024,704,13.5442533493042,15.1228380203247,1.57858467102051
Parus monticolus,2024,628,12.7628221511841,14.1458864212036,1.38306427001953
Passer cinnamomeus,2024,1562,12.8010911941528,14.3170499801636,1.51595878601074
Passer domesticus,2024,750,0.82120680809021,2.42713117599487,1.60592436790466
Passer hispaniolensis,2024,153,4.25698804855347,5.8879919052124,1.63100385665894
Pelecanus crispus,2024,151,0.737479865550995,2.17895269393921,1.44147282838821
Pellorneum tickelli,2024,96,18.7574138641357,19.9566917419434,1.19927787780762
Perdix hodgsoniae,2024,460,-1.68631982803345,-0.634191513061523,1.05212831497192
Pericrocotus cantonensis,2024,816,16.4538898468018,17.9151020050049,1.46121215820313
Pericrocotus divaricatus,2024,132,2.67148590087891,4.26078987121582,1.58930397033691
Pericrocotus ethologus,2024,1120,10.0661602020264,11.4758167266846,1.4096565246582
Pericrocotus solaris,2024,630,17.9055347442627,19.2535419464111,1.34800720214844
Periparus rubidiventris,2024,406,1.0057018995285,2.12828326225281,1.1225813627243
Pernis ptilorhynchus,2024,832,3.53393316268921,5.06198740005493,1.52805423736572
Phasianus colchicus,2024,2329,8.38204383850098,9.94905567169189,1.56701183319092
Phoenicurus erythronotus,2024,302,4.4462628364563,6.10179424285889,1.65553140640259
Phoenicurus frontalis,2024,923,4.79591703414917,6.00858640670776,1.21266937255859
Phoenicurus leucocephalus,2024,1426,7.7376446723938,9.08432579040527,1.34668111801147
Phoenicurus ochruros,2024,2263,3.26384401321411,4.73308324813843,1.46923923492432
Phoenicurus schisticeps,2024,406,3.07463383674622,4.24163341522217,1.16699957847595
Phylloscopus affinis,2024,666,5.29091310501099,6.49870777130127,1.20779466629028
Phylloscopus burkii,2024,33,2.90200233459473,3.79657340049744,0.89457106590271
Phylloscopus cantator,2024,105,15.6603422164917,16.7199287414551,1.05958652496338
Phylloscopus castaniceps,2024,632,16.0546073913574,17.4157752990723,1.36116790771484
Phylloscopus claudiae,2024,522,9.88924694061279,11.4837446212769,1.59449768066406
Phylloscopus coronatus,2024,414,6.72929191589356,8.20863246917725,1.47934055328369
Phylloscopus emeiensis,2024,22,12.370792388916,13.8351030349731,1.46431064605713
Phylloscopus intermedius,2024,134,14.0922756195068,15.3168144226074,1.22453880310059
Phylloscopus magnirostris,2024,214,6.5604043006897,7.72710180282593,1.16669750213623
Phylloscopus ogilviegranti,2024,381,17.7375507354736,19.116397857666,1.37884712219238
Phylloscopus omeiensis,2024,138,10.2660341262817,11.6288356781006,1.36280155181885
Phylloscopus pulcher,2024,413,7.9857611656189,9.18619441986084,1.20043325424194
Phylloscopus ricketti,2024,676,15.3157758712769,16.7728729248047,1.45709705352783
Phylloscopus soror,2024,245,13.625864982605,15.0887365341187,1.46287155151367
Phylloscopus subaffinis,2024,1013,11.5190992355347,12.9083223342896,1.38922309875488
Phylloscopus tenellipes,2024,259,4.56703424453735,6.27515316009522,1.70811891555786
Phylloscopus tephrocephalus,2024,281,12.0046453475952,13.35715675354,1.35251140594482
Phylloscopus yunnanensis,2024,215,8.02978324890137,9.68432521820068,1.65454196929932
Picumnus innominatus,2024,1093,15.3501920700073,16.7499313354492,1.39973926544189
Picus chlorolophus,2024,236,18.3902645111084,19.60866355896,1.21839904785156
Pitta nympha,2024,314,17.3351917266846,18.9360256195068,1.60083389282227
Platalea minor,2024,6,9.52713203430176,11.4159917831421,1.88885974884033
Pnoepyga immaculata,2024,5,5.88570213317871,6.8386721611023,0.952970027923584
Podiceps auritus,2024,229,0.136366680264473,1.65544021129608,1.51907353103161
Podiceps grisegena,2024,136,1.74304449558258,3.20933032035828,1.4662858247757
Podiceps nigricollis,2024,481,3.37681865692139,5.08371448516846,1.70689582824707
Podoces biddulphi,2024,276,11.4326000213623,13.0426044464111,1.61000442504883
Pomatorhinus schisticeps,2024,30,17.0419483184814,17.9107818603516,0.868833541870117
Pomatorhinus superciliaris,2024,107,15.5741310119629,16.6098918914795,1.0357608795166
Prinia atrogularis,2024,41,13.7463512420654,14.6539821624756,0.907630920410156
Prinia flaviventris,2024,82,19.0294494628906,20.2124996185303,1.18305015563965
Prinia inornata,2024,815,17.7829418182373,19.2055969238281,1.42265510559082
Prunella collaris,2024,2078,0.881721675395966,2.30555725097656,1.4238355755806
Prunella himalayana,2024,208,-0.780707001686096,0.894424676895142,1.67513167858124
Prunella immaculata,2024,328,2.3754723072052,3.54900527000427,1.17353296279907
Prunella montanella,2024,35,-4.01745891571045,-2.11591768264771,1.90154123306274
Prunella strophiata,2024,581,4.8185076713562,6.0247106552124,1.2062029838562
Psarisomus dalhousiae,2024,108,17.168399810791,18.3009929656982,1.13259315490723
Pseudopodoces humilis,2024,999,-2.24323654174805,-1.08051073551178,1.16272580623627
Psilopogon faber,2024,43,19.2454166412354,20.5259208679199,1.28050422668457
Psilopogon virens,2024,727,16.4328498840332,17.8053741455078,1.37252426147461
Pterorhinus berthemyi,2024,335,15.9220361709595,17.3601093292236,1.43807315826416
Pterorhinus lanceolatus,2024,830,14.0311040878296,15.397388458252,1.36628437042236
Pterorhinus pectoralis,2024,584,16.4923286437988,17.9531402587891,1.46081161499023
Pterorhinus sannio,2024,723,16.5131092071533,17.9321594238281,1.4190502166748
Pteruthius rufiventer,2024,90,13.7090368270874,14.7410926818848,1.03205585479736
Pteruthius xanthochlorus,2024,307,10.3232049942017,11.5809354782105,1.25773048400879
Ptyonoprogne rupestris,2024,1954,5.37436962127686,6.89247608184815,1.51810646057129
Pycnonotus aurigaster,2024,572,17.6714363098145,19.0570697784424,1.38563346862793
Pycnonotus jocosus,2024,415,18.2223873138428,19.5100440979004,1.28765678405762
Pycnonotus sinensis,2024,1342,15.0544948577881,16.6472778320313,1.59278297424316
Pycnonotus xanthorrhous,2024,700,14.8906507492065,16.2976207733154,1.40697002410889
Pyrrhula erythaca,2024,897,8.99915409088135,10.3267812728882,1.32762718200684
Pyrrhula nipalensis,2024,747,14.819185256958,16.1311054229736,1.31192016601563
Rallina eurizonoides,2024,152,20.1719455718994,21.4085254669189,1.23657989501953
Rallus aquaticus,2024,1224,2.42764139175415,3.8501238822937,1.42248249053955
Recurvirostra avosetta,2024,698,1.33939504623413,2.96289467811584,1.62349963188171
Regulus regulus,2024,930,7.1307168006897,8.44880390167236,1.31808710098267
Remiz consobrinus,2024,558,3.35002541542053,5.00074529647827,1.65071988105774
Remiz coronatus,2024,191,2.46915340423584,4.19568920135498,1.72653579711914
Rhodospiza obsoleta,2024,720,5.24223470687866,6.84307670593262,1.60084199905396
Riparia riparia,2024,784,2.64866471290588,4.29692029953003,1.64825558662415
Rubigula flaviventris,2024,174,18.7557125091553,20.0019226074219,1.2462100982666
Sasia ochracea,2024,132,19.0419464111328,20.2118263244629,1.16987991333008
Saxicola ferreus,2024,1085,14.6986656188965,16.0989189147949,1.40025329589844
Sitta cinnamoventris,2024,123,17.082124710083,18.2866649627686,1.20454025268555
Sitta formosa,2024,141,15.951807975769,17.0833034515381,1.13149547576904
Sitta villosa,2024,798,6.09239196777344,7.75962352752686,1.66723155975342
Sittiparus varius,2024,82,5.76430416107178,7.59758996963501,1.83328580856323
Spilopelia chinensis,2024,1413,14.8436107635498,16.3630962371826,1.51948547363281
Spilopelia senegalensis,2024,168,3.82531929016113,5.41642045974731,1.59110116958618
Spilornis cheela,2024,652,17.436824798584,18.8021450042725,1.36532020568848
Spinus spinus,2024,295,-0.596706986427307,0.914130628108978,1.51083761453629
Spizixos semitorques,2024,944,16.026798248291,17.5086936950684,1.48189544677734
Spodiopsar cineraceus,2024,1439,4.32776212692261,6.00210475921631,1.6743426322937
Spodiopsar sericeus,2024,692,17.4629497528076,18.9205932617188,1.45764350891113
Stachyris humei,2024,39,13.5445995330811,14.4396066665649,0.895007133483887
Staphida torqueola,2024,740,17.3425159454346,18.767614364624,1.42509841918945
Streptopelia decaocto,2024,1819,7.51734828948975,9.18741226196289,1.67006397247314
Sturnia sinensis,2024,305,19.1309833526611,20.5541114807129,1.42312812805176
Sturnus vulgaris,2024,253,4.91895532608032,6.59607696533203,1.67712163925171
Suthora fulvifrons,2024,136,9.14953327178955,10.3513708114624,1.20183753967285
Syrmaticus humiae,2024,108,16.9307231903076,18.2020015716553,1.27127838134766
Syrmaticus reevesii,2024,256,14.2624092102051,15.6874580383301,1.425048828125
Syrrhaptes paradoxus,2024,1270,4.20923328399658,5.98377561569214,1.77454233169556
Tarsiger chrysaeus,2024,217,7.12873888015747,8.25051975250244,1.12178087234497
Tarsiger indicus,2024,276,9.35574531555176,10.5358448028564,1.18009948730469
Temnurus temnurus,2024,38,23.8245315551758,25.0718631744385,1.2473316192627
Tephrodornis virgatus,2024,421,19.5108184814453,20.8937091827393,1.38289070129395
Thalasseus bergii,2024,240,22.2157859802246,23.6610679626465,1.44528198242188
Timalia pileata,2024,263,19.225227355957,20.4862289428711,1.26100158691406
Tragopan caboti,2024,186,18.5082702636719,20.004093170166,1.49582290649414
Tragopan temminckii,2024,529,12.6361389160156,13.9316539764404,1.2955150604248
Treron curvirostra,2024,162,18.7455444335938,19.9336109161377,1.18806648254395
Treron sieboldii,2024,645,17.8530445098877,19.3219394683838,1.46889495849609
Treron sphenurus,2024,294,14.4787168502808,15.7277917861938,1.24907493591309
Turdus boulboul,2024,220,17.376407623291,18.6028785705566,1.22647094726563
Turdus cardis,2024,169,15.0351343154907,16.5728454589844,1.53771114349365
Turdus feae,2024,117,7.37936782836914,9.25529098510742,1.87592315673828
Turdus mandarinus,2024,1032,14.7816362380981,16.2419891357422,1.46035289764404
Turdus pilaris,2024,220,-1.74795424938202,-0.0490626990795136,1.69889155030251
Turdus rubrocanus,2024,541,5.81288194656372,7.05139875411987,1.23851680755615
Turdus ruficollis,2024,159,2.9576096534729,4.6139612197876,1.6563515663147
Turdus viscivorus,2024,422,4.64524841308594,6.37144374847412,1.72619533538818
Turnix suscitator,2024,455,17.9373970031738,19.2516288757324,1.31423187255859
Tyto longimembris,2024,685,17.7860012054443,19.2706146240234,1.4846134185791
Urile pelagicus,2024,10,10.4286890029907,12.3405437469482,1.91185474395752
Urosphena squameiceps,2024,112,3.62927651405334,5.44806385040283,1.81878733634949
Vanellus cinereus,2024,279,3.7433602809906,5.33720016479492,1.59383988380432
Vanellus indicus,2024,87,17.6243762969971,18.8034496307373,1.17907333374023
Vanellus vanellus,2024,1111,2.88630080223084,4.58905267715454,1.70275187492371
Yuhina nigrimenta,2024,669,15.0526151657105,16.4202270507813,1.3676118850708
Zoothera dixoni,2024,349,11.1787948608398,12.4122934341431,1.23349857330322
Zoothera mollissima,2024,155,2.83340001106262,3.93540048599243,1.10200047492981
Zoothera monticola,2024,41,12.9189081192017,13.7989645004272,0.880056381225586
Zosterops erythropleurus,2024,328,4.62363433837891,6.3150520324707,1.6914176940918
